source	text	source_code	weight	missing_chars
cn_dicts/8105.dict.yaml	𩽾	an	0	𩽾
cn_dicts/8105.dict.yaml	𨭉	ban	0	𨭉
cn_dicts/8105.dict.yaml	𠳐	bang	0	𠳐
cn_dicts/8105.dict.yaml	𬇙	bei	0	𬇙
cn_dicts/8105.dict.yaml	𨚕	bian	0	𨚕
cn_dicts/8105.dict.yaml	𰻝	biang	0	𰻝
cn_dicts/8105.dict.yaml	𬭛	bo	0	𬭛
cn_dicts/8105.dict.yaml	𬷕	bu	0	𬷕
cn_dicts/8105.dict.yaml	䅟	can	0	䅟
cn_dicts/8105.dict.yaml	𥕢	cao	0	𥕢
cn_dicts/8105.dict.yaml	𤭢	cei	0	𤭢
cn_dicts/8105.dict.yaml	𥻗	cha	0	𥻗
cn_dicts/8105.dict.yaml	𬊤	chan	0	𬊤
cn_dicts/8105.dict.yaml	𬬮	chang	0	𬬮
cn_dicts/8105.dict.yaml	㬚	che	0	㬚
cn_dicts/8105.dict.yaml	𬘭	chen	0	𬘭
cn_dicts/8105.dict.yaml	𫄨	chi	0	𫄨
cn_dicts/8105.dict.yaml	㳘	chong	0	㳘
cn_dicts/8105.dict.yaml	䝙	chu	0	䝙
cn_dicts/8105.dict.yaml	䢺	chu	0	䢺
cn_dicts/8105.dict.yaml	𬺓	chu	0	𬺓
cn_dicts/8105.dict.yaml	䲠	chun	0	䲠
cn_dicts/8105.dict.yaml	𬭚	chun	0	𬭚
cn_dicts/8105.dict.yaml	𫚖	ci	0	𫚖
cn_dicts/8105.dict.yaml	鿎	da	0	鿎
cn_dicts/8105.dict.yaml	𨱏	da	0	𨱏
cn_dicts/8105.dict.yaml	𫟼	da	0	𫟼
cn_dicts/8105.dict.yaml	𫢸	dan	0	𫢸
cn_dicts/8105.dict.yaml	𬘘	dan	0	𬘘
cn_dicts/8105.dict.yaml	𣗋	dang	0	𣗋
cn_dicts/8105.dict.yaml	𬍡	dang	0	𬍡
cn_dicts/8105.dict.yaml	䃅	di	0	䃅
cn_dicts/8105.dict.yaml	䗖	di	0	䗖
cn_dicts/8105.dict.yaml	𤧛	di	0	𤧛
cn_dicts/8105.dict.yaml	𬱖	di	0	𬱖
cn_dicts/8105.dict.yaml	𫶇	die	0	𫶇
cn_dicts/8105.dict.yaml	𬟽	dong	0	𬟽
cn_dicts/8105.dict.yaml	𬭊	du	0	𬭊
cn_dicts/8105.dict.yaml	㨃	dui	0	㨃
cn_dicts/8105.dict.yaml	㙍	duo	0	㙍
cn_dicts/8105.dict.yaml	𥔲	e	0	𥔲
cn_dicts/8105.dict.yaml	𫫇	e	0	𫫇
cn_dicts/8105.dict.yaml	𫔍	fan	0	𫔍
cn_dicts/8105.dict.yaml	𬸪	fan	0	𬸪
cn_dicts/8105.dict.yaml	𬴂	fei	0	𬴂
cn_dicts/8105.dict.yaml	𣸣	fen	0	𣸣
cn_dicts/8105.dict.yaml	㕮	fu	0	㕮
cn_dicts/8105.dict.yaml	㳇	fu	0	㳇
cn_dicts/8105.dict.yaml	𫓧	fu	0	𫓧
cn_dicts/8105.dict.yaml	𫖯	fu	0	𫖯
cn_dicts/8105.dict.yaml	𬮿	gai	0	𬮿
cn_dicts/8105.dict.yaml	㽏	gan	0	㽏
cn_dicts/8105.dict.yaml	㭎	gang	0	㭎
cn_dicts/8105.dict.yaml	鿍	gang	0	鿍
cn_dicts/8105.dict.yaml	𬒔	geng	0	𬒔
cn_dicts/8105.dict.yaml	䢼	gong	0	䢼
cn_dicts/8105.dict.yaml	𦙶	gu	0	𦙶
cn_dicts/8105.dict.yaml	𨐈	guang	0	𨐈
cn_dicts/8105.dict.yaml	𬇹	guo	0	𬇹
cn_dicts/8105.dict.yaml	㘎	han	0	㘎
cn_dicts/8105.dict.yaml	𬌗	he	0	𬌗
cn_dicts/8105.dict.yaml	𬭶	hei	0	𬭶
cn_dicts/8105.dict.yaml	𬣳	hen	0	𬣳
cn_dicts/8105.dict.yaml	𫟹	hong	0	𫟹
cn_dicts/8105.dict.yaml	𬭎	hong	0	𬭎
cn_dicts/8105.dict.yaml	𬭤	hou	0	𬭤
cn_dicts/8105.dict.yaml	㬊	huan	0	㬊
cn_dicts/8105.dict.yaml	𤩽	huan	0	𤩽
cn_dicts/8105.dict.yaml	𬘫	huan	0	𬘫
cn_dicts/8105.dict.yaml	㿠	huang	0	㿠
cn_dicts/8105.dict.yaml	𨱑	huang	0	𨱑
cn_dicts/8105.dict.yaml	㧑	hui	0	㧑
cn_dicts/8105.dict.yaml	𬤝	hui	0	𬤝
cn_dicts/8105.dict.yaml	𬭬	hui	0	𬭬
cn_dicts/8105.dict.yaml	㸌	huo	0	㸌
cn_dicts/8105.dict.yaml	𬴃	huo	0	𬴃
cn_dicts/8105.dict.yaml	㴔	ji	0	㴔
cn_dicts/8105.dict.yaml	𪟝	ji	0	𪟝
cn_dicts/8105.dict.yaml	𫌀	ji	0	𫌀
cn_dicts/8105.dict.yaml	𫓯	ji	0	𫓯
cn_dicts/8105.dict.yaml	𫓹	ji	0	𫓹
cn_dicts/8105.dict.yaml	𬯀	ji	0	𬯀
cn_dicts/8105.dict.yaml	𬶨	ji	0	𬶨
cn_dicts/8105.dict.yaml	𬶭	ji	0	𬶭
cn_dicts/8105.dict.yaml	𬂩	jia	0	𬂩
cn_dicts/8105.dict.yaml	𬣡	jian	0	𬣡
cn_dicts/8105.dict.yaml	䴔	jiao	0	䴔
cn_dicts/8105.dict.yaml	㛃	jie	0	㛃
cn_dicts/8105.dict.yaml	𬬱	jin	0	𬬱
cn_dicts/8105.dict.yaml	䴖	jing	0	䴖
cn_dicts/8105.dict.yaml	䌹	jiong	0	䌹
cn_dicts/8105.dict.yaml	𬳶	jiong	0	𬳶
cn_dicts/8105.dict.yaml	㠇	jiu	0	㠇
cn_dicts/8105.dict.yaml	䴗	ju	0	䴗
cn_dicts/8105.dict.yaml	𬶋	ju	0	𬶋
cn_dicts/8105.dict.yaml	㵐	jue	0	㵐
cn_dicts/8105.dict.yaml	𫔎	jue	0	𫔎
cn_dicts/8105.dict.yaml	𫘝	jue	0	𫘝
cn_dicts/8105.dict.yaml	䐃	jun	0	䐃
cn_dicts/8105.dict.yaml	𡐓	kang	0	𡐓
cn_dicts/8105.dict.yaml	𩾌	kang	0	𩾌
cn_dicts/8105.dict.yaml	㸆	kao	0	㸆
cn_dicts/8105.dict.yaml	𫸩	kou	0	𫸩
cn_dicts/8105.dict.yaml	㧟	kuai	0	㧟
cn_dicts/8105.dict.yaml	𫛭	kuang	0	𫛭
cn_dicts/8105.dict.yaml	𫠆	kui	0	𫠆
cn_dicts/8105.dict.yaml	𬶟	la	0	𬶟
cn_dicts/8105.dict.yaml	𬒗	lan	0	𬒗
cn_dicts/8105.dict.yaml	㫰	lang	0	㫰
cn_dicts/8105.dict.yaml	㮾	lang	0	㮾
cn_dicts/8105.dict.yaml	𫭼	lao	0	𫭼
cn_dicts/8105.dict.yaml	㰀	li	0	㰀
cn_dicts/8105.dict.yaml	𫵷	li	0	𫵷
cn_dicts/8105.dict.yaml	𬍛	li	0	𬍛
cn_dicts/8105.dict.yaml	𬶠	lian	0	𬶠
cn_dicts/8105.dict.yaml	𫟅	liang	0	𫟅
cn_dicts/8105.dict.yaml	𬜯	liang	0	𬜯
cn_dicts/8105.dict.yaml	𪤗	liao	0	𪤗
cn_dicts/8105.dict.yaml	䴕	lie	0	䴕
cn_dicts/8105.dict.yaml	𫚭	lie	0	𫚭
cn_dicts/8105.dict.yaml	𬭸	lin	0	𬭸
cn_dicts/8105.dict.yaml	𬴊	lin	0	𬴊
cn_dicts/8105.dict.yaml	㥄	ling	0	㥄
cn_dicts/8105.dict.yaml	𬕂	long	0	𬕂
cn_dicts/8105.dict.yaml	䁖	lou	0	䁖
cn_dicts/8105.dict.yaml	𦝼	lou	0	𦝼
cn_dicts/8105.dict.yaml	𪣻	lou	0	𪣻
cn_dicts/8105.dict.yaml	𫘧	lu	0	𫘧
cn_dicts/8105.dict.yaml	𬬻	lu	0	𬬻
cn_dicts/8105.dict.yaml	𫭢	lun	0	𫭢
cn_dicts/8105.dict.yaml	𬬭	lun	0	𬬭
cn_dicts/8105.dict.yaml	𦝼	lv	0	𦝼
cn_dicts/8105.dict.yaml	䂮	lve	0	䂮
cn_dicts/8105.dict.yaml	鿏	mai	0	鿏
cn_dicts/8105.dict.yaml	𬜬	man	0	𬜬
cn_dicts/8105.dict.yaml	𫞩	men	0	𫞩
cn_dicts/8105.dict.yaml	㠓	meng	0	㠓
cn_dicts/8105.dict.yaml	𫑡	meng	0	𫑡
cn_dicts/8105.dict.yaml	𩾃	mian	0	𩾃
cn_dicts/8105.dict.yaml	𬙊	mo	0	𬙊
cn_dicts/8105.dict.yaml	𧿹	mu	0	𧿹
cn_dicts/8105.dict.yaml	𬭁	mu	0	𬭁
cn_dicts/8105.dict.yaml	𦰡	na	0	𦰡
cn_dicts/8105.dict.yaml	𨺙	ni	0	𨺙
cn_dicts/8105.dict.yaml	𫐐	ni	0	𫐐
cn_dicts/8105.dict.yaml	𫠜	ni	0	𫠜
cn_dicts/8105.dict.yaml	𫔶	nie	0	𫔶
cn_dicts/8105.dict.yaml	𬪩	nong	0	𬪩
cn_dicts/8105.dict.yaml	𦰡	nuo	0	𦰡
cn_dicts/8105.dict.yaml	𠙶	ou	0	𠙶
cn_dicts/8105.dict.yaml	𬉼	ou	0	𬉼
cn_dicts/8105.dict.yaml	䴙	pi	0	䴙
cn_dicts/8105.dict.yaml	𬳵	pi	0	𬳵
cn_dicts/8105.dict.yaml	㛹	pian	0	㛹
cn_dicts/8105.dict.yaml	𡎚	pian	0	𡎚
cn_dicts/8105.dict.yaml	𬭯	pie	0	𬭯
cn_dicts/8105.dict.yaml	𬞟	pin	0	𬞟
cn_dicts/8105.dict.yaml	䥽	po	0	䥽
cn_dicts/8105.dict.yaml	䓫	qi	0	䓫
cn_dicts/8105.dict.yaml	𨙸	qi	0	𨙸
cn_dicts/8105.dict.yaml	𬨂	qi	0	𬨂
cn_dicts/8105.dict.yaml	𬘬	qian	0	𬘬
cn_dicts/8105.dict.yaml	䓖	qiong	0	䓖
cn_dicts/8105.dict.yaml	𨱇	qiu	0	𨱇
cn_dicts/8105.dict.yaml	㭕	qu	0	㭕
cn_dicts/8105.dict.yaml	䓛	qu	0	䓛
cn_dicts/8105.dict.yaml	𪨰	qu	0	𪨰
cn_dicts/8105.dict.yaml	𫭟	qu	0	𫭟
cn_dicts/8105.dict.yaml	𨟠	quan	0	𨟠
cn_dicts/8105.dict.yaml	𬒈	que	0	𬒈
cn_dicts/8105.dict.yaml	䎃	ran	0	䎃
cn_dicts/8105.dict.yaml	𫐓	rou	0	𫐓
cn_dicts/8105.dict.yaml	𫮃	shan	0	𫮃
cn_dicts/8105.dict.yaml	𪨶	she	0	𪨶
cn_dicts/8105.dict.yaml	𬬹	shen	0	𬬹
cn_dicts/8105.dict.yaml	𬳽	shen	0	𬳽
cn_dicts/8105.dict.yaml	䏡	shi	0	䏡
cn_dicts/8105.dict.yaml	䴓	shi	0	䴓
cn_dicts/8105.dict.yaml	𫚕	shi	0	𫚕
cn_dicts/8105.dict.yaml	𬤊	shi	0	𬤊
cn_dicts/8105.dict.yaml	𬬸	shu	0	𬬸
cn_dicts/8105.dict.yaml	㟃	si	0	㟃
cn_dicts/8105.dict.yaml	𪨊	song	0	𪨊
cn_dicts/8105.dict.yaml	㧐	song	0	㧐
cn_dicts/8105.dict.yaml	𫗧	su	0	𫗧
cn_dicts/8105.dict.yaml	𫟦	sui	0	𫟦
cn_dicts/8105.dict.yaml	𬭼	sui	0	𬭼
cn_dicts/8105.dict.yaml	鿎	ta	0	鿎
cn_dicts/8105.dict.yaml	䣘	tang	0	䣘
cn_dicts/8105.dict.yaml	𫘦	tao	0	𫘦
cn_dicts/8105.dict.yaml	䲢	teng	0	䲢
cn_dicts/8105.dict.yaml	䏲	ti	0	䏲
cn_dicts/8105.dict.yaml	䴘	ti	0	䴘
cn_dicts/8105.dict.yaml	𫘨	ti	0	𫘨
cn_dicts/8105.dict.yaml	䗴	ting	0	䗴
cn_dicts/8105.dict.yaml	𬘩	ting	0	𬘩
cn_dicts/8105.dict.yaml	㛚	tong	0	㛚
cn_dicts/8105.dict.yaml	𦒍	tong	0	𦒍
cn_dicts/8105.dict.yaml	𫍣	tong	0	𫍣
cn_dicts/8105.dict.yaml	㻬	tu	0	㻬
cn_dicts/8105.dict.yaml	𬳿	tu	0	𬳿
cn_dicts/8105.dict.yaml	𬯎	tui	0	𬯎
cn_dicts/8105.dict.yaml	𬶍	tuo	0	𬶍
cn_dicts/8105.dict.yaml	𬇕	wan	0	𬇕
cn_dicts/8105.dict.yaml	𣲗	wei	0	𣲗
cn_dicts/8105.dict.yaml	𫇭	wei	0	𫇭
cn_dicts/8105.dict.yaml	𬀩	wei	0	𬀩
cn_dicts/8105.dict.yaml	𬱟	wei	0	𬱟
cn_dicts/8105.dict.yaml	𬶏	wei	0	𬶏
cn_dicts/8105.dict.yaml	𫘜	wen	0	𫘜
cn_dicts/8105.dict.yaml	𬭩	weng	0	𬭩
cn_dicts/8105.dict.yaml	𣲘	wu	0	𣲘
cn_dicts/8105.dict.yaml	𠅤	xi	0	𠅤
cn_dicts/8105.dict.yaml	𫘬	xi	0	𫘬
cn_dicts/8105.dict.yaml	𬭳	xi	0	𬭳
cn_dicts/8105.dict.yaml	𬶮	xi	0	𬶮
cn_dicts/8105.dict.yaml	㬎	xian	0	㬎
cn_dicts/8105.dict.yaml	𪾢	xian	0	𪾢
cn_dicts/8105.dict.yaml	𫍯	xian	0	𫍯
cn_dicts/8105.dict.yaml	𬀪	xian	0	𬀪
cn_dicts/8105.dict.yaml	𬸣	xian	0	𬸣
cn_dicts/8105.dict.yaml	𬙋	xiang	0	𬙋
cn_dicts/8105.dict.yaml	𫍲	xiao	0	𫍲
cn_dicts/8105.dict.yaml	㙦	xie	0	㙦
cn_dicts/8105.dict.yaml	𤫉	xie	0	𤫉
cn_dicts/8105.dict.yaml	𬹼	xie	0	𬹼
cn_dicts/8105.dict.yaml	䜣	xin	0	䜣
cn_dicts/8105.dict.yaml	𫷷	xin	0	𫷷
cn_dicts/8105.dict.yaml	𫰛	xing	0	𫰛
cn_dicts/8105.dict.yaml	䗛	xiu	0	䗛
cn_dicts/8105.dict.yaml	㳚	xu	0	㳚
cn_dicts/8105.dict.yaml	𦈡	xu	0	𦈡
cn_dicts/8105.dict.yaml	𬣙	xu	0	𬣙
cn_dicts/8105.dict.yaml	𫍽	xuan	0	𫍽
cn_dicts/8105.dict.yaml	𫓶	xuan	0	𫓶
cn_dicts/8105.dict.yaml	𫠊	xuan	0	𫠊
cn_dicts/8105.dict.yaml	𫄸	xun	0	𫄸
cn_dicts/8105.dict.yaml	𬊈	xun	0	𬊈
cn_dicts/8105.dict.yaml	𬍤	xun	0	𬍤
cn_dicts/8105.dict.yaml	𬘓	xun	0	𬘓
cn_dicts/8105.dict.yaml	𬩽	xun	0	𬩽
cn_dicts/8105.dict.yaml	䶮	yan	0	䶮
cn_dicts/8105.dict.yaml	𪩘	yan	0	𪩘
cn_dicts/8105.dict.yaml	𫄧	yan	0	𫄧
cn_dicts/8105.dict.yaml	𬙂	yan	0	𬙂
cn_dicts/8105.dict.yaml	𬸘	yan	0	𬸘
cn_dicts/8105.dict.yaml	㙘	yao	0	㙘
cn_dicts/8105.dict.yaml	㑊	yi	0	㑊
cn_dicts/8105.dict.yaml	𫄷	yi	0	𫄷
cn_dicts/8105.dict.yaml	𫖮	yi	0	𫖮
cn_dicts/8105.dict.yaml	𬟁	yi	0	𬟁
cn_dicts/8105.dict.yaml	𬬩	yi	0	𬬩
cn_dicts/8105.dict.yaml	𬺈	yi	0	𬺈
cn_dicts/8105.dict.yaml	䲟	yin	0	䲟
cn_dicts/8105.dict.yaml	𬘡	yin	0	𬘡
cn_dicts/8105.dict.yaml	𬤇	yin	0	𬤇
cn_dicts/8105.dict.yaml	𬮱	yin	0	𬮱
cn_dicts/8105.dict.yaml	䓨	ying	0	䓨
cn_dicts/8105.dict.yaml	㶲	yong	0	㶲
cn_dicts/8105.dict.yaml	𬨎	you	0	𬨎
cn_dicts/8105.dict.yaml	㺄	yu	0	㺄
cn_dicts/8105.dict.yaml	𫘪	yuan	0	𫘪
cn_dicts/8105.dict.yaml	𫐄	yue	0	𫐄
cn_dicts/8105.dict.yaml	𬸚	yue	0	𬸚
cn_dicts/8105.dict.yaml	𫖳	yun	0	𫖳
cn_dicts/8105.dict.yaml	𥖨	zao	0	𥖨
cn_dicts/8105.dict.yaml	䎖	zeng	0	䎖
cn_dicts/8105.dict.yaml	䃎	zha	0	䃎
cn_dicts/8105.dict.yaml	𫗴	zhan	0	𫗴
cn_dicts/8105.dict.yaml	𬬿	zhao	0	𬬿
cn_dicts/8105.dict.yaml	𬶐	zhao	0	𬶐
cn_dicts/8105.dict.yaml	䗪	zhe	0	䗪
cn_dicts/8105.dict.yaml	𦭜	zhi	0	𦭜
cn_dicts/8105.dict.yaml	𬃊	zhi	0	𬃊
cn_dicts/8105.dict.yaml	㑇	zhou	0	㑇
cn_dicts/8105.dict.yaml	㤘	zhou	0	㤘
cn_dicts/8105.dict.yaml	𬣞	zhu	0	𬣞
cn_dicts/8105.dict.yaml	䏝	zhuan	0	䏝
cn_dicts/8105.dict.yaml	𬘯	zhun	0	𬘯
cn_dicts/8105.dict.yaml	䓬	zhuo	0	䓬
cn_dicts/8105.dict.yaml	䦃	zhuo	0	䦃
cn_dicts/8105.dict.yaml	𬸦	zhuo	0	𬸦
cn_dicts/8105.dict.yaml	𨱔	zun	0	𨱔
cn_dicts/41448.dict.yaml	𠼞	a	0	𠼞
cn_dicts/41448.dict.yaml	𥥩	a	0	𥥩
cn_dicts/41448.dict.yaml	𨉚	a	0	𨉚
cn_dicts/41448.dict.yaml	㑸	ai	0	㑸
cn_dicts/41448.dict.yaml	㕌	ai	0	㕌
cn_dicts/41448.dict.yaml	㗒	ai	0	㗒
cn_dicts/41448.dict.yaml	㗨	ai	0	㗨
cn_dicts/41448.dict.yaml	㘷	ai	0	㘷
cn_dicts/41448.dict.yaml	㝶	ai	0	㝶
cn_dicts/41448.dict.yaml	㢊	ai	0	㢊
cn_dicts/41448.dict.yaml	㤅	ai	0	㤅
cn_dicts/41448.dict.yaml	㱯	ai	0	㱯
cn_dicts/41448.dict.yaml	㿄	ai	0	㿄
cn_dicts/41448.dict.yaml	䀳	ai	0	䀳
cn_dicts/41448.dict.yaml	䅬	ai	0	䅬
cn_dicts/41448.dict.yaml	䑂	ai	0	䑂
cn_dicts/41448.dict.yaml	䔽	ai	0	䔽
cn_dicts/41448.dict.yaml	䝽	ai	0	䝽
cn_dicts/41448.dict.yaml	䨠	ai	0	䨠
cn_dicts/41448.dict.yaml	䬵	ai	0	䬵
cn_dicts/41448.dict.yaml	䶣	ai	0	䶣
cn_dicts/41448.dict.yaml	𠊎	ai	0	𠊎
cn_dicts/41448.dict.yaml	𠳳	ai	0	𠳳
cn_dicts/41448.dict.yaml	𡁍	ai	0	𡁍
cn_dicts/41448.dict.yaml	𡉓	ai	0	𡉓
cn_dicts/41448.dict.yaml	𡟓	ai	0	𡟓
cn_dicts/41448.dict.yaml	𡰽	ai	0	𡰽
cn_dicts/41448.dict.yaml	𡶃	ai	0	𡶃
cn_dicts/41448.dict.yaml	𢟪	ai	0	𢟪
cn_dicts/41448.dict.yaml	𢟰	ai	0	𢟰
cn_dicts/41448.dict.yaml	𢣏	ai	0	𢣏
cn_dicts/41448.dict.yaml	𢣕	ai	0	𢣕
cn_dicts/41448.dict.yaml	𢰇	ai	0	𢰇
cn_dicts/41448.dict.yaml	𣋞	ai	0	𣋞
cn_dicts/41448.dict.yaml	𣜬	ai	0	𣜬
cn_dicts/41448.dict.yaml	𣝅	ai	0	𣝅
cn_dicts/41448.dict.yaml	𣤃	ai	0	𣤃
cn_dicts/41448.dict.yaml	𣩄	ai	0	𣩄
cn_dicts/41448.dict.yaml	𣩱	ai	0	𣩱
cn_dicts/41448.dict.yaml	𤢵	ai	0	𤢵
cn_dicts/41448.dict.yaml	𤸖	ai	0	𤸖
cn_dicts/41448.dict.yaml	𤸳	ai	0	𤸳
cn_dicts/41448.dict.yaml	𤻢	ai	0	𤻢
cn_dicts/41448.dict.yaml	𥡽	ai	0	𥡽
cn_dicts/41448.dict.yaml	𥤦	ai	0	𥤦
cn_dicts/41448.dict.yaml	𥴨	ai	0	𥴨
cn_dicts/41448.dict.yaml	𦗍	ai	0	𦗍
cn_dicts/41448.dict.yaml	𦗐	ai	0	𦗐
cn_dicts/41448.dict.yaml	𦤦	ai	0	𦤦
cn_dicts/41448.dict.yaml	𦥂	ai	0	𦥂
cn_dicts/41448.dict.yaml	𦥈	ai	0	𦥈
cn_dicts/41448.dict.yaml	𦩴	ai	0	𦩴
cn_dicts/41448.dict.yaml	𧏹	ai	0	𧏹
cn_dicts/41448.dict.yaml	𧓁	ai	0	𧓁
cn_dicts/41448.dict.yaml	𧡋	ai	0	𧡋
cn_dicts/41448.dict.yaml	𧪚	ai	0	𧪚
cn_dicts/41448.dict.yaml	𧰿	ai	0	𧰿
cn_dicts/41448.dict.yaml	𧵨	ai	0	𧵨
cn_dicts/41448.dict.yaml	𨶂	ai	0	𨶂
cn_dicts/41448.dict.yaml	𩂒	ai	0	𩂒
cn_dicts/41448.dict.yaml	𩂢	ai	0	𩂢
cn_dicts/41448.dict.yaml	𩈋	ai	0	𩈋
cn_dicts/41448.dict.yaml	𩪂	ai	0	𩪂
cn_dicts/41448.dict.yaml	𩫇	ai	0	𩫇
cn_dicts/41448.dict.yaml	𩮖	ai	0	𩮖
cn_dicts/41448.dict.yaml	𪇈	ai	0	𪇈
cn_dicts/41448.dict.yaml	𪕭	ai	0	𪕭
cn_dicts/41448.dict.yaml	㜝	an	0	㜝
cn_dicts/41448.dict.yaml	㟁	an	0	㟁
cn_dicts/41448.dict.yaml	㱘	an	0	㱘
cn_dicts/41448.dict.yaml	㸩	an	0	㸩
cn_dicts/41448.dict.yaml	㽢	an	0	㽢
cn_dicts/41448.dict.yaml	䁆	an	0	䁆
cn_dicts/41448.dict.yaml	䅁	an	0	䅁
cn_dicts/41448.dict.yaml	䅖	an	0	䅖
cn_dicts/41448.dict.yaml	䎏	an	0	䎏
cn_dicts/41448.dict.yaml	䎨	an	0	䎨
cn_dicts/41448.dict.yaml	䜙	an	0	䜙
cn_dicts/41448.dict.yaml	䨄	an	0	䨄
cn_dicts/41448.dict.yaml	䬓	an	0	䬓
cn_dicts/41448.dict.yaml	䮗	an	0	䮗
cn_dicts/41448.dict.yaml	䯥	an	0	䯥
cn_dicts/41448.dict.yaml	𠉬	an	0	𠉬
cn_dicts/41448.dict.yaml	𠪚	an	0	𠪚
cn_dicts/41448.dict.yaml	𠰑	an	0	𠰑
cn_dicts/41448.dict.yaml	𠽪	an	0	𠽪
cn_dicts/41448.dict.yaml	𠿑	an	0	𠿑
cn_dicts/41448.dict.yaml	𡎑	an	0	𡎑
cn_dicts/41448.dict.yaml	𡪁	an	0	𡪁
cn_dicts/41448.dict.yaml	𡪙	an	0	𡪙
cn_dicts/41448.dict.yaml	𡯏	an	0	𡯏
cn_dicts/41448.dict.yaml	𡹼	an	0	𡹼
cn_dicts/41448.dict.yaml	𡽜	an	0	𡽜
cn_dicts/41448.dict.yaml	𢰍	an	0	𢰍
cn_dicts/41448.dict.yaml	𣆛	an	0	𣆛
cn_dicts/41448.dict.yaml	𣚖	an	0	𣚖
cn_dicts/41448.dict.yaml	𣣚	an	0	𣣚
cn_dicts/41448.dict.yaml	𣵱	an	0	𣵱
cn_dicts/41448.dict.yaml	𣽥	an	0	𣽥
cn_dicts/41448.dict.yaml	𤃷	an	0	𤃷
cn_dicts/41448.dict.yaml	𤜁	an	0	𤜁
cn_dicts/41448.dict.yaml	𤞿	an	0	𤞿
cn_dicts/41448.dict.yaml	𤟉	an	0	𤟉
cn_dicts/41448.dict.yaml	𥏮	an	0	𥏮
cn_dicts/41448.dict.yaml	𥦍	an	0	𥦍
cn_dicts/41448.dict.yaml	𥳬	an	0	𥳬
cn_dicts/41448.dict.yaml	𦺽	an	0	𦺽
cn_dicts/41448.dict.yaml	𧖮	an	0	𧖮
cn_dicts/41448.dict.yaml	𧩸	an	0	𧩸
cn_dicts/41448.dict.yaml	𧫥	an	0	𧫥
cn_dicts/41448.dict.yaml	𧫧	an	0	𧫧
cn_dicts/41448.dict.yaml	𧮍	an	0	𧮍
cn_dicts/41448.dict.yaml	𨲊	an	0	𨲊
cn_dicts/41448.dict.yaml	𩅝	an	0	𩅝
cn_dicts/41448.dict.yaml	𩈴	an	0	𩈴
cn_dicts/41448.dict.yaml	𩓤	an	0	𩓤
cn_dicts/41448.dict.yaml	𩭢	an	0	𩭢
cn_dicts/41448.dict.yaml	𩹎	an	0	𩹎
cn_dicts/41448.dict.yaml	𪁟	an	0	𪁟
cn_dicts/41448.dict.yaml	𪒠	an	0	𪒠
cn_dicts/41448.dict.yaml	𪘒	an	0	𪘒
cn_dicts/41448.dict.yaml	㦹	ang	0	㦹
cn_dicts/41448.dict.yaml	㭿	ang	0	㭿
cn_dicts/41448.dict.yaml	㼜	ang	0	㼜
cn_dicts/41448.dict.yaml	䀚	ang	0	䀚
cn_dicts/41448.dict.yaml	䍩	ang	0	䍩
cn_dicts/41448.dict.yaml	䒢	ang	0	䒢
cn_dicts/41448.dict.yaml	䩕	ang	0	䩕
cn_dicts/41448.dict.yaml	䬓	ang	0	䬓
cn_dicts/41448.dict.yaml	䭹	ang	0	䭹
cn_dicts/41448.dict.yaml	䭺	ang	0	䭺
cn_dicts/41448.dict.yaml	𠵫	ang	0	𠵫
cn_dicts/41448.dict.yaml	𠹃	ang	0	𠹃
cn_dicts/41448.dict.yaml	𡕉	ang	0	𡕉
cn_dicts/41448.dict.yaml	𡵙	ang	0	𡵙
cn_dicts/41448.dict.yaml	𢓋	ang	0	𢓋
cn_dicts/41448.dict.yaml	𣉗	ang	0	𣉗
cn_dicts/41448.dict.yaml	𣖮	ang	0	𣖮
cn_dicts/41448.dict.yaml	𤭒	ang	0	𤭒
cn_dicts/41448.dict.yaml	𦫫	ang	0	𦫫
cn_dicts/41448.dict.yaml	𨋕	ang	0	𨋕
cn_dicts/41448.dict.yaml	𩉰	ang	0	𩉰
cn_dicts/41448.dict.yaml	𩑝	ang	0	𩑝
cn_dicts/41448.dict.yaml	𩔘	ang	0	𩔘
cn_dicts/41448.dict.yaml	𩜟	ang	0	𩜟
cn_dicts/41448.dict.yaml	㑃	ao	0	㑃
cn_dicts/41448.dict.yaml	㕭	ao	0	㕭
cn_dicts/41448.dict.yaml	㘬	ao	0	㘬
cn_dicts/41448.dict.yaml	㘭	ao	0	㘭
cn_dicts/41448.dict.yaml	㜜	ao	0	㜜
cn_dicts/41448.dict.yaml	㜩	ao	0	㜩
cn_dicts/41448.dict.yaml	㟼	ao	0	㟼
cn_dicts/41448.dict.yaml	㠂	ao	0	㠂
cn_dicts/41448.dict.yaml	㠗	ao	0	㠗
cn_dicts/41448.dict.yaml	㤇	ao	0	㤇
cn_dicts/41448.dict.yaml	㥿	ao	0	㥿
cn_dicts/41448.dict.yaml	㿰	ao	0	㿰
cn_dicts/41448.dict.yaml	䐿	ao	0	䐿
cn_dicts/41448.dict.yaml	䚫	ao	0	䚫
cn_dicts/41448.dict.yaml	䜒	ao	0	䜒
cn_dicts/41448.dict.yaml	䞝	ao	0	䞝
cn_dicts/41448.dict.yaml	䥝	ao	0	䥝
cn_dicts/41448.dict.yaml	䦋	ao	0	䦋
cn_dicts/41448.dict.yaml	䫨	ao	0	䫨
cn_dicts/41448.dict.yaml	䮯	ao	0	䮯
cn_dicts/41448.dict.yaml	䯠	ao	0	䯠
cn_dicts/41448.dict.yaml	䴈	ao	0	䴈
cn_dicts/41448.dict.yaml	䵅	ao	0	䵅
cn_dicts/41448.dict.yaml	𡊛	ao	0	𡊛
cn_dicts/41448.dict.yaml	𡏼	ao	0	𡏼
cn_dicts/41448.dict.yaml	𡒃	ao	0	𡒃
cn_dicts/41448.dict.yaml	𢁱	ao	0	𢁱
cn_dicts/41448.dict.yaml	𢕟	ao	0	𢕟
cn_dicts/41448.dict.yaml	𢧴	ao	0	𢧴
cn_dicts/41448.dict.yaml	𢲷	ao	0	𢲷
cn_dicts/41448.dict.yaml	𢳆	ao	0	𢳆
cn_dicts/41448.dict.yaml	𣊁	ao	0	𣊁
cn_dicts/41448.dict.yaml	𣷫	ao	0	𣷫
cn_dicts/41448.dict.yaml	𤇯	ao	0	𤇯
cn_dicts/41448.dict.yaml	𤏶	ao	0	𤏶
cn_dicts/41448.dict.yaml	𤺾	ao	0	𤺾
cn_dicts/41448.dict.yaml	𥂢	ao	0	𥂢
cn_dicts/41448.dict.yaml	𥑑	ao	0	𥑑
cn_dicts/41448.dict.yaml	𥜌	ao	0	𥜌
cn_dicts/41448.dict.yaml	𦪈	ao	0	𦪈
cn_dicts/41448.dict.yaml	𦽀	ao	0	𦽀
cn_dicts/41448.dict.yaml	𧅃	ao	0	𧅃
cn_dicts/41448.dict.yaml	𧨲	ao	0	𧨲
cn_dicts/41448.dict.yaml	𨱧	ao	0	𨱧
cn_dicts/41448.dict.yaml	𩈏	ao	0	𩈏
cn_dicts/41448.dict.yaml	𩑍	ao	0	𩑍
cn_dicts/41448.dict.yaml	𩑤	ao	0	𩑤
cn_dicts/41448.dict.yaml	𩕀	ao	0	𩕀
cn_dicts/41448.dict.yaml	𩘮	ao	0	𩘮
cn_dicts/41448.dict.yaml	𩟇	ao	0	𩟇
cn_dicts/41448.dict.yaml	𩣻	ao	0	𩣻
cn_dicts/41448.dict.yaml	𩥊	ao	0	𩥊
cn_dicts/41448.dict.yaml	𩮯	ao	0	𩮯
cn_dicts/41448.dict.yaml	𩱏	ao	0	𩱏
cn_dicts/41448.dict.yaml	𩼈	ao	0	𩼈
cn_dicts/41448.dict.yaml	𪁾	ao	0	𪁾
cn_dicts/41448.dict.yaml	𪃨	ao	0	𪃨
cn_dicts/41448.dict.yaml	㔜	ba	0	㔜
cn_dicts/41448.dict.yaml	㖠	ba	0	㖠
cn_dicts/41448.dict.yaml	㞎	ba	0	㞎
cn_dicts/41448.dict.yaml	㧊	ba	0	㧊
cn_dicts/41448.dict.yaml	㶚	ba	0	㶚
cn_dicts/41448.dict.yaml	䃻	ba	0	䃻
cn_dicts/41448.dict.yaml	䆉	ba	0	䆉
cn_dicts/41448.dict.yaml	䇑	ba	0	䇑
cn_dicts/41448.dict.yaml	䎬	ba	0	䎬
cn_dicts/41448.dict.yaml	䎱	ba	0	䎱
cn_dicts/41448.dict.yaml	䟦	ba	0	䟦
cn_dicts/41448.dict.yaml	䥯	ba	0	䥯
cn_dicts/41448.dict.yaml	䩗	ba	0	䩗
cn_dicts/41448.dict.yaml	䩻	ba	0	䩻
cn_dicts/41448.dict.yaml	䰾	ba	0	䰾
cn_dicts/41448.dict.yaml	䱝	ba	0	䱝
cn_dicts/41448.dict.yaml	䳁	ba	0	䳁
cn_dicts/41448.dict.yaml	䳊	ba	0	䳊
cn_dicts/41448.dict.yaml	𠐌	ba	0	𠐌
cn_dicts/41448.dict.yaml	𠛋	ba	0	𠛋
cn_dicts/41448.dict.yaml	𠵺	ba	0	𠵺
cn_dicts/41448.dict.yaml	𡚭	ba	0	𡚭
cn_dicts/41448.dict.yaml	𢃳	ba	0	𢃳
cn_dicts/41448.dict.yaml	𢇷	ba	0	𢇷
cn_dicts/41448.dict.yaml	𢠭	ba	0	𢠭
cn_dicts/41448.dict.yaml	𢺞	ba	0	𢺞
cn_dicts/41448.dict.yaml	𢻷	ba	0	𢻷
cn_dicts/41448.dict.yaml	𣬶	ba	0	𣬶
cn_dicts/41448.dict.yaml	𣬷	ba	0	𣬷
cn_dicts/41448.dict.yaml	𤜕	ba	0	𤜕
cn_dicts/41448.dict.yaml	𤜱	ba	0	𤜱
cn_dicts/41448.dict.yaml	𤣸	ba	0	𤣸
cn_dicts/41448.dict.yaml	𤤒	ba	0	𤤒
cn_dicts/41448.dict.yaml	𥎱	ba	0	𥎱
cn_dicts/41448.dict.yaml	𥐙	ba	0	𥐙
cn_dicts/41448.dict.yaml	𥝧	ba	0	𥝧
cn_dicts/41448.dict.yaml	𥥛	ba	0	𥥛
cn_dicts/41448.dict.yaml	𦓧	ba	0	𦓧
cn_dicts/41448.dict.yaml	𦫙	ba	0	𦫙
cn_dicts/41448.dict.yaml	𦳺	ba	0	𦳺
cn_dicts/41448.dict.yaml	𧎱	ba	0	𧎱
cn_dicts/41448.dict.yaml	𧲧	ba	0	𧲧
cn_dicts/41448.dict.yaml	𧺡	ba	0	𧺡
cn_dicts/41448.dict.yaml	𧺺	ba	0	𧺺
cn_dicts/41448.dict.yaml	𧿏	ba	0	𧿏
cn_dicts/41448.dict.yaml	𨊹	ba	0	𨊹
cn_dicts/41448.dict.yaml	𩃴	ba	0	𩃴
cn_dicts/41448.dict.yaml	𩊤	ba	0	𩊤
cn_dicts/41448.dict.yaml	𩖣	ba	0	𩖣
cn_dicts/41448.dict.yaml	𩖽	ba	0	𩖽
cn_dicts/41448.dict.yaml	𩚥	ba	0	𩚥
cn_dicts/41448.dict.yaml	𩡩	ba	0	𩡩
cn_dicts/41448.dict.yaml	𩨜	ba	0	𩨜
cn_dicts/41448.dict.yaml	𩹏	ba	0	𩹏
cn_dicts/41448.dict.yaml	𩽷	ba	0	𩽷
cn_dicts/41448.dict.yaml	㓦	bai	0	㓦
cn_dicts/41448.dict.yaml	㗑	bai	0	㗑
cn_dicts/41448.dict.yaml	㗗	bai	0	㗗
cn_dicts/41448.dict.yaml	㠔	bai	0	㠔
cn_dicts/41448.dict.yaml	㧳	bai	0	㧳
cn_dicts/41448.dict.yaml	㼟	bai	0	㼟
cn_dicts/41448.dict.yaml	㼣	bai	0	㼣
cn_dicts/41448.dict.yaml	㿟	bai	0	㿟
cn_dicts/41448.dict.yaml	䒔	bai	0	䒔
cn_dicts/41448.dict.yaml	䙓	bai	0	䙓
cn_dicts/41448.dict.yaml	䢙	bai	0	䢙
cn_dicts/41448.dict.yaml	䥯	bai	0	䥯
cn_dicts/41448.dict.yaml	䳆	bai	0	䳆
cn_dicts/41448.dict.yaml	䴽	bai	0	䴽
cn_dicts/41448.dict.yaml	𠟻	bai	0	𠟻
cn_dicts/41448.dict.yaml	𠫛	bai	0	𠫛
cn_dicts/41448.dict.yaml	𠮠	bai	0	𠮠
cn_dicts/41448.dict.yaml	𡏯	bai	0	𡏯
cn_dicts/41448.dict.yaml	𡭢	bai	0	𡭢
cn_dicts/41448.dict.yaml	𢈕	bai	0	𢈕
cn_dicts/41448.dict.yaml	𢛞	bai	0	𢛞
cn_dicts/41448.dict.yaml	𣧙	bai	0	𣧙
cn_dicts/41448.dict.yaml	𤁣	bai	0	𤁣
cn_dicts/41448.dict.yaml	𤙅	bai	0	𤙅
cn_dicts/41448.dict.yaml	𤽹	bai	0	𤽹
cn_dicts/41448.dict.yaml	𥬝	bai	0	𥬝
cn_dicts/41448.dict.yaml	𦣺	bai	0	𦣺
cn_dicts/41448.dict.yaml	𦣻	bai	0	𦣻
cn_dicts/41448.dict.yaml	𦩋	bai	0	𦩋
cn_dicts/41448.dict.yaml	𦳞	bai	0	𦳞
cn_dicts/41448.dict.yaml	𨃅	bai	0	𨃅
cn_dicts/41448.dict.yaml	𩋂	bai	0	𩋂
cn_dicts/41448.dict.yaml	𩎻	bai	0	𩎻
cn_dicts/41448.dict.yaml	𩏞	bai	0	𩏞
cn_dicts/41448.dict.yaml	𩑢	bai	0	𩑢
cn_dicts/41448.dict.yaml	㚘	ban	0	㚘
cn_dicts/41448.dict.yaml	㩯	ban	0	㩯
cn_dicts/41448.dict.yaml	㪵	ban	0	㪵
cn_dicts/41448.dict.yaml	㸞	ban	0	㸞
cn_dicts/41448.dict.yaml	䉽	ban	0	䉽
cn_dicts/41448.dict.yaml	䕰	ban	0	䕰
cn_dicts/41448.dict.yaml	䬳	ban	0	䬳
cn_dicts/41448.dict.yaml	𠔯	ban	0	𠔯
cn_dicts/41448.dict.yaml	𠚼	ban	0	𠚼
cn_dicts/41448.dict.yaml	𠦒	ban	0	𠦒
cn_dicts/41448.dict.yaml	𠧫	ban	0	𠧫
cn_dicts/41448.dict.yaml	𠯘	ban	0	𠯘
cn_dicts/41448.dict.yaml	𠺚	ban	0	𠺚
cn_dicts/41448.dict.yaml	𡯘	ban	0	𡯘
cn_dicts/41448.dict.yaml	𢲔	ban	0	𢲔
cn_dicts/41448.dict.yaml	𢴬	ban	0	𢴬
cn_dicts/41448.dict.yaml	𣪂	ban	0	𣪂
cn_dicts/41448.dict.yaml	𤡰	ban	0	𤡰
cn_dicts/41448.dict.yaml	𤦦	ban	0	𤦦
cn_dicts/41448.dict.yaml	𤫫	ban	0	𤫫
cn_dicts/41448.dict.yaml	𤳖	ban	0	𤳖
cn_dicts/41448.dict.yaml	𥷁	ban	0	𥷁
cn_dicts/41448.dict.yaml	𥹓	ban	0	𥹓
cn_dicts/41448.dict.yaml	𦎊	ban	0	𦎊
cn_dicts/41448.dict.yaml	𦙹	ban	0	𦙹
cn_dicts/41448.dict.yaml	𦝤	ban	0	𦝤
cn_dicts/41448.dict.yaml	𧇥	ban	0	𧇥
cn_dicts/41448.dict.yaml	𧌿	ban	0	𧌿
cn_dicts/41448.dict.yaml	𧿨	ban	0	𧿨
cn_dicts/41448.dict.yaml	𨐦	ban	0	𨐦
cn_dicts/41448.dict.yaml	𨐱	ban	0	𨐱
cn_dicts/41448.dict.yaml	𨐾	ban	0	𨐾
cn_dicts/41448.dict.yaml	𩔮	ban	0	𩔮
cn_dicts/41448.dict.yaml	𩢔	ban	0	𩢔
cn_dicts/41448.dict.yaml	𩭧	ban	0	𩭧
cn_dicts/41448.dict.yaml	𩿉	ban	0	𩿉
cn_dicts/41448.dict.yaml	𪄕	ban	0	𪄕
cn_dicts/41448.dict.yaml	𪒋	ban	0	𪒋
cn_dicts/41448.dict.yaml	㔙	bang	0	㔙
cn_dicts/41448.dict.yaml	㭋	bang	0	㭋
cn_dicts/41448.dict.yaml	㮄	bang	0	㮄
cn_dicts/41448.dict.yaml	㯁	bang	0	㯁
cn_dicts/41448.dict.yaml	㾦	bang	0	㾦
cn_dicts/41448.dict.yaml	䂜	bang	0	䂜
cn_dicts/41448.dict.yaml	䎧	bang	0	䎧
cn_dicts/41448.dict.yaml	䖫	bang	0	䖫
cn_dicts/41448.dict.yaml	䟺	bang	0	䟺
cn_dicts/41448.dict.yaml	䧛	bang	0	䧛
cn_dicts/41448.dict.yaml	䰷	bang	0	䰷
cn_dicts/41448.dict.yaml	𠨵	bang	0	𠨵
cn_dicts/41448.dict.yaml	𠬣	bang	0	𠬣
cn_dicts/41448.dict.yaml	𠲑	bang	0	𠲑
cn_dicts/41448.dict.yaml	𡽲	bang	0	𡽲
cn_dicts/41448.dict.yaml	𢁏	bang	0	𢁏
cn_dicts/41448.dict.yaml	𢄎	bang	0	𢄎
cn_dicts/41448.dict.yaml	𢜗	bang	0	𢜗
cn_dicts/41448.dict.yaml	𢪋	bang	0	𢪋
cn_dicts/41448.dict.yaml	𢮏	bang	0	𢮏
cn_dicts/41448.dict.yaml	𢶶	bang	0	𢶶
cn_dicts/41448.dict.yaml	𢸌	bang	0	𢸌
cn_dicts/41448.dict.yaml	𣘙	bang	0	𣘙
cn_dicts/41448.dict.yaml	𣮡	bang	0	𣮡
cn_dicts/41448.dict.yaml	𣮧	bang	0	𣮧
cn_dicts/41448.dict.yaml	𤚰	bang	0	𤚰
cn_dicts/41448.dict.yaml	𤱵	bang	0	𤱵
cn_dicts/41448.dict.yaml	𥀂	bang	0	𥀂
cn_dicts/41448.dict.yaml	𦰥	bang	0	𦰥
cn_dicts/41448.dict.yaml	𦾭	bang	0	𦾭
cn_dicts/41448.dict.yaml	𨢐	bang	0	𨢐
cn_dicts/41448.dict.yaml	𩋮	bang	0	𩋮
cn_dicts/41448.dict.yaml	𩍗	bang	0	𩍗
cn_dicts/41448.dict.yaml	𩦠	bang	0	𩦠
cn_dicts/41448.dict.yaml	𩮗	bang	0	𩮗
cn_dicts/41448.dict.yaml	㙅	bao	0	㙅
cn_dicts/41448.dict.yaml	㙸	bao	0	㙸
cn_dicts/41448.dict.yaml	㫧	bao	0	㫧
cn_dicts/41448.dict.yaml	㲏	bao	0	㲏
cn_dicts/41448.dict.yaml	㲒	bao	0	㲒
cn_dicts/41448.dict.yaml	㵡	bao	0	㵡
cn_dicts/41448.dict.yaml	㻄	bao	0	㻄
cn_dicts/41448.dict.yaml	㿺	bao	0	㿺
cn_dicts/41448.dict.yaml	䈏	bao	0	䈏
cn_dicts/41448.dict.yaml	䎂	bao	0	䎂
cn_dicts/41448.dict.yaml	䤖	bao	0	䤖
cn_dicts/41448.dict.yaml	䥤	bao	0	䥤
cn_dicts/41448.dict.yaml	䨌	bao	0	䨌
cn_dicts/41448.dict.yaml	䨔	bao	0	䨔
cn_dicts/41448.dict.yaml	䪨	bao	0	䪨
cn_dicts/41448.dict.yaml	䭋	bao	0	䭋
cn_dicts/41448.dict.yaml	䳈	bao	0	䳈
cn_dicts/41448.dict.yaml	䳰	bao	0	䳰
cn_dicts/41448.dict.yaml	䴐	bao	0	䴐
cn_dicts/41448.dict.yaml	𠅬	bao	0	𠅬
cn_dicts/41448.dict.yaml	𠣒	bao	0	𠣒
cn_dicts/41448.dict.yaml	𠣺	bao	0	𠣺
cn_dicts/41448.dict.yaml	𠤏	bao	0	𠤏
cn_dicts/41448.dict.yaml	𠹕	bao	0	𠹕
cn_dicts/41448.dict.yaml	𡂟	bao	0	𡂟
cn_dicts/41448.dict.yaml	𡉩	bao	0	𡉩
cn_dicts/41448.dict.yaml	𡧖	bao	0	𡧖
cn_dicts/41448.dict.yaml	𡶄	bao	0	𡶄
cn_dicts/41448.dict.yaml	𢼌	bao	0	𢼌
cn_dicts/41448.dict.yaml	𣋳	bao	0	𣋳
cn_dicts/41448.dict.yaml	𣭀	bao	0	𣭀
cn_dicts/41448.dict.yaml	𤔣	bao	0	𤔣
cn_dicts/41448.dict.yaml	𤝧	bao	0	𤝧
cn_dicts/41448.dict.yaml	𤞥	bao	0	𤞥
cn_dicts/41448.dict.yaml	𤿈	bao	0	𤿈
cn_dicts/41448.dict.yaml	𥄹	bao	0	𥄹
cn_dicts/41448.dict.yaml	𥭓	bao	0	𥭓
cn_dicts/41448.dict.yaml	𦡕	bao	0	𦡕
cn_dicts/41448.dict.yaml	𦢊	bao	0	𦢊
cn_dicts/41448.dict.yaml	𧘑	bao	0	𧘑
cn_dicts/41448.dict.yaml	𧝘	bao	0	𧝘
cn_dicts/41448.dict.yaml	𧭤	bao	0	𧭤
cn_dicts/41448.dict.yaml	𧵢	bao	0	𧵢
cn_dicts/41448.dict.yaml	𨇅	bao	0	𨇅
cn_dicts/41448.dict.yaml	𨚔	bao	0	𨚔
cn_dicts/41448.dict.yaml	𨠖	bao	0	𨠖
cn_dicts/41448.dict.yaml	𨰦	bao	0	𨰦
cn_dicts/41448.dict.yaml	𨰻	bao	0	𨰻
cn_dicts/41448.dict.yaml	𩊅	bao	0	𩊅
cn_dicts/41448.dict.yaml	𩍂	bao	0	𩍂
cn_dicts/41448.dict.yaml	𩛞	bao	0	𩛞
cn_dicts/41448.dict.yaml	𩬽	bao	0	𩬽
cn_dicts/41448.dict.yaml	𩭼	bao	0	𩭼
cn_dicts/41448.dict.yaml	𩾡	bao	0	𩾡
cn_dicts/41448.dict.yaml	𩿓	bao	0	𩿓
cn_dicts/41448.dict.yaml	𪏶	bao	0	𪏶
cn_dicts/41448.dict.yaml	㓈	bei	0	㓈
cn_dicts/41448.dict.yaml	㔨	bei	0	㔨
cn_dicts/41448.dict.yaml	㛝	bei	0	㛝
cn_dicts/41448.dict.yaml	㣁	bei	0	㣁
cn_dicts/41448.dict.yaml	㤳	bei	0	㤳
cn_dicts/41448.dict.yaml	㰆	bei	0	㰆
cn_dicts/41448.dict.yaml	㶔	bei	0	㶔
cn_dicts/41448.dict.yaml	㷶	bei	0	㷶
cn_dicts/41448.dict.yaml	㸢	bei	0	㸢
cn_dicts/41448.dict.yaml	㸬	bei	0	㸬
cn_dicts/41448.dict.yaml	㸽	bei	0	㸽
cn_dicts/41448.dict.yaml	㻗	bei	0	㻗
cn_dicts/41448.dict.yaml	㼎	bei	0	㼎
cn_dicts/41448.dict.yaml	㽡	bei	0	㽡
cn_dicts/41448.dict.yaml	㾱	bei	0	㾱
cn_dicts/41448.dict.yaml	䁅	bei	0	䁅
cn_dicts/41448.dict.yaml	䋳	bei	0	䋳
cn_dicts/41448.dict.yaml	䎬	bei	0	䎬
cn_dicts/41448.dict.yaml	䎱	bei	0	䎱
cn_dicts/41448.dict.yaml	䔒	bei	0	䔒
cn_dicts/41448.dict.yaml	䟺	bei	0	䟺
cn_dicts/41448.dict.yaml	䠙	bei	0	䠙
cn_dicts/41448.dict.yaml	䡶	bei	0	䡶
cn_dicts/41448.dict.yaml	䥯	bei	0	䥯
cn_dicts/41448.dict.yaml	䩀	bei	0	䩀
cn_dicts/41448.dict.yaml	䰽	bei	0	䰽
cn_dicts/41448.dict.yaml	𠋭	bei	0	𠋭
cn_dicts/41448.dict.yaml	𠐡	bei	0	𠐡
cn_dicts/41448.dict.yaml	𠢥	bei	0	𠢥
cn_dicts/41448.dict.yaml	𡋭	bei	0	𡋭
cn_dicts/41448.dict.yaml	𡥞	bei	0	𡥞
cn_dicts/41448.dict.yaml	𡰯	bei	0	𡰯
cn_dicts/41448.dict.yaml	𢂏	bei	0	𢂏
cn_dicts/41448.dict.yaml	𢃍	bei	0	𢃍
cn_dicts/41448.dict.yaml	𢴾	bei	0	𢴾
cn_dicts/41448.dict.yaml	𢻵	bei	0	𢻵
cn_dicts/41448.dict.yaml	𣎵	bei	0	𣎵
cn_dicts/41448.dict.yaml	𣖾	bei	0	𣖾
cn_dicts/41448.dict.yaml	𣝁	bei	0	𣝁
cn_dicts/41448.dict.yaml	𣬍	bei	0	𣬍
cn_dicts/41448.dict.yaml	𣬪	bei	0	𣬪
cn_dicts/41448.dict.yaml	𤜲	bei	0	𤜲
cn_dicts/41448.dict.yaml	𤰈	bei	0	𤰈
cn_dicts/41448.dict.yaml	𤳦	bei	0	𤳦
cn_dicts/41448.dict.yaml	𤵛	bei	0	𤵛
cn_dicts/41448.dict.yaml	𤷁	bei	0	𤷁
cn_dicts/41448.dict.yaml	𤷒	bei	0	𤷒
cn_dicts/41448.dict.yaml	𤹲	bei	0	𤹲
cn_dicts/41448.dict.yaml	𤿒	bei	0	𤿒
cn_dicts/41448.dict.yaml	𤿾	bei	0	𤿾
cn_dicts/41448.dict.yaml	𥏓	bei	0	𥏓
cn_dicts/41448.dict.yaml	𥶓	bei	0	𥶓
cn_dicts/41448.dict.yaml	𦈧	bei	0	𦈧
cn_dicts/41448.dict.yaml	𦈶	bei	0	𦈶
cn_dicts/41448.dict.yaml	𦩖	bei	0	𦩖
cn_dicts/41448.dict.yaml	𦮷	bei	0	𦮷
cn_dicts/41448.dict.yaml	𦾙	bei	0	𦾙
cn_dicts/41448.dict.yaml	𧉥	bei	0	𧉥
cn_dicts/41448.dict.yaml	𧋲	bei	0	𧋲
cn_dicts/41448.dict.yaml	𧶙	bei	0	𧶙
cn_dicts/41448.dict.yaml	𧼠	bei	0	𧼠
cn_dicts/41448.dict.yaml	𨚍	bei	0	𨚍
cn_dicts/41448.dict.yaml	𩇩	bei	0	𩇩
cn_dicts/41448.dict.yaml	𩔹	bei	0	𩔹
cn_dicts/41448.dict.yaml	𩖠	bei	0	𩖠
cn_dicts/41448.dict.yaml	𩚾	bei	0	𩚾
cn_dicts/41448.dict.yaml	㡷	ben	0	㡷
cn_dicts/41448.dict.yaml	㤓	ben	0	㤓
cn_dicts/41448.dict.yaml	㨧	ben	0	㨧
cn_dicts/41448.dict.yaml	㮺	ben	0	㮺
cn_dicts/41448.dict.yaml	㱵	ben	0	㱵
cn_dicts/41448.dict.yaml	䬱	ben	0	䬱
cn_dicts/41448.dict.yaml	𡗢	ben	0	𡗢
cn_dicts/41448.dict.yaml	𡗲	ben	0	𡗲
cn_dicts/41448.dict.yaml	𣄏	ben	0	𣄏
cn_dicts/41448.dict.yaml	𣳰	ben	0	𣳰
cn_dicts/41448.dict.yaml	𣴞	ben	0	𣴞
cn_dicts/41448.dict.yaml	𥢊	ben	0	𥢊
cn_dicts/41448.dict.yaml	𦯀	ben	0	𦯀
cn_dicts/41448.dict.yaml	𨋒	ben	0	𨋒
cn_dicts/41448.dict.yaml	𩣺	ben	0	𩣺
cn_dicts/41448.dict.yaml	𩰶	ben	0	𩰶
cn_dicts/41448.dict.yaml	𪊜	ben	0	𪊜
cn_dicts/41448.dict.yaml	𪎝	ben	0	𪎝
cn_dicts/41448.dict.yaml	𪑖	ben	0	𪑖
cn_dicts/41448.dict.yaml	㑟	beng	0	㑟
cn_dicts/41448.dict.yaml	㛝	beng	0	㛝
cn_dicts/41448.dict.yaml	㱶	beng	0	㱶
cn_dicts/41448.dict.yaml	㷯	beng	0	㷯
cn_dicts/41448.dict.yaml	䋽	beng	0	䋽
cn_dicts/41448.dict.yaml	䙀	beng	0	䙀
cn_dicts/41448.dict.yaml	䨻	beng	0	䨻
cn_dicts/41448.dict.yaml	䩬	beng	0	䩬
cn_dicts/41448.dict.yaml	䭰	beng	0	䭰
cn_dicts/41448.dict.yaml	䳞	beng	0	䳞
cn_dicts/41448.dict.yaml	𠜳	beng	0	𠜳
cn_dicts/41448.dict.yaml	𠡮	beng	0	𠡮
cn_dicts/41448.dict.yaml	𡎾	beng	0	𡎾
cn_dicts/41448.dict.yaml	𡡈	beng	0	𡡈
cn_dicts/41448.dict.yaml	𡶤	beng	0	𡶤
cn_dicts/41448.dict.yaml	𡾛	beng	0	𡾛
cn_dicts/41448.dict.yaml	𢆸	beng	0	𢆸
cn_dicts/41448.dict.yaml	𢉁	beng	0	𢉁
cn_dicts/41448.dict.yaml	𢏳	beng	0	𢏳
cn_dicts/41448.dict.yaml	𢐒	beng	0	𢐒
cn_dicts/41448.dict.yaml	𣂤	beng	0	𣂤
cn_dicts/41448.dict.yaml	𣨥	beng	0	𣨥
cn_dicts/41448.dict.yaml	𤙾	beng	0	𤙾
cn_dicts/41448.dict.yaml	𤡭	beng	0	𤡭
cn_dicts/41448.dict.yaml	𤫬	beng	0	𤫬
cn_dicts/41448.dict.yaml	𥀂	beng	0	𥀂
cn_dicts/41448.dict.yaml	𥖗	beng	0	𥖗
cn_dicts/41448.dict.yaml	𥛱	beng	0	𥛱
cn_dicts/41448.dict.yaml	𥞩	beng	0	𥞩
cn_dicts/41448.dict.yaml	𥦜	beng	0	𥦜
cn_dicts/41448.dict.yaml	𦂌	beng	0	𦂌
cn_dicts/41448.dict.yaml	𦅈	beng	0	𦅈
cn_dicts/41448.dict.yaml	𦝷	beng	0	𦝷
cn_dicts/41448.dict.yaml	𦺑	beng	0	𦺑
cn_dicts/41448.dict.yaml	𧑑	beng	0	𧑑
cn_dicts/41448.dict.yaml	𧚭	beng	0	𧚭
cn_dicts/41448.dict.yaml	𧩱	beng	0	𧩱
cn_dicts/41448.dict.yaml	𧻓	beng	0	𧻓
cn_dicts/41448.dict.yaml	𨆊	beng	0	𨆊
cn_dicts/41448.dict.yaml	𨓁	beng	0	𨓁
cn_dicts/41448.dict.yaml	𨕧	beng	0	𨕧
cn_dicts/41448.dict.yaml	𨹹	beng	0	𨹹
cn_dicts/41448.dict.yaml	𨻱	beng	0	𨻱
cn_dicts/41448.dict.yaml	𩂦	beng	0	𩂦
cn_dicts/41448.dict.yaml	𩊌	beng	0	𩊌
cn_dicts/41448.dict.yaml	𩑚	beng	0	𩑚
cn_dicts/41448.dict.yaml	𩗴	beng	0	𩗴
cn_dicts/41448.dict.yaml	𪔑	beng	0	𪔑
cn_dicts/41448.dict.yaml	㓖	bi	0	㓖
cn_dicts/41448.dict.yaml	㕭	bi	0	㕭
cn_dicts/41448.dict.yaml	㗉	bi	0	㗉
cn_dicts/41448.dict.yaml	㗊	bi	0	㗊
cn_dicts/41448.dict.yaml	㘠	bi	0	㘠
cn_dicts/41448.dict.yaml	㘩	bi	0	㘩
cn_dicts/41448.dict.yaml	㙄	bi	0	㙄
cn_dicts/41448.dict.yaml	㚕	bi	0	㚕
cn_dicts/41448.dict.yaml	㚰	bi	0	㚰
cn_dicts/41448.dict.yaml	㠲	bi	0	㠲
cn_dicts/41448.dict.yaml	㡀	bi	0	㡀
cn_dicts/41448.dict.yaml	㡙	bi	0	㡙
cn_dicts/41448.dict.yaml	㢰	bi	0	㢰
cn_dicts/41448.dict.yaml	㢶	bi	0	㢶
cn_dicts/41448.dict.yaml	㢸	bi	0	㢸
cn_dicts/41448.dict.yaml	㧙	bi	0	㧙
cn_dicts/41448.dict.yaml	㪏	bi	0	㪏
cn_dicts/41448.dict.yaml	㪤	bi	0	㪤
cn_dicts/41448.dict.yaml	㮄	bi	0	㮄
cn_dicts/41448.dict.yaml	㮰	bi	0	㮰
cn_dicts/41448.dict.yaml	㮿	bi	0	㮿
cn_dicts/41448.dict.yaml	㯇	bi	0	㯇
cn_dicts/41448.dict.yaml	㱸	bi	0	㱸
cn_dicts/41448.dict.yaml	㳼	bi	0	㳼
cn_dicts/41448.dict.yaml	㵥	bi	0	㵥
cn_dicts/41448.dict.yaml	㵨	bi	0	㵨
cn_dicts/41448.dict.yaml	㷶	bi	0	㷶
cn_dicts/41448.dict.yaml	㹃	bi	0	㹃
cn_dicts/41448.dict.yaml	㻫	bi	0	㻫
cn_dicts/41448.dict.yaml	㻶	bi	0	㻶
cn_dicts/41448.dict.yaml	㿫	bi	0	㿫
cn_dicts/41448.dict.yaml	䀣	bi	0	䀣
cn_dicts/41448.dict.yaml	䁅	bi	0	䁅
cn_dicts/41448.dict.yaml	䁹	bi	0	䁹
cn_dicts/41448.dict.yaml	䃾	bi	0	䃾
cn_dicts/41448.dict.yaml	䄶	bi	0	䄶
cn_dicts/41448.dict.yaml	䇷	bi	0	䇷
cn_dicts/41448.dict.yaml	䉾	bi	0	䉾
cn_dicts/41448.dict.yaml	䊧	bi	0	䊧
cn_dicts/41448.dict.yaml	䋔	bi	0	䋔
cn_dicts/41448.dict.yaml	䌟	bi	0	䌟
cn_dicts/41448.dict.yaml	䎵	bi	0	䎵
cn_dicts/41448.dict.yaml	䏢	bi	0	䏢
cn_dicts/41448.dict.yaml	䏶	bi	0	䏶
cn_dicts/41448.dict.yaml	䕗	bi	0	䕗
cn_dicts/41448.dict.yaml	䖩	bi	0	䖩
cn_dicts/41448.dict.yaml	䘡	bi	0	䘡
cn_dicts/41448.dict.yaml	䟆	bi	0	䟆
cn_dicts/41448.dict.yaml	䟤	bi	0	䟤
cn_dicts/41448.dict.yaml	䠋	bi	0	䠋
cn_dicts/41448.dict.yaml	䣥	bi	0	䣥
cn_dicts/41448.dict.yaml	䦘	bi	0	䦘
cn_dicts/41448.dict.yaml	䧗	bi	0	䧗
cn_dicts/41448.dict.yaml	䨆	bi	0	䨆
cn_dicts/41448.dict.yaml	䩛	bi	0	䩛
cn_dicts/41448.dict.yaml	䪐	bi	0	䪐
cn_dicts/41448.dict.yaml	䫁	bi	0	䫁
cn_dicts/41448.dict.yaml	䫾	bi	0	䫾
cn_dicts/41448.dict.yaml	䬛	bi	0	䬛
cn_dicts/41448.dict.yaml	䭮	bi	0	䭮
cn_dicts/41448.dict.yaml	䮡	bi	0	䮡
cn_dicts/41448.dict.yaml	䯗	bi	0	䯗
cn_dicts/41448.dict.yaml	䵄	bi	0	䵄
cn_dicts/41448.dict.yaml	𠈺	bi	0	𠈺
cn_dicts/41448.dict.yaml	𠋯	bi	0	𠋯
cn_dicts/41448.dict.yaml	𠐌	bi	0	𠐌
cn_dicts/41448.dict.yaml	𠓷	bi	0	𠓷
cn_dicts/41448.dict.yaml	𠛡	bi	0	𠛡
cn_dicts/41448.dict.yaml	𠡂	bi	0	𠡂
cn_dicts/41448.dict.yaml	𠦈	bi	0	𠦈
cn_dicts/41448.dict.yaml	𠧅	bi	0	𠧅
cn_dicts/41448.dict.yaml	𠨘	bi	0	𠨘
cn_dicts/41448.dict.yaml	𠩿	bi	0	𠩿
cn_dicts/41448.dict.yaml	𠬈	bi	0	𠬈
cn_dicts/41448.dict.yaml	𠮃	bi	0	𠮃
cn_dicts/41448.dict.yaml	𠽩	bi	0	𠽩
cn_dicts/41448.dict.yaml	𡚁	bi	0	𡚁
cn_dicts/41448.dict.yaml	𡛗	bi	0	𡛗
cn_dicts/41448.dict.yaml	𡠚	bi	0	𡠚
cn_dicts/41448.dict.yaml	𡳄	bi	0	𡳄
cn_dicts/41448.dict.yaml	𡻞	bi	0	𡻞
cn_dicts/41448.dict.yaml	𡽶	bi	0	𡽶
cn_dicts/41448.dict.yaml	𢁽	bi	0	𢁽
cn_dicts/41448.dict.yaml	𢅩	bi	0	𢅩
cn_dicts/41448.dict.yaml	𢍁	bi	0	𢍁
cn_dicts/41448.dict.yaml	𢐦	bi	0	𢐦
cn_dicts/41448.dict.yaml	𢖬	bi	0	𢖬
cn_dicts/41448.dict.yaml	𢘍	bi	0	𢘍
cn_dicts/41448.dict.yaml	𢞗	bi	0	𢞗
cn_dicts/41448.dict.yaml	𢟵	bi	0	𢟵
cn_dicts/41448.dict.yaml	𢡅	bi	0	𢡅
cn_dicts/41448.dict.yaml	𢩒	bi	0	𢩒
cn_dicts/41448.dict.yaml	𢲾	bi	0	𢲾
cn_dicts/41448.dict.yaml	𢳋	bi	0	𢳋
cn_dicts/41448.dict.yaml	𢴩	bi	0	𢴩
cn_dicts/41448.dict.yaml	𣁉	bi	0	𣁉
cn_dicts/41448.dict.yaml	𣁢	bi	0	𣁢
cn_dicts/41448.dict.yaml	𣋹	bi	0	𣋹
cn_dicts/41448.dict.yaml	𣔓	bi	0	𣔓
cn_dicts/41448.dict.yaml	𣕾	bi	0	𣕾
cn_dicts/41448.dict.yaml	𣘥	bi	0	𣘥
cn_dicts/41448.dict.yaml	𣚡	bi	0	𣚡
cn_dicts/41448.dict.yaml	𣝍	bi	0	𣝍
cn_dicts/41448.dict.yaml	𣢠	bi	0	𣢠
cn_dicts/41448.dict.yaml	𣥣	bi	0	𣥣
cn_dicts/41448.dict.yaml	𣦇	bi	0	𣦇
cn_dicts/41448.dict.yaml	𣦢	bi	0	𣦢
cn_dicts/41448.dict.yaml	𣩩	bi	0	𣩩
cn_dicts/41448.dict.yaml	𣮐	bi	0	𣮐
cn_dicts/41448.dict.yaml	𣯴	bi	0	𣯴
cn_dicts/41448.dict.yaml	𣴨	bi	0	𣴨
cn_dicts/41448.dict.yaml	𤂀	bi	0	𤂀
cn_dicts/41448.dict.yaml	𤅹	bi	0	𤅹
cn_dicts/41448.dict.yaml	𤐙	bi	0	𤐙
cn_dicts/41448.dict.yaml	𤗚	bi	0	𤗚
cn_dicts/41448.dict.yaml	𤙞	bi	0	𤙞
cn_dicts/41448.dict.yaml	𤜻	bi	0	𤜻
cn_dicts/41448.dict.yaml	𤝸	bi	0	𤝸
cn_dicts/41448.dict.yaml	𤠺	bi	0	𤠺
cn_dicts/41448.dict.yaml	𤡝	bi	0	𤡝
cn_dicts/41448.dict.yaml	𤢣	bi	0	𤢣
cn_dicts/41448.dict.yaml	𤵘	bi	0	𤵘
cn_dicts/41448.dict.yaml	𤷒	bi	0	𤷒
cn_dicts/41448.dict.yaml	𤹝	bi	0	𤹝
cn_dicts/41448.dict.yaml	𤹦	bi	0	𤹦
cn_dicts/41448.dict.yaml	𤻖	bi	0	𤻖
cn_dicts/41448.dict.yaml	𤽊	bi	0	𤽊
cn_dicts/41448.dict.yaml	𥆯	bi	0	𥆯
cn_dicts/41448.dict.yaml	𥈗	bi	0	𥈗
cn_dicts/41448.dict.yaml	𥏠	bi	0	𥏠
cn_dicts/41448.dict.yaml	𥛘	bi	0	𥛘
cn_dicts/41448.dict.yaml	𥟗	bi	0	𥟗
cn_dicts/41448.dict.yaml	𥢦	bi	0	𥢦
cn_dicts/41448.dict.yaml	𥳆	bi	0	𥳆
cn_dicts/41448.dict.yaml	𥴬	bi	0	𥴬
cn_dicts/41448.dict.yaml	𦀘	bi	0	𦀘
cn_dicts/41448.dict.yaml	𦂖	bi	0	𦂖
cn_dicts/41448.dict.yaml	𦑞	bi	0	𦑞
cn_dicts/41448.dict.yaml	𦔆	bi	0	𦔆
cn_dicts/41448.dict.yaml	𦠞	bi	0	𦠞
cn_dicts/41448.dict.yaml	𦤫	bi	0	𦤫
cn_dicts/41448.dict.yaml	𦭼	bi	0	𦭼
cn_dicts/41448.dict.yaml	𦯛	bi	0	𦯛
cn_dicts/41448.dict.yaml	𦰙	bi	0	𦰙
cn_dicts/41448.dict.yaml	𦱔	bi	0	𦱔
cn_dicts/41448.dict.yaml	𦳈	bi	0	𦳈
cn_dicts/41448.dict.yaml	𦸣	bi	0	𦸣
cn_dicts/41448.dict.yaml	𧏻	bi	0	𧏻
cn_dicts/41448.dict.yaml	𧒀	bi	0	𧒀
cn_dicts/41448.dict.yaml	𧓄	bi	0	𧓄
cn_dicts/41448.dict.yaml	𧓎	bi	0	𧓎
cn_dicts/41448.dict.yaml	𧝬	bi	0	𧝬
cn_dicts/41448.dict.yaml	𧤃	bi	0	𧤃
cn_dicts/41448.dict.yaml	𧥑	bi	0	𧥑
cn_dicts/41448.dict.yaml	𧫤	bi	0	𧫤
cn_dicts/41448.dict.yaml	𧲜	bi	0	𧲜
cn_dicts/41448.dict.yaml	𧳠	bi	0	𧳠
cn_dicts/41448.dict.yaml	𧼱	bi	0	𧼱
cn_dicts/41448.dict.yaml	𨅗	bi	0	𨅗
cn_dicts/41448.dict.yaml	𨋥	bi	0	𨋥
cn_dicts/41448.dict.yaml	𨋩	bi	0	𨋩
cn_dicts/41448.dict.yaml	𨐨	bi	0	𨐨
cn_dicts/41448.dict.yaml	𨚍	bi	0	𨚍
cn_dicts/41448.dict.yaml	𨚓	bi	0	𨚓
cn_dicts/41448.dict.yaml	𨟵	bi	0	𨟵
cn_dicts/41448.dict.yaml	𨠔	bi	0	𨠔
cn_dicts/41448.dict.yaml	𨲋	bi	0	𨲋
cn_dicts/41448.dict.yaml	𨳲	bi	0	𨳲
cn_dicts/41448.dict.yaml	𨵰	bi	0	𨵰
cn_dicts/41448.dict.yaml	𨸼	bi	0	𨸼
cn_dicts/41448.dict.yaml	𨻀	bi	0	𨻀
cn_dicts/41448.dict.yaml	𨻼	bi	0	𨻼
cn_dicts/41448.dict.yaml	𩉫	bi	0	𩉫
cn_dicts/41448.dict.yaml	𩊰	bi	0	𩊰
cn_dicts/41448.dict.yaml	𩏂	bi	0	𩏂
cn_dicts/41448.dict.yaml	𩑻	bi	0	𩑻
cn_dicts/41448.dict.yaml	𩣚	bi	0	𩣚
cn_dicts/41448.dict.yaml	𩪖	bi	0	𩪖
cn_dicts/41448.dict.yaml	𩪧	bi	0	𩪧
cn_dicts/41448.dict.yaml	𩭧	bi	0	𩭧
cn_dicts/41448.dict.yaml	𩯃	bi	0	𩯃
cn_dicts/41448.dict.yaml	𩲢	bi	0	𩲢
cn_dicts/41448.dict.yaml	𩾳	bi	0	𩾳
cn_dicts/41448.dict.yaml	𪋜	bi	0	𪋜
cn_dicts/41448.dict.yaml	𪌄	bi	0	𪌄
cn_dicts/41448.dict.yaml	𪍪	bi	0	𪍪
cn_dicts/41448.dict.yaml	𪏺	bi	0	𪏺
cn_dicts/41448.dict.yaml	𪐄	bi	0	𪐄
cn_dicts/41448.dict.yaml	㝸	bian	0	㝸
cn_dicts/41448.dict.yaml	㣐	bian	0	㣐
cn_dicts/41448.dict.yaml	㦚	bian	0	㦚
cn_dicts/41448.dict.yaml	㭓	bian	0	㭓
cn_dicts/41448.dict.yaml	㲢	bian	0	㲢
cn_dicts/41448.dict.yaml	㳎	bian	0	㳎
cn_dicts/41448.dict.yaml	㴜	bian	0	㴜
cn_dicts/41448.dict.yaml	㵷	bian	0	㵷
cn_dicts/41448.dict.yaml	㺹	bian	0	㺹
cn_dicts/41448.dict.yaml	䁵	bian	0	䁵
cn_dicts/41448.dict.yaml	䉸	bian	0	䉸
cn_dicts/41448.dict.yaml	䒪	bian	0	䒪
cn_dicts/41448.dict.yaml	䛒	bian	0	䛒
cn_dicts/41448.dict.yaml	䡢	bian	0	䡢
cn_dicts/41448.dict.yaml	䪻	bian	0	䪻
cn_dicts/41448.dict.yaml	𠐈	bian	0	𠐈
cn_dicts/41448.dict.yaml	𠑟	bian	0	𠑟
cn_dicts/41448.dict.yaml	𠓫	bian	0	𠓫
cn_dicts/41448.dict.yaml	𠪂	bian	0	𠪂
cn_dicts/41448.dict.yaml	𠭹	bian	0	𠭹
cn_dicts/41448.dict.yaml	𠯴	bian	0	𠯴
cn_dicts/41448.dict.yaml	𠷖	bian	0	𠷖
cn_dicts/41448.dict.yaml	𡈯	bian	0	𡈯
cn_dicts/41448.dict.yaml	𡊅	bian	0	𡊅
cn_dicts/41448.dict.yaml	𡬯	bian	0	𡬯
cn_dicts/41448.dict.yaml	𡬲	bian	0	𡬲
cn_dicts/41448.dict.yaml	𡬸	bian	0	𡬸
cn_dicts/41448.dict.yaml	𢩟	bian	0	𢩟
cn_dicts/41448.dict.yaml	𢬵	bian	0	𢬵
cn_dicts/41448.dict.yaml	𢭥	bian	0	𢭥
cn_dicts/41448.dict.yaml	𢴂	bian	0	𢴂
cn_dicts/41448.dict.yaml	𢻶	bian	0	𢻶
cn_dicts/41448.dict.yaml	𣈠	bian	0	𣈠
cn_dicts/41448.dict.yaml	𣝜	bian	0	𣝜
cn_dicts/41448.dict.yaml	𣩀	bian	0	𣩀
cn_dicts/41448.dict.yaml	𣪭	bian	0	𣪭
cn_dicts/41448.dict.yaml	𣸇	bian	0	𣸇
cn_dicts/41448.dict.yaml	𤀫	bian	0	𤀫
cn_dicts/41448.dict.yaml	𤀲	bian	0	𤀲
cn_dicts/41448.dict.yaml	𤄺	bian	0	𤄺
cn_dicts/41448.dict.yaml	𤺇	bian	0	𤺇
cn_dicts/41448.dict.yaml	𤻶	bian	0	𤻶
cn_dicts/41448.dict.yaml	𥍚	bian	0	𥍚
cn_dicts/41448.dict.yaml	𥣝	bian	0	𥣝
cn_dicts/41448.dict.yaml	𥣰	bian	0	𥣰
cn_dicts/41448.dict.yaml	𥿋	bian	0	𥿋
cn_dicts/41448.dict.yaml	𦇭	bian	0	𦇭
cn_dicts/41448.dict.yaml	𦉙	bian	0	𦉙
cn_dicts/41448.dict.yaml	𦟣	bian	0	𦟣
cn_dicts/41448.dict.yaml	𦽟	bian	0	𦽟
cn_dicts/41448.dict.yaml	𧩰	bian	0	𧩰
cn_dicts/41448.dict.yaml	𧸘	bian	0	𧸘
cn_dicts/41448.dict.yaml	𨐾	bian	0	𨐾
cn_dicts/41448.dict.yaml	𨖠	bian	0	𨖠
cn_dicts/41448.dict.yaml	𨖾	bian	0	𨖾
cn_dicts/41448.dict.yaml	𨥧	bian	0	𨥧
cn_dicts/41448.dict.yaml	𨧕	bian	0	𨧕
cn_dicts/41448.dict.yaml	𨩫	bian	0	𨩫
cn_dicts/41448.dict.yaml	𨳲	bian	0	𨳲
cn_dicts/41448.dict.yaml	𩩯	bian	0	𩩯
cn_dicts/41448.dict.yaml	𩰍	bian	0	𩰍
cn_dicts/41448.dict.yaml	𪉱	bian	0	𪉱
cn_dicts/41448.dict.yaml	𪏗	bian	0	𪏗
cn_dicts/41448.dict.yaml	𪓍	bian	0	𪓍
cn_dicts/41448.dict.yaml	𪖯	bian	0	𪖯
cn_dicts/41448.dict.yaml	㟽	biao	0	㟽
cn_dicts/41448.dict.yaml	㠒	biao	0	㠒
cn_dicts/41448.dict.yaml	㧼	biao	0	㧼
cn_dicts/41448.dict.yaml	㯱	biao	0	㯱
cn_dicts/41448.dict.yaml	㯹	biao	0	㯹
cn_dicts/41448.dict.yaml	䔸	biao	0	䔸
cn_dicts/41448.dict.yaml	䞄	biao	0	䞄
cn_dicts/41448.dict.yaml	䮽	biao	0	䮽
cn_dicts/41448.dict.yaml	𠔂	biao	0	𠔂
cn_dicts/41448.dict.yaml	𠚠	biao	0	𠚠
cn_dicts/41448.dict.yaml	𠬪	biao	0	𠬪
cn_dicts/41448.dict.yaml	𢅚	biao	0	𢅚
cn_dicts/41448.dict.yaml	𢒯	biao	0	𢒯
cn_dicts/41448.dict.yaml	𢿏	biao	0	𢿏
cn_dicts/41448.dict.yaml	𣄠	biao	0	𣄠
cn_dicts/41448.dict.yaml	𤂆	biao	0	𤂆
cn_dicts/41448.dict.yaml	𤆀	biao	0	𤆀
cn_dicts/41448.dict.yaml	𤐫	biao	0	𤐫
cn_dicts/41448.dict.yaml	𥘤	biao	0	𥘤
cn_dicts/41448.dict.yaml	𥲦	biao	0	𥲦
cn_dicts/41448.dict.yaml	𦔗	biao	0	𦔗
cn_dicts/41448.dict.yaml	𦔩	biao	0	𦔩
cn_dicts/41448.dict.yaml	𦠎	biao	0	𦠎
cn_dicts/41448.dict.yaml	𦾑	biao	0	𦾑
cn_dicts/41448.dict.yaml	𧝪	biao	0	𧝪
cn_dicts/41448.dict.yaml	𧥍	biao	0	𧥍
cn_dicts/41448.dict.yaml	𧳀	biao	0	𧳀
cn_dicts/41448.dict.yaml	𧴎	biao	0	𧴎
cn_dicts/41448.dict.yaml	𧴕	biao	0	𧴕
cn_dicts/41448.dict.yaml	𨭚	biao	0	𨭚
cn_dicts/41448.dict.yaml	𩪊	biao	0	𩪊
cn_dicts/41448.dict.yaml	𩴩	biao	0	𩴩
cn_dicts/41448.dict.yaml	𩽁	biao	0	𩽁
cn_dicts/41448.dict.yaml	㓖	bie	0	㓖
cn_dicts/41448.dict.yaml	㢼	bie	0	㢼
cn_dicts/41448.dict.yaml	㱸	bie	0	㱸
cn_dicts/41448.dict.yaml	㲢	bie	0	㲢
cn_dicts/41448.dict.yaml	㿜	bie	0	㿜
cn_dicts/41448.dict.yaml	䇷	bie	0	䇷
cn_dicts/41448.dict.yaml	䉲	bie	0	䉲
cn_dicts/41448.dict.yaml	䋢	bie	0	䋢
cn_dicts/41448.dict.yaml	䏟	bie	0	䏟
cn_dicts/41448.dict.yaml	䠥	bie	0	䠥
cn_dicts/41448.dict.yaml	䭱	bie	0	䭱
cn_dicts/41448.dict.yaml	𠍯	bie	0	𠍯
cn_dicts/41448.dict.yaml	𡐞	bie	0	𡐞
cn_dicts/41448.dict.yaml	𡘴	bie	0	𡘴
cn_dicts/41448.dict.yaml	𡙀	bie	0	𡙀
cn_dicts/41448.dict.yaml	𡙪	bie	0	𡙪
cn_dicts/41448.dict.yaml	𡷘	bie	0	𡷘
cn_dicts/41448.dict.yaml	𢆣	bie	0	𢆣
cn_dicts/41448.dict.yaml	𢐳	bie	0	𢐳
cn_dicts/41448.dict.yaml	𢛎	bie	0	𢛎
cn_dicts/41448.dict.yaml	𢠳	bie	0	𢠳
cn_dicts/41448.dict.yaml	𣇢	bie	0	𣇢
cn_dicts/41448.dict.yaml	𣊶	bie	0	𣊶
cn_dicts/41448.dict.yaml	𤉤	bie	0	𤉤
cn_dicts/41448.dict.yaml	𤷗	bie	0	𤷗
cn_dicts/41448.dict.yaml	𤺓	bie	0	𤺓
cn_dicts/41448.dict.yaml	𤾵	bie	0	𤾵
cn_dicts/41448.dict.yaml	𥞲	bie	0	𥞲
cn_dicts/41448.dict.yaml	𥡁	bie	0	𥡁
cn_dicts/41448.dict.yaml	𧆊	bie	0	𧆊
cn_dicts/41448.dict.yaml	𧌽	bie	0	𧌽
cn_dicts/41448.dict.yaml	𧝬	bie	0	𧝬
cn_dicts/41448.dict.yaml	𧧸	bie	0	𧧸
cn_dicts/41448.dict.yaml	𧿥	bie	0	𧿥
cn_dicts/41448.dict.yaml	𨂅	bie	0	𨂅
cn_dicts/41448.dict.yaml	𨒜	bie	0	𨒜
cn_dicts/41448.dict.yaml	𩓝	bie	0	𩓝
cn_dicts/41448.dict.yaml	𩠻	bie	0	𩠻
cn_dicts/41448.dict.yaml	𩡟	bie	0	𩡟
cn_dicts/41448.dict.yaml	𩦉	bie	0	𩦉
cn_dicts/41448.dict.yaml	𩵛	bie	0	𩵛
cn_dicts/41448.dict.yaml	𩸁	bie	0	𩸁
cn_dicts/41448.dict.yaml	𪂟	bie	0	𪂟
cn_dicts/41448.dict.yaml	𪐆	bie	0	𪐆
cn_dicts/41448.dict.yaml	㻞	bin	0	㻞
cn_dicts/41448.dict.yaml	䐔	bin	0	䐔
cn_dicts/41448.dict.yaml	䚔	bin	0	䚔
cn_dicts/41448.dict.yaml	䳁	bin	0	䳁
cn_dicts/41448.dict.yaml	𠴇	bin	0	𠴇
cn_dicts/41448.dict.yaml	𡦆	bin	0	𡦆
cn_dicts/41448.dict.yaml	𡦻	bin	0	𡦻
cn_dicts/41448.dict.yaml	𡧍	bin	0	𡧍
cn_dicts/41448.dict.yaml	𡧼	bin	0	𡧼
cn_dicts/41448.dict.yaml	𢲰	bin	0	𢲰
cn_dicts/41448.dict.yaml	𣉮	bin	0	𣉮
cn_dicts/41448.dict.yaml	𣢏	bin	0	𣢏
cn_dicts/41448.dict.yaml	𣰨	bin	0	𣰨
cn_dicts/41448.dict.yaml	𥃰	bin	0	𥃰
cn_dicts/41448.dict.yaml	𧷟	bin	0	𧷟
cn_dicts/41448.dict.yaml	𧸈	bin	0	𧸈
cn_dicts/41448.dict.yaml	𨐰	bin	0	𨐰
cn_dicts/41448.dict.yaml	𨽗	bin	0	𨽗
cn_dicts/41448.dict.yaml	𩆱	bin	0	𩆱
cn_dicts/41448.dict.yaml	𩴱	bin	0	𩴱
cn_dicts/41448.dict.yaml	𪇕	bin	0	𪇕
cn_dicts/41448.dict.yaml	㓈	bing	0	㓈
cn_dicts/41448.dict.yaml	㨀	bing	0	㨀
cn_dicts/41448.dict.yaml	䈂	bing	0	䈂
cn_dicts/41448.dict.yaml	䋑	bing	0	䋑
cn_dicts/41448.dict.yaml	䓑	bing	0	䓑
cn_dicts/41448.dict.yaml	䗒	bing	0	䗒
cn_dicts/41448.dict.yaml	䴵	bing	0	䴵
cn_dicts/41448.dict.yaml	𠊧	bing	0	𠊧
cn_dicts/41448.dict.yaml	𠒝	bing	0	𠒝
cn_dicts/41448.dict.yaml	𠛥	bing	0	𠛥
cn_dicts/41448.dict.yaml	𠱛	bing	0	𠱛
cn_dicts/41448.dict.yaml	𡇤	bing	0	𡇤
cn_dicts/41448.dict.yaml	𡖛	bing	0	𡖛
cn_dicts/41448.dict.yaml	𡚛	bing	0	𡚛
cn_dicts/41448.dict.yaml	𡲍	bing	0	𡲍
cn_dicts/41448.dict.yaml	𡹾	bing	0	𡹾
cn_dicts/41448.dict.yaml	𢆩	bing	0	𢆩
cn_dicts/41448.dict.yaml	𢊜	bing	0	𢊜
cn_dicts/41448.dict.yaml	𢎴	bing	0	𢎴
cn_dicts/41448.dict.yaml	𢔧	bing	0	𢔧
cn_dicts/41448.dict.yaml	𣅍	bing	0	𣅍
cn_dicts/41448.dict.yaml	𣦪	bing	0	𣦪
cn_dicts/41448.dict.yaml	𣰜	bing	0	𣰜
cn_dicts/41448.dict.yaml	𥖬	bing	0	𥖬
cn_dicts/41448.dict.yaml	𥲂	bing	0	𥲂
cn_dicts/41448.dict.yaml	𦡻	bing	0	𦡻
cn_dicts/41448.dict.yaml	𦼹	bing	0	𦼹
cn_dicts/41448.dict.yaml	𦿅	bing	0	𦿅
cn_dicts/41448.dict.yaml	𨆱	bing	0	𨆱
cn_dicts/41448.dict.yaml	𨋲	bing	0	𨋲
cn_dicts/41448.dict.yaml	𨹗	bing	0	𨹗
cn_dicts/41448.dict.yaml	𩊖	bing	0	𩊖
cn_dicts/41448.dict.yaml	𩋒	bing	0	𩋒
cn_dicts/41448.dict.yaml	𩏂	bing	0	𩏂
cn_dicts/41448.dict.yaml	𩬝	bing	0	𩬝
cn_dicts/41448.dict.yaml	𩮟	bing	0	𩮟
cn_dicts/41448.dict.yaml	𩶁	bing	0	𩶁
cn_dicts/41448.dict.yaml	𪑰	bing	0	𪑰
cn_dicts/41448.dict.yaml	㑟	bo	0	㑟
cn_dicts/41448.dict.yaml	㔜	bo	0	㔜
cn_dicts/41448.dict.yaml	㖕	bo	0	㖕
cn_dicts/41448.dict.yaml	㗘	bo	0	㗘
cn_dicts/41448.dict.yaml	㙸	bo	0	㙸
cn_dicts/41448.dict.yaml	㝿	bo	0	㝿
cn_dicts/41448.dict.yaml	㟑	bo	0	㟑
cn_dicts/41448.dict.yaml	㧳	bo	0	㧳
cn_dicts/41448.dict.yaml	㩧	bo	0	㩧
cn_dicts/41448.dict.yaml	㩭	bo	0	㩭
cn_dicts/41448.dict.yaml	㪍	bo	0	㪍
cn_dicts/41448.dict.yaml	㬍	bo	0	㬍
cn_dicts/41448.dict.yaml	㬧	bo	0	㬧
cn_dicts/41448.dict.yaml	㱟	bo	0	㱟
cn_dicts/41448.dict.yaml	㴾	bo	0	㴾
cn_dicts/41448.dict.yaml	㶿	bo	0	㶿
cn_dicts/41448.dict.yaml	㹀	bo	0	㹀
cn_dicts/41448.dict.yaml	㼎	bo	0	㼎
cn_dicts/41448.dict.yaml	㼣	bo	0	㼣
cn_dicts/41448.dict.yaml	䂍	bo	0	䂍
cn_dicts/41448.dict.yaml	䊿	bo	0	䊿
cn_dicts/41448.dict.yaml	䍨	bo	0	䍨
cn_dicts/41448.dict.yaml	䍸	bo	0	䍸
cn_dicts/41448.dict.yaml	䑈	bo	0	䑈
cn_dicts/41448.dict.yaml	䒄	bo	0	䒄
cn_dicts/41448.dict.yaml	䗚	bo	0	䗚
cn_dicts/41448.dict.yaml	䙏	bo	0	䙏
cn_dicts/41448.dict.yaml	䞳	bo	0	䞳
cn_dicts/41448.dict.yaml	䟆	bo	0	䟆
cn_dicts/41448.dict.yaml	䟛	bo	0	䟛
cn_dicts/41448.dict.yaml	䟦	bo	0	䟦
cn_dicts/41448.dict.yaml	䢌	bo	0	䢌
cn_dicts/41448.dict.yaml	䢪	bo	0	䢪
cn_dicts/41448.dict.yaml	䥬	bo	0	䥬
cn_dicts/41448.dict.yaml	䨌	bo	0	䨌
cn_dicts/41448.dict.yaml	䪇	bo	0	䪇
cn_dicts/41448.dict.yaml	䪬	bo	0	䪬
cn_dicts/41448.dict.yaml	䫊	bo	0	䫊
cn_dicts/41448.dict.yaml	䬪	bo	0	䬪
cn_dicts/41448.dict.yaml	䭦	bo	0	䭦
cn_dicts/41448.dict.yaml	䭯	bo	0	䭯
cn_dicts/41448.dict.yaml	䮀	bo	0	䮀
cn_dicts/41448.dict.yaml	䮂	bo	0	䮂
cn_dicts/41448.dict.yaml	䯋	bo	0	䯋
cn_dicts/41448.dict.yaml	䰊	bo	0	䰊
cn_dicts/41448.dict.yaml	䰷	bo	0	䰷
cn_dicts/41448.dict.yaml	䳁	bo	0	䳁
cn_dicts/41448.dict.yaml	䵄	bo	0	䵄
cn_dicts/41448.dict.yaml	䵗	bo	0	䵗
cn_dicts/41448.dict.yaml	䶈	bo	0	䶈
cn_dicts/41448.dict.yaml	𠧛	bo	0	𠧛
cn_dicts/41448.dict.yaml	𠮭	bo	0	𠮭
cn_dicts/41448.dict.yaml	𠱀	bo	0	𠱀
cn_dicts/41448.dict.yaml	𠴸	bo	0	𠴸
cn_dicts/41448.dict.yaml	𠷺	bo	0	𠷺
cn_dicts/41448.dict.yaml	𠸳	bo	0	𠸳
cn_dicts/41448.dict.yaml	𠺣	bo	0	𠺣
cn_dicts/41448.dict.yaml	𡀖	bo	0	𡀖
cn_dicts/41448.dict.yaml	𡅂	bo	0	𡅂
cn_dicts/41448.dict.yaml	𡋯	bo	0	𡋯
cn_dicts/41448.dict.yaml	𡯳	bo	0	𡯳
cn_dicts/41448.dict.yaml	𡯷	bo	0	𡯷
cn_dicts/41448.dict.yaml	𢂍	bo	0	𢂍
cn_dicts/41448.dict.yaml	𢐾	bo	0	𢐾
cn_dicts/41448.dict.yaml	𢠺	bo	0	𢠺
cn_dicts/41448.dict.yaml	𢣞	bo	0	𢣞
cn_dicts/41448.dict.yaml	𢩞	bo	0	𢩞
cn_dicts/41448.dict.yaml	𢫯	bo	0	𢫯
cn_dicts/41448.dict.yaml	𢺽	bo	0	𢺽
cn_dicts/41448.dict.yaml	𣋵	bo	0	𣋵
cn_dicts/41448.dict.yaml	𣛓	bo	0	𣛓
cn_dicts/41448.dict.yaml	𣧧	bo	0	𣧧
cn_dicts/41448.dict.yaml	𣭷	bo	0	𣭷
cn_dicts/41448.dict.yaml	𣽡	bo	0	𣽡
cn_dicts/41448.dict.yaml	𤃵	bo	0	𤃵
cn_dicts/41448.dict.yaml	𤒔	bo	0	𤒔
cn_dicts/41448.dict.yaml	𤕝	bo	0	𤕝
cn_dicts/41448.dict.yaml	𤗳	bo	0	𤗳
cn_dicts/41448.dict.yaml	𤗺	bo	0	𤗺
cn_dicts/41448.dict.yaml	𤚽	bo	0	𤚽
cn_dicts/41448.dict.yaml	𤜧	bo	0	𤜧
cn_dicts/41448.dict.yaml	𤶋	bo	0	𤶋
cn_dicts/41448.dict.yaml	𤾝	bo	0	𤾝
cn_dicts/41448.dict.yaml	𤿑	bo	0	𤿑
cn_dicts/41448.dict.yaml	𥜖	bo	0	𥜖
cn_dicts/41448.dict.yaml	𥭖	bo	0	𥭖
cn_dicts/41448.dict.yaml	𥮯	bo	0	𥮯
cn_dicts/41448.dict.yaml	𥴮	bo	0	𥴮
cn_dicts/41448.dict.yaml	𥸥	bo	0	𥸥
cn_dicts/41448.dict.yaml	𥸨	bo	0	𥸨
cn_dicts/41448.dict.yaml	𥹸	bo	0	𥹸
cn_dicts/41448.dict.yaml	𦃙	bo	0	𦃙
cn_dicts/41448.dict.yaml	𦋉	bo	0	𦋉
cn_dicts/41448.dict.yaml	𦢊	bo	0	𦢊
cn_dicts/41448.dict.yaml	𦤚	bo	0	𦤚
cn_dicts/41448.dict.yaml	𦤣	bo	0	𦤣
cn_dicts/41448.dict.yaml	𦯉	bo	0	𦯉
cn_dicts/41448.dict.yaml	𦰬	bo	0	𦰬
cn_dicts/41448.dict.yaml	𦲱	bo	0	𦲱
cn_dicts/41448.dict.yaml	𦼭	bo	0	𦼭
cn_dicts/41448.dict.yaml	𦽮	bo	0	𦽮
cn_dicts/41448.dict.yaml	𧇚	bo	0	𧇚
cn_dicts/41448.dict.yaml	𧘟	bo	0	𧘟
cn_dicts/41448.dict.yaml	𧙄	bo	0	𧙄
cn_dicts/41448.dict.yaml	𧟱	bo	0	𧟱
cn_dicts/41448.dict.yaml	𧲯	bo	0	𧲯
cn_dicts/41448.dict.yaml	𧿲	bo	0	𧿲
cn_dicts/41448.dict.yaml	𨈩	bo	0	𨈩
cn_dicts/41448.dict.yaml	𨍭	bo	0	𨍭
cn_dicts/41448.dict.yaml	𨏫	bo	0	𨏫
cn_dicts/41448.dict.yaml	𨨏	bo	0	𨨏
cn_dicts/41448.dict.yaml	𨭂	bo	0	𨭂
cn_dicts/41448.dict.yaml	𩃶	bo	0	𩃶
cn_dicts/41448.dict.yaml	𩄿	bo	0	𩄿
cn_dicts/41448.dict.yaml	𩈔	bo	0	𩈔
cn_dicts/41448.dict.yaml	𩌏	bo	0	𩌏
cn_dicts/41448.dict.yaml	𩍿	bo	0	𩍿
cn_dicts/41448.dict.yaml	𩏯	bo	0	𩏯
cn_dicts/41448.dict.yaml	𩓐	bo	0	𩓐
cn_dicts/41448.dict.yaml	𩗀	bo	0	𩗀
cn_dicts/41448.dict.yaml	𩗒	bo	0	𩗒
cn_dicts/41448.dict.yaml	𩗓	bo	0	𩗓
cn_dicts/41448.dict.yaml	𩜥	bo	0	𩜥
cn_dicts/41448.dict.yaml	𩟕	bo	0	𩟕
cn_dicts/41448.dict.yaml	𩣡	bo	0	𩣡
cn_dicts/41448.dict.yaml	𩬸	bo	0	𩬸
cn_dicts/41448.dict.yaml	𩯌	bo	0	𩯌
cn_dicts/41448.dict.yaml	𩱚	bo	0	𩱚
cn_dicts/41448.dict.yaml	𩷚	bo	0	𩷚
cn_dicts/41448.dict.yaml	𩽛	bo	0	𩽛
cn_dicts/41448.dict.yaml	𪌰	bo	0	𪌰
cn_dicts/41448.dict.yaml	𪍡	bo	0	𪍡
cn_dicts/41448.dict.yaml	𪓜	bo	0	𪓜
cn_dicts/41448.dict.yaml	𪙍	bo	0	𪙍
cn_dicts/41448.dict.yaml	𪚷	bo	0	𪚷
cn_dicts/41448.dict.yaml	㘵	bu	0	㘵
cn_dicts/41448.dict.yaml	㙛	bu	0	㙛
cn_dicts/41448.dict.yaml	㚴	bu	0	㚴
cn_dicts/41448.dict.yaml	㨐	bu	0	㨐
cn_dicts/41448.dict.yaml	㳍	bu	0	㳍
cn_dicts/41448.dict.yaml	㻉	bu	0	㻉
cn_dicts/41448.dict.yaml	㾟	bu	0	㾟
cn_dicts/41448.dict.yaml	䀯	bu	0	䀯
cn_dicts/41448.dict.yaml	䊇	bu	0	䊇
cn_dicts/41448.dict.yaml	䋠	bu	0	䋠
cn_dicts/41448.dict.yaml	䍌	bu	0	䍌
cn_dicts/41448.dict.yaml	䏽	bu	0	䏽
cn_dicts/41448.dict.yaml	䑰	bu	0	䑰
cn_dicts/41448.dict.yaml	䒈	bu	0	䒈
cn_dicts/41448.dict.yaml	䝵	bu	0	䝵
cn_dicts/41448.dict.yaml	䪁	bu	0	䪁
cn_dicts/41448.dict.yaml	䪔	bu	0	䪔
cn_dicts/41448.dict.yaml	䬏	bu	0	䬏
cn_dicts/41448.dict.yaml	䳝	bu	0	䳝
cn_dicts/41448.dict.yaml	䴝	bu	0	䴝
cn_dicts/41448.dict.yaml	䴺	bu	0	䴺
cn_dicts/41448.dict.yaml	𠘁	bu	0	𠘁
cn_dicts/41448.dict.yaml	𠚉	bu	0	𠚉
cn_dicts/41448.dict.yaml	𠜙	bu	0	𠜙
cn_dicts/41448.dict.yaml	𡡐	bu	0	𡡐
cn_dicts/41448.dict.yaml	𢁻	bu	0	𢁻
cn_dicts/41448.dict.yaml	𢇴	bu	0	𢇴
cn_dicts/41448.dict.yaml	𢼹	bu	0	𢼹
cn_dicts/41448.dict.yaml	𣱶	bu	0	𣱶
cn_dicts/41448.dict.yaml	𤚵	bu	0	𤚵
cn_dicts/41448.dict.yaml	𤣰	bu	0	𤣰
cn_dicts/41448.dict.yaml	𤸵	bu	0	𤸵
cn_dicts/41448.dict.yaml	𥃨	bu	0	𥃨
cn_dicts/41448.dict.yaml	𥑢	bu	0	𥑢
cn_dicts/41448.dict.yaml	𥣌	bu	0	𥣌
cn_dicts/41448.dict.yaml	𥪀	bu	0	𥪀
cn_dicts/41448.dict.yaml	𥳖	bu	0	𥳖
cn_dicts/41448.dict.yaml	𥸨	bu	0	𥸨
cn_dicts/41448.dict.yaml	𥹴	bu	0	𥹴
cn_dicts/41448.dict.yaml	𥻞	bu	0	𥻞
cn_dicts/41448.dict.yaml	𧉩	bu	0	𧉩
cn_dicts/41448.dict.yaml	𧻷	bu	0	𧻷
cn_dicts/41448.dict.yaml	𨋞	bu	0	𨋞
cn_dicts/41448.dict.yaml	𨛒	bu	0	𨛒
cn_dicts/41448.dict.yaml	𨴪	bu	0	𨴪
cn_dicts/41448.dict.yaml	𩅇	bu	0	𩅇
cn_dicts/41448.dict.yaml	𩊬	bu	0	𩊬
cn_dicts/41448.dict.yaml	𩊶	bu	0	𩊶
cn_dicts/41448.dict.yaml	𩌏	bu	0	𩌏
cn_dicts/41448.dict.yaml	𩏮	bu	0	𩏮
cn_dicts/41448.dict.yaml	𩏵	bu	0	𩏵
cn_dicts/41448.dict.yaml	𩢕	bu	0	𩢕
cn_dicts/41448.dict.yaml	𩣝	bu	0	𩣝
cn_dicts/41448.dict.yaml	𩯏	bu	0	𩯏
cn_dicts/41448.dict.yaml	𩶉	bu	0	𩶉
cn_dicts/41448.dict.yaml	𩷖	bu	0	𩷖
cn_dicts/41448.dict.yaml	𩺼	bu	0	𩺼
cn_dicts/41448.dict.yaml	𩻗	bu	0	𩻗
cn_dicts/41448.dict.yaml	𪇰	bu	0	𪇰
cn_dicts/41448.dict.yaml	䟃	ca	0	䟃
cn_dicts/41448.dict.yaml	䵽	ca	0	䵽
cn_dicts/41448.dict.yaml	𤄖	ca	0	𤄖
cn_dicts/41448.dict.yaml	𥗭	ca	0	𥗭
cn_dicts/41448.dict.yaml	𥩝	ca	0	𥩝
cn_dicts/41448.dict.yaml	𨆾	ca	0	𨆾
cn_dicts/41448.dict.yaml	𨺭	ca	0	𨺭
cn_dicts/41448.dict.yaml	𪊗	ca	0	𪊗
cn_dicts/41448.dict.yaml	㒲	cai	0	㒲
cn_dicts/41448.dict.yaml	㥒	cai	0	㥒
cn_dicts/41448.dict.yaml	䌨	cai	0	䌨
cn_dicts/41448.dict.yaml	䌽	cai	0	䌽
cn_dicts/41448.dict.yaml	䐆	cai	0	䐆
cn_dicts/41448.dict.yaml	䞗	cai	0	䞗
cn_dicts/41448.dict.yaml	䣋	cai	0	䣋
cn_dicts/41448.dict.yaml	䰂	cai	0	䰂
cn_dicts/41448.dict.yaml	䴭	cai	0	䴭
cn_dicts/41448.dict.yaml	䴺	cai	0	䴺
cn_dicts/41448.dict.yaml	𡣮	cai	0	𡣮
cn_dicts/41448.dict.yaml	𢎂	cai	0	𢎂
cn_dicts/41448.dict.yaml	𤁱	cai	0	𤁱
cn_dicts/41448.dict.yaml	𤚀	cai	0	𤚀
cn_dicts/41448.dict.yaml	𤝭	cai	0	𤝭
cn_dicts/41448.dict.yaml	𤟖	cai	0	𤟖
cn_dicts/41448.dict.yaml	𤷕	cai	0	𤷕
cn_dicts/41448.dict.yaml	𦬁	cai	0	𦬁
cn_dicts/41448.dict.yaml	𧀊	cai	0	𧀊
cn_dicts/41448.dict.yaml	𧵤	cai	0	𧵤
cn_dicts/41448.dict.yaml	𨙴	cai	0	𨙴
cn_dicts/41448.dict.yaml	𨯓	cai	0	𨯓
cn_dicts/41448.dict.yaml	𩁞	cai	0	𩁞
cn_dicts/41448.dict.yaml	𩧇	cai	0	𩧇
cn_dicts/41448.dict.yaml	𪇭	cai	0	𪇭
cn_dicts/41448.dict.yaml	㘔	can	0	㘔
cn_dicts/41448.dict.yaml	㛑	can	0	㛑
cn_dicts/41448.dict.yaml	㜗	can	0	㜗
cn_dicts/41448.dict.yaml	㣓	can	0	㣓
cn_dicts/41448.dict.yaml	㥇	can	0	㥇
cn_dicts/41448.dict.yaml	㦧	can	0	㦧
cn_dicts/41448.dict.yaml	㨻	can	0	㨻
cn_dicts/41448.dict.yaml	㱚	can	0	㱚
cn_dicts/41448.dict.yaml	㺑	can	0	㺑
cn_dicts/41448.dict.yaml	㻮	can	0	㻮
cn_dicts/41448.dict.yaml	㽩	can	0	㽩
cn_dicts/41448.dict.yaml	㿊	can	0	㿊
cn_dicts/41448.dict.yaml	䍼	can	0	䍼
cn_dicts/41448.dict.yaml	䏼	can	0	䏼
cn_dicts/41448.dict.yaml	䑶	can	0	䑶
cn_dicts/41448.dict.yaml	䗝	can	0	䗝
cn_dicts/41448.dict.yaml	䗞	can	0	䗞
cn_dicts/41448.dict.yaml	䘉	can	0	䘉
cn_dicts/41448.dict.yaml	䙁	can	0	䙁
cn_dicts/41448.dict.yaml	䛹	can	0	䛹
cn_dicts/41448.dict.yaml	䝳	can	0	䝳
cn_dicts/41448.dict.yaml	䣟	can	0	䣟
cn_dicts/41448.dict.yaml	䫮	can	0	䫮
cn_dicts/41448.dict.yaml	䬫	can	0	䬫
cn_dicts/41448.dict.yaml	䱗	can	0	䱗
cn_dicts/41448.dict.yaml	䳻	can	0	䳻
cn_dicts/41448.dict.yaml	𠠋	can	0	𠠋
cn_dicts/41448.dict.yaml	𠡡	can	0	𠡡
cn_dicts/41448.dict.yaml	𠫭	can	0	𠫭
cn_dicts/41448.dict.yaml	𡆮	can	0	𡆮
cn_dicts/41448.dict.yaml	𡛝	can	0	𡛝
cn_dicts/41448.dict.yaml	𡡖	can	0	𡡖
cn_dicts/41448.dict.yaml	𢦸	can	0	𢦸
cn_dicts/41448.dict.yaml	𢧮	can	0	𢧮
cn_dicts/41448.dict.yaml	𢾃	can	0	𢾃
cn_dicts/41448.dict.yaml	𣦼	can	0	𣦼
cn_dicts/41448.dict.yaml	𣶡	can	0	𣶡
cn_dicts/41448.dict.yaml	𣻬	can	0	𣻬
cn_dicts/41448.dict.yaml	𤅒	can	0	𤅒
cn_dicts/41448.dict.yaml	𥂥	can	0	𥂥
cn_dicts/41448.dict.yaml	𥠩	can	0	𥠩
cn_dicts/41448.dict.yaml	𥢽	can	0	𥢽
cn_dicts/41448.dict.yaml	𥹛	can	0	𥹛
cn_dicts/41448.dict.yaml	𦪜	can	0	𦪜
cn_dicts/41448.dict.yaml	𦪫	can	0	𦪫
cn_dicts/41448.dict.yaml	𦺐	can	0	𦺐
cn_dicts/41448.dict.yaml	𧅀	can	0	𧅀
cn_dicts/41448.dict.yaml	𧓩	can	0	𧓩
cn_dicts/41448.dict.yaml	𨅔	can	0	𨅔
cn_dicts/41448.dict.yaml	𨞷	can	0	𨞷
cn_dicts/41448.dict.yaml	𨲱	can	0	𨲱
cn_dicts/41448.dict.yaml	𩀧	can	0	𩀧
cn_dicts/41448.dict.yaml	𩈻	can	0	𩈻
cn_dicts/41448.dict.yaml	𩈼	can	0	𩈼
cn_dicts/41448.dict.yaml	𩛳	can	0	𩛳
cn_dicts/41448.dict.yaml	𩝖	can	0	𩝖
cn_dicts/41448.dict.yaml	𩞀	can	0	𩞀
cn_dicts/41448.dict.yaml	𩟒	can	0	𩟒
cn_dicts/41448.dict.yaml	𩯞	can	0	𩯞
cn_dicts/41448.dict.yaml	𪆶	can	0	𪆶
cn_dicts/41448.dict.yaml	㵴	cang	0	㵴
cn_dicts/41448.dict.yaml	㶓	cang	0	㶓
cn_dicts/41448.dict.yaml	䅮	cang	0	䅮
cn_dicts/41448.dict.yaml	䢢	cang	0	䢢
cn_dicts/41448.dict.yaml	𠥐	cang	0	𠥐
cn_dicts/41448.dict.yaml	𡽴	cang	0	𡽴
cn_dicts/41448.dict.yaml	𡾻	cang	0	𡾻
cn_dicts/41448.dict.yaml	𡿄	cang	0	𡿄
cn_dicts/41448.dict.yaml	𤚬	cang	0	𤚬
cn_dicts/41448.dict.yaml	𦾝	cang	0	𦾝
cn_dicts/41448.dict.yaml	𨤃	cang	0	𨤃
cn_dicts/41448.dict.yaml	𩀞	cang	0	𩀞
cn_dicts/41448.dict.yaml	𩕹	cang	0	𩕹
cn_dicts/41448.dict.yaml	𩝞	cang	0	𩝞
cn_dicts/41448.dict.yaml	㜖	cao	0	㜖
cn_dicts/41448.dict.yaml	㯥	cao	0	㯥
cn_dicts/41448.dict.yaml	㽩	cao	0	㽩
cn_dicts/41448.dict.yaml	㿷	cao	0	㿷
cn_dicts/41448.dict.yaml	䄚	cao	0	䄚
cn_dicts/41448.dict.yaml	䎭	cao	0	䎭
cn_dicts/41448.dict.yaml	䏆	cao	0	䏆
cn_dicts/41448.dict.yaml	䐬	cao	0	䐬
cn_dicts/41448.dict.yaml	䒑	cao	0	䒑
cn_dicts/41448.dict.yaml	𠀊	cao	0	𠀊
cn_dicts/41448.dict.yaml	𠹊	cao	0	𠹊
cn_dicts/41448.dict.yaml	𡮦	cao	0	𡮦
cn_dicts/41448.dict.yaml	𣈅	cao	0	𣈅
cn_dicts/41448.dict.yaml	𣉿	cao	0	𣉿
cn_dicts/41448.dict.yaml	𤒕	cao	0	𤒕
cn_dicts/41448.dict.yaml	𤡐	cao	0	𤡐
cn_dicts/41448.dict.yaml	𤵥	cao	0	𤵥
cn_dicts/41448.dict.yaml	𥲍	cao	0	𥲍
cn_dicts/41448.dict.yaml	𦋿	cao	0	𦋿
cn_dicts/41448.dict.yaml	𨎝	cao	0	𨎝
cn_dicts/41448.dict.yaml	𩞄	cao	0	𩞄
cn_dicts/41448.dict.yaml	𩫥	cao	0	𩫥
cn_dicts/41448.dict.yaml	㥽	ce	0	㥽
cn_dicts/41448.dict.yaml	㨲	ce	0	㨲
cn_dicts/41448.dict.yaml	㩍	ce	0	㩍
cn_dicts/41448.dict.yaml	䇲	ce	0	䇲
cn_dicts/41448.dict.yaml	䈟	ce	0	䈟
cn_dicts/41448.dict.yaml	䊂	ce	0	䊂
cn_dicts/41448.dict.yaml	䔴	ce	0	䔴
cn_dicts/41448.dict.yaml	䜺	ce	0	䜺
cn_dicts/41448.dict.yaml	𡍫	ce	0	𡍫
cn_dicts/41448.dict.yaml	𢷾	ce	0	𢷾
cn_dicts/41448.dict.yaml	𢿸	ce	0	𢿸
cn_dicts/41448.dict.yaml	𣌧	ce	0	𣌧
cn_dicts/41448.dict.yaml	𥠉	ce	0	𥠉
cn_dicts/41448.dict.yaml	𥬰	ce	0	𥬰
cn_dicts/41448.dict.yaml	𥰡	ce	0	𥰡
cn_dicts/41448.dict.yaml	𥳯	ce	0	𥳯
cn_dicts/41448.dict.yaml	𦔎	ce	0	𦔎
cn_dicts/41448.dict.yaml	𦣧	ce	0	𦣧
cn_dicts/41448.dict.yaml	𦵪	ce	0	𦵪
cn_dicts/41448.dict.yaml	𧵡	ce	0	𧵡
cn_dicts/41448.dict.yaml	𨶨	ce	0	𨶨
cn_dicts/41448.dict.yaml	𩒄	ce	0	𩒄
cn_dicts/41448.dict.yaml	㞥	cen	0	㞥
cn_dicts/41448.dict.yaml	㻸	cen	0	㻸
cn_dicts/41448.dict.yaml	䃡	cen	0	䃡
cn_dicts/41448.dict.yaml	䅾	cen	0	䅾
cn_dicts/41448.dict.yaml	䤁	cen	0	䤁
cn_dicts/41448.dict.yaml	䨙	cen	0	䨙
cn_dicts/41448.dict.yaml	䫈	cen	0	䫈
cn_dicts/41448.dict.yaml	䯔	cen	0	䯔
cn_dicts/41448.dict.yaml	䲋	cen	0	䲋
cn_dicts/41448.dict.yaml	𣡎	cen	0	𣡎
cn_dicts/41448.dict.yaml	𦊃	cen	0	𦊃
cn_dicts/41448.dict.yaml	𨁊	cen	0	𨁊
cn_dicts/41448.dict.yaml	𨥣	cen	0	𨥣
cn_dicts/41448.dict.yaml	𨱼	cen	0	𨱼
cn_dicts/41448.dict.yaml	𩅨	cen	0	𩅨
cn_dicts/41448.dict.yaml	𩅮	cen	0	𩅮
cn_dicts/41448.dict.yaml	𩻛	cen	0	𩻛
cn_dicts/41448.dict.yaml	㣒	ceng	0	㣒
cn_dicts/41448.dict.yaml	㬝	ceng	0	㬝
cn_dicts/41448.dict.yaml	䁬	ceng	0	䁬
cn_dicts/41448.dict.yaml	䉕	ceng	0	䉕
cn_dicts/41448.dict.yaml	𠟂	ceng	0	𠟂
cn_dicts/41448.dict.yaml	𡃆	ceng	0	𡃆
cn_dicts/41448.dict.yaml	𡪠	ceng	0	𡪠
cn_dicts/41448.dict.yaml	𡾓	ceng	0	𡾓
cn_dicts/41448.dict.yaml	𢅋	ceng	0	𢅋
cn_dicts/41448.dict.yaml	𤛢	ceng	0	𤛢
cn_dicts/41448.dict.yaml	𦠇	ceng	0	𦠇
cn_dicts/41448.dict.yaml	𧲅	ceng	0	𧲅
cn_dicts/41448.dict.yaml	㛳	cha	0	㛳
cn_dicts/41448.dict.yaml	㛼	cha	0	㛼
cn_dicts/41448.dict.yaml	㢉	cha	0	㢉
cn_dicts/41448.dict.yaml	㢎	cha	0	㢎
cn_dicts/41448.dict.yaml	㢒	cha	0	㢒
cn_dicts/41448.dict.yaml	㣾	cha	0	㣾
cn_dicts/41448.dict.yaml	㤞	cha	0	㤞
cn_dicts/41448.dict.yaml	㪯	cha	0	㪯
cn_dicts/41448.dict.yaml	㫅	cha	0	㫅
cn_dicts/41448.dict.yaml	䁟	cha	0	䁟
cn_dicts/41448.dict.yaml	䆛	cha	0	䆛
cn_dicts/41448.dict.yaml	䊬	cha	0	䊬
cn_dicts/41448.dict.yaml	䑘	cha	0	䑘
cn_dicts/41448.dict.yaml	䒲	cha	0	䒲
cn_dicts/41448.dict.yaml	䓭	cha	0	䓭
cn_dicts/41448.dict.yaml	䕓	cha	0	䕓
cn_dicts/41448.dict.yaml	䟕	cha	0	䟕
cn_dicts/41448.dict.yaml	䡨	cha	0	䡨
cn_dicts/41448.dict.yaml	䤩	cha	0	䤩
cn_dicts/41448.dict.yaml	䰈	cha	0	䰈
cn_dicts/41448.dict.yaml	䲦	cha	0	䲦
cn_dicts/41448.dict.yaml	䶪	cha	0	䶪
cn_dicts/41448.dict.yaml	𠝞	cha	0	𠝞
cn_dicts/41448.dict.yaml	𠞊	cha	0	𠞊
cn_dicts/41448.dict.yaml	𠽹	cha	0	𠽹
cn_dicts/41448.dict.yaml	𡋨	cha	0	𡋨
cn_dicts/41448.dict.yaml	𡌚	cha	0	𡌚
cn_dicts/41448.dict.yaml	𡝐	cha	0	𡝐
cn_dicts/41448.dict.yaml	𡝙	cha	0	𡝙
cn_dicts/41448.dict.yaml	𡨀	cha	0	𡨀
cn_dicts/41448.dict.yaml	𡵌	cha	0	𡵌
cn_dicts/41448.dict.yaml	𢔣	cha	0	𢔣
cn_dicts/41448.dict.yaml	𢘹	cha	0	𢘹
cn_dicts/41448.dict.yaml	𢣼	cha	0	𢣼
cn_dicts/41448.dict.yaml	𢭅	cha	0	𢭅
cn_dicts/41448.dict.yaml	𣃍	cha	0	𣃍
cn_dicts/41448.dict.yaml	𣆗	cha	0	𣆗
cn_dicts/41448.dict.yaml	𣍏	cha	0	𣍏
cn_dicts/41448.dict.yaml	𣘤	cha	0	𣘤
cn_dicts/41448.dict.yaml	𣘻	cha	0	𣘻
cn_dicts/41448.dict.yaml	𣱱	cha	0	𣱱
cn_dicts/41448.dict.yaml	𤜫	cha	0	𤜫
cn_dicts/41448.dict.yaml	𤜯	cha	0	𤜯
cn_dicts/41448.dict.yaml	𤞠	cha	0	𤞠
cn_dicts/41448.dict.yaml	𤳅	cha	0	𤳅
cn_dicts/41448.dict.yaml	𤳵	cha	0	𤳵
cn_dicts/41448.dict.yaml	𤵾	cha	0	𤵾
cn_dicts/41448.dict.yaml	𤶠	cha	0	𤶠
cn_dicts/41448.dict.yaml	𥃀	cha	0	𥃀
cn_dicts/41448.dict.yaml	𥌀	cha	0	𥌀
cn_dicts/41448.dict.yaml	𥑥	cha	0	𥑥
cn_dicts/41448.dict.yaml	𥥸	cha	0	𥥸
cn_dicts/41448.dict.yaml	𥫢	cha	0	𥫢
cn_dicts/41448.dict.yaml	𦉆	cha	0	𦉆
cn_dicts/41448.dict.yaml	𦑈	cha	0	𦑈
cn_dicts/41448.dict.yaml	𦑣	cha	0	𦑣
cn_dicts/41448.dict.yaml	𦛝	cha	0	𦛝
cn_dicts/41448.dict.yaml	𦝥	cha	0	𦝥
cn_dicts/41448.dict.yaml	𦦘	cha	0	𦦘
cn_dicts/41448.dict.yaml	𦦜	cha	0	𦦜
cn_dicts/41448.dict.yaml	𦦱	cha	0	𦦱
cn_dicts/41448.dict.yaml	𦳘	cha	0	𦳘
cn_dicts/41448.dict.yaml	𧠈	cha	0	𧠈
cn_dicts/41448.dict.yaml	𧩫	cha	0	𧩫
cn_dicts/41448.dict.yaml	𧫗	cha	0	𧫗
cn_dicts/41448.dict.yaml	𧶵	cha	0	𧶵
cn_dicts/41448.dict.yaml	𨀸	cha	0	𨀸
cn_dicts/41448.dict.yaml	𨃓	cha	0	𨃓
cn_dicts/41448.dict.yaml	𨆇	cha	0	𨆇
cn_dicts/41448.dict.yaml	𨙳	cha	0	𨙳
cn_dicts/41448.dict.yaml	𨩨	cha	0	𨩨
cn_dicts/41448.dict.yaml	𨪺	cha	0	𨪺
cn_dicts/41448.dict.yaml	𨼑	cha	0	𨼑
cn_dicts/41448.dict.yaml	𩝟	cha	0	𩝟
cn_dicts/41448.dict.yaml	𩟔	cha	0	𩟔
cn_dicts/41448.dict.yaml	𩴳	cha	0	𩴳
cn_dicts/41448.dict.yaml	𪑂	cha	0	𪑂
cn_dicts/41448.dict.yaml	𪑨	cha	0	𪑨
cn_dicts/41448.dict.yaml	𪒼	cha	0	𪒼
cn_dicts/41448.dict.yaml	𪘾	cha	0	𪘾
cn_dicts/41448.dict.yaml	㑪	chai	0	㑪
cn_dicts/41448.dict.yaml	㳗	chai	0	㳗
cn_dicts/41448.dict.yaml	㼮	chai	0	㼮
cn_dicts/41448.dict.yaml	㾹	chai	0	㾹
cn_dicts/41448.dict.yaml	䓱	chai	0	䓱
cn_dicts/41448.dict.yaml	䘍	chai	0	䘍
cn_dicts/41448.dict.yaml	䡨	chai	0	䡨
cn_dicts/41448.dict.yaml	𠞊	chai	0	𠞊
cn_dicts/41448.dict.yaml	𡟭	chai	0	𡟭
cn_dicts/41448.dict.yaml	𡺵	chai	0	𡺵
cn_dicts/41448.dict.yaml	𢹓	chai	0	𢹓
cn_dicts/41448.dict.yaml	𤝔	chai	0	𤝔
cn_dicts/41448.dict.yaml	𤞗	chai	0	𤞗
cn_dicts/41448.dict.yaml	𤠌	chai	0	𤠌
cn_dicts/41448.dict.yaml	𥐟	chai	0	𥐟
cn_dicts/41448.dict.yaml	𦏱	chai	0	𦏱
cn_dicts/41448.dict.yaml	𦐰	chai	0	𦐰
cn_dicts/41448.dict.yaml	𦑏	chai	0	𦑏
cn_dicts/41448.dict.yaml	𧀱	chai	0	𧀱
cn_dicts/41448.dict.yaml	𧒨	chai	0	𧒨
cn_dicts/41448.dict.yaml	𧓽	chai	0	𧓽
cn_dicts/41448.dict.yaml	𧔴	chai	0	𧔴
cn_dicts/41448.dict.yaml	𧕧	chai	0	𧕧
cn_dicts/41448.dict.yaml	𧪘	chai	0	𧪘
cn_dicts/41448.dict.yaml	𧸿	chai	0	𧸿
cn_dicts/41448.dict.yaml	𨌅	chai	0	𨌅
cn_dicts/41448.dict.yaml	𩑐	chai	0	𩑐
cn_dicts/41448.dict.yaml	㙴	chan	0	㙴
cn_dicts/41448.dict.yaml	㙻	chan	0	㙻
cn_dicts/41448.dict.yaml	㚲	chan	0	㚲
cn_dicts/41448.dict.yaml	㢆	chan	0	㢆
cn_dicts/41448.dict.yaml	㢟	chan	0	㢟
cn_dicts/41448.dict.yaml	㦃	chan	0	㦃
cn_dicts/41448.dict.yaml	㬄	chan	0	㬄
cn_dicts/41448.dict.yaml	㯆	chan	0	㯆
cn_dicts/41448.dict.yaml	㵌	chan	0	㵌
cn_dicts/41448.dict.yaml	㶣	chan	0	㶣
cn_dicts/41448.dict.yaml	㸥	chan	0	㸥
cn_dicts/41448.dict.yaml	㹌	chan	0	㹌
cn_dicts/41448.dict.yaml	㹽	chan	0	㹽
cn_dicts/41448.dict.yaml	㺥	chan	0	㺥
cn_dicts/41448.dict.yaml	䀡	chan	0	䀡
cn_dicts/41448.dict.yaml	䂁	chan	0	䂁
cn_dicts/41448.dict.yaml	䊲	chan	0	䊲
cn_dicts/41448.dict.yaml	䐮	chan	0	䐮
cn_dicts/41448.dict.yaml	䑎	chan	0	䑎
cn_dicts/41448.dict.yaml	䜛	chan	0	䜛
cn_dicts/41448.dict.yaml	䠨	chan	0	䠨
cn_dicts/41448.dict.yaml	䡪	chan	0	䡪
cn_dicts/41448.dict.yaml	䡲	chan	0	䡲
cn_dicts/41448.dict.yaml	䣑	chan	0	䣑
cn_dicts/41448.dict.yaml	䤘	chan	0	䤘
cn_dicts/41448.dict.yaml	䤫	chan	0	䤫
cn_dicts/41448.dict.yaml	䥀	chan	0	䥀
cn_dicts/41448.dict.yaml	䧯	chan	0	䧯
cn_dicts/41448.dict.yaml	䩶	chan	0	䩶
cn_dicts/41448.dict.yaml	䪜	chan	0	䪜
cn_dicts/41448.dict.yaml	䱿	chan	0	䱿
cn_dicts/41448.dict.yaml	䳻	chan	0	䳻
cn_dicts/41448.dict.yaml	䴺	chan	0	䴺
cn_dicts/41448.dict.yaml	䴼	chan	0	䴼
cn_dicts/41448.dict.yaml	䵐	chan	0	䵐
cn_dicts/41448.dict.yaml	𠁷	chan	0	𠁷
cn_dicts/41448.dict.yaml	𠋷	chan	0	𠋷
cn_dicts/41448.dict.yaml	𠐩	chan	0	𠐩
cn_dicts/41448.dict.yaml	𠑆	chan	0	𠑆
cn_dicts/41448.dict.yaml	𠑑	chan	0	𠑑
cn_dicts/41448.dict.yaml	𠑡	chan	0	𠑡
cn_dicts/41448.dict.yaml	𠟉	chan	0	𠟉
cn_dicts/41448.dict.yaml	𠣄	chan	0	𠣄
cn_dicts/41448.dict.yaml	𠹖	chan	0	𠹖
cn_dicts/41448.dict.yaml	𡍌	chan	0	𡍌
cn_dicts/41448.dict.yaml	𡎻	chan	0	𡎻
cn_dicts/41448.dict.yaml	𡖞	chan	0	𡖞
cn_dicts/41448.dict.yaml	𡖤	chan	0	𡖤
cn_dicts/41448.dict.yaml	𡝫	chan	0	𡝫
cn_dicts/41448.dict.yaml	𡮿	chan	0	𡮿
cn_dicts/41448.dict.yaml	𢁧	chan	0	𢁧
cn_dicts/41448.dict.yaml	𢌚	chan	0	𢌚
cn_dicts/41448.dict.yaml	𢥋	chan	0	𢥋
cn_dicts/41448.dict.yaml	𢱟	chan	0	𢱟
cn_dicts/41448.dict.yaml	𢷹	chan	0	𢷹
cn_dicts/41448.dict.yaml	𢺟	chan	0	𢺟
cn_dicts/41448.dict.yaml	𢽝	chan	0	𢽝
cn_dicts/41448.dict.yaml	𣃘	chan	0	𣃘
cn_dicts/41448.dict.yaml	𣔵	chan	0	𣔵
cn_dicts/41448.dict.yaml	𣔻	chan	0	𣔻
cn_dicts/41448.dict.yaml	𣤱	chan	0	𣤱
cn_dicts/41448.dict.yaml	𤎥	chan	0	𤎥
cn_dicts/41448.dict.yaml	𤗻	chan	0	𤗻
cn_dicts/41448.dict.yaml	𤚍	chan	0	𤚍
cn_dicts/41448.dict.yaml	𤪮	chan	0	𤪮
cn_dicts/41448.dict.yaml	𤮭	chan	0	𤮭
cn_dicts/41448.dict.yaml	𤯥	chan	0	𤯥
cn_dicts/41448.dict.yaml	𤴿	chan	0	𤴿
cn_dicts/41448.dict.yaml	𤸦	chan	0	𤸦
cn_dicts/41448.dict.yaml	𤼋	chan	0	𤼋
cn_dicts/41448.dict.yaml	𥊓	chan	0	𥊓
cn_dicts/41448.dict.yaml	𥧑	chan	0	𥧑
cn_dicts/41448.dict.yaml	𥭔	chan	0	𥭔
cn_dicts/41448.dict.yaml	𦆀	chan	0	𦆀
cn_dicts/41448.dict.yaml	𦝟	chan	0	𦝟
cn_dicts/41448.dict.yaml	𦢙	chan	0	𦢙
cn_dicts/41448.dict.yaml	𦸰	chan	0	𦸰
cn_dicts/41448.dict.yaml	𧈪	chan	0	𧈪
cn_dicts/41448.dict.yaml	𧐲	chan	0	𧐲
cn_dicts/41448.dict.yaml	𧓋	chan	0	𧓋
cn_dicts/41448.dict.yaml	𧕃	chan	0	𧕃
cn_dicts/41448.dict.yaml	𧠛	chan	0	𧠛
cn_dicts/41448.dict.yaml	𧥓	chan	0	𧥓
cn_dicts/41448.dict.yaml	𧨗	chan	0	𧨗
cn_dicts/41448.dict.yaml	𧬦	chan	0	𧬦
cn_dicts/41448.dict.yaml	𧴃	chan	0	𧴃
cn_dicts/41448.dict.yaml	𧾍	chan	0	𧾍
cn_dicts/41448.dict.yaml	𧾡	chan	0	𧾡
cn_dicts/41448.dict.yaml	𨄉	chan	0	𨄉
cn_dicts/41448.dict.yaml	𨇝	chan	0	𨇝
cn_dicts/41448.dict.yaml	𨇦	chan	0	𨇦
cn_dicts/41448.dict.yaml	𨊝	chan	0	𨊝
cn_dicts/41448.dict.yaml	𨔢	chan	0	𨔢
cn_dicts/41448.dict.yaml	𨩪	chan	0	𨩪
cn_dicts/41448.dict.yaml	𨪑	chan	0	𨪑
cn_dicts/41448.dict.yaml	𨬖	chan	0	𨬖
cn_dicts/41448.dict.yaml	𨮻	chan	0	𨮻
cn_dicts/41448.dict.yaml	𨲵	chan	0	𨲵
cn_dicts/41448.dict.yaml	𨳂	chan	0	𨳂
cn_dicts/41448.dict.yaml	𨵍	chan	0	𨵍
cn_dicts/41448.dict.yaml	𨷭	chan	0	𨷭
cn_dicts/41448.dict.yaml	𨼒	chan	0	𨼒
cn_dicts/41448.dict.yaml	𨽊	chan	0	𨽊
cn_dicts/41448.dict.yaml	𩍲	chan	0	𩍲
cn_dicts/41448.dict.yaml	𩖌	chan	0	𩖌
cn_dicts/41448.dict.yaml	𩝚	chan	0	𩝚
cn_dicts/41448.dict.yaml	𩟶	chan	0	𩟶
cn_dicts/41448.dict.yaml	𩥮	chan	0	𩥮
cn_dicts/41448.dict.yaml	𩬑	chan	0	𩬑
cn_dicts/41448.dict.yaml	𩮏	chan	0	𩮏
cn_dicts/41448.dict.yaml	𩽝	chan	0	𩽝
cn_dicts/41448.dict.yaml	𪏁	chan	0	𪏁
cn_dicts/41448.dict.yaml	𪏂	chan	0	𪏂
cn_dicts/41448.dict.yaml	𪏋	chan	0	𪏋
cn_dicts/41448.dict.yaml	𪏦	chan	0	𪏦
cn_dicts/41448.dict.yaml	𪓄	chan	0	𪓄
cn_dicts/41448.dict.yaml	𪖎	chan	0	𪖎
cn_dicts/41448.dict.yaml	𪗂	chan	0	𪗂
cn_dicts/41448.dict.yaml	𪙞	chan	0	𪙞
cn_dicts/41448.dict.yaml	𪚃	chan	0	𪚃
cn_dicts/41448.dict.yaml	㙊	chang	0	㙊
cn_dicts/41448.dict.yaml	㦂	chang	0	㦂
cn_dicts/41448.dict.yaml	㫤	chang	0	㫤
cn_dicts/41448.dict.yaml	䕋	chang	0	䕋
cn_dicts/41448.dict.yaml	䗅	chang	0	䗅
cn_dicts/41448.dict.yaml	䠀	chang	0	䠀
cn_dicts/41448.dict.yaml	䠆	chang	0	䠆
cn_dicts/41448.dict.yaml	䩨	chang	0	䩨
cn_dicts/41448.dict.yaml	䮖	chang	0	䮖
cn_dicts/41448.dict.yaml	䯴	chang	0	䯴
cn_dicts/41448.dict.yaml	䱽	chang	0	䱽
cn_dicts/41448.dict.yaml	𠙁	chang	0	𠙁
cn_dicts/41448.dict.yaml	𠚊	chang	0	𠚊
cn_dicts/41448.dict.yaml	𡭿	chang	0	𡭿
cn_dicts/41448.dict.yaml	𢁝	chang	0	𢁝
cn_dicts/41448.dict.yaml	𢗺	chang	0	𢗺
cn_dicts/41448.dict.yaml	𢠵	chang	0	𢠵
cn_dicts/41448.dict.yaml	𢢌	chang	0	𢢌
cn_dicts/41448.dict.yaml	𤢄	chang	0	𤢄
cn_dicts/41448.dict.yaml	𤽣	chang	0	𤽣
cn_dicts/41448.dict.yaml	𤿼	chang	0	𤿼
cn_dicts/41448.dict.yaml	𥇔	chang	0	𥇔
cn_dicts/41448.dict.yaml	𥋤	chang	0	𥋤
cn_dicts/41448.dict.yaml	𥗊	chang	0	𥗊
cn_dicts/41448.dict.yaml	𥟚	chang	0	𥟚
cn_dicts/41448.dict.yaml	𥠴	chang	0	𥠴
cn_dicts/41448.dict.yaml	𥫅	chang	0	𥫅
cn_dicts/41448.dict.yaml	𦰱	chang	0	𦰱
cn_dicts/41448.dict.yaml	𦼳	chang	0	𦼳
cn_dicts/41448.dict.yaml	𧀄	chang	0	𧀄
cn_dicts/41448.dict.yaml	𨎖	chang	0	𨎖
cn_dicts/41448.dict.yaml	𨣛	chang	0	𨣛
cn_dicts/41448.dict.yaml	𨱮	chang	0	𨱮
cn_dicts/41448.dict.yaml	𨷇	chang	0	𨷇
cn_dicts/41448.dict.yaml	𩲹	chang	0	𩲹
cn_dicts/41448.dict.yaml	𩳤	chang	0	𩳤
cn_dicts/41448.dict.yaml	𪁺	chang	0	𪁺
cn_dicts/41448.dict.yaml	𪂇	chang	0	𪂇
cn_dicts/41448.dict.yaml	𪄹	chang	0	𪄹
cn_dicts/41448.dict.yaml	𪉨	chang	0	𪉨
cn_dicts/41448.dict.yaml	㶤	chao	0	㶤
cn_dicts/41448.dict.yaml	㷅	chao	0	㷅
cn_dicts/41448.dict.yaml	䄻	chao	0	䄻
cn_dicts/41448.dict.yaml	䎐	chao	0	䎐
cn_dicts/41448.dict.yaml	䏚	chao	0	䏚
cn_dicts/41448.dict.yaml	䬤	chao	0	䬤
cn_dicts/41448.dict.yaml	䰫	chao	0	䰫
cn_dicts/41448.dict.yaml	𠰉	chao	0	𠰉
cn_dicts/41448.dict.yaml	𡏮	chao	0	𡏮
cn_dicts/41448.dict.yaml	𡡊	chao	0	𡡊
cn_dicts/41448.dict.yaml	𡯴	chao	0	𡯴
cn_dicts/41448.dict.yaml	𡻝	chao	0	𡻝
cn_dicts/41448.dict.yaml	𡼼	chao	0	𡼼
cn_dicts/41448.dict.yaml	𢁾	chao	0	𢁾
cn_dicts/41448.dict.yaml	𣰩	chao	0	𣰩
cn_dicts/41448.dict.yaml	𤙴	chao	0	𤙴
cn_dicts/41448.dict.yaml	𤰬	chao	0	𤰬
cn_dicts/41448.dict.yaml	𥕘	chao	0	𥕘
cn_dicts/41448.dict.yaml	𥧇	chao	0	𥧇
cn_dicts/41448.dict.yaml	𥲀	chao	0	𥲀
cn_dicts/41448.dict.yaml	𥿷	chao	0	𥿷
cn_dicts/41448.dict.yaml	𦙧	chao	0	𦙧
cn_dicts/41448.dict.yaml	𦨖	chao	0	𦨖
cn_dicts/41448.dict.yaml	𦸛	chao	0	𦸛
cn_dicts/41448.dict.yaml	𦾱	chao	0	𦾱
cn_dicts/41448.dict.yaml	𧧠	chao	0	𧧠
cn_dicts/41448.dict.yaml	𨄓	chao	0	𨄓
cn_dicts/41448.dict.yaml	𨌬	chao	0	𨌬
cn_dicts/41448.dict.yaml	𨗡	chao	0	𨗡
cn_dicts/41448.dict.yaml	𨢪	chao	0	𨢪
cn_dicts/41448.dict.yaml	𨨚	chao	0	𨨚
cn_dicts/41448.dict.yaml	𨴡	chao	0	𨴡
cn_dicts/41448.dict.yaml	𩈎	chao	0	𩈎
cn_dicts/41448.dict.yaml	𩖥	chao	0	𩖥
cn_dicts/41448.dict.yaml	𩱈	chao	0	𩱈
cn_dicts/41448.dict.yaml	𩱦	chao	0	𩱦
cn_dicts/41448.dict.yaml	𪌬	chao	0	𪌬
cn_dicts/41448.dict.yaml	𪍇	chao	0	𪍇
cn_dicts/41448.dict.yaml	𪍈	chao	0	𪍈
cn_dicts/41448.dict.yaml	𪍑	chao	0	𪍑
cn_dicts/41448.dict.yaml	𪎊	chao	0	𪎊
cn_dicts/41448.dict.yaml	㒤	che	0	㒤
cn_dicts/41448.dict.yaml	㔭	che	0	㔭
cn_dicts/41448.dict.yaml	㥉	che	0	㥉
cn_dicts/41448.dict.yaml	㨋	che	0	㨋
cn_dicts/41448.dict.yaml	㯙	che	0	㯙
cn_dicts/41448.dict.yaml	㱌	che	0	㱌
cn_dicts/41448.dict.yaml	㵔	che	0	㵔
cn_dicts/41448.dict.yaml	㾝	che	0	㾝
cn_dicts/41448.dict.yaml	㿭	che	0	㿭
cn_dicts/41448.dict.yaml	䁤	che	0	䁤
cn_dicts/41448.dict.yaml	䋲	che	0	䋲
cn_dicts/41448.dict.yaml	䑲	che	0	䑲
cn_dicts/41448.dict.yaml	䒆	che	0	䒆
cn_dicts/41448.dict.yaml	䚢	che	0	䚢
cn_dicts/41448.dict.yaml	䛸	che	0	䛸
cn_dicts/41448.dict.yaml	䜠	che	0	䜠
cn_dicts/41448.dict.yaml	䞣	che	0	䞣
cn_dicts/41448.dict.yaml	䤁	che	0	䤁
cn_dicts/41448.dict.yaml	䧪	che	0	䧪
cn_dicts/41448.dict.yaml	䨁	che	0	䨁
cn_dicts/41448.dict.yaml	䰩	che	0	䰩
cn_dicts/41448.dict.yaml	𡷖	che	0	𡷖
cn_dicts/41448.dict.yaml	𢇛	che	0	𢇛
cn_dicts/41448.dict.yaml	𢊏	che	0	𢊏
cn_dicts/41448.dict.yaml	𢛁	che	0	𢛁
cn_dicts/41448.dict.yaml	𣨊	che	0	𣨊
cn_dicts/41448.dict.yaml	𤊿	che	0	𤊿
cn_dicts/41448.dict.yaml	𤕛	che	0	𤕛
cn_dicts/41448.dict.yaml	𤖷	che	0	𤖷
cn_dicts/41448.dict.yaml	𤗙	che	0	𤗙
cn_dicts/41448.dict.yaml	𤥭	che	0	𤥭
cn_dicts/41448.dict.yaml	𤹞	che	0	𤹞
cn_dicts/41448.dict.yaml	𥯥	che	0	𥯥
cn_dicts/41448.dict.yaml	𥿊	che	0	𥿊
cn_dicts/41448.dict.yaml	𦈈	che	0	𦈈
cn_dicts/41448.dict.yaml	𦓍	che	0	𦓍
cn_dicts/41448.dict.yaml	𦛖	che	0	𦛖
cn_dicts/41448.dict.yaml	𧙝	che	0	𧙝
cn_dicts/41448.dict.yaml	𧼳	che	0	𧼳
cn_dicts/41448.dict.yaml	𨀠	che	0	𨀠
cn_dicts/41448.dict.yaml	𨅊	che	0	𨅊
cn_dicts/41448.dict.yaml	𨹡	che	0	𨹡
cn_dicts/41448.dict.yaml	𩂻	che	0	𩂻
cn_dicts/41448.dict.yaml	𩎚	che	0	𩎚
cn_dicts/41448.dict.yaml	𩒷	che	0	𩒷
cn_dicts/41448.dict.yaml	𩗙	che	0	𩗙
cn_dicts/41448.dict.yaml	𩴟	che	0	𩴟
cn_dicts/41448.dict.yaml	𪎺	che	0	𪎺
cn_dicts/41448.dict.yaml	㕴	chen	0	㕴
cn_dicts/41448.dict.yaml	㧱	chen	0	㧱
cn_dicts/41448.dict.yaml	㫳	chen	0	㫳
cn_dicts/41448.dict.yaml	㲀	chen	0	㲀
cn_dicts/41448.dict.yaml	㴴	chen	0	㴴
cn_dicts/41448.dict.yaml	㽸	chen	0	㽸
cn_dicts/41448.dict.yaml	䆣	chen	0	䆣
cn_dicts/41448.dict.yaml	䐜	chen	0	䐜
cn_dicts/41448.dict.yaml	䑣	chen	0	䑣
cn_dicts/41448.dict.yaml	䒞	chen	0	䒞
cn_dicts/41448.dict.yaml	䗞	chen	0	䗞
cn_dicts/41448.dict.yaml	䚘	chen	0	䚘
cn_dicts/41448.dict.yaml	䜟	chen	0	䜟
cn_dicts/41448.dict.yaml	䞋	chen	0	䞋
cn_dicts/41448.dict.yaml	䟢	chen	0	䟢
cn_dicts/41448.dict.yaml	䢅	chen	0	䢅
cn_dicts/41448.dict.yaml	䢈	chen	0	䢈
cn_dicts/41448.dict.yaml	䢻	chen	0	䢻
cn_dicts/41448.dict.yaml	䣅	chen	0	䣅
cn_dicts/41448.dict.yaml	䤟	chen	0	䤟
cn_dicts/41448.dict.yaml	䫖	chen	0	䫖
cn_dicts/41448.dict.yaml	𡫁	chen	0	𡫁
cn_dicts/41448.dict.yaml	𢆺	chen	0	𢆺
cn_dicts/41448.dict.yaml	𢎕	chen	0	𢎕
cn_dicts/41448.dict.yaml	𣀍	chen	0	𣀍
cn_dicts/41448.dict.yaml	𣞟	chen	0	𣞟
cn_dicts/41448.dict.yaml	𤘣	chen	0	𤘣
cn_dicts/41448.dict.yaml	𤝚	chen	0	𤝚
cn_dicts/41448.dict.yaml	𤟸	chen	0	𤟸
cn_dicts/41448.dict.yaml	𤡳	chen	0	𤡳
cn_dicts/41448.dict.yaml	𤹛	chen	0	𤹛
cn_dicts/41448.dict.yaml	𥉜	chen	0	𥉜
cn_dicts/41448.dict.yaml	𥔪	chen	0	𥔪
cn_dicts/41448.dict.yaml	𥗒	chen	0	𥗒
cn_dicts/41448.dict.yaml	𥞁	chen	0	𥞁
cn_dicts/41448.dict.yaml	𥫹	chen	0	𥫹
cn_dicts/41448.dict.yaml	𦁄	chen	0	𦁄
cn_dicts/41448.dict.yaml	𦁟	chen	0	𦁟
cn_dicts/41448.dict.yaml	𧆂	chen	0	𧆂
cn_dicts/41448.dict.yaml	𧡬	chen	0	𧡬
cn_dicts/41448.dict.yaml	𧨡	chen	0	𧨡
cn_dicts/41448.dict.yaml	𧭼	chen	0	𧭼
cn_dicts/41448.dict.yaml	𧿒	chen	0	𧿒
cn_dicts/41448.dict.yaml	𨑌	chen	0	𨑌
cn_dicts/41448.dict.yaml	𨣔	chen	0	𨣔
cn_dicts/41448.dict.yaml	𨻖	chen	0	𨻖
cn_dicts/41448.dict.yaml	𨼌	chen	0	𨼌
cn_dicts/41448.dict.yaml	𨼐	chen	0	𨼐
cn_dicts/41448.dict.yaml	𨼤	chen	0	𨼤
cn_dicts/41448.dict.yaml	𩂉	chen	0	𩂉
cn_dicts/41448.dict.yaml	𩅌	chen	0	𩅌
cn_dicts/41448.dict.yaml	𩇖	chen	0	𩇖
cn_dicts/41448.dict.yaml	𩞀	chen	0	𩞀
cn_dicts/41448.dict.yaml	𪁏	chen	0	𪁏
cn_dicts/41448.dict.yaml	𪁧	chen	0	𪁧
cn_dicts/41448.dict.yaml	𪕁	chen	0	𪕁
cn_dicts/41448.dict.yaml	㐼	cheng	0	㐼
cn_dicts/41448.dict.yaml	㛵	cheng	0	㛵
cn_dicts/41448.dict.yaml	㞼	cheng	0	㞼
cn_dicts/41448.dict.yaml	㨃	cheng	0	㨃
cn_dicts/41448.dict.yaml	㲂	cheng	0	㲂
cn_dicts/41448.dict.yaml	㼩	cheng	0	㼩
cn_dicts/41448.dict.yaml	䀕	cheng	0	䀕
cn_dicts/41448.dict.yaml	䁎	cheng	0	䁎
cn_dicts/41448.dict.yaml	䁤	cheng	0	䁤
cn_dicts/41448.dict.yaml	䄇	cheng	0	䄇
cn_dicts/41448.dict.yaml	䆑	cheng	0	䆑
cn_dicts/41448.dict.yaml	䆵	cheng	0	䆵
cn_dicts/41448.dict.yaml	䆸	cheng	0	䆸
cn_dicts/41448.dict.yaml	䇸	cheng	0	䇸
cn_dicts/41448.dict.yaml	䔲	cheng	0	䔲
cn_dicts/41448.dict.yaml	䗊	cheng	0	䗊
cn_dicts/41448.dict.yaml	䚘	cheng	0	䚘
cn_dicts/41448.dict.yaml	䞓	cheng	0	䞓
cn_dicts/41448.dict.yaml	䧕	cheng	0	䧕
cn_dicts/41448.dict.yaml	䩶	cheng	0	䩶
cn_dicts/41448.dict.yaml	䫆	cheng	0	䫆
cn_dicts/41448.dict.yaml	䮪	cheng	0	䮪
cn_dicts/41448.dict.yaml	𠏧	cheng	0	𠏧
cn_dicts/41448.dict.yaml	𠓷	cheng	0	𠓷
cn_dicts/41448.dict.yaml	𠕠	cheng	0	𠕠
cn_dicts/41448.dict.yaml	𠳽	cheng	0	𠳽
cn_dicts/41448.dict.yaml	𡝚	cheng	0	𡝚
cn_dicts/41448.dict.yaml	𡤿	cheng	0	𡤿
cn_dicts/41448.dict.yaml	𡽊	cheng	0	𡽊
cn_dicts/41448.dict.yaml	𢐞	cheng	0	𢐞
cn_dicts/41448.dict.yaml	𢔤	cheng	0	𢔤
cn_dicts/41448.dict.yaml	𢜻	cheng	0	𢜻
cn_dicts/41448.dict.yaml	𢜼	cheng	0	𢜼
cn_dicts/41448.dict.yaml	𢟊	cheng	0	𢟊
cn_dicts/41448.dict.yaml	𢻓	cheng	0	𢻓
cn_dicts/41448.dict.yaml	𢾊	cheng	0	𢾊
cn_dicts/41448.dict.yaml	𢿦	cheng	0	𢿦
cn_dicts/41448.dict.yaml	𢿧	cheng	0	𢿧
cn_dicts/41448.dict.yaml	𣀏	cheng	0	𣀏
cn_dicts/41448.dict.yaml	𣥺	cheng	0	𣥺
cn_dicts/41448.dict.yaml	𣥻	cheng	0	𣥻
cn_dicts/41448.dict.yaml	𤆁	cheng	0	𤆁
cn_dicts/41448.dict.yaml	𤕀	cheng	0	𤕀
cn_dicts/41448.dict.yaml	𤗓	cheng	0	𤗓
cn_dicts/41448.dict.yaml	𤿣	cheng	0	𤿣
cn_dicts/41448.dict.yaml	𥢲	cheng	0	𥢲
cn_dicts/41448.dict.yaml	𥥱	cheng	0	𥥱
cn_dicts/41448.dict.yaml	𦓬	cheng	0	𦓬
cn_dicts/41448.dict.yaml	𦦢	cheng	0	𦦢
cn_dicts/41448.dict.yaml	𧡈	cheng	0	𧡈
cn_dicts/41448.dict.yaml	𧯒	cheng	0	𧯒
cn_dicts/41448.dict.yaml	𧶔	cheng	0	𧶔
cn_dicts/41448.dict.yaml	𧶸	cheng	0	𧶸
cn_dicts/41448.dict.yaml	𧷒	cheng	0	𧷒
cn_dicts/41448.dict.yaml	𨁎	cheng	0	𨁎
cn_dicts/41448.dict.yaml	𨅝	cheng	0	𨅝
cn_dicts/41448.dict.yaml	𨋬	cheng	0	𨋬
cn_dicts/41448.dict.yaml	𨌤	cheng	0	𨌤
cn_dicts/41448.dict.yaml	𨎋	cheng	0	𨎋
cn_dicts/41448.dict.yaml	𨞐	cheng	0	𨞐
cn_dicts/41448.dict.yaml	𨭃	cheng	0	𨭃
cn_dicts/41448.dict.yaml	𨹚	cheng	0	𨹚
cn_dicts/41448.dict.yaml	𩁷	cheng	0	𩁷
cn_dicts/41448.dict.yaml	𩇜	cheng	0	𩇜
cn_dicts/41448.dict.yaml	𩙆	cheng	0	𩙆
cn_dicts/41448.dict.yaml	𩛦	cheng	0	𩛦
cn_dicts/41448.dict.yaml	𩞦	cheng	0	𩞦
cn_dicts/41448.dict.yaml	𩤙	cheng	0	𩤙
cn_dicts/41448.dict.yaml	𩫹	cheng	0	𩫹
cn_dicts/41448.dict.yaml	𩯎	cheng	0	𩯎
cn_dicts/41448.dict.yaml	𪁋	cheng	0	𪁋
cn_dicts/41448.dict.yaml	㑜	chi	0	㑜
cn_dicts/41448.dict.yaml	㒆	chi	0	㒆
cn_dicts/41448.dict.yaml	㓼	chi	0	㓼
cn_dicts/41448.dict.yaml	㓾	chi	0	㓾
cn_dicts/41448.dict.yaml	㔑	chi	0	㔑
cn_dicts/41448.dict.yaml	㔭	chi	0	㔭
cn_dicts/41448.dict.yaml	㘜	chi	0	㘜
cn_dicts/41448.dict.yaml	㙜	chi	0	㙜
cn_dicts/41448.dict.yaml	㞴	chi	0	㞴
cn_dicts/41448.dict.yaml	㞿	chi	0	㞿
cn_dicts/41448.dict.yaml	㟂	chi	0	㟂
cn_dicts/41448.dict.yaml	㡿	chi	0	㡿
cn_dicts/41448.dict.yaml	㢁	chi	0	㢁
cn_dicts/41448.dict.yaml	㢋	chi	0	㢋
cn_dicts/41448.dict.yaml	㢮	chi	0	㢮
cn_dicts/41448.dict.yaml	㥉	chi	0	㥉
cn_dicts/41448.dict.yaml	㮛	chi	0	㮛
cn_dicts/41448.dict.yaml	㱀	chi	0	㱀
cn_dicts/41448.dict.yaml	㳏	chi	0	㳏
cn_dicts/41448.dict.yaml	㶴	chi	0	㶴
cn_dicts/41448.dict.yaml	㺈	chi	0	㺈
cn_dicts/41448.dict.yaml	㽚	chi	0	㽚
cn_dicts/41448.dict.yaml	䇪	chi	0	䇪
cn_dicts/41448.dict.yaml	䇼	chi	0	䇼
cn_dicts/41448.dict.yaml	䈕	chi	0	䈕
cn_dicts/41448.dict.yaml	䊼	chi	0	䊼
cn_dicts/41448.dict.yaml	䐤	chi	0	䐤
cn_dicts/41448.dict.yaml	䑛	chi	0	䑛
cn_dicts/41448.dict.yaml	䔟	chi	0	䔟
cn_dicts/41448.dict.yaml	䙙	chi	0	䙙
cn_dicts/41448.dict.yaml	䛂	chi	0	䛂
cn_dicts/41448.dict.yaml	䜄	chi	0	䜄
cn_dicts/41448.dict.yaml	䜵	chi	0	䜵
cn_dicts/41448.dict.yaml	䜻	chi	0	䜻
cn_dicts/41448.dict.yaml	䞾	chi	0	䞾
cn_dicts/41448.dict.yaml	䟷	chi	0	䟷
cn_dicts/41448.dict.yaml	䠠	chi	0	䠠
cn_dicts/41448.dict.yaml	䤲	chi	0	䤲
cn_dicts/41448.dict.yaml	䧝	chi	0	䧝
cn_dicts/41448.dict.yaml	䪧	chi	0	䪧
cn_dicts/41448.dict.yaml	䮈	chi	0	䮈
cn_dicts/41448.dict.yaml	䮻	chi	0	䮻
cn_dicts/41448.dict.yaml	䰡	chi	0	䰡
cn_dicts/41448.dict.yaml	䰩	chi	0	䰩
cn_dicts/41448.dict.yaml	䳵	chi	0	䳵
cn_dicts/41448.dict.yaml	䶔	chi	0	䶔
cn_dicts/41448.dict.yaml	䶵	chi	0	䶵
cn_dicts/41448.dict.yaml	𠛔	chi	0	𠛔
cn_dicts/41448.dict.yaml	𠝨	chi	0	𠝨
cn_dicts/41448.dict.yaml	𠞄	chi	0	𠞄
cn_dicts/41448.dict.yaml	𠞩	chi	0	𠞩
cn_dicts/41448.dict.yaml	𠧚	chi	0	𠧚
cn_dicts/41448.dict.yaml	𠧵	chi	0	𠧵
cn_dicts/41448.dict.yaml	𠩺	chi	0	𠩺
cn_dicts/41448.dict.yaml	𠭋	chi	0	𠭋
cn_dicts/41448.dict.yaml	𠮟	chi	0	𠮟
cn_dicts/41448.dict.yaml	𠻟	chi	0	𠻟
cn_dicts/41448.dict.yaml	𡂙	chi	0	𡂙
cn_dicts/41448.dict.yaml	𡉪	chi	0	𡉪
cn_dicts/41448.dict.yaml	𡌞	chi	0	𡌞
cn_dicts/41448.dict.yaml	𡎍	chi	0	𡎍
cn_dicts/41448.dict.yaml	𡖳	chi	0	𡖳
cn_dicts/41448.dict.yaml	𡚨	chi	0	𡚨
cn_dicts/41448.dict.yaml	𡣀	chi	0	𡣀
cn_dicts/41448.dict.yaml	𡳭	chi	0	𡳭
cn_dicts/41448.dict.yaml	𡼁	chi	0	𡼁
cn_dicts/41448.dict.yaml	𢂝	chi	0	𢂝
cn_dicts/41448.dict.yaml	𢇕	chi	0	𢇕
cn_dicts/41448.dict.yaml	𢇛	chi	0	𢇛
cn_dicts/41448.dict.yaml	𢓎	chi	0	𢓎
cn_dicts/41448.dict.yaml	𢔊	chi	0	𢔊
cn_dicts/41448.dict.yaml	𢜳	chi	0	𢜳
cn_dicts/41448.dict.yaml	𢣕	chi	0	𢣕
cn_dicts/41448.dict.yaml	𢨒	chi	0	𢨒
cn_dicts/41448.dict.yaml	𢱟	chi	0	𢱟
cn_dicts/41448.dict.yaml	𢴨	chi	0	𢴨
cn_dicts/41448.dict.yaml	𣆚	chi	0	𣆚
cn_dicts/41448.dict.yaml	𣉄	chi	0	𣉄
cn_dicts/41448.dict.yaml	𣐃	chi	0	𣐃
cn_dicts/41448.dict.yaml	𣙰	chi	0	𣙰
cn_dicts/41448.dict.yaml	𣚩	chi	0	𣚩
cn_dicts/41448.dict.yaml	𣣷	chi	0	𣣷
cn_dicts/41448.dict.yaml	𣤌	chi	0	𣤌
cn_dicts/41448.dict.yaml	𣤩	chi	0	𣤩
cn_dicts/41448.dict.yaml	𣲋	chi	0	𣲋
cn_dicts/41448.dict.yaml	𣲑	chi	0	𣲑
cn_dicts/41448.dict.yaml	𣹡	chi	0	𣹡
cn_dicts/41448.dict.yaml	𤆍	chi	0	𤆍
cn_dicts/41448.dict.yaml	𤈔	chi	0	𤈔
cn_dicts/41448.dict.yaml	𤟆	chi	0	𤟆
cn_dicts/41448.dict.yaml	𤡏	chi	0	𤡏
cn_dicts/41448.dict.yaml	𤡢	chi	0	𤡢
cn_dicts/41448.dict.yaml	𤰠	chi	0	𤰠
cn_dicts/41448.dict.yaml	𤵬	chi	0	𤵬
cn_dicts/41448.dict.yaml	𤸪	chi	0	𤸪
cn_dicts/41448.dict.yaml	𥄇	chi	0	𥄇
cn_dicts/41448.dict.yaml	𥚚	chi	0	𥚚
cn_dicts/41448.dict.yaml	𥛚	chi	0	𥛚
cn_dicts/41448.dict.yaml	𥭘	chi	0	𥭘
cn_dicts/41448.dict.yaml	𥱻	chi	0	𥱻
cn_dicts/41448.dict.yaml	𦂋	chi	0	𦂋
cn_dicts/41448.dict.yaml	𦆤	chi	0	𦆤
cn_dicts/41448.dict.yaml	𦇲	chi	0	𦇲
cn_dicts/41448.dict.yaml	𦎚	chi	0	𦎚
cn_dicts/41448.dict.yaml	𦏸	chi	0	𦏸
cn_dicts/41448.dict.yaml	𦏿	chi	0	𦏿
cn_dicts/41448.dict.yaml	𦐁	chi	0	𦐁
cn_dicts/41448.dict.yaml	𦐉	chi	0	𦐉
cn_dicts/41448.dict.yaml	𦑡	chi	0	𦑡
cn_dicts/41448.dict.yaml	𦔫	chi	0	𦔫
cn_dicts/41448.dict.yaml	𦘪	chi	0	𦘪
cn_dicts/41448.dict.yaml	𦙆	chi	0	𦙆
cn_dicts/41448.dict.yaml	𦞲	chi	0	𦞲
cn_dicts/41448.dict.yaml	𦤸	chi	0	𦤸
cn_dicts/41448.dict.yaml	𦥊	chi	0	𦥊
cn_dicts/41448.dict.yaml	𦱰	chi	0	𦱰
cn_dicts/41448.dict.yaml	𦳚	chi	0	𦳚
cn_dicts/41448.dict.yaml	𦵟	chi	0	𦵟
cn_dicts/41448.dict.yaml	𧀤	chi	0	𧀤
cn_dicts/41448.dict.yaml	𧉀	chi	0	𧉀
cn_dicts/41448.dict.yaml	𧋗	chi	0	𧋗
cn_dicts/41448.dict.yaml	𧎨	chi	0	𧎨
cn_dicts/41448.dict.yaml	𧛧	chi	0	𧛧
cn_dicts/41448.dict.yaml	𧛺	chi	0	𧛺
cn_dicts/41448.dict.yaml	𧠫	chi	0	𧠫
cn_dicts/41448.dict.yaml	𧤍	chi	0	𧤍
cn_dicts/41448.dict.yaml	𧩚	chi	0	𧩚
cn_dicts/41448.dict.yaml	𧩴	chi	0	𧩴
cn_dicts/41448.dict.yaml	𧩼	chi	0	𧩼
cn_dicts/41448.dict.yaml	𧪡	chi	0	𧪡
cn_dicts/41448.dict.yaml	𧭟	chi	0	𧭟
cn_dicts/41448.dict.yaml	𧰲	chi	0	𧰲
cn_dicts/41448.dict.yaml	𧴁	chi	0	𧴁
cn_dicts/41448.dict.yaml	𧺏	chi	0	𧺏
cn_dicts/41448.dict.yaml	𧺠	chi	0	𧺠
cn_dicts/41448.dict.yaml	𧺧	chi	0	𧺧
cn_dicts/41448.dict.yaml	𧺿	chi	0	𧺿
cn_dicts/41448.dict.yaml	𧼪	chi	0	𧼪
cn_dicts/41448.dict.yaml	𨂰	chi	0	𨂰
cn_dicts/41448.dict.yaml	𨑠	chi	0	𨑠
cn_dicts/41448.dict.yaml	𨒬	chi	0	𨒬
cn_dicts/41448.dict.yaml	𨔤	chi	0	𨔤
cn_dicts/41448.dict.yaml	𨖎	chi	0	𨖎
cn_dicts/41448.dict.yaml	𨘾	chi	0	𨘾
cn_dicts/41448.dict.yaml	𨧳	chi	0	𨧳
cn_dicts/41448.dict.yaml	𨨬	chi	0	𨨬
cn_dicts/41448.dict.yaml	𨨲	chi	0	𨨲
cn_dicts/41448.dict.yaml	𨾛	chi	0	𨾛
cn_dicts/41448.dict.yaml	𩈕	chi	0	𩈕
cn_dicts/41448.dict.yaml	𩉬	chi	0	𩉬
cn_dicts/41448.dict.yaml	𩒐	chi	0	𩒐
cn_dicts/41448.dict.yaml	𩚉	chi	0	𩚉
cn_dicts/41448.dict.yaml	𩤖	chi	0	𩤖
cn_dicts/41448.dict.yaml	𩥲	chi	0	𩥲
cn_dicts/41448.dict.yaml	𩳲	chi	0	𩳲
cn_dicts/41448.dict.yaml	𩶅	chi	0	𩶅
cn_dicts/41448.dict.yaml	𩷧	chi	0	𩷧
cn_dicts/41448.dict.yaml	𩾕	chi	0	𩾕
cn_dicts/41448.dict.yaml	𩿪	chi	0	𩿪
cn_dicts/41448.dict.yaml	𪀦	chi	0	𪀦
cn_dicts/41448.dict.yaml	𪅍	chi	0	𪅍
cn_dicts/41448.dict.yaml	𪅙	chi	0	𪅙
cn_dicts/41448.dict.yaml	𪆵	chi	0	𪆵
cn_dicts/41448.dict.yaml	𪉗	chi	0	𪉗
cn_dicts/41448.dict.yaml	𪌫	chi	0	𪌫
cn_dicts/41448.dict.yaml	𪌹	chi	0	𪌹
cn_dicts/41448.dict.yaml	𪏐	chi	0	𪏐
cn_dicts/41448.dict.yaml	𪏸	chi	0	𪏸
cn_dicts/41448.dict.yaml	㓼	chong	0	㓼
cn_dicts/41448.dict.yaml	㓽	chong	0	㓽
cn_dicts/41448.dict.yaml	㧤	chong	0	㧤
cn_dicts/41448.dict.yaml	㹐	chong	0	㹐
cn_dicts/41448.dict.yaml	䌬	chong	0	䌬
cn_dicts/41448.dict.yaml	䖝	chong	0	䖝
cn_dicts/41448.dict.yaml	䡴	chong	0	䡴
cn_dicts/41448.dict.yaml	䳯	chong	0	䳯
cn_dicts/41448.dict.yaml	𠑙	chong	0	𠑙
cn_dicts/41448.dict.yaml	𠖥	chong	0	𠖥
cn_dicts/41448.dict.yaml	𠝤	chong	0	𠝤
cn_dicts/41448.dict.yaml	𠟍	chong	0	𠟍
cn_dicts/41448.dict.yaml	𡿂	chong	0	𡿂
cn_dicts/41448.dict.yaml	𢖄	chong	0	𢖄
cn_dicts/41448.dict.yaml	𢛒	chong	0	𢛒
cn_dicts/41448.dict.yaml	𢝈	chong	0	𢝈
cn_dicts/41448.dict.yaml	𢡹	chong	0	𢡹
cn_dicts/41448.dict.yaml	𢥞	chong	0	𢥞
cn_dicts/41448.dict.yaml	𣐯	chong	0	𣐯
cn_dicts/41448.dict.yaml	𣑁	chong	0	𣑁
cn_dicts/41448.dict.yaml	𥁵	chong	0	𥁵
cn_dicts/41448.dict.yaml	𥅻	chong	0	𥅻
cn_dicts/41448.dict.yaml	𥫯	chong	0	𥫯
cn_dicts/41448.dict.yaml	𥬱	chong	0	𥬱
cn_dicts/41448.dict.yaml	𥭥	chong	0	𥭥
cn_dicts/41448.dict.yaml	𦑝	chong	0	𦑝
cn_dicts/41448.dict.yaml	𦟛	chong	0	𦟛
cn_dicts/41448.dict.yaml	𧐍	chong	0	𧐍
cn_dicts/41448.dict.yaml	𧘂	chong	0	𧘂
cn_dicts/41448.dict.yaml	𧝎	chong	0	𧝎
cn_dicts/41448.dict.yaml	𧩃	chong	0	𧩃
cn_dicts/41448.dict.yaml	𧼙	chong	0	𧼙
cn_dicts/41448.dict.yaml	𧼩	chong	0	𧼩
cn_dicts/41448.dict.yaml	𨈮	chong	0	𨈮
cn_dicts/41448.dict.yaml	𨖼	chong	0	𨖼
cn_dicts/41448.dict.yaml	𨛱	chong	0	𨛱
cn_dicts/41448.dict.yaml	𨤩	chong	0	𨤩
cn_dicts/41448.dict.yaml	𨳁	chong	0	𨳁
cn_dicts/41448.dict.yaml	𨿿	chong	0	𨿿
cn_dicts/41448.dict.yaml	𩅃	chong	0	𩅃
cn_dicts/41448.dict.yaml	𩅞	chong	0	𩅞
cn_dicts/41448.dict.yaml	𩌨	chong	0	𩌨
cn_dicts/41448.dict.yaml	𩒘	chong	0	𩒘
cn_dicts/41448.dict.yaml	𩜖	chong	0	𩜖
cn_dicts/41448.dict.yaml	𩞉	chong	0	𩞉
cn_dicts/41448.dict.yaml	𩞋	chong	0	𩞋
cn_dicts/41448.dict.yaml	𩥫	chong	0	𩥫
cn_dicts/41448.dict.yaml	𩩳	chong	0	𩩳
cn_dicts/41448.dict.yaml	𩰀	chong	0	𩰀
cn_dicts/41448.dict.yaml	𪄻	chong	0	𪄻
cn_dicts/41448.dict.yaml	𪅈	chong	0	𪅈
cn_dicts/41448.dict.yaml	𪅖	chong	0	𪅖
cn_dicts/41448.dict.yaml	𪎽	chong	0	𪎽
cn_dicts/41448.dict.yaml	𪒒	chong	0	𪒒
cn_dicts/41448.dict.yaml	㐜	chou	0	㐜
cn_dicts/41448.dict.yaml	㘜	chou	0	㘜
cn_dicts/41448.dict.yaml	㛶	chou	0	㛶
cn_dicts/41448.dict.yaml	㤽	chou	0	㤽
cn_dicts/41448.dict.yaml	㦞	chou	0	㦞
cn_dicts/41448.dict.yaml	㨶	chou	0	㨶
cn_dicts/41448.dict.yaml	㵞	chou	0	㵞
cn_dicts/41448.dict.yaml	㿧	chou	0	㿧
cn_dicts/41448.dict.yaml	䀺	chou	0	䀺
cn_dicts/41448.dict.yaml	䇺	chou	0	䇺
cn_dicts/41448.dict.yaml	䊭	chou	0	䊭
cn_dicts/41448.dict.yaml	䌧	chou	0	䌧
cn_dicts/41448.dict.yaml	䌷	chou	0	䌷
cn_dicts/41448.dict.yaml	䓓	chou	0	䓓
cn_dicts/41448.dict.yaml	䔏	chou	0	䔏
cn_dicts/41448.dict.yaml	䪮	chou	0	䪮
cn_dicts/41448.dict.yaml	䲖	chou	0	䲖
cn_dicts/41448.dict.yaml	𠌪	chou	0	𠌪
cn_dicts/41448.dict.yaml	𠜋	chou	0	𠜋
cn_dicts/41448.dict.yaml	𠝽	chou	0	𠝽
cn_dicts/41448.dict.yaml	𠷎	chou	0	𠷎
cn_dicts/41448.dict.yaml	𠹝	chou	0	𠹝
cn_dicts/41448.dict.yaml	𠼡	chou	0	𠼡
cn_dicts/41448.dict.yaml	𠾉	chou	0	𠾉
cn_dicts/41448.dict.yaml	𡕐	chou	0	𡕐
cn_dicts/41448.dict.yaml	𡕪	chou	0	𡕪
cn_dicts/41448.dict.yaml	𢣊	chou	0	𢣊
cn_dicts/41448.dict.yaml	𢭆	chou	0	𢭆
cn_dicts/41448.dict.yaml	𣀓	chou	0	𣀓
cn_dicts/41448.dict.yaml	𣕾	chou	0	𣕾
cn_dicts/41448.dict.yaml	𣪐	chou	0	𣪐
cn_dicts/41448.dict.yaml	𣫐	chou	0	𣫐
cn_dicts/41448.dict.yaml	𤘶	chou	0	𤘶
cn_dicts/41448.dict.yaml	𤳝	chou	0	𤳝
cn_dicts/41448.dict.yaml	𤳠	chou	0	𤳠
cn_dicts/41448.dict.yaml	𤾊	chou	0	𤾊
cn_dicts/41448.dict.yaml	𤾦	chou	0	𤾦
cn_dicts/41448.dict.yaml	𥃧	chou	0	𥃧
cn_dicts/41448.dict.yaml	𥏈	chou	0	𥏈
cn_dicts/41448.dict.yaml	𥡀	chou	0	𥡀
cn_dicts/41448.dict.yaml	𥦅	chou	0	𥦅
cn_dicts/41448.dict.yaml	𥰞	chou	0	𥰞
cn_dicts/41448.dict.yaml	𥲅	chou	0	𥲅
cn_dicts/41448.dict.yaml	𥵬	chou	0	𥵬
cn_dicts/41448.dict.yaml	𥺣	chou	0	𥺣
cn_dicts/41448.dict.yaml	𥻤	chou	0	𥻤
cn_dicts/41448.dict.yaml	𦡴	chou	0	𦡴
cn_dicts/41448.dict.yaml	𦭸	chou	0	𦭸
cn_dicts/41448.dict.yaml	𧃝	chou	0	𧃝
cn_dicts/41448.dict.yaml	𧮻	chou	0	𧮻
cn_dicts/41448.dict.yaml	𨀔	chou	0	𨀔
cn_dicts/41448.dict.yaml	𨁀	chou	0	𨁀
cn_dicts/41448.dict.yaml	𨖬	chou	0	𨖬
cn_dicts/41448.dict.yaml	𨞪	chou	0	𨞪
cn_dicts/41448.dict.yaml	𨡑	chou	0	𨡑
cn_dicts/41448.dict.yaml	𨡲	chou	0	𨡲
cn_dicts/41448.dict.yaml	𨤷	chou	0	𨤷
cn_dicts/41448.dict.yaml	𩋄	chou	0	𩋄
cn_dicts/41448.dict.yaml	𩌄	chou	0	𩌄
cn_dicts/41448.dict.yaml	𩽀	chou	0	𩽀
cn_dicts/41448.dict.yaml	𪇘	chou	0	𪇘
cn_dicts/41448.dict.yaml	㔘	chu	0	㔘
cn_dicts/41448.dict.yaml	㕏	chu	0	㕏
cn_dicts/41448.dict.yaml	㕑	chu	0	㕑
cn_dicts/41448.dict.yaml	㗙	chu	0	㗙
cn_dicts/41448.dict.yaml	㗰	chu	0	㗰
cn_dicts/41448.dict.yaml	㘜	chu	0	㘜
cn_dicts/41448.dict.yaml	㙇	chu	0	㙇
cn_dicts/41448.dict.yaml	㜗	chu	0	㜗
cn_dicts/41448.dict.yaml	㡡	chu	0	㡡
cn_dicts/41448.dict.yaml	㤕	chu	0	㤕
cn_dicts/41448.dict.yaml	㤘	chu	0	㤘
cn_dicts/41448.dict.yaml	㯉	chu	0	㯉
cn_dicts/41448.dict.yaml	㶆	chu	0	㶆
cn_dicts/41448.dict.yaml	㹼	chu	0	㹼
cn_dicts/41448.dict.yaml	㼥	chu	0	㼥
cn_dicts/41448.dict.yaml	䅳	chu	0	䅳
cn_dicts/41448.dict.yaml	䊰	chu	0	䊰
cn_dicts/41448.dict.yaml	䎝	chu	0	䎝
cn_dicts/41448.dict.yaml	䎤	chu	0	䎤
cn_dicts/41448.dict.yaml	䖏	chu	0	䖏
cn_dicts/41448.dict.yaml	䙕	chu	0	䙕
cn_dicts/41448.dict.yaml	䙘	chu	0	䙘
cn_dicts/41448.dict.yaml	䜴	chu	0	䜴
cn_dicts/41448.dict.yaml	䟞	chu	0	䟞
cn_dicts/41448.dict.yaml	䟣	chu	0	䟣
cn_dicts/41448.dict.yaml	䠂	chu	0	䠂
cn_dicts/41448.dict.yaml	䠧	chu	0	䠧
cn_dicts/41448.dict.yaml	䦌	chu	0	䦌
cn_dicts/41448.dict.yaml	䧁	chu	0	䧁
cn_dicts/41448.dict.yaml	䮞	chu	0	䮞
cn_dicts/41448.dict.yaml	𠁉	chu	0	𠁉
cn_dicts/41448.dict.yaml	𠇘	chu	0	𠇘
cn_dicts/41448.dict.yaml	𠧖	chu	0	𠧖
cn_dicts/41448.dict.yaml	𠰕	chu	0	𠰕
cn_dicts/41448.dict.yaml	𠿝	chu	0	𠿝
cn_dicts/41448.dict.yaml	𡐌	chu	0	𡐌
cn_dicts/41448.dict.yaml	𡝈	chu	0	𡝈
cn_dicts/41448.dict.yaml	𡳑	chu	0	𡳑
cn_dicts/41448.dict.yaml	𢅥	chu	0	𢅥
cn_dicts/41448.dict.yaml	𢊍	chu	0	𢊍
cn_dicts/41448.dict.yaml	𢒔	chu	0	𢒔
cn_dicts/41448.dict.yaml	𢕓	chu	0	𢕓
cn_dicts/41448.dict.yaml	𢣿	chu	0	𢣿
cn_dicts/41448.dict.yaml	𢨫	chu	0	𢨫
cn_dicts/41448.dict.yaml	𣢶	chu	0	𣢶
cn_dicts/41448.dict.yaml	𣥹	chu	0	𣥹
cn_dicts/41448.dict.yaml	𣦠	chu	0	𣦠
cn_dicts/41448.dict.yaml	𣦡	chu	0	𣦡
cn_dicts/41448.dict.yaml	𤏱	chu	0	𤏱
cn_dicts/41448.dict.yaml	𤙟	chu	0	𤙟
cn_dicts/41448.dict.yaml	𤝞	chu	0	𤝞
cn_dicts/41448.dict.yaml	𤻇	chu	0	𤻇
cn_dicts/41448.dict.yaml	𥁯	chu	0	𥁯
cn_dicts/41448.dict.yaml	𥒭	chu	0	𥒭
cn_dicts/41448.dict.yaml	𥹵	chu	0	𥹵
cn_dicts/41448.dict.yaml	𦷝	chu	0	𦷝
cn_dicts/41448.dict.yaml	𦺵	chu	0	𦺵
cn_dicts/41448.dict.yaml	𦿀	chu	0	𦿀
cn_dicts/41448.dict.yaml	𧃏	chu	0	𧃏
cn_dicts/41448.dict.yaml	𧎷	chu	0	𧎷
cn_dicts/41448.dict.yaml	𧢶	chu	0	𧢶
cn_dicts/41448.dict.yaml	𧯩	chu	0	𧯩
cn_dicts/41448.dict.yaml	𧰫	chu	0	𧰫
cn_dicts/41448.dict.yaml	𧲰	chu	0	𧲰
cn_dicts/41448.dict.yaml	𧺶	chu	0	𧺶
cn_dicts/41448.dict.yaml	𧽧	chu	0	𧽧
cn_dicts/41448.dict.yaml	𨁿	chu	0	𨁿
cn_dicts/41448.dict.yaml	𨃕	chu	0	𨃕
cn_dicts/41448.dict.yaml	𨅒	chu	0	𨅒
cn_dicts/41448.dict.yaml	𨕢	chu	0	𨕢
cn_dicts/41448.dict.yaml	𨞕	chu	0	𨞕
cn_dicts/41448.dict.yaml	𨴰	chu	0	𨴰
cn_dicts/41448.dict.yaml	𨼪	chu	0	𨼪
cn_dicts/41448.dict.yaml	𩂫	chu	0	𩂫
cn_dicts/41448.dict.yaml	𩈤	chu	0	𩈤
cn_dicts/41448.dict.yaml	𩙙	chu	0	𩙙
cn_dicts/41448.dict.yaml	𩨸	chu	0	𩨸
cn_dicts/41448.dict.yaml	𩹱	chu	0	𩹱
cn_dicts/41448.dict.yaml	𪀩	chu	0	𪀩
cn_dicts/41448.dict.yaml	𪁲	chu	0	𪁲
cn_dicts/41448.dict.yaml	𪆷	chu	0	𪆷
cn_dicts/41448.dict.yaml	𪇆	chu	0	𪇆
cn_dicts/41448.dict.yaml	𪓐	chu	0	𪓐
cn_dicts/41448.dict.yaml	䫄	chua	0	䫄
cn_dicts/41448.dict.yaml	䵵	chua	0	䵵
cn_dicts/41448.dict.yaml	𠹐	chua	0	𠹐
cn_dicts/41448.dict.yaml	𠻦	chua	0	𠻦
cn_dicts/41448.dict.yaml	𣛕	chua	0	𣛕
cn_dicts/41448.dict.yaml	𣹶	chua	0	𣹶
cn_dicts/41448.dict.yaml	𤁫	chua	0	𤁫
cn_dicts/41448.dict.yaml	㪓	chuai	0	㪓
cn_dicts/41448.dict.yaml	㪜	chuai	0	㪜
cn_dicts/41448.dict.yaml	㱀	chuai	0	㱀
cn_dicts/41448.dict.yaml	䦟	chuai	0	䦟
cn_dicts/41448.dict.yaml	䦤	chuai	0	䦤
cn_dicts/41448.dict.yaml	䦷	chuai	0	䦷
cn_dicts/41448.dict.yaml	䴝	chuai	0	䴝
cn_dicts/41448.dict.yaml	𠽶	chuai	0	𠽶
cn_dicts/41448.dict.yaml	𢲽	chuai	0	𢲽
cn_dicts/41448.dict.yaml	𢶀	chuai	0	𢶀
cn_dicts/41448.dict.yaml	𣛹	chuai	0	𣛹
cn_dicts/41448.dict.yaml	𣤌	chuai	0	𣤌
cn_dicts/41448.dict.yaml	𣲂	chuai	0	𣲂
cn_dicts/41448.dict.yaml	𧍒	chuai	0	𧍒
cn_dicts/41448.dict.yaml	𨣅	chuai	0	𨣅
cn_dicts/41448.dict.yaml	㯌	chuan	0	㯌
cn_dicts/41448.dict.yaml	㱛	chuan	0	㱛
cn_dicts/41448.dict.yaml	㼷	chuan	0	㼷
cn_dicts/41448.dict.yaml	䁣	chuan	0	䁣
cn_dicts/41448.dict.yaml	𠛖	chuan	0	𠛖
cn_dicts/41448.dict.yaml	𠯀	chuan	0	𠯀
cn_dicts/41448.dict.yaml	𠾮	chuan	0	𠾮
cn_dicts/41448.dict.yaml	𣀔	chuan	0	𣀔
cn_dicts/41448.dict.yaml	𣛹	chuan	0	𣛹
cn_dicts/41448.dict.yaml	𣧒	chuan	0	𣧒
cn_dicts/41448.dict.yaml	𤜼	chuan	0	𤜼
cn_dicts/41448.dict.yaml	𤮍	chuan	0	𤮍
cn_dicts/41448.dict.yaml	𤰌	chuan	0	𤰌
cn_dicts/41448.dict.yaml	𤶱	chuan	0	𤶱
cn_dicts/41448.dict.yaml	𥃹	chuan	0	𥃹
cn_dicts/41448.dict.yaml	𥬫	chuan	0	𥬫
cn_dicts/41448.dict.yaml	𥲏	chuan	0	𥲏
cn_dicts/41448.dict.yaml	𦎇	chuan	0	𦎇
cn_dicts/41448.dict.yaml	𦎜	chuan	0	𦎜
cn_dicts/41448.dict.yaml	𦺛	chuan	0	𦺛
cn_dicts/41448.dict.yaml	𧍒	chuan	0	𧍒
cn_dicts/41448.dict.yaml	𧑝	chuan	0	𧑝
cn_dicts/41448.dict.yaml	𨂦	chuan	0	𨂦
cn_dicts/41448.dict.yaml	𨔡	chuan	0	𨔡
cn_dicts/41448.dict.yaml	𨘼	chuan	0	𨘼
cn_dicts/41448.dict.yaml	𨩴	chuan	0	𨩴
cn_dicts/41448.dict.yaml	𩂍	chuan	0	𩂍
cn_dicts/41448.dict.yaml	㡖	chuang	0	㡖
cn_dicts/41448.dict.yaml	㵂	chuang	0	㵂
cn_dicts/41448.dict.yaml	㼽	chuang	0	㼽
cn_dicts/41448.dict.yaml	䃥	chuang	0	䃥
cn_dicts/41448.dict.yaml	䇬	chuang	0	䇬
cn_dicts/41448.dict.yaml	䎫	chuang	0	䎫
cn_dicts/41448.dict.yaml	䚒	chuang	0	䚒
cn_dicts/41448.dict.yaml	䡴	chuang	0	䡴
cn_dicts/41448.dict.yaml	䭚	chuang	0	䭚
cn_dicts/41448.dict.yaml	𠏨	chuang	0	𠏨
cn_dicts/41448.dict.yaml	𠞮	chuang	0	𠞮
cn_dicts/41448.dict.yaml	𠳹	chuang	0	𠳹
cn_dicts/41448.dict.yaml	𡆪	chuang	0	𡆪
cn_dicts/41448.dict.yaml	𡻯	chuang	0	𡻯
cn_dicts/41448.dict.yaml	𣃘	chuang	0	𣃘
cn_dicts/41448.dict.yaml	𥈄	chuang	0	𥈄
cn_dicts/41448.dict.yaml	𥎒	chuang	0	𥎒
cn_dicts/41448.dict.yaml	𥡟	chuang	0	𥡟
cn_dicts/41448.dict.yaml	𥲡	chuang	0	𥲡
cn_dicts/41448.dict.yaml	𦔛	chuang	0	𦔛
cn_dicts/41448.dict.yaml	𧜧	chuang	0	𧜧
cn_dicts/41448.dict.yaml	𧝎	chuang	0	𧝎
cn_dicts/41448.dict.yaml	𧢆	chuang	0	𧢆
cn_dicts/41448.dict.yaml	𧬧	chuang	0	𧬧
cn_dicts/41448.dict.yaml	𨜾	chuang	0	𨜾
cn_dicts/41448.dict.yaml	𨧖	chuang	0	𨧖
cn_dicts/41448.dict.yaml	𩃕	chuang	0	𩃕
cn_dicts/41448.dict.yaml	𩞆	chuang	0	𩞆
cn_dicts/41448.dict.yaml	𩪘	chuang	0	𩪘
cn_dicts/41448.dict.yaml	𪁱	chuang	0	𪁱
cn_dicts/41448.dict.yaml	㓃	chui	0	㓃
cn_dicts/41448.dict.yaml	㝽	chui	0	㝽
cn_dicts/41448.dict.yaml	㥨	chui	0	㥨
cn_dicts/41448.dict.yaml	㩾	chui	0	㩾
cn_dicts/41448.dict.yaml	䄲	chui	0	䄲
cn_dicts/41448.dict.yaml	䍋	chui	0	䍋
cn_dicts/41448.dict.yaml	䕓	chui	0	䕓
cn_dicts/41448.dict.yaml	䞼	chui	0	䞼
cn_dicts/41448.dict.yaml	䳠	chui	0	䳠
cn_dicts/41448.dict.yaml	𠄒	chui	0	𠄒
cn_dicts/41448.dict.yaml	𡍮	chui	0	𡍮
cn_dicts/41448.dict.yaml	𢏒	chui	0	𢏒
cn_dicts/41448.dict.yaml	𣇦	chui	0	𣇦
cn_dicts/41448.dict.yaml	𣟈	chui	0	𣟈
cn_dicts/41448.dict.yaml	𤙵	chui	0	𤙵
cn_dicts/41448.dict.yaml	𥙋	chui	0	𥙋
cn_dicts/41448.dict.yaml	𥞃	chui	0	𥞃
cn_dicts/41448.dict.yaml	𦉈	chui	0	𦉈
cn_dicts/41448.dict.yaml	𩌝	chui	0	𩌝
cn_dicts/41448.dict.yaml	𩗰	chui	0	𩗰
cn_dicts/41448.dict.yaml	𩭦	chui	0	𩭦
cn_dicts/41448.dict.yaml	㖺	chun	0	㖺
cn_dicts/41448.dict.yaml	㝄	chun	0	㝄
cn_dicts/41448.dict.yaml	㝇	chun	0	㝇
cn_dicts/41448.dict.yaml	㵮	chun	0	㵮
cn_dicts/41448.dict.yaml	㸪	chun	0	㸪
cn_dicts/41448.dict.yaml	㿤	chun	0	㿤
cn_dicts/41448.dict.yaml	䄝	chun	0	䄝
cn_dicts/41448.dict.yaml	䏛	chun	0	䏛
cn_dicts/41448.dict.yaml	䏝	chun	0	䏝
cn_dicts/41448.dict.yaml	䏰	chun	0	䏰
cn_dicts/41448.dict.yaml	䐇	chun	0	䐇
cn_dicts/41448.dict.yaml	䐏	chun	0	䐏
cn_dicts/41448.dict.yaml	䓐	chun	0	䓐
cn_dicts/41448.dict.yaml	䔚	chun	0	䔚
cn_dicts/41448.dict.yaml	䞐	chun	0	䞐
cn_dicts/41448.dict.yaml	䡅	chun	0	䡅
cn_dicts/41448.dict.yaml	䣨	chun	0	䣨
cn_dicts/41448.dict.yaml	䣩	chun	0	䣩
cn_dicts/41448.dict.yaml	䥎	chun	0	䥎
cn_dicts/41448.dict.yaml	䦮	chun	0	䦮
cn_dicts/41448.dict.yaml	䫃	chun	0	䫃
cn_dicts/41448.dict.yaml	䮞	chun	0	䮞
cn_dicts/41448.dict.yaml	𠵧	chun	0	𠵧
cn_dicts/41448.dict.yaml	𠸸	chun	0	𠸸
cn_dicts/41448.dict.yaml	𡉐	chun	0	𡉐
cn_dicts/41448.dict.yaml	𡗥	chun	0	𡗥
cn_dicts/41448.dict.yaml	𢾎	chun	0	𢾎
cn_dicts/41448.dict.yaml	𣌚	chun	0	𣌚
cn_dicts/41448.dict.yaml	𣌠	chun	0	𣌠
cn_dicts/41448.dict.yaml	𣘣	chun	0	𣘣
cn_dicts/41448.dict.yaml	𣚆	chun	0	𣚆
cn_dicts/41448.dict.yaml	𣮢	chun	0	𣮢
cn_dicts/41448.dict.yaml	𤘛	chun	0	𤘛
cn_dicts/41448.dict.yaml	𤪪	chun	0	𤪪
cn_dicts/41448.dict.yaml	𦎧	chun	0	𦎧
cn_dicts/41448.dict.yaml	𦚧	chun	0	𦚧
cn_dicts/41448.dict.yaml	𧇶	chun	0	𧇶
cn_dicts/41448.dict.yaml	𨉩	chun	0	𨉩
cn_dicts/41448.dict.yaml	𨌁	chun	0	𨌁
cn_dicts/41448.dict.yaml	𪂹	chun	0	𪂹
cn_dicts/41448.dict.yaml	㚟	chuo	0	㚟
cn_dicts/41448.dict.yaml	㲋	chuo	0	㲋
cn_dicts/41448.dict.yaml	䂐	chuo	0	䂐
cn_dicts/41448.dict.yaml	䃗	chuo	0	䃗
cn_dicts/41448.dict.yaml	䄪	chuo	0	䄪
cn_dicts/41448.dict.yaml	䆯	chuo	0	䆯
cn_dicts/41448.dict.yaml	䇍	chuo	0	䇍
cn_dicts/41448.dict.yaml	䋘	chuo	0	䋘
cn_dicts/41448.dict.yaml	䍳	chuo	0	䍳
cn_dicts/41448.dict.yaml	䓎	chuo	0	䓎
cn_dicts/41448.dict.yaml	䮕	chuo	0	䮕
cn_dicts/41448.dict.yaml	𠽶	chuo	0	𠽶
cn_dicts/41448.dict.yaml	𡁇	chuo	0	𡁇
cn_dicts/41448.dict.yaml	𢽸	chuo	0	𢽸
cn_dicts/41448.dict.yaml	𢿭	chuo	0	𢿭
cn_dicts/41448.dict.yaml	𣀔	chuo	0	𣀔
cn_dicts/41448.dict.yaml	𣤌	chuo	0	𣤌
cn_dicts/41448.dict.yaml	𣬋	chuo	0	𣬋
cn_dicts/41448.dict.yaml	𤿫	chuo	0	𤿫
cn_dicts/41448.dict.yaml	𥁯	chuo	0	𥁯
cn_dicts/41448.dict.yaml	𥓑	chuo	0	𥓑
cn_dicts/41448.dict.yaml	𦁶	chuo	0	𦁶
cn_dicts/41448.dict.yaml	𧣺	chuo	0	𧣺
cn_dicts/41448.dict.yaml	𨆬	chuo	0	𨆬
cn_dicts/41448.dict.yaml	𨒢	chuo	0	𨒢
cn_dicts/41448.dict.yaml	𨮸	chuo	0	𨮸
cn_dicts/41448.dict.yaml	𨰆	chuo	0	𨰆
cn_dicts/41448.dict.yaml	𩟫	chuo	0	𩟫
cn_dicts/41448.dict.yaml	𩩟	chuo	0	𩩟
cn_dicts/41448.dict.yaml	𪘛	chuo	0	𪘛
cn_dicts/41448.dict.yaml	㓨	ci	0	㓨
cn_dicts/41448.dict.yaml	㘂	ci	0	㘂
cn_dicts/41448.dict.yaml	㘹	ci	0	㘹
cn_dicts/41448.dict.yaml	㞖	ci	0	㞖
cn_dicts/41448.dict.yaml	㠿	ci	0	㠿
cn_dicts/41448.dict.yaml	㡹	ci	0	㡹
cn_dicts/41448.dict.yaml	㢀	ci	0	㢀
cn_dicts/41448.dict.yaml	㤵	ci	0	㤵
cn_dicts/41448.dict.yaml	㩞	ci	0	㩞
cn_dicts/41448.dict.yaml	㹂	ci	0	㹂
cn_dicts/41448.dict.yaml	䂣	ci	0	䂣
cn_dicts/41448.dict.yaml	䆅	ci	0	䆅
cn_dicts/41448.dict.yaml	䈘	ci	0	䈘
cn_dicts/41448.dict.yaml	䓧	ci	0	䓧
cn_dicts/41448.dict.yaml	䖪	ci	0	䖪
cn_dicts/41448.dict.yaml	䗹	ci	0	䗹
cn_dicts/41448.dict.yaml	䛐	ci	0	䛐
cn_dicts/41448.dict.yaml	䦻	ci	0	䦻
cn_dicts/41448.dict.yaml	䧳	ci	0	䧳
cn_dicts/41448.dict.yaml	䨏	ci	0	䨏
cn_dicts/41448.dict.yaml	䭣	ci	0	䭣
cn_dicts/41448.dict.yaml	䯸	ci	0	䯸
cn_dicts/41448.dict.yaml	䰍	ci	0	䰍
cn_dicts/41448.dict.yaml	䲿	ci	0	䲿
cn_dicts/41448.dict.yaml	䳄	ci	0	䳄
cn_dicts/41448.dict.yaml	䳐	ci	0	䳐
cn_dicts/41448.dict.yaml	𠤫	ci	0	𠤫
cn_dicts/41448.dict.yaml	𠦐	ci	0	𠦐
cn_dicts/41448.dict.yaml	𠩆	ci	0	𠩆
cn_dicts/41448.dict.yaml	𠯂	ci	0	𠯂
cn_dicts/41448.dict.yaml	𡃸	ci	0	𡃸
cn_dicts/41448.dict.yaml	𡥎	ci	0	𡥎
cn_dicts/41448.dict.yaml	𡰾	ci	0	𡰾
cn_dicts/41448.dict.yaml	𢅜	ci	0	𢅜
cn_dicts/41448.dict.yaml	𢓗	ci	0	𢓗
cn_dicts/41448.dict.yaml	𢫴	ci	0	𢫴
cn_dicts/41448.dict.yaml	𢶴	ci	0	𢶴
cn_dicts/41448.dict.yaml	𣐑	ci	0	𣐑
cn_dicts/41448.dict.yaml	𣙼	ci	0	𣙼
cn_dicts/41448.dict.yaml	𣜁	ci	0	𣜁
cn_dicts/41448.dict.yaml	𣢕	ci	0	𣢕
cn_dicts/41448.dict.yaml	𤴼	ci	0	𤴼
cn_dicts/41448.dict.yaml	𥰭	ci	0	𥰭
cn_dicts/41448.dict.yaml	𥴺	ci	0	𥴺
cn_dicts/41448.dict.yaml	𥿆	ci	0	𥿆
cn_dicts/41448.dict.yaml	𥿴	ci	0	𥿴
cn_dicts/41448.dict.yaml	𦍧	ci	0	𦍧
cn_dicts/41448.dict.yaml	𦐨	ci	0	𦐨
cn_dicts/41448.dict.yaml	𦐾	ci	0	𦐾
cn_dicts/41448.dict.yaml	𦑺	ci	0	𦑺
cn_dicts/41448.dict.yaml	𦒁	ci	0	𦒁
cn_dicts/41448.dict.yaml	𦖝	ci	0	𦖝
cn_dicts/41448.dict.yaml	𦼡	ci	0	𦼡
cn_dicts/41448.dict.yaml	𧊒	ci	0	𧊒
cn_dicts/41448.dict.yaml	𧌐	ci	0	𧌐
cn_dicts/41448.dict.yaml	𧑖	ci	0	𧑖
cn_dicts/41448.dict.yaml	𧙈	ci	0	𧙈
cn_dicts/41448.dict.yaml	𧠎	ci	0	𧠎
cn_dicts/41448.dict.yaml	𧠥	ci	0	𧠥
cn_dicts/41448.dict.yaml	𧧒	ci	0	𧧒
cn_dicts/41448.dict.yaml	𧺼	ci	0	𧺼
cn_dicts/41448.dict.yaml	𨋰	ci	0	𨋰
cn_dicts/41448.dict.yaml	𨐕	ci	0	𨐕
cn_dicts/41448.dict.yaml	𨒤	ci	0	𨒤
cn_dicts/41448.dict.yaml	𨒮	ci	0	𨒮
cn_dicts/41448.dict.yaml	𨠐	ci	0	𨠐
cn_dicts/41448.dict.yaml	𨲁	ci	0	𨲁
cn_dicts/41448.dict.yaml	𨾅	ci	0	𨾅
cn_dicts/41448.dict.yaml	𩆂	ci	0	𩆂
cn_dicts/41448.dict.yaml	𩉋	ci	0	𩉋
cn_dicts/41448.dict.yaml	𩝐	ci	0	𩝐
cn_dicts/41448.dict.yaml	𩢑	ci	0	𩢑
cn_dicts/41448.dict.yaml	𩨨	ci	0	𩨨
cn_dicts/41448.dict.yaml	𩾔	ci	0	𩾔
cn_dicts/41448.dict.yaml	𪉪	ci	0	𪉪
cn_dicts/41448.dict.yaml	𪑟	ci	0	𪑟
cn_dicts/41448.dict.yaml	𪘲	ci	0	𪘲
cn_dicts/41448.dict.yaml	愡	cong	0	愡
cn_dicts/41448.dict.yaml	㗰	cong	0	㗰
cn_dicts/41448.dict.yaml	㼻	cong	0	㼻
cn_dicts/41448.dict.yaml	䉘	cong	0	䉘
cn_dicts/41448.dict.yaml	䕺	cong	0	䕺
cn_dicts/41448.dict.yaml	䳷	cong	0	䳷
cn_dicts/41448.dict.yaml	𠂥	cong	0	𠂥
cn_dicts/41448.dict.yaml	𠕁	cong	0	𠕁
cn_dicts/41448.dict.yaml	𠙂	cong	0	𠙂
cn_dicts/41448.dict.yaml	𠢛	cong	0	𠢛
cn_dicts/41448.dict.yaml	𠤰	cong	0	𠤰
cn_dicts/41448.dict.yaml	𡅇	cong	0	𡅇
cn_dicts/41448.dict.yaml	𡟟	cong	0	𡟟
cn_dicts/41448.dict.yaml	𡦷	cong	0	𡦷
cn_dicts/41448.dict.yaml	𡵷	cong	0	𡵷
cn_dicts/41448.dict.yaml	𡹸	cong	0	𡹸
cn_dicts/41448.dict.yaml	𢃏	cong	0	𢃏
cn_dicts/41448.dict.yaml	𢊕	cong	0	𢊕
cn_dicts/41448.dict.yaml	𢐔	cong	0	𢐔
cn_dicts/41448.dict.yaml	𢔩	cong	0	𢔩
cn_dicts/41448.dict.yaml	𣃗	cong	0	𣃗
cn_dicts/41448.dict.yaml	𣊷	cong	0	𣊷
cn_dicts/41448.dict.yaml	𤄓	cong	0	𤄓
cn_dicts/41448.dict.yaml	𥍷	cong	0	𥍷
cn_dicts/41448.dict.yaml	𥎋	cong	0	𥎋
cn_dicts/41448.dict.yaml	𥡬	cong	0	𥡬
cn_dicts/41448.dict.yaml	𥣙	cong	0	𥣙
cn_dicts/41448.dict.yaml	𥮨	cong	0	𥮨
cn_dicts/41448.dict.yaml	𥵫	cong	0	𥵫
cn_dicts/41448.dict.yaml	𦇎	cong	0	𦇎
cn_dicts/41448.dict.yaml	𦇱	cong	0	𦇱
cn_dicts/41448.dict.yaml	𦗜	cong	0	𦗜
cn_dicts/41448.dict.yaml	𦝰	cong	0	𦝰
cn_dicts/41448.dict.yaml	𧐱	cong	0	𧐱
cn_dicts/41448.dict.yaml	𧓏	cong	0	𧓏
cn_dicts/41448.dict.yaml	𧝮	cong	0	𧝮
cn_dicts/41448.dict.yaml	𧩪	cong	0	𧩪
cn_dicts/41448.dict.yaml	𨂴	cong	0	𨂴
cn_dicts/41448.dict.yaml	𨍉	cong	0	𨍉
cn_dicts/41448.dict.yaml	𨑪	cong	0	𨑪
cn_dicts/41448.dict.yaml	𨒀	cong	0	𨒀
cn_dicts/41448.dict.yaml	𨡮	cong	0	𨡮
cn_dicts/41448.dict.yaml	𨦱	cong	0	𨦱
cn_dicts/41448.dict.yaml	𨱸	cong	0	𨱸
cn_dicts/41448.dict.yaml	𨲧	cong	0	𨲧
cn_dicts/41448.dict.yaml	𨽁	cong	0	𨽁
cn_dicts/41448.dict.yaml	𩬼	cong	0	𩬼
cn_dicts/41448.dict.yaml	𩯍	cong	0	𩯍
cn_dicts/41448.dict.yaml	㫶	cou	0	㫶
cn_dicts/41448.dict.yaml	𢈾	cou	0	𢈾
cn_dicts/41448.dict.yaml	𣉅	cou	0	𣉅
cn_dicts/41448.dict.yaml	𣙘	cou	0	𣙘
cn_dicts/41448.dict.yaml	𣞜	cou	0	𣞜
cn_dicts/41448.dict.yaml	𤆑	cou	0	𤆑
cn_dicts/41448.dict.yaml	𦦅	cou	0	𦦅
cn_dicts/41448.dict.yaml	𦳿	cou	0	𦳿
cn_dicts/41448.dict.yaml	𦺀	cou	0	𦺀
cn_dicts/41448.dict.yaml	𧡣	cou	0	𧡣
cn_dicts/41448.dict.yaml	𧱪	cou	0	𧱪
cn_dicts/41448.dict.yaml	𨓭	cou	0	𨓭
cn_dicts/41448.dict.yaml	𨨯	cou	0	𨨯
cn_dicts/41448.dict.yaml	𩹀	cou	0	𩹀
cn_dicts/41448.dict.yaml	𪉮	cou	0	𪉮
cn_dicts/41448.dict.yaml	㗤	cu	0	㗤
cn_dicts/41448.dict.yaml	㤘	cu	0	㤘
cn_dicts/41448.dict.yaml	㰗	cu	0	㰗
cn_dicts/41448.dict.yaml	䃚	cu	0	䃚
cn_dicts/41448.dict.yaml	䎌	cu	0	䎌
cn_dicts/41448.dict.yaml	䓚	cu	0	䓚
cn_dicts/41448.dict.yaml	䙯	cu	0	䙯
cn_dicts/41448.dict.yaml	䛤	cu	0	䛤
cn_dicts/41448.dict.yaml	䟟	cu	0	䟟
cn_dicts/41448.dict.yaml	䠓	cu	0	䠓
cn_dicts/41448.dict.yaml	䠞	cu	0	䠞
cn_dicts/41448.dict.yaml	䢐	cu	0	䢐
cn_dicts/41448.dict.yaml	䥄	cu	0	䥄
cn_dicts/41448.dict.yaml	䥘	cu	0	䥘
cn_dicts/41448.dict.yaml	䬨	cu	0	䬨
cn_dicts/41448.dict.yaml	𠑯	cu	0	𠑯
cn_dicts/41448.dict.yaml	𠛙	cu	0	𠛙
cn_dicts/41448.dict.yaml	𠱙	cu	0	𠱙
cn_dicts/41448.dict.yaml	𠴫	cu	0	𠴫
cn_dicts/41448.dict.yaml	𡄱	cu	0	𡄱
cn_dicts/41448.dict.yaml	𡘛	cu	0	𡘛
cn_dicts/41448.dict.yaml	𡝉	cu	0	𡝉
cn_dicts/41448.dict.yaml	𡞜	cu	0	𡞜
cn_dicts/41448.dict.yaml	𢄧	cu	0	𢄧
cn_dicts/41448.dict.yaml	𢈠	cu	0	𢈠
cn_dicts/41448.dict.yaml	𢪃	cu	0	𢪃
cn_dicts/41448.dict.yaml	𤗁	cu	0	𤗁
cn_dicts/41448.dict.yaml	𤛏	cu	0	𤛏
cn_dicts/41448.dict.yaml	𤠽	cu	0	𤠽
cn_dicts/41448.dict.yaml	𤿚	cu	0	𤿚
cn_dicts/41448.dict.yaml	𥅗	cu	0	𥅗
cn_dicts/41448.dict.yaml	𥪱	cu	0	𥪱
cn_dicts/41448.dict.yaml	𥷼	cu	0	𥷼
cn_dicts/41448.dict.yaml	𥻒	cu	0	𥻒
cn_dicts/41448.dict.yaml	𥾛	cu	0	𥾛
cn_dicts/41448.dict.yaml	𦟠	cu	0	𦟠
cn_dicts/41448.dict.yaml	𦠁	cu	0	𦠁
cn_dicts/41448.dict.yaml	𦯣	cu	0	𦯣
cn_dicts/41448.dict.yaml	𧆓	cu	0	𧆓
cn_dicts/41448.dict.yaml	𧺲	cu	0	𧺲
cn_dicts/41448.dict.yaml	𧼜	cu	0	𧼜
cn_dicts/41448.dict.yaml	𪓡	cu	0	𪓡
cn_dicts/41448.dict.yaml	𪓰	cu	0	𪓰
cn_dicts/41448.dict.yaml	𪕝	cu	0	𪕝
cn_dicts/41448.dict.yaml	𪚯	cu	0	𪚯
cn_dicts/41448.dict.yaml	㠝	cuan	0	㠝
cn_dicts/41448.dict.yaml	㭫	cuan	0	㭫
cn_dicts/41448.dict.yaml	㵀	cuan	0	㵀
cn_dicts/41448.dict.yaml	㸑	cuan	0	㸑
cn_dicts/41448.dict.yaml	䆘	cuan	0	䆘
cn_dicts/41448.dict.yaml	䞼	cuan	0	䞼
cn_dicts/41448.dict.yaml	䰖	cuan	0	䰖
cn_dicts/41448.dict.yaml	𢖑	cuan	0	𢖑
cn_dicts/41448.dict.yaml	𢸥	cuan	0	𢸥
cn_dicts/41448.dict.yaml	𤐲	cuan	0	𤐲
cn_dicts/41448.dict.yaml	𥍬	cuan	0	𥍬
cn_dicts/41448.dict.yaml	𥎢	cuan	0	𥎢
cn_dicts/41448.dict.yaml	𥎣	cuan	0	𥎣
cn_dicts/41448.dict.yaml	𥎤	cuan	0	𥎤
cn_dicts/41448.dict.yaml	𥤳	cuan	0	𥤳
cn_dicts/41448.dict.yaml	𥨒	cuan	0	𥨒
cn_dicts/41448.dict.yaml	𨣵	cuan	0	𨣵
cn_dicts/41448.dict.yaml	𨼉	cuan	0	𨼉
cn_dicts/41448.dict.yaml	㝮	cui	0	㝮
cn_dicts/41448.dict.yaml	㥞	cui	0	㥞
cn_dicts/41448.dict.yaml	㧘	cui	0	㧘
cn_dicts/41448.dict.yaml	㯔	cui	0	㯔
cn_dicts/41448.dict.yaml	㯜	cui	0	㯜
cn_dicts/41448.dict.yaml	㱖	cui	0	㱖
cn_dicts/41448.dict.yaml	㳃	cui	0	㳃
cn_dicts/41448.dict.yaml	㵏	cui	0	㵏
cn_dicts/41448.dict.yaml	㷃	cui	0	㷃
cn_dicts/41448.dict.yaml	㷪	cui	0	㷪
cn_dicts/41448.dict.yaml	䂱	cui	0	䂱
cn_dicts/41448.dict.yaml	䃀	cui	0	䃀
cn_dicts/41448.dict.yaml	䄟	cui	0	䄟
cn_dicts/41448.dict.yaml	䆊	cui	0	䆊
cn_dicts/41448.dict.yaml	䊫	cui	0	䊫
cn_dicts/41448.dict.yaml	䔴	cui	0	䔴
cn_dicts/41448.dict.yaml	䢪	cui	0	䢪
cn_dicts/41448.dict.yaml	䧽	cui	0	䧽
cn_dicts/41448.dict.yaml	𠗚	cui	0	𠗚
cn_dicts/41448.dict.yaml	𠞿	cui	0	𠞿
cn_dicts/41448.dict.yaml	𠟓	cui	0	𠟓
cn_dicts/41448.dict.yaml	𠩪	cui	0	𠩪
cn_dicts/41448.dict.yaml	𠽶	cui	0	𠽶
cn_dicts/41448.dict.yaml	𢂕	cui	0	𢂕
cn_dicts/41448.dict.yaml	𢄸	cui	0	𢄸
cn_dicts/41448.dict.yaml	𢕘	cui	0	𢕘
cn_dicts/41448.dict.yaml	𢡈	cui	0	𢡈
cn_dicts/41448.dict.yaml	𢶓	cui	0	𢶓
cn_dicts/41448.dict.yaml	𣃍	cui	0	𣃍
cn_dicts/41448.dict.yaml	𣯧	cui	0	𣯧
cn_dicts/41448.dict.yaml	𣰚	cui	0	𣰚
cn_dicts/41448.dict.yaml	𣿒	cui	0	𣿒
cn_dicts/41448.dict.yaml	𣿓	cui	0	𣿓
cn_dicts/41448.dict.yaml	𤎋	cui	0	𤎋
cn_dicts/41448.dict.yaml	𤗯	cui	0	𤗯
cn_dicts/41448.dict.yaml	𤛍	cui	0	𤛍
cn_dicts/41448.dict.yaml	𥨒	cui	0	𥨒
cn_dicts/41448.dict.yaml	𥳈	cui	0	𥳈
cn_dicts/41448.dict.yaml	𥻮	cui	0	𥻮
cn_dicts/41448.dict.yaml	𥼂	cui	0	𥼂
cn_dicts/41448.dict.yaml	𥼛	cui	0	𥼛
cn_dicts/41448.dict.yaml	𥼺	cui	0	𥼺
cn_dicts/41448.dict.yaml	𦙈	cui	0	𦙈
cn_dicts/41448.dict.yaml	𦦣	cui	0	𦦣
cn_dicts/41448.dict.yaml	𧎃	cui	0	𧎃
cn_dicts/41448.dict.yaml	𧑎	cui	0	𧑎
cn_dicts/41448.dict.yaml	𧚥	cui	0	𧚥
cn_dicts/41448.dict.yaml	𧜱	cui	0	𧜱
cn_dicts/41448.dict.yaml	𧳚	cui	0	𧳚
cn_dicts/41448.dict.yaml	𧹺	cui	0	𧹺
cn_dicts/41448.dict.yaml	𧼬	cui	0	𧼬
cn_dicts/41448.dict.yaml	𧽠	cui	0	𧽠
cn_dicts/41448.dict.yaml	𨄍	cui	0	𨄍
cn_dicts/41448.dict.yaml	𨅎	cui	0	𨅎
cn_dicts/41448.dict.yaml	𨊉	cui	0	𨊉
cn_dicts/41448.dict.yaml	𨻵	cui	0	𨻵
cn_dicts/41448.dict.yaml	𨿐	cui	0	𨿐
cn_dicts/41448.dict.yaml	𩤏	cui	0	𩤏
cn_dicts/41448.dict.yaml	𩮴	cui	0	𩮴
cn_dicts/41448.dict.yaml	䍎	cun	0	䍎
cn_dicts/41448.dict.yaml	𤿄	cun	0	𤿄
cn_dicts/41448.dict.yaml	𧚉	cun	0	𧚉
cn_dicts/41448.dict.yaml	𧽾	cun	0	𧽾
cn_dicts/41448.dict.yaml	𨀛	cun	0	𨀛
cn_dicts/41448.dict.yaml	𨙯	cun	0	𨙯
cn_dicts/41448.dict.yaml	𨙲	cun	0	𨙲
cn_dicts/41448.dict.yaml	𨚲	cun	0	𨚲
cn_dicts/41448.dict.yaml	㟇	cuo	0	㟇
cn_dicts/41448.dict.yaml	㭫	cuo	0	㭫
cn_dicts/41448.dict.yaml	㽨	cuo	0	㽨
cn_dicts/41448.dict.yaml	㿷	cuo	0	㿷
cn_dicts/41448.dict.yaml	䂳	cuo	0	䂳
cn_dicts/41448.dict.yaml	䐣	cuo	0	䐣
cn_dicts/41448.dict.yaml	䐤	cuo	0	䐤
cn_dicts/41448.dict.yaml	䑘	cuo	0	䑘
cn_dicts/41448.dict.yaml	䟶	cuo	0	䟶
cn_dicts/41448.dict.yaml	䠡	cuo	0	䠡
cn_dicts/41448.dict.yaml	䣜	cuo	0	䣜
cn_dicts/41448.dict.yaml	䥘	cuo	0	䥘
cn_dicts/41448.dict.yaml	䰈	cuo	0	䰈
cn_dicts/41448.dict.yaml	䱜	cuo	0	䱜
cn_dicts/41448.dict.yaml	䴾	cuo	0	䴾
cn_dicts/41448.dict.yaml	𠦏	cuo	0	𠦏
cn_dicts/41448.dict.yaml	𢒐	cuo	0	𢒐
cn_dicts/41448.dict.yaml	𢚂	cuo	0	𢚂
cn_dicts/41448.dict.yaml	𢤎	cuo	0	𢤎
cn_dicts/41448.dict.yaml	𢫬	cuo	0	𢫬
cn_dicts/41448.dict.yaml	𢯽	cuo	0	𢯽
cn_dicts/41448.dict.yaml	𣖵	cuo	0	𣖵
cn_dicts/41448.dict.yaml	𣨎	cuo	0	𣨎
cn_dicts/41448.dict.yaml	𣩈	cuo	0	𣩈
cn_dicts/41448.dict.yaml	𤠝	cuo	0	𤠝
cn_dicts/41448.dict.yaml	𥕉	cuo	0	𥕉
cn_dicts/41448.dict.yaml	𥭭	cuo	0	𥭭
cn_dicts/41448.dict.yaml	𥰭	cuo	0	𥰭
cn_dicts/41448.dict.yaml	𧚏	cuo	0	𧚏
cn_dicts/41448.dict.yaml	𧪘	cuo	0	𧪘
cn_dicts/41448.dict.yaml	𨇃	cuo	0	𨇃
cn_dicts/41448.dict.yaml	𨛏	cuo	0	𨛏
cn_dicts/41448.dict.yaml	𩄝	cuo	0	𩄝
cn_dicts/41448.dict.yaml	𩯉	cuo	0	𩯉
cn_dicts/41448.dict.yaml	𪒙	cuo	0	𪒙
cn_dicts/41448.dict.yaml	𪘓	cuo	0	𪘓
cn_dicts/41448.dict.yaml	㙮	da	0	㙮
cn_dicts/41448.dict.yaml	㜓	da	0	㜓
cn_dicts/41448.dict.yaml	㟷	da	0	㟷
cn_dicts/41448.dict.yaml	㯚	da	0	㯚
cn_dicts/41448.dict.yaml	㾑	da	0	㾑
cn_dicts/41448.dict.yaml	㿯	da	0	㿯
cn_dicts/41448.dict.yaml	䃮	da	0	䃮
cn_dicts/41448.dict.yaml	䐊	da	0	䐊
cn_dicts/41448.dict.yaml	䐛	da	0	䐛
cn_dicts/41448.dict.yaml	䑽	da	0	䑽
cn_dicts/41448.dict.yaml	䩢	da	0	䩢
cn_dicts/41448.dict.yaml	䪏	da	0	䪏
cn_dicts/41448.dict.yaml	䳴	da	0	䳴
cn_dicts/41448.dict.yaml	䵣	da	0	䵣
cn_dicts/41448.dict.yaml	𠉤	da	0	𠉤
cn_dicts/41448.dict.yaml	𠞈	da	0	𠞈
cn_dicts/41448.dict.yaml	𠶫	da	0	𠶫
cn_dicts/41448.dict.yaml	𠹥	da	0	𠹥
cn_dicts/41448.dict.yaml	𡈐	da	0	𡈐
cn_dicts/41448.dict.yaml	𡉑	da	0	𡉑
cn_dicts/41448.dict.yaml	𡌩	da	0	𡌩
cn_dicts/41448.dict.yaml	𡍲	da	0	𡍲
cn_dicts/41448.dict.yaml	𡐿	da	0	𡐿
cn_dicts/41448.dict.yaml	𡚻	da	0	𡚻
cn_dicts/41448.dict.yaml	𢘇	da	0	𢘇
cn_dicts/41448.dict.yaml	𢛁	da	0	𢛁
cn_dicts/41448.dict.yaml	𢝉	da	0	𢝉
cn_dicts/41448.dict.yaml	𢽇	da	0	𢽇
cn_dicts/41448.dict.yaml	𣌭	da	0	𣌭
cn_dicts/41448.dict.yaml	𣣴	da	0	𣣴
cn_dicts/41448.dict.yaml	𣥾	da	0	𣥾
cn_dicts/41448.dict.yaml	𣸉	da	0	𣸉
cn_dicts/41448.dict.yaml	𤝰	da	0	𤝰
cn_dicts/41448.dict.yaml	𤤊	da	0	𤤊
cn_dicts/41448.dict.yaml	𤨑	da	0	𤨑
cn_dicts/41448.dict.yaml	𥉌	da	0	𥉌
cn_dicts/41448.dict.yaml	𥕇	da	0	𥕇
cn_dicts/41448.dict.yaml	𦂀	da	0	𦂀
cn_dicts/41448.dict.yaml	𦑻	da	0	𦑻
cn_dicts/41448.dict.yaml	𦖿	da	0	𦖿
cn_dicts/41448.dict.yaml	𦗧	da	0	𦗧
cn_dicts/41448.dict.yaml	𦞂	da	0	𦞂
cn_dicts/41448.dict.yaml	𦪭	da	0	𦪭
cn_dicts/41448.dict.yaml	𦬹	da	0	𦬹
cn_dicts/41448.dict.yaml	𨅓	da	0	𨅓
cn_dicts/41448.dict.yaml	𨆰	da	0	𨆰
cn_dicts/41448.dict.yaml	𨗾	da	0	𨗾
cn_dicts/41448.dict.yaml	𨨹	da	0	𨨹
cn_dicts/41448.dict.yaml	𩏒	da	0	𩏒
cn_dicts/41448.dict.yaml	𩝣	da	0	𩝣
cn_dicts/41448.dict.yaml	𩟐	da	0	𩟐
cn_dicts/41448.dict.yaml	𩣯	da	0	𩣯
cn_dicts/41448.dict.yaml	𩭣	da	0	𩭣
cn_dicts/41448.dict.yaml	𩺗	da	0	𩺗
cn_dicts/41448.dict.yaml	㐲	dai	0	㐲
cn_dicts/41448.dict.yaml	㞭	dai	0	㞭
cn_dicts/41448.dict.yaml	㫹	dai	0	㫹
cn_dicts/41448.dict.yaml	㯂	dai	0	㯂
cn_dicts/41448.dict.yaml	㶡	dai	0	㶡
cn_dicts/41448.dict.yaml	㻖	dai	0	㻖
cn_dicts/41448.dict.yaml	㿃	dai	0	㿃
cn_dicts/41448.dict.yaml	䈆	dai	0	䈆
cn_dicts/41448.dict.yaml	䒫	dai	0	䒫
cn_dicts/41448.dict.yaml	䚞	dai	0	䚞
cn_dicts/41448.dict.yaml	䚟	dai	0	䚟
cn_dicts/41448.dict.yaml	䲦	dai	0	䲦
cn_dicts/41448.dict.yaml	𠯈	dai	0	𠯈
cn_dicts/41448.dict.yaml	𠯪	dai	0	𠯪
cn_dicts/41448.dict.yaml	𠰺	dai	0	𠰺
cn_dicts/41448.dict.yaml	𠷂	dai	0	𠷂
cn_dicts/41448.dict.yaml	𡧹	dai	0	𡧹
cn_dicts/41448.dict.yaml	𢄔	dai	0	𢄔
cn_dicts/41448.dict.yaml	𢎌	dai	0	𢎌
cn_dicts/41448.dict.yaml	𣇨	dai	0	𣇨
cn_dicts/41448.dict.yaml	𣐮	dai	0	𣐮
cn_dicts/41448.dict.yaml	𣦶	dai	0	𣦶
cn_dicts/41448.dict.yaml	𣫹	dai	0	𣫹
cn_dicts/41448.dict.yaml	𤮼	dai	0	𤮼
cn_dicts/41448.dict.yaml	𤸊	dai	0	𤸊
cn_dicts/41448.dict.yaml	𥿝	dai	0	𥿝
cn_dicts/41448.dict.yaml	𦄂	dai	0	𦄂
cn_dicts/41448.dict.yaml	𦙯	dai	0	𦙯
cn_dicts/41448.dict.yaml	𦪍	dai	0	𦪍
cn_dicts/41448.dict.yaml	𧊇	dai	0	𧊇
cn_dicts/41448.dict.yaml	𧑔	dai	0	𧑔
cn_dicts/41448.dict.yaml	𨊺	dai	0	𨊺
cn_dicts/41448.dict.yaml	𨓞	dai	0	𨓞
cn_dicts/41448.dict.yaml	𨗼	dai	0	𨗼
cn_dicts/41448.dict.yaml	𨟲	dai	0	𨟲
cn_dicts/41448.dict.yaml	𨥶	dai	0	𨥶
cn_dicts/41448.dict.yaml	𨽿	dai	0	𨽿
cn_dicts/41448.dict.yaml	𩃠	dai	0	𩃠
cn_dicts/41448.dict.yaml	𩃷	dai	0	𩃷
cn_dicts/41448.dict.yaml	𪐝	dai	0	𪐝
cn_dicts/41448.dict.yaml	𪒡	dai	0	𪒡
cn_dicts/41448.dict.yaml	㔊	dan	0	㔊
cn_dicts/41448.dict.yaml	㕪	dan	0	㕪
cn_dicts/41448.dict.yaml	㗖	dan	0	㗖
cn_dicts/41448.dict.yaml	㡺	dan	0	㡺
cn_dicts/41448.dict.yaml	㫜	dan	0	㫜
cn_dicts/41448.dict.yaml	㱽	dan	0	㱽
cn_dicts/41448.dict.yaml	㲷	dan	0	㲷
cn_dicts/41448.dict.yaml	㴷	dan	0	㴷
cn_dicts/41448.dict.yaml	㵅	dan	0	㵅
cn_dicts/41448.dict.yaml	㺗	dan	0	㺗
cn_dicts/41448.dict.yaml	㽎	dan	0	㽎
cn_dicts/41448.dict.yaml	䃫	dan	0	䃫
cn_dicts/41448.dict.yaml	䄷	dan	0	䄷
cn_dicts/41448.dict.yaml	䉞	dan	0	䉞
cn_dicts/41448.dict.yaml	䉷	dan	0	䉷
cn_dicts/41448.dict.yaml	䒟	dan	0	䒟
cn_dicts/41448.dict.yaml	䨢	dan	0	䨢
cn_dicts/41448.dict.yaml	䨵	dan	0	䨵
cn_dicts/41448.dict.yaml	䩥	dan	0	䩥
cn_dicts/41448.dict.yaml	䭛	dan	0	䭛
cn_dicts/41448.dict.yaml	䱋	dan	0	䱋
cn_dicts/41448.dict.yaml	䳉	dan	0	䳉
cn_dicts/41448.dict.yaml	𠆛	dan	0	𠆛
cn_dicts/41448.dict.yaml	𠆶	dan	0	𠆶
cn_dicts/41448.dict.yaml	𠇋	dan	0	𠇋
cn_dicts/41448.dict.yaml	𠈰	dan	0	𠈰
cn_dicts/41448.dict.yaml	𠓊	dan	0	𠓊
cn_dicts/41448.dict.yaml	𠹆	dan	0	𠹆
cn_dicts/41448.dict.yaml	𡖓	dan	0	𡖓
cn_dicts/41448.dict.yaml	𡦨	dan	0	𡦨
cn_dicts/41448.dict.yaml	𡵕	dan	0	𡵕
cn_dicts/41448.dict.yaml	𢅒	dan	0	𢅒
cn_dicts/41448.dict.yaml	𢉑	dan	0	𢉑
cn_dicts/41448.dict.yaml	𢋃	dan	0	𢋃
cn_dicts/41448.dict.yaml	𢎪	dan	0	𢎪
cn_dicts/41448.dict.yaml	𢑝	dan	0	𢑝
cn_dicts/41448.dict.yaml	𢘇	dan	0	𢘇
cn_dicts/41448.dict.yaml	𢻼	dan	0	𢻼
cn_dicts/41448.dict.yaml	𣅟	dan	0	𣅟
cn_dicts/41448.dict.yaml	𣋊	dan	0	𣋊
cn_dicts/41448.dict.yaml	𣛱	dan	0	𣛱
cn_dicts/41448.dict.yaml	𣱍	dan	0	𣱍
cn_dicts/41448.dict.yaml	𣲥	dan	0	𣲥
cn_dicts/41448.dict.yaml	𤁡	dan	0	𤁡
cn_dicts/41448.dict.yaml	𤢏	dan	0	𤢏
cn_dicts/41448.dict.yaml	𤲭	dan	0	𤲭
cn_dicts/41448.dict.yaml	𤺺	dan	0	𤺺
cn_dicts/41448.dict.yaml	𥄦	dan	0	𥄦
cn_dicts/41448.dict.yaml	𥐹	dan	0	𥐹
cn_dicts/41448.dict.yaml	𥨎	dan	0	𥨎
cn_dicts/41448.dict.yaml	𥱷	dan	0	𥱷
cn_dicts/41448.dict.yaml	𥲄	dan	0	𥲄
cn_dicts/41448.dict.yaml	𥲇	dan	0	𥲇
cn_dicts/41448.dict.yaml	𥳸	dan	0	𥳸
cn_dicts/41448.dict.yaml	𥳹	dan	0	𥳹
cn_dicts/41448.dict.yaml	𥾚	dan	0	𥾚
cn_dicts/41448.dict.yaml	𦅼	dan	0	𦅼
cn_dicts/41448.dict.yaml	𦋪	dan	0	𦋪
cn_dicts/41448.dict.yaml	𦬹	dan	0	𦬹
cn_dicts/41448.dict.yaml	𦻁	dan	0	𦻁
cn_dicts/41448.dict.yaml	𦽜	dan	0	𦽜
cn_dicts/41448.dict.yaml	𦽫	dan	0	𦽫
cn_dicts/41448.dict.yaml	𦾩	dan	0	𦾩
cn_dicts/41448.dict.yaml	𧀻	dan	0	𧀻
cn_dicts/41448.dict.yaml	𧂄	dan	0	𧂄
cn_dicts/41448.dict.yaml	𧙇	dan	0	𧙇
cn_dicts/41448.dict.yaml	𧡪	dan	0	𧡪
cn_dicts/41448.dict.yaml	𧭃	dan	0	𧭃
cn_dicts/41448.dict.yaml	𧴸	dan	0	𧴸
cn_dicts/41448.dict.yaml	𨢿	dan	0	𨢿
cn_dicts/41448.dict.yaml	𩄕	dan	0	𩄕
cn_dicts/41448.dict.yaml	𩅦	dan	0	𩅦
cn_dicts/41448.dict.yaml	𩅾	dan	0	𩅾
cn_dicts/41448.dict.yaml	𩈉	dan	0	𩈉
cn_dicts/41448.dict.yaml	𩈊	dan	0	𩈊
cn_dicts/41448.dict.yaml	𩏥	dan	0	𩏥
cn_dicts/41448.dict.yaml	𩕤	dan	0	𩕤
cn_dicts/41448.dict.yaml	𩩧	dan	0	𩩧
cn_dicts/41448.dict.yaml	𪀩	dan	0	𪀩
cn_dicts/41448.dict.yaml	𪆻	dan	0	𪆻
cn_dicts/41448.dict.yaml	𪒾	dan	0	𪒾
cn_dicts/41448.dict.yaml	䑗	dang	0	䑗
cn_dicts/41448.dict.yaml	䣊	dang	0	䣊
cn_dicts/41448.dict.yaml	䣣	dang	0	䣣
cn_dicts/41448.dict.yaml	䦒	dang	0	䦒
cn_dicts/41448.dict.yaml	𡇈	dang	0	𡇈
cn_dicts/41448.dict.yaml	𡇵	dang	0	𡇵
cn_dicts/41448.dict.yaml	𡗍	dang	0	𡗍
cn_dicts/41448.dict.yaml	𡢈	dang	0	𡢈
cn_dicts/41448.dict.yaml	𡰨	dang	0	𡰨
cn_dicts/41448.dict.yaml	𡾕	dang	0	𡾕
cn_dicts/41448.dict.yaml	𢠽	dang	0	𢠽
cn_dicts/41448.dict.yaml	𢡂	dang	0	𢡂
cn_dicts/41448.dict.yaml	𣂳	dang	0	𣂳
cn_dicts/41448.dict.yaml	𣃉	dang	0	𣃉
cn_dicts/41448.dict.yaml	𣻍	dang	0	𣻍
cn_dicts/41448.dict.yaml	𤔶	dang	0	𤔶
cn_dicts/41448.dict.yaml	𤗾	dang	0	𤗾
cn_dicts/41448.dict.yaml	𤢎	dang	0	𤢎
cn_dicts/41448.dict.yaml	𤣞	dang	0	𤣞
cn_dicts/41448.dict.yaml	𥢷	dang	0	𥢷
cn_dicts/41448.dict.yaml	𥤗	dang	0	𥤗
cn_dicts/41448.dict.yaml	𥯕	dang	0	𥯕
cn_dicts/41448.dict.yaml	𥸈	dang	0	𥸈
cn_dicts/41448.dict.yaml	𦗴	dang	0	𦗴
cn_dicts/41448.dict.yaml	𦳝	dang	0	𦳝
cn_dicts/41448.dict.yaml	𦼲	dang	0	𦼲
cn_dicts/41448.dict.yaml	𦿆	dang	0	𦿆
cn_dicts/41448.dict.yaml	𧅗	dang	0	𧅗
cn_dicts/41448.dict.yaml	𧑘	dang	0	𧑘
cn_dicts/41448.dict.yaml	𨎴	dang	0	𨎴
cn_dicts/41448.dict.yaml	𨝦	dang	0	𨝦
cn_dicts/41448.dict.yaml	𨷾	dang	0	𨷾
cn_dicts/41448.dict.yaml	𩟈	dang	0	𩟈
cn_dicts/41448.dict.yaml	𩼉	dang	0	𩼉
cn_dicts/41448.dict.yaml	𩽳	dang	0	𩽳
cn_dicts/41448.dict.yaml	𪇁	dang	0	𪇁
cn_dicts/41448.dict.yaml	㔑	dao	0	㔑
cn_dicts/41448.dict.yaml	㠀	dao	0	㠀
cn_dicts/41448.dict.yaml	㧅	dao	0	㧅
cn_dicts/41448.dict.yaml	㨶	dao	0	㨶
cn_dicts/41448.dict.yaml	㿒	dao	0	㿒
cn_dicts/41448.dict.yaml	䆃	dao	0	䆃
cn_dicts/41448.dict.yaml	䊭	dao	0	䊭
cn_dicts/41448.dict.yaml	䌦	dao	0	䌦
cn_dicts/41448.dict.yaml	䣣	dao	0	䣣
cn_dicts/41448.dict.yaml	䧂	dao	0	䧂
cn_dicts/41448.dict.yaml	䮻	dao	0	䮻
cn_dicts/41448.dict.yaml	䲽	dao	0	䲽
cn_dicts/41448.dict.yaml	𠐵	dao	0	𠐵
cn_dicts/41448.dict.yaml	𠴼	dao	0	𠴼
cn_dicts/41448.dict.yaml	𡄒	dao	0	𡄒
cn_dicts/41448.dict.yaml	𢭏	dao	0	𢭏
cn_dicts/41448.dict.yaml	𣀓	dao	0	𣀓
cn_dicts/41448.dict.yaml	𣁍	dao	0	𣁍
cn_dicts/41448.dict.yaml	𣫜	dao	0	𣫜
cn_dicts/41448.dict.yaml	𣱼	dao	0	𣱼
cn_dicts/41448.dict.yaml	𤓾	dao	0	𤓾
cn_dicts/41448.dict.yaml	𤘀	dao	0	𤘀
cn_dicts/41448.dict.yaml	𤷘	dao	0	𤷘
cn_dicts/41448.dict.yaml	𤹷	dao	0	𤹷
cn_dicts/41448.dict.yaml	𥓬	dao	0	𥓬
cn_dicts/41448.dict.yaml	𥗚	dao	0	𥗚
cn_dicts/41448.dict.yaml	𦒺	dao	0	𦒺
cn_dicts/41448.dict.yaml	𦦺	dao	0	𦦺
cn_dicts/41448.dict.yaml	𦦾	dao	0	𦦾
cn_dicts/41448.dict.yaml	𦩍	dao	0	𦩍
cn_dicts/41448.dict.yaml	𧼤	dao	0	𧼤
cn_dicts/41448.dict.yaml	𨗓	dao	0	𨗓
cn_dicts/41448.dict.yaml	𨱦	dao	0	𨱦
cn_dicts/41448.dict.yaml	𩈞	dao	0	𩈞
cn_dicts/41448.dict.yaml	𩕯	dao	0	𩕯
cn_dicts/41448.dict.yaml	𩬱	dao	0	𩬱
cn_dicts/41448.dict.yaml	𩭟	dao	0	𩭟
cn_dicts/41448.dict.yaml	𩵕	dao	0	𩵕
cn_dicts/41448.dict.yaml	㝵	de	0	㝵
cn_dicts/41448.dict.yaml	㝶	de	0	㝶
cn_dicts/41448.dict.yaml	㤫	de	0	㤫
cn_dicts/41448.dict.yaml	㥀	de	0	㥀
cn_dicts/41448.dict.yaml	㥁	de	0	㥁
cn_dicts/41448.dict.yaml	㯖	de	0	㯖
cn_dicts/41448.dict.yaml	䙷	de	0	䙷
cn_dicts/41448.dict.yaml	䙸	de	0	䙸
cn_dicts/41448.dict.yaml	𠮊	de	0	𠮊
cn_dicts/41448.dict.yaml	𠵨	de	0	𠵨
cn_dicts/41448.dict.yaml	𡋩	de	0	𡋩
cn_dicts/41448.dict.yaml	𡭂	de	0	𡭂
cn_dicts/41448.dict.yaml	𣌏	de	0	𣌏
cn_dicts/41448.dict.yaml	𣮊	de	0	𣮊
cn_dicts/41448.dict.yaml	𣮰	de	0	𣮰
cn_dicts/41448.dict.yaml	𤷙	de	0	𤷙
cn_dicts/41448.dict.yaml	𧊇	de	0	𧊇
cn_dicts/41448.dict.yaml	𨁽	de	0	𨁽
cn_dicts/41448.dict.yaml	䮻	dei	0	䮻
cn_dicts/41448.dict.yaml	㩐	den	0	㩐
cn_dicts/41448.dict.yaml	㲪	deng	0	㲪
cn_dicts/41448.dict.yaml	䒭	deng	0	䒭
cn_dicts/41448.dict.yaml	䠬	deng	0	䠬
cn_dicts/41448.dict.yaml	䮴	deng	0	䮴
cn_dicts/41448.dict.yaml	𡦔	deng	0	𡦔
cn_dicts/41448.dict.yaml	𢯭	deng	0	𢯭
cn_dicts/41448.dict.yaml	𢿤	deng	0	𢿤
cn_dicts/41448.dict.yaml	𣩟	deng	0	𣩟
cn_dicts/41448.dict.yaml	𤮘	deng	0	𤮘
cn_dicts/41448.dict.yaml	𤺌	deng	0	𤺌
cn_dicts/41448.dict.yaml	𤼶	deng	0	𤼶
cn_dicts/41448.dict.yaml	𤾢	deng	0	𤾢
cn_dicts/41448.dict.yaml	𦩫	deng	0	𦩫
cn_dicts/41448.dict.yaml	𧄼	deng	0	𧄼
cn_dicts/41448.dict.yaml	𧾊	deng	0	𧾊
cn_dicts/41448.dict.yaml	𨄇	deng	0	𨄇
cn_dicts/41448.dict.yaml	𨎤	deng	0	𨎤
cn_dicts/41448.dict.yaml	𨮴	deng	0	𨮴
cn_dicts/41448.dict.yaml	𨶿	deng	0	𨶿
cn_dicts/41448.dict.yaml	𩍐	deng	0	𩍐
cn_dicts/41448.dict.yaml	𩞬	deng	0	𩞬
cn_dicts/41448.dict.yaml	𩯇	deng	0	𩯇
cn_dicts/41448.dict.yaml	𪌷	deng	0	𪌷
cn_dicts/41448.dict.yaml	𪑬	deng	0	𪑬
cn_dicts/41448.dict.yaml	𪒘	deng	0	𪒘
cn_dicts/41448.dict.yaml	𪔏	deng	0	𪔏
cn_dicts/41448.dict.yaml	㡳	di	0	㡳
cn_dicts/41448.dict.yaml	㢩	di	0	㢩
cn_dicts/41448.dict.yaml	㣙	di	0	㣙
cn_dicts/41448.dict.yaml	㦅	di	0	㦅
cn_dicts/41448.dict.yaml	㪆	di	0	㪆
cn_dicts/41448.dict.yaml	㭽	di	0	㭽
cn_dicts/41448.dict.yaml	㰅	di	0	㰅
cn_dicts/41448.dict.yaml	㹍	di	0	㹍
cn_dicts/41448.dict.yaml	㼵	di	0	㼵
cn_dicts/41448.dict.yaml	䀸	di	0	䀸
cn_dicts/41448.dict.yaml	䀿	di	0	䀿
cn_dicts/41448.dict.yaml	䂡	di	0	䂡
cn_dicts/41448.dict.yaml	䊮	di	0	䊮
cn_dicts/41448.dict.yaml	䍕	di	0	䍕
cn_dicts/41448.dict.yaml	䏑	di	0	䏑
cn_dicts/41448.dict.yaml	䑭	di	0	䑭
cn_dicts/41448.dict.yaml	䑯	di	0	䑯
cn_dicts/41448.dict.yaml	䞶	di	0	䞶
cn_dicts/41448.dict.yaml	䟡	di	0	䟡
cn_dicts/41448.dict.yaml	䢑	di	0	䢑
cn_dicts/41448.dict.yaml	䣌	di	0	䣌
cn_dicts/41448.dict.yaml	䨀	di	0	䨀
cn_dicts/41448.dict.yaml	䨢	di	0	䨢
cn_dicts/41448.dict.yaml	䨤	di	0	䨤
cn_dicts/41448.dict.yaml	䩘	di	0	䩘
cn_dicts/41448.dict.yaml	䩚	di	0	䩚
cn_dicts/41448.dict.yaml	䮤	di	0	䮤
cn_dicts/41448.dict.yaml	䯼	di	0	䯼
cn_dicts/41448.dict.yaml	䱃	di	0	䱃
cn_dicts/41448.dict.yaml	䱱	di	0	䱱
cn_dicts/41448.dict.yaml	䲦	di	0	䲦
cn_dicts/41448.dict.yaml	䴞	di	0	䴞
cn_dicts/41448.dict.yaml	䵠	di	0	䵠
cn_dicts/41448.dict.yaml	䶍	di	0	䶍
cn_dicts/41448.dict.yaml	𠍪	di	0	𠍪
cn_dicts/41448.dict.yaml	𠐑	di	0	𠐑
cn_dicts/41448.dict.yaml	𠒿	di	0	𠒿
cn_dicts/41448.dict.yaml	𠕳	di	0	𠕳
cn_dicts/41448.dict.yaml	𠚭	di	0	𠚭
cn_dicts/41448.dict.yaml	𠥖	di	0	𠥖
cn_dicts/41448.dict.yaml	𠨿	di	0	𠨿
cn_dicts/41448.dict.yaml	𠫜	di	0	𠫜
cn_dicts/41448.dict.yaml	𠽰	di	0	𠽰
cn_dicts/41448.dict.yaml	𡄷	di	0	𡄷
cn_dicts/41448.dict.yaml	𡆣	di	0	𡆣
cn_dicts/41448.dict.yaml	𡒱	di	0	𡒱
cn_dicts/41448.dict.yaml	𡚙	di	0	𡚙
cn_dicts/41448.dict.yaml	𡚷	di	0	𡚷
cn_dicts/41448.dict.yaml	𡛜	di	0	𡛜
cn_dicts/41448.dict.yaml	𡰖	di	0	𡰖
cn_dicts/41448.dict.yaml	𡽢	di	0	𡽢
cn_dicts/41448.dict.yaml	𢅊	di	0	𢅊
cn_dicts/41448.dict.yaml	𢉆	di	0	𢉆
cn_dicts/41448.dict.yaml	𢓧	di	0	𢓧
cn_dicts/41448.dict.yaml	𢕚	di	0	𢕚
cn_dicts/41448.dict.yaml	𣂉	di	0	𣂉
cn_dicts/41448.dict.yaml	𣅥	di	0	𣅥
cn_dicts/41448.dict.yaml	𣚌	di	0	𣚌
cn_dicts/41448.dict.yaml	𣬴	di	0	𣬴
cn_dicts/41448.dict.yaml	𣯵	di	0	𣯵
cn_dicts/41448.dict.yaml	𣲢	di	0	𣲢
cn_dicts/41448.dict.yaml	𤁰	di	0	𤁰
cn_dicts/41448.dict.yaml	𤈥	di	0	𤈥
cn_dicts/41448.dict.yaml	𤝬	di	0	𤝬
cn_dicts/41448.dict.yaml	𤞈	di	0	𤞈
cn_dicts/41448.dict.yaml	𤬵	di	0	𤬵
cn_dicts/41448.dict.yaml	𤾠	di	0	𤾠
cn_dicts/41448.dict.yaml	𥄿	di	0	𥄿
cn_dicts/41448.dict.yaml	𥕐	di	0	𥕐
cn_dicts/41448.dict.yaml	𥖾	di	0	𥖾
cn_dicts/41448.dict.yaml	𥡦	di	0	𥡦
cn_dicts/41448.dict.yaml	𥳠	di	0	𥳠
cn_dicts/41448.dict.yaml	𥴦	di	0	𥴦
cn_dicts/41448.dict.yaml	𥸚	di	0	𥸚
cn_dicts/41448.dict.yaml	𥾬	di	0	𥾬
cn_dicts/41448.dict.yaml	𥿄	di	0	𥿄
cn_dicts/41448.dict.yaml	𦉹	di	0	𦉹
cn_dicts/41448.dict.yaml	𦨢	di	0	𦨢
cn_dicts/41448.dict.yaml	𦵦	di	0	𦵦
cn_dicts/41448.dict.yaml	𧀶	di	0	𧀶
cn_dicts/41448.dict.yaml	𧂨	di	0	𧂨
cn_dicts/41448.dict.yaml	𧉛	di	0	𧉛
cn_dicts/41448.dict.yaml	𧋍	di	0	𧋍
cn_dicts/41448.dict.yaml	𧍝	di	0	𧍝
cn_dicts/41448.dict.yaml	𧠫	di	0	𧠫
cn_dicts/41448.dict.yaml	𧤲	di	0	𧤲
cn_dicts/41448.dict.yaml	𧥮	di	0	𧥮
cn_dicts/41448.dict.yaml	𧦚	di	0	𧦚
cn_dicts/41448.dict.yaml	𧺽	di	0	𧺽
cn_dicts/41448.dict.yaml	𧿠	di	0	𧿠
cn_dicts/41448.dict.yaml	𨂇	di	0	𨂇
cn_dicts/41448.dict.yaml	𨌮	di	0	𨌮
cn_dicts/41448.dict.yaml	𨑩	di	0	𨑩
cn_dicts/41448.dict.yaml	𨑼	di	0	𨑼
cn_dicts/41448.dict.yaml	𨗼	di	0	𨗼
cn_dicts/41448.dict.yaml	𨘬	di	0	𨘬
cn_dicts/41448.dict.yaml	𨪾	di	0	𨪾
cn_dicts/41448.dict.yaml	𨮹	di	0	𨮹
cn_dicts/41448.dict.yaml	𩉱	di	0	𩉱
cn_dicts/41448.dict.yaml	𩑾	di	0	𩑾
cn_dicts/41448.dict.yaml	𩭲	di	0	𩭲
cn_dicts/41448.dict.yaml	𩴺	di	0	𩴺
cn_dicts/41448.dict.yaml	𩷎	di	0	𩷎
cn_dicts/41448.dict.yaml	𪄱	di	0	𪄱
cn_dicts/41448.dict.yaml	㓠	dian	0	㓠
cn_dicts/41448.dict.yaml	㚲	dian	0	㚲
cn_dicts/41448.dict.yaml	㝪	dian	0	㝪
cn_dicts/41448.dict.yaml	㞟	dian	0	㞟
cn_dicts/41448.dict.yaml	㥆	dian	0	㥆
cn_dicts/41448.dict.yaml	㵤	dian	0	㵤
cn_dicts/41448.dict.yaml	㶘	dian	0	㶘
cn_dicts/41448.dict.yaml	㸃	dian	0	㸃
cn_dicts/41448.dict.yaml	㼭	dian	0	㼭
cn_dicts/41448.dict.yaml	䍄	dian	0	䍄
cn_dicts/41448.dict.yaml	䓦	dian	0	䓦
cn_dicts/41448.dict.yaml	䟍	dian	0	䟍
cn_dicts/41448.dict.yaml	䧃	dian	0	䧃
cn_dicts/41448.dict.yaml	䩚	dian	0	䩚
cn_dicts/41448.dict.yaml	𠑘	dian	0	𠑘
cn_dicts/41448.dict.yaml	𠢣	dian	0	𠢣
cn_dicts/41448.dict.yaml	𠩷	dian	0	𠩷
cn_dicts/41448.dict.yaml	𠫉	dian	0	𠫉
cn_dicts/41448.dict.yaml	𠶧	dian	0	𠶧
cn_dicts/41448.dict.yaml	𡱇	dian	0	𡱇
cn_dicts/41448.dict.yaml	𡼓	dian	0	𡼓
cn_dicts/41448.dict.yaml	𢅝	dian	0	𢅝
cn_dicts/41448.dict.yaml	𢕯	dian	0	𢕯
cn_dicts/41448.dict.yaml	𢖩	dian	0	𢖩
cn_dicts/41448.dict.yaml	𢻅	dian	0	𢻅
cn_dicts/41448.dict.yaml	𣇖	dian	0	𣇖
cn_dicts/41448.dict.yaml	𣒂	dian	0	𣒂
cn_dicts/41448.dict.yaml	𣢥	dian	0	𣢥
cn_dicts/41448.dict.yaml	𣣈	dian	0	𣣈
cn_dicts/41448.dict.yaml	𣣣	dian	0	𣣣
cn_dicts/41448.dict.yaml	𣧛	dian	0	𣧛
cn_dicts/41448.dict.yaml	𣪀	dian	0	𣪀
cn_dicts/41448.dict.yaml	𣪪	dian	0	𣪪
cn_dicts/41448.dict.yaml	𤠶	dian	0	𤠶
cn_dicts/41448.dict.yaml	𤩱	dian	0	𤩱
cn_dicts/41448.dict.yaml	𤿶	dian	0	𤿶
cn_dicts/41448.dict.yaml	𥅑	dian	0	𥅑
cn_dicts/41448.dict.yaml	𥇞	dian	0	𥇞
cn_dicts/41448.dict.yaml	𥑼	dian	0	𥑼
cn_dicts/41448.dict.yaml	𥦟	dian	0	𥦟
cn_dicts/41448.dict.yaml	𥧑	dian	0	𥧑
cn_dicts/41448.dict.yaml	𥮏	dian	0	𥮏
cn_dicts/41448.dict.yaml	𥳢	dian	0	𥳢
cn_dicts/41448.dict.yaml	𥴫	dian	0	𥴫
cn_dicts/41448.dict.yaml	𥵏	dian	0	𥵏
cn_dicts/41448.dict.yaml	𦅆	dian	0	𦅆
cn_dicts/41448.dict.yaml	𦒻	dian	0	𦒻
cn_dicts/41448.dict.yaml	𦕒	dian	0	𦕒
cn_dicts/41448.dict.yaml	𦽄	dian	0	𦽄
cn_dicts/41448.dict.yaml	𧄺	dian	0	𧄺
cn_dicts/41448.dict.yaml	𧍿	dian	0	𧍿
cn_dicts/41448.dict.yaml	𧽍	dian	0	𧽍
cn_dicts/41448.dict.yaml	𨈀	dian	0	𨈀
cn_dicts/41448.dict.yaml	𩂵	dian	0	𩂵
cn_dicts/41448.dict.yaml	𩄠	dian	0	𩄠
cn_dicts/41448.dict.yaml	𩅀	dian	0	𩅀
cn_dicts/41448.dict.yaml	𩆔	dian	0	𩆔
cn_dicts/41448.dict.yaml	𩥄	dian	0	𩥄
cn_dicts/41448.dict.yaml	𩬑	dian	0	𩬑
cn_dicts/41448.dict.yaml	𪑩	dian	0	𪑩
cn_dicts/41448.dict.yaml	𪓼	dian	0	𪓼
cn_dicts/41448.dict.yaml	𪖚	dian	0	𪖚
cn_dicts/41448.dict.yaml	㒛	diao	0	㒛
cn_dicts/41448.dict.yaml	㪕	diao	0	㪕
cn_dicts/41448.dict.yaml	㹿	diao	0	㹿
cn_dicts/41448.dict.yaml	䂪	diao	0	䂪
cn_dicts/41448.dict.yaml	䂽	diao	0	䂽
cn_dicts/41448.dict.yaml	䄪	diao	0	䄪
cn_dicts/41448.dict.yaml	䄷	diao	0	䄷
cn_dicts/41448.dict.yaml	䉆	diao	0	䉆
cn_dicts/41448.dict.yaml	䔙	diao	0	䔙
cn_dicts/41448.dict.yaml	䘟	diao	0	䘟
cn_dicts/41448.dict.yaml	䠼	diao	0	䠼
cn_dicts/41448.dict.yaml	䳝	diao	0	䳝
cn_dicts/41448.dict.yaml	䵲	diao	0	䵲
cn_dicts/41448.dict.yaml	𠄏	diao	0	𠄏
cn_dicts/41448.dict.yaml	𠚥	diao	0	𠚥
cn_dicts/41448.dict.yaml	𠚻	diao	0	𠚻
cn_dicts/41448.dict.yaml	𠛪	diao	0	𠛪
cn_dicts/41448.dict.yaml	𠤼	diao	0	𠤼
cn_dicts/41448.dict.yaml	𠥑	diao	0	𠥑
cn_dicts/41448.dict.yaml	𠶰	diao	0	𠶰
cn_dicts/41448.dict.yaml	𡰯	diao	0	𡰯
cn_dicts/41448.dict.yaml	𢁕	diao	0	𢁕
cn_dicts/41448.dict.yaml	𢄦	diao	0	𢄦
cn_dicts/41448.dict.yaml	𢆴	diao	0	𢆴
cn_dicts/41448.dict.yaml	𣩰	diao	0	𣩰
cn_dicts/41448.dict.yaml	𤕷	diao	0	𤕷
cn_dicts/41448.dict.yaml	𤭈	diao	0	𤭈
cn_dicts/41448.dict.yaml	𤱩	diao	0	𤱩
cn_dicts/41448.dict.yaml	𥁮	diao	0	𥁮
cn_dicts/41448.dict.yaml	𥮐	diao	0	𥮐
cn_dicts/41448.dict.yaml	𥲟	diao	0	𥲟
cn_dicts/41448.dict.yaml	𥾯	diao	0	𥾯
cn_dicts/41448.dict.yaml	𦄋	diao	0	𦄋
cn_dicts/41448.dict.yaml	𦨣	diao	0	𦨣
cn_dicts/41448.dict.yaml	𦩍	diao	0	𦩍
cn_dicts/41448.dict.yaml	𦶌	diao	0	𦶌
cn_dicts/41448.dict.yaml	𦸔	diao	0	𦸔
cn_dicts/41448.dict.yaml	𧅈	diao	0	𧅈
cn_dicts/41448.dict.yaml	𧘨	diao	0	𧘨
cn_dicts/41448.dict.yaml	𧘩	diao	0	𧘩
cn_dicts/41448.dict.yaml	𧜣	diao	0	𧜣
cn_dicts/41448.dict.yaml	𨍳	diao	0	𨍳
cn_dicts/41448.dict.yaml	𨰑	diao	0	𨰑
cn_dicts/41448.dict.yaml	𨸓	diao	0	𨸓
cn_dicts/41448.dict.yaml	𩀜	diao	0	𩀜
cn_dicts/41448.dict.yaml	𩈮	diao	0	𩈮
cn_dicts/41448.dict.yaml	𩋙	diao	0	𩋙
cn_dicts/41448.dict.yaml	𩾗	diao	0	𩾗
cn_dicts/41448.dict.yaml	㑙	die	0	㑙
cn_dicts/41448.dict.yaml	㥈	die	0	㥈
cn_dicts/41448.dict.yaml	㦅	die	0	㦅
cn_dicts/41448.dict.yaml	㦶	die	0	㦶
cn_dicts/41448.dict.yaml	㩸	die	0	㩸
cn_dicts/41448.dict.yaml	㩹	die	0	㩹
cn_dicts/41448.dict.yaml	㫼	die	0	㫼
cn_dicts/41448.dict.yaml	㬪	die	0	㬪
cn_dicts/41448.dict.yaml	㭯	die	0	㭯
cn_dicts/41448.dict.yaml	㲲	die	0	㲲
cn_dicts/41448.dict.yaml	㲳	die	0	㲳
cn_dicts/41448.dict.yaml	㷸	die	0	㷸
cn_dicts/41448.dict.yaml	㻡	die	0	㻡
cn_dicts/41448.dict.yaml	䏲	die	0	䏲
cn_dicts/41448.dict.yaml	䘭	die	0	䘭
cn_dicts/41448.dict.yaml	䙝	die	0	䙝
cn_dicts/41448.dict.yaml	䞇	die	0	䞇
cn_dicts/41448.dict.yaml	䞕	die	0	䞕
cn_dicts/41448.dict.yaml	䠟	die	0	䠟
cn_dicts/41448.dict.yaml	䮢	die	0	䮢
cn_dicts/41448.dict.yaml	䲀	die	0	䲀
cn_dicts/41448.dict.yaml	䳀	die	0	䳀
cn_dicts/41448.dict.yaml	䳻	die	0	䳻
cn_dicts/41448.dict.yaml	䴑	die	0	䴑
cn_dicts/41448.dict.yaml	𠅗	die	0	𠅗
cn_dicts/41448.dict.yaml	𠆙	die	0	𠆙
cn_dicts/41448.dict.yaml	𠗛	die	0	𠗛
cn_dicts/41448.dict.yaml	𠗨	die	0	𠗨
cn_dicts/41448.dict.yaml	𠠯	die	0	𠠯
cn_dicts/41448.dict.yaml	𠲷	die	0	𠲷
cn_dicts/41448.dict.yaml	𡅥	die	0	𡅥
cn_dicts/41448.dict.yaml	𡇓	die	0	𡇓
cn_dicts/41448.dict.yaml	𡖐	die	0	𡖐
cn_dicts/41448.dict.yaml	𡱷	die	0	𡱷
cn_dicts/41448.dict.yaml	𡹭	die	0	𡹭
cn_dicts/41448.dict.yaml	𡺑	die	0	𡺑
cn_dicts/41448.dict.yaml	𡼄	die	0	𡼄
cn_dicts/41448.dict.yaml	𢎆	die	0	𢎆
cn_dicts/41448.dict.yaml	𢜨	die	0	𢜨
cn_dicts/41448.dict.yaml	𢬴	die	0	𢬴
cn_dicts/41448.dict.yaml	𢲼	die	0	𢲼
cn_dicts/41448.dict.yaml	𢶣	die	0	𢶣
cn_dicts/41448.dict.yaml	𣈍	die	0	𣈍
cn_dicts/41448.dict.yaml	𣛻	die	0	𣛻
cn_dicts/41448.dict.yaml	𣡟	die	0	𣡟
cn_dicts/41448.dict.yaml	𣧈	die	0	𣧈
cn_dicts/41448.dict.yaml	𣨂	die	0	𣨂
cn_dicts/41448.dict.yaml	𣶏	die	0	𣶏
cn_dicts/41448.dict.yaml	𤖒	die	0	𤖒
cn_dicts/41448.dict.yaml	𤗨	die	0	𤗨
cn_dicts/41448.dict.yaml	𤚊	die	0	𤚊
cn_dicts/41448.dict.yaml	𤴍	die	0	𤴍
cn_dicts/41448.dict.yaml	𥈖	die	0	𥈖
cn_dicts/41448.dict.yaml	𥉺	die	0	𥉺
cn_dicts/41448.dict.yaml	𥑇	die	0	𥑇
cn_dicts/41448.dict.yaml	𥥌	die	0	𥥌
cn_dicts/41448.dict.yaml	𥶺	die	0	𥶺
cn_dicts/41448.dict.yaml	𥷕	die	0	𥷕
cn_dicts/41448.dict.yaml	𦁛	die	0	𦁛
cn_dicts/41448.dict.yaml	𦁜	die	0	𦁜
cn_dicts/41448.dict.yaml	𦄔	die	0	𦄔
cn_dicts/41448.dict.yaml	𦈅	die	0	𦈅
cn_dicts/41448.dict.yaml	𧍱	die	0	𧍱
cn_dicts/41448.dict.yaml	𨄌	die	0	𨄌
cn_dicts/41448.dict.yaml	𨈈	die	0	𨈈
cn_dicts/41448.dict.yaml	𨐁	die	0	𨐁
cn_dicts/41448.dict.yaml	𨓊	die	0	𨓊
cn_dicts/41448.dict.yaml	𨭓	die	0	𨭓
cn_dicts/41448.dict.yaml	𨳺	die	0	𨳺
cn_dicts/41448.dict.yaml	𨴗	die	0	𨴗
cn_dicts/41448.dict.yaml	𨻗	die	0	𨻗
cn_dicts/41448.dict.yaml	𨾤	die	0	𨾤
cn_dicts/41448.dict.yaml	𩋞	die	0	𩋞
cn_dicts/41448.dict.yaml	𩻵	die	0	𩻵
cn_dicts/41448.dict.yaml	𪀒	die	0	𪀒
cn_dicts/41448.dict.yaml	𪑧	die	0	𪑧
cn_dicts/41448.dict.yaml	㝎	ding	0	㝎
cn_dicts/41448.dict.yaml	㝪	ding	0	㝪
cn_dicts/41448.dict.yaml	㫀	ding	0	㫀
cn_dicts/41448.dict.yaml	㴿	ding	0	㴿
cn_dicts/41448.dict.yaml	㼗	ding	0	㼗
cn_dicts/41448.dict.yaml	䦺	ding	0	䦺
cn_dicts/41448.dict.yaml	𢑅	ding	0	𢑅
cn_dicts/41448.dict.yaml	𣆍	ding	0	𣆍
cn_dicts/41448.dict.yaml	𣢳	ding	0	𣢳
cn_dicts/41448.dict.yaml	𤐣	ding	0	𤐣
cn_dicts/41448.dict.yaml	𤛙	ding	0	𤛙
cn_dicts/41448.dict.yaml	𥇓	ding	0	𥇓
cn_dicts/41448.dict.yaml	𥯢	ding	0	𥯢
cn_dicts/41448.dict.yaml	𥳰	ding	0	𥳰
cn_dicts/41448.dict.yaml	𥸧	ding	0	𥸧
cn_dicts/41448.dict.yaml	𦨍	ding	0	𦨍
cn_dicts/41448.dict.yaml	𦩘	ding	0	𦩘
cn_dicts/41448.dict.yaml	𧇷	ding	0	𧇷
cn_dicts/41448.dict.yaml	𧌾	ding	0	𧌾
cn_dicts/41448.dict.yaml	𧳉	ding	0	𧳉
cn_dicts/41448.dict.yaml	𨡱	ding	0	𨡱
cn_dicts/41448.dict.yaml	𩜦	ding	0	𩜦
cn_dicts/41448.dict.yaml	𩠑	ding	0	𩠑
cn_dicts/41448.dict.yaml	𩡯	ding	0	𩡯
cn_dicts/41448.dict.yaml	𩸎	ding	0	𩸎
cn_dicts/41448.dict.yaml	𩾚	ding	0	𩾚
cn_dicts/41448.dict.yaml	𪔂	ding	0	𪔂
cn_dicts/41448.dict.yaml	𠲍	diu	0	𠲍
cn_dicts/41448.dict.yaml	𢒝	diu	0	𢒝
cn_dicts/41448.dict.yaml	㑈	dong	0	㑈
cn_dicts/41448.dict.yaml	㓊	dong	0	㓊
cn_dicts/41448.dict.yaml	㖦	dong	0	㖦
cn_dicts/41448.dict.yaml	㗢	dong	0	㗢
cn_dicts/41448.dict.yaml	㚵	dong	0	㚵
cn_dicts/41448.dict.yaml	㜱	dong	0	㜱
cn_dicts/41448.dict.yaml	㢥	dong	0	㢥
cn_dicts/41448.dict.yaml	㨂	dong	0	㨂
cn_dicts/41448.dict.yaml	㼯	dong	0	㼯
cn_dicts/41448.dict.yaml	䂢	dong	0	䂢
cn_dicts/41448.dict.yaml	䅍	dong	0	䅍
cn_dicts/41448.dict.yaml	䍶	dong	0	䍶
cn_dicts/41448.dict.yaml	䞒	dong	0	䞒
cn_dicts/41448.dict.yaml	䳉	dong	0	䳉
cn_dicts/41448.dict.yaml	䵔	dong	0	䵔
cn_dicts/41448.dict.yaml	𠄉	dong	0	𠄉
cn_dicts/41448.dict.yaml	𢔅	dong	0	𢔅
cn_dicts/41448.dict.yaml	𢛔	dong	0	𢛔
cn_dicts/41448.dict.yaml	𢳾	dong	0	𢳾
cn_dicts/41448.dict.yaml	𣿅	dong	0	𣿅
cn_dicts/41448.dict.yaml	𤤮	dong	0	𤤮
cn_dicts/41448.dict.yaml	𤦪	dong	0	𤦪
cn_dicts/41448.dict.yaml	𤲚	dong	0	𤲚
cn_dicts/41448.dict.yaml	𤷆	dong	0	𤷆
cn_dicts/41448.dict.yaml	𥫎	dong	0	𥫎
cn_dicts/41448.dict.yaml	𥳘	dong	0	𥳘
cn_dicts/41448.dict.yaml	𦡂	dong	0	𦡂
cn_dicts/41448.dict.yaml	𧄓	dong	0	𧄓
cn_dicts/41448.dict.yaml	𧆼	dong	0	𧆼
cn_dicts/41448.dict.yaml	𧓕	dong	0	𧓕
cn_dicts/41448.dict.yaml	𧡍	dong	0	𧡍
cn_dicts/41448.dict.yaml	𧯾	dong	0	𧯾
cn_dicts/41448.dict.yaml	𧲴	dong	0	𧲴
cn_dicts/41448.dict.yaml	𧳣	dong	0	𧳣
cn_dicts/41448.dict.yaml	𧼓	dong	0	𧼓
cn_dicts/41448.dict.yaml	𧼩	dong	0	𧼩
cn_dicts/41448.dict.yaml	𧽿	dong	0	𧽿
cn_dicts/41448.dict.yaml	𨩧	dong	0	𨩧
cn_dicts/41448.dict.yaml	𨿢	dong	0	𨿢
cn_dicts/41448.dict.yaml	𩂓	dong	0	𩂓
cn_dicts/41448.dict.yaml	𩐤	dong	0	𩐤
cn_dicts/41448.dict.yaml	𩐵	dong	0	𩐵
cn_dicts/41448.dict.yaml	𩜍	dong	0	𩜍
cn_dicts/41448.dict.yaml	𩣳	dong	0	𩣳
cn_dicts/41448.dict.yaml	𩭩	dong	0	𩭩
cn_dicts/41448.dict.yaml	𪐈	dong	0	𪐈
cn_dicts/41448.dict.yaml	𪔦	dong	0	𪔦
cn_dicts/41448.dict.yaml	㛒	dou	0	㛒
cn_dicts/41448.dict.yaml	㞳	dou	0	㞳
cn_dicts/41448.dict.yaml	㢄	dou	0	㢄
cn_dicts/41448.dict.yaml	㨮	dou	0	㨮
cn_dicts/41448.dict.yaml	㪷	dou	0	㪷
cn_dicts/41448.dict.yaml	㷆	dou	0	㷆
cn_dicts/41448.dict.yaml	䄈	dou	0	䄈
cn_dicts/41448.dict.yaml	䇺	dou	0	䇺
cn_dicts/41448.dict.yaml	䕆	dou	0	䕆
cn_dicts/41448.dict.yaml	䕱	dou	0	䕱
cn_dicts/41448.dict.yaml	䛠	dou	0	䛠
cn_dicts/41448.dict.yaml	䬦	dou	0	䬦
cn_dicts/41448.dict.yaml	𠍄	dou	0	𠍄
cn_dicts/41448.dict.yaml	𠱑	dou	0	𠱑
cn_dicts/41448.dict.yaml	𠾇	dou	0	𠾇
cn_dicts/41448.dict.yaml	𡂛	dou	0	𡂛
cn_dicts/41448.dict.yaml	𡂝	dou	0	𡂝
cn_dicts/41448.dict.yaml	𡆏	dou	0	𡆏
cn_dicts/41448.dict.yaml	𡙬	dou	0	𡙬
cn_dicts/41448.dict.yaml	𡟳	dou	0	𡟳
cn_dicts/41448.dict.yaml	𢦍	dou	0	𢦍
cn_dicts/41448.dict.yaml	𢭃	dou	0	𢭃
cn_dicts/41448.dict.yaml	𣁵	dou	0	𣁵
cn_dicts/41448.dict.yaml	𣂮	dou	0	𣂮
cn_dicts/41448.dict.yaml	𣘛	dou	0	𣘛
cn_dicts/41448.dict.yaml	𣭗	dou	0	𣭗
cn_dicts/41448.dict.yaml	𤀨	dou	0	𤀨
cn_dicts/41448.dict.yaml	𤅋	dou	0	𤅋
cn_dicts/41448.dict.yaml	𤝈	dou	0	𤝈
cn_dicts/41448.dict.yaml	𤞟	dou	0	𤞟
cn_dicts/41448.dict.yaml	𤾒	dou	0	𤾒
cn_dicts/41448.dict.yaml	𥆖	dou	0	𥆖
cn_dicts/41448.dict.yaml	𥉝	dou	0	𥉝
cn_dicts/41448.dict.yaml	𥥷	dou	0	𥥷
cn_dicts/41448.dict.yaml	𥺉	dou	0	𥺉
cn_dicts/41448.dict.yaml	𦄓	dou	0	𦄓
cn_dicts/41448.dict.yaml	𦆘	dou	0	𦆘
cn_dicts/41448.dict.yaml	𧏆	dou	0	𧏆
cn_dicts/41448.dict.yaml	𧘞	dou	0	𧘞
cn_dicts/41448.dict.yaml	𧡸	dou	0	𧡸
cn_dicts/41448.dict.yaml	𧮡	dou	0	𧮡
cn_dicts/41448.dict.yaml	𧯞	dou	0	𧯞
cn_dicts/41448.dict.yaml	𧯠	dou	0	𧯠
cn_dicts/41448.dict.yaml	𧯤	dou	0	𧯤
cn_dicts/41448.dict.yaml	𧱓	dou	0	𧱓
cn_dicts/41448.dict.yaml	𨁋	dou	0	𨁋
cn_dicts/41448.dict.yaml	𨥪	dou	0	𨥪
cn_dicts/41448.dict.yaml	𨪐	dou	0	𨪐
cn_dicts/41448.dict.yaml	𨴜	dou	0	𨴜
cn_dicts/41448.dict.yaml	𨶜	dou	0	𨶜
cn_dicts/41448.dict.yaml	𨹜	dou	0	𨹜
cn_dicts/41448.dict.yaml	𩊪	dou	0	𩊪
cn_dicts/41448.dict.yaml	𩑯	dou	0	𩑯
cn_dicts/41448.dict.yaml	𩔡	dou	0	𩔡
cn_dicts/41448.dict.yaml	𩮷	dou	0	𩮷
cn_dicts/41448.dict.yaml	𩳈	dou	0	𩳈
cn_dicts/41448.dict.yaml	𪌉	dou	0	𪌉
cn_dicts/41448.dict.yaml	𪐺	dou	0	𪐺
cn_dicts/41448.dict.yaml	㓃	du	0	㓃
cn_dicts/41448.dict.yaml	㡯	du	0	㡯
cn_dicts/41448.dict.yaml	㱩	du	0	㱩
cn_dicts/41448.dict.yaml	㸿	du	0	㸿
cn_dicts/41448.dict.yaml	㹍	du	0	㹍
cn_dicts/41448.dict.yaml	㾄	du	0	㾄
cn_dicts/41448.dict.yaml	䀾	du	0	䀾
cn_dicts/41448.dict.yaml	䄍	du	0	䄍
cn_dicts/41448.dict.yaml	䅊	du	0	䅊
cn_dicts/41448.dict.yaml	䈞	du	0	䈞
cn_dicts/41448.dict.yaml	䐗	du	0	䐗
cn_dicts/41448.dict.yaml	䓯	du	0	䓯
cn_dicts/41448.dict.yaml	䙱	du	0	䙱
cn_dicts/41448.dict.yaml	䟻	du	0	䟻
cn_dicts/41448.dict.yaml	䢱	du	0	䢱
cn_dicts/41448.dict.yaml	䪅	du	0	䪅
cn_dicts/41448.dict.yaml	䫳	du	0	䫳
cn_dicts/41448.dict.yaml	䮷	du	0	䮷
cn_dicts/41448.dict.yaml	䲧	du	0	䲧
cn_dicts/41448.dict.yaml	𠉩	du	0	𠉩
cn_dicts/41448.dict.yaml	𠠔	du	0	𠠔
cn_dicts/41448.dict.yaml	𠠠	du	0	𠠠
cn_dicts/41448.dict.yaml	𠣰	du	0	𠣰
cn_dicts/41448.dict.yaml	𡍨	du	0	𡍨
cn_dicts/41448.dict.yaml	𡎉	du	0	𡎉
cn_dicts/41448.dict.yaml	𡝜	du	0	𡝜
cn_dicts/41448.dict.yaml	𢉜	du	0	𢉜
cn_dicts/41448.dict.yaml	𢝂	du	0	𢝂
cn_dicts/41448.dict.yaml	𢷺	du	0	𢷺
cn_dicts/41448.dict.yaml	𢽚	du	0	𢽚
cn_dicts/41448.dict.yaml	𢾀	du	0	𢾀
cn_dicts/41448.dict.yaml	𢾅	du	0	𢾅
cn_dicts/41448.dict.yaml	𣧃	du	0	𣧃
cn_dicts/41448.dict.yaml	𣨲	du	0	𣨲
cn_dicts/41448.dict.yaml	𣫔	du	0	𣫔
cn_dicts/41448.dict.yaml	𣰬	du	0	𣰬
cn_dicts/41448.dict.yaml	𤚚	du	0	𤚚
cn_dicts/41448.dict.yaml	𤚡	du	0	𤚡
cn_dicts/41448.dict.yaml	𤫻	du	0	𤫻
cn_dicts/41448.dict.yaml	𤬂	du	0	𤬂
cn_dicts/41448.dict.yaml	𤬪	du	0	𤬪
cn_dicts/41448.dict.yaml	𤴱	du	0	𤴱
cn_dicts/41448.dict.yaml	𤵊	du	0	𤵊
cn_dicts/41448.dict.yaml	𤶮	du	0	𤶮
cn_dicts/41448.dict.yaml	𥀁	du	0	𥀁
cn_dicts/41448.dict.yaml	𥀲	du	0	𥀲
cn_dicts/41448.dict.yaml	𥃾	du	0	𥃾
cn_dicts/41448.dict.yaml	𥑯	du	0	𥑯
cn_dicts/41448.dict.yaml	𥓇	du	0	𥓇
cn_dicts/41448.dict.yaml	𥓍	du	0	𥓍
cn_dicts/41448.dict.yaml	𥖠	du	0	𥖠
cn_dicts/41448.dict.yaml	𥖿	du	0	𥖿
cn_dicts/41448.dict.yaml	𥝟	du	0	𥝟
cn_dicts/41448.dict.yaml	𥝾	du	0	𥝾
cn_dicts/41448.dict.yaml	𥯖	du	0	𥯖
cn_dicts/41448.dict.yaml	𥲗	du	0	𥲗
cn_dicts/41448.dict.yaml	𥳉	du	0	𥳉
cn_dicts/41448.dict.yaml	𥳲	du	0	𥳲
cn_dicts/41448.dict.yaml	𦌷	du	0	𦌷
cn_dicts/41448.dict.yaml	𦏕	du	0	𦏕
cn_dicts/41448.dict.yaml	𦘴	du	0	𦘴
cn_dicts/41448.dict.yaml	𦙋	du	0	𦙋
cn_dicts/41448.dict.yaml	𦚈	du	0	𦚈
cn_dicts/41448.dict.yaml	𦛯	du	0	𦛯
cn_dicts/41448.dict.yaml	𦡄	du	0	𦡄
cn_dicts/41448.dict.yaml	𦳔	du	0	𦳔
cn_dicts/41448.dict.yaml	𦺇	du	0	𦺇
cn_dicts/41448.dict.yaml	𦺥	du	0	𦺥
cn_dicts/41448.dict.yaml	𧁿	du	0	𧁿
cn_dicts/41448.dict.yaml	𧋌	du	0	𧋌
cn_dicts/41448.dict.yaml	𧐰	du	0	𧐰
cn_dicts/41448.dict.yaml	𧑠	du	0	𧑠
cn_dicts/41448.dict.yaml	𧔬	du	0	𧔬
cn_dicts/41448.dict.yaml	𧛔	du	0	𧛔
cn_dicts/41448.dict.yaml	𧞹	du	0	𧞹
cn_dicts/41448.dict.yaml	𧰵	du	0	𧰵
cn_dicts/41448.dict.yaml	𧷿	du	0	𧷿
cn_dicts/41448.dict.yaml	𧾥	du	0	𧾥
cn_dicts/41448.dict.yaml	𨂭	du	0	𨂭
cn_dicts/41448.dict.yaml	𨋈	du	0	𨋈
cn_dicts/41448.dict.yaml	𨍛	du	0	𨍛
cn_dicts/41448.dict.yaml	𨏔	du	0	𨏔
cn_dicts/41448.dict.yaml	𨽍	du	0	𨽍
cn_dicts/41448.dict.yaml	𩞾	du	0	𩞾
cn_dicts/41448.dict.yaml	𩥋	du	0	𩥋
cn_dicts/41448.dict.yaml	𩧈	du	0	𩧈
cn_dicts/41448.dict.yaml	𩨳	du	0	𩨳
cn_dicts/41448.dict.yaml	𩩮	du	0	𩩮
cn_dicts/41448.dict.yaml	𩵚	du	0	𩵚
cn_dicts/41448.dict.yaml	𪇆	du	0	𪇆
cn_dicts/41448.dict.yaml	𪍹	du	0	𪍹
cn_dicts/41448.dict.yaml	𪐞	du	0	𪐞
cn_dicts/41448.dict.yaml	㫁	duan	0	㫁
cn_dicts/41448.dict.yaml	㱭	duan	0	㱭
cn_dicts/41448.dict.yaml	䠪	duan	0	䠪
cn_dicts/41448.dict.yaml	𠡱	duan	0	𠡱
cn_dicts/41448.dict.yaml	𢭃	duan	0	𢭃
cn_dicts/41448.dict.yaml	𢯫	duan	0	𢯫
cn_dicts/41448.dict.yaml	𢷖	duan	0	𢷖
cn_dicts/41448.dict.yaml	𣠭	duan	0	𣠭
cn_dicts/41448.dict.yaml	𥠄	duan	0	𥠄
cn_dicts/41448.dict.yaml	𥵣	duan	0	𥵣
cn_dicts/41448.dict.yaml	𦾸	duan	0	𦾸
cn_dicts/41448.dict.yaml	𧤗	duan	0	𧤗
cn_dicts/41448.dict.yaml	𧶲	duan	0	𧶲
cn_dicts/41448.dict.yaml	𨱚	duan	0	𨱚
cn_dicts/41448.dict.yaml	𨺣	duan	0	𨺣
cn_dicts/41448.dict.yaml	𩏇	duan	0	𩏇
cn_dicts/41448.dict.yaml	𩤚	duan	0	𩤚
cn_dicts/41448.dict.yaml	𩤣	duan	0	𩤣
cn_dicts/41448.dict.yaml	㙂	dui	0	㙂
cn_dicts/41448.dict.yaml	㟋	dui	0	㟋
cn_dicts/41448.dict.yaml	㠚	dui	0	㠚
cn_dicts/41448.dict.yaml	㬣	dui	0	㬣
cn_dicts/41448.dict.yaml	㳔	dui	0	㳔
cn_dicts/41448.dict.yaml	㵽	dui	0	㵽
cn_dicts/41448.dict.yaml	䇏	dui	0	䇏
cn_dicts/41448.dict.yaml	䇤	dui	0	䇤
cn_dicts/41448.dict.yaml	䔪	dui	0	䔪
cn_dicts/41448.dict.yaml	䨴	dui	0	䨴
cn_dicts/41448.dict.yaml	䨺	dui	0	䨺
cn_dicts/41448.dict.yaml	䬈	dui	0	䬈
cn_dicts/41448.dict.yaml	䬽	dui	0	䬽
cn_dicts/41448.dict.yaml	䯟	dui	0	䯟
cn_dicts/41448.dict.yaml	𠂤	dui	0	𠂤
cn_dicts/41448.dict.yaml	𠏮	dui	0	𠏮
cn_dicts/41448.dict.yaml	𠜑	dui	0	𠜑
cn_dicts/41448.dict.yaml	𠡒	dui	0	𠡒
cn_dicts/41448.dict.yaml	𠦗	dui	0	𠦗
cn_dicts/41448.dict.yaml	𠫨	dui	0	𠫨
cn_dicts/41448.dict.yaml	𡁨	dui	0	𡁨
cn_dicts/41448.dict.yaml	𡏩	dui	0	𡏩
cn_dicts/41448.dict.yaml	𡑈	dui	0	𡑈
cn_dicts/41448.dict.yaml	𡜥	dui	0	𡜥
cn_dicts/41448.dict.yaml	𡷋	dui	0	𡷋
cn_dicts/41448.dict.yaml	𡼻	dui	0	𡼻
cn_dicts/41448.dict.yaml	𢆻	dui	0	𢆻
cn_dicts/41448.dict.yaml	𢈹	dui	0	𢈹
cn_dicts/41448.dict.yaml	𢟋	dui	0	𢟋
cn_dicts/41448.dict.yaml	𣝉	dui	0	𣝉
cn_dicts/41448.dict.yaml	𣪌	dui	0	𣪌
cn_dicts/41448.dict.yaml	𤄛	dui	0	𤄛
cn_dicts/41448.dict.yaml	𤤷	dui	0	𤤷
cn_dicts/41448.dict.yaml	𤧫	dui	0	𤧫
cn_dicts/41448.dict.yaml	𤮩	dui	0	𤮩
cn_dicts/41448.dict.yaml	𤷎	dui	0	𤷎
cn_dicts/41448.dict.yaml	𤹵	dui	0	𤹵
cn_dicts/41448.dict.yaml	𥑵	dui	0	𥑵
cn_dicts/41448.dict.yaml	𥹲	dui	0	𥹲
cn_dicts/41448.dict.yaml	𦞱	dui	0	𦞱
cn_dicts/41448.dict.yaml	𦡷	dui	0	𦡷
cn_dicts/41448.dict.yaml	𦶏	dui	0	𦶏
cn_dicts/41448.dict.yaml	𧧆	dui	0	𧧆
cn_dicts/41448.dict.yaml	𨬍	dui	0	𨬍
cn_dicts/41448.dict.yaml	𨹅	dui	0	𨹅
cn_dicts/41448.dict.yaml	𨻵	dui	0	𨻵
cn_dicts/41448.dict.yaml	𩄮	dui	0	𩄮
cn_dicts/41448.dict.yaml	𩅆	dui	0	𩅆
cn_dicts/41448.dict.yaml	𩅥	dui	0	𩅥
cn_dicts/41448.dict.yaml	𩅲	dui	0	𩅲
cn_dicts/41448.dict.yaml	𩈁	dui	0	𩈁
cn_dicts/41448.dict.yaml	𩈜	dui	0	𩈜
cn_dicts/41448.dict.yaml	𩊭	dui	0	𩊭
cn_dicts/41448.dict.yaml	𩐌	dui	0	𩐌
cn_dicts/41448.dict.yaml	𩜀	dui	0	𩜀
cn_dicts/41448.dict.yaml	𩨽	dui	0	𩨽
cn_dicts/41448.dict.yaml	𪌤	dui	0	𪌤
cn_dicts/41448.dict.yaml	𪒛	dui	0	𪒛
cn_dicts/41448.dict.yaml	𪒡	dui	0	𪒡
cn_dicts/41448.dict.yaml	㬿	dun	0	㬿
cn_dicts/41448.dict.yaml	䤜	dun	0	䤜
cn_dicts/41448.dict.yaml	𠎻	dun	0	𠎻
cn_dicts/41448.dict.yaml	𡆰	dun	0	𡆰
cn_dicts/41448.dict.yaml	𡼖	dun	0	𡼖
cn_dicts/41448.dict.yaml	𢬼	dun	0	𢬼
cn_dicts/41448.dict.yaml	𣎴	dun	0	𣎴
cn_dicts/41448.dict.yaml	𣗁	dun	0	𣗁
cn_dicts/41448.dict.yaml	𣚪	dun	0	𣚪
cn_dicts/41448.dict.yaml	𣞇	dun	0	𣞇
cn_dicts/41448.dict.yaml	𤟢	dun	0	𤟢
cn_dicts/41448.dict.yaml	𤭞	dun	0	𤭞
cn_dicts/41448.dict.yaml	𥂦	dun	0	𥂦
cn_dicts/41448.dict.yaml	𥫬	dun	0	𥫬
cn_dicts/41448.dict.yaml	𥫱	dun	0	𥫱
cn_dicts/41448.dict.yaml	𥭒	dun	0	𥭒
cn_dicts/41448.dict.yaml	𦎧	dun	0	𦎧
cn_dicts/41448.dict.yaml	𦪔	dun	0	𦪔
cn_dicts/41448.dict.yaml	𦰭	dun	0	𦰭
cn_dicts/41448.dict.yaml	𦼿	dun	0	𦼿
cn_dicts/41448.dict.yaml	𧝗	dun	0	𧝗
cn_dicts/41448.dict.yaml	𧿗	dun	0	𧿗
cn_dicts/41448.dict.yaml	𨔡	dun	0	𨔡
cn_dicts/41448.dict.yaml	𩔂	dun	0	𩔂
cn_dicts/41448.dict.yaml	𩞤	dun	0	𩞤
cn_dicts/41448.dict.yaml	㔍	duo	0	㔍
cn_dicts/41448.dict.yaml	㖼	duo	0	㖼
cn_dicts/41448.dict.yaml	㙐	duo	0	㙐
cn_dicts/41448.dict.yaml	㛆	duo	0	㛆
cn_dicts/41448.dict.yaml	㛊	duo	0	㛊
cn_dicts/41448.dict.yaml	㣞	duo	0	㣞
cn_dicts/41448.dict.yaml	㥩	duo	0	㥩
cn_dicts/41448.dict.yaml	㧷	duo	0	㧷
cn_dicts/41448.dict.yaml	㻔	duo	0	㻔
cn_dicts/41448.dict.yaml	㻧	duo	0	㻧
cn_dicts/41448.dict.yaml	䁟	duo	0	䁟
cn_dicts/41448.dict.yaml	䄍	duo	0	䄍
cn_dicts/41448.dict.yaml	䅜	duo	0	䅜
cn_dicts/41448.dict.yaml	䍴	duo	0	䍴
cn_dicts/41448.dict.yaml	䐾	duo	0	䐾
cn_dicts/41448.dict.yaml	䑨	duo	0	䑨
cn_dicts/41448.dict.yaml	䒳	duo	0	䒳
cn_dicts/41448.dict.yaml	䙃	duo	0	䙃
cn_dicts/41448.dict.yaml	䙟	duo	0	䙟
cn_dicts/41448.dict.yaml	䙤	duo	0	䙤
cn_dicts/41448.dict.yaml	䠤	duo	0	䠤
cn_dicts/41448.dict.yaml	䤪	duo	0	䤪
cn_dicts/41448.dict.yaml	䤻	duo	0	䤻
cn_dicts/41448.dict.yaml	䩔	duo	0	䩔
cn_dicts/41448.dict.yaml	䩣	duo	0	䩣
cn_dicts/41448.dict.yaml	䫂	duo	0	䫂
cn_dicts/41448.dict.yaml	䯬	duo	0	䯬
cn_dicts/41448.dict.yaml	䲊	duo	0	䲊
cn_dicts/41448.dict.yaml	𠛫	duo	0	𠛫
cn_dicts/41448.dict.yaml	𡌭	duo	0	𡌭
cn_dicts/41448.dict.yaml	𡓉	duo	0	𡓉
cn_dicts/41448.dict.yaml	𡓷	duo	0	𡓷
cn_dicts/41448.dict.yaml	𡶲	duo	0	𡶲
cn_dicts/41448.dict.yaml	𡺇	duo	0	𡺇
cn_dicts/41448.dict.yaml	𢜬	duo	0	𢜬
cn_dicts/41448.dict.yaml	𢳽	duo	0	𢳽
cn_dicts/41448.dict.yaml	𢼠	duo	0	𢼠
cn_dicts/41448.dict.yaml	𢿎	duo	0	𢿎
cn_dicts/41448.dict.yaml	𣑧	duo	0	𣑧
cn_dicts/41448.dict.yaml	𣧷	duo	0	𣧷
cn_dicts/41448.dict.yaml	𣵺	duo	0	𣵺
cn_dicts/41448.dict.yaml	𣵻	duo	0	𣵻
cn_dicts/41448.dict.yaml	𤋨	duo	0	𤋨
cn_dicts/41448.dict.yaml	𤌃	duo	0	𤌃
cn_dicts/41448.dict.yaml	𤛛	duo	0	𤛛
cn_dicts/41448.dict.yaml	𤢕	duo	0	𤢕
cn_dicts/41448.dict.yaml	𤤸	duo	0	𤤸
cn_dicts/41448.dict.yaml	𤬾	duo	0	𤬾
cn_dicts/41448.dict.yaml	𥞛	duo	0	𥞛
cn_dicts/41448.dict.yaml	𥬲	duo	0	𥬲
cn_dicts/41448.dict.yaml	𥳔	duo	0	𥳔
cn_dicts/41448.dict.yaml	𥿰	duo	0	𥿰
cn_dicts/41448.dict.yaml	𦍦	duo	0	𦍦
cn_dicts/41448.dict.yaml	𦕰	duo	0	𦕰
cn_dicts/41448.dict.yaml	𦖋	duo	0	𦖋
cn_dicts/41448.dict.yaml	𧊱	duo	0	𧊱
cn_dicts/41448.dict.yaml	𧙤	duo	0	𧙤
cn_dicts/41448.dict.yaml	𧢵	duo	0	𧢵
cn_dicts/41448.dict.yaml	𧧇	duo	0	𧧇
cn_dicts/41448.dict.yaml	𧩧	duo	0	𧩧
cn_dicts/41448.dict.yaml	𧱫	duo	0	𧱫
cn_dicts/41448.dict.yaml	𨀟	duo	0	𨀟
cn_dicts/41448.dict.yaml	𨆅	duo	0	𨆅
cn_dicts/41448.dict.yaml	𨉡	duo	0	𨉡
cn_dicts/41448.dict.yaml	𨦃	duo	0	𨦃
cn_dicts/41448.dict.yaml	𨬍	duo	0	𨬍
cn_dicts/41448.dict.yaml	𨲉	duo	0	𨲉
cn_dicts/41448.dict.yaml	𨹃	duo	0	𨹃
cn_dicts/41448.dict.yaml	𩃒	duo	0	𩃒
cn_dicts/41448.dict.yaml	𩊜	duo	0	𩊜
cn_dicts/41448.dict.yaml	𩍜	duo	0	𩍜
cn_dicts/41448.dict.yaml	𩎫	duo	0	𩎫
cn_dicts/41448.dict.yaml	𩑒	duo	0	𩑒
cn_dicts/41448.dict.yaml	𩢎	duo	0	𩢎
cn_dicts/41448.dict.yaml	𩬻	duo	0	𩬻
cn_dicts/41448.dict.yaml	𩿩	duo	0	𩿩
cn_dicts/41448.dict.yaml	𪃒	duo	0	𪃒
cn_dicts/41448.dict.yaml	𪘉	duo	0	𪘉
cn_dicts/41448.dict.yaml	㓵	e	0	㓵
cn_dicts/41448.dict.yaml	㔩	e	0	㔩
cn_dicts/41448.dict.yaml	㕎	e	0	㕎
cn_dicts/41448.dict.yaml	㖾	e	0	㖾
cn_dicts/41448.dict.yaml	㗁	e	0	㗁
cn_dicts/41448.dict.yaml	㗉	e	0	㗉
cn_dicts/41448.dict.yaml	㟧	e	0	㟧
cn_dicts/41448.dict.yaml	㠋	e	0	㠋
cn_dicts/41448.dict.yaml	㡋	e	0	㡋
cn_dicts/41448.dict.yaml	㦍	e	0	㦍
cn_dicts/41448.dict.yaml	㧖	e	0	㧖
cn_dicts/41448.dict.yaml	㩵	e	0	㩵
cn_dicts/41448.dict.yaml	㮙	e	0	㮙
cn_dicts/41448.dict.yaml	㱦	e	0	㱦
cn_dicts/41448.dict.yaml	㷈	e	0	㷈
cn_dicts/41448.dict.yaml	㼂	e	0	㼂
cn_dicts/41448.dict.yaml	㼢	e	0	㼢
cn_dicts/41448.dict.yaml	㼰	e	0	㼰
cn_dicts/41448.dict.yaml	䄉	e	0	䄉
cn_dicts/41448.dict.yaml	䆓	e	0	䆓
cn_dicts/41448.dict.yaml	䑥	e	0	䑥
cn_dicts/41448.dict.yaml	䑪	e	0	䑪
cn_dicts/41448.dict.yaml	䓊	e	0	䓊
cn_dicts/41448.dict.yaml	䔾	e	0	䔾
cn_dicts/41448.dict.yaml	䕏	e	0	䕏
cn_dicts/41448.dict.yaml	䖸	e	0	䖸
cn_dicts/41448.dict.yaml	䙳	e	0	䙳
cn_dicts/41448.dict.yaml	䛖	e	0	䛖
cn_dicts/41448.dict.yaml	䝈	e	0	䝈
cn_dicts/41448.dict.yaml	䞩	e	0	䞩
cn_dicts/41448.dict.yaml	䣞	e	0	䣞
cn_dicts/41448.dict.yaml	䩹	e	0	䩹
cn_dicts/41448.dict.yaml	䫷	e	0	䫷
cn_dicts/41448.dict.yaml	䱮	e	0	䱮
cn_dicts/41448.dict.yaml	䳗	e	0	䳗
cn_dicts/41448.dict.yaml	䳘	e	0	䳘
cn_dicts/41448.dict.yaml	䳬	e	0	䳬
cn_dicts/41448.dict.yaml	𠥍	e	0	𠥍
cn_dicts/41448.dict.yaml	𠥕	e	0	𠥕
cn_dicts/41448.dict.yaml	𠥜	e	0	𠥜
cn_dicts/41448.dict.yaml	𠯪	e	0	𠯪
cn_dicts/41448.dict.yaml	𠰜	e	0	𠰜
cn_dicts/41448.dict.yaml	𠱥	e	0	𠱥
cn_dicts/41448.dict.yaml	𠱫	e	0	𠱫
cn_dicts/41448.dict.yaml	𠷸	e	0	𠷸
cn_dicts/41448.dict.yaml	𡀾	e	0	𡀾
cn_dicts/41448.dict.yaml	𡅅	e	0	𡅅
cn_dicts/41448.dict.yaml	𡅡	e	0	𡅡
cn_dicts/41448.dict.yaml	𡪑	e	0	𡪑
cn_dicts/41448.dict.yaml	𡪗	e	0	𡪗
cn_dicts/41448.dict.yaml	𡴯	e	0	𡴯
cn_dicts/41448.dict.yaml	𡹣	e	0	𡹣
cn_dicts/41448.dict.yaml	𡾙	e	0	𡾙
cn_dicts/41448.dict.yaml	𢃲	e	0	𢃲
cn_dicts/41448.dict.yaml	𢨡	e	0	𢨡
cn_dicts/41448.dict.yaml	𢼚	e	0	𢼚
cn_dicts/41448.dict.yaml	𢼛	e	0	𢼛
cn_dicts/41448.dict.yaml	𣄰	e	0	𣄰
cn_dicts/41448.dict.yaml	𣘨	e	0	𣘨
cn_dicts/41448.dict.yaml	𣢛	e	0	𣢛
cn_dicts/41448.dict.yaml	𣤲	e	0	𣤲
cn_dicts/41448.dict.yaml	𣦵	e	0	𣦵
cn_dicts/41448.dict.yaml	𤂷	e	0	𤂷
cn_dicts/41448.dict.yaml	𤎣	e	0	𤎣
cn_dicts/41448.dict.yaml	𤡾	e	0	𤡾
cn_dicts/41448.dict.yaml	𤪄	e	0	𤪄
cn_dicts/41448.dict.yaml	𤭼	e	0	𤭼
cn_dicts/41448.dict.yaml	𤸱	e	0	𤸱
cn_dicts/41448.dict.yaml	𤻜	e	0	𤻜
cn_dicts/41448.dict.yaml	𥋙	e	0	𥋙
cn_dicts/41448.dict.yaml	𥑺	e	0	𥑺
cn_dicts/41448.dict.yaml	𥑾	e	0	𥑾
cn_dicts/41448.dict.yaml	𥓈	e	0	𥓈
cn_dicts/41448.dict.yaml	𥯳	e	0	𥯳
cn_dicts/41448.dict.yaml	𦊪	e	0	𦊪
cn_dicts/41448.dict.yaml	𦛅	e	0	𦛅
cn_dicts/41448.dict.yaml	𧊜	e	0	𧊜
cn_dicts/41448.dict.yaml	𧊧	e	0	𧊧
cn_dicts/41448.dict.yaml	𧌄	e	0	𧌄
cn_dicts/41448.dict.yaml	𧍬	e	0	𧍬
cn_dicts/41448.dict.yaml	𧒎	e	0	𧒎
cn_dicts/41448.dict.yaml	𧔼	e	0	𧔼
cn_dicts/41448.dict.yaml	𧙃	e	0	𧙃
cn_dicts/41448.dict.yaml	𧚄	e	0	𧚄
cn_dicts/41448.dict.yaml	𧠞	e	0	𧠞
cn_dicts/41448.dict.yaml	𧢽	e	0	𧢽
cn_dicts/41448.dict.yaml	𧨟	e	0	𧨟
cn_dicts/41448.dict.yaml	𧭪	e	0	𧭪
cn_dicts/41448.dict.yaml	𧼎	e	0	𧼎
cn_dicts/41448.dict.yaml	𧽶	e	0	𧽶
cn_dicts/41448.dict.yaml	𧿕	e	0	𧿕
cn_dicts/41448.dict.yaml	𨂁	e	0	𨂁
cn_dicts/41448.dict.yaml	𨃃	e	0	𨃃
cn_dicts/41448.dict.yaml	𨌧	e	0	𨌧
cn_dicts/41448.dict.yaml	𨤕	e	0	𨤕
cn_dicts/41448.dict.yaml	𨵌	e	0	𨵌
cn_dicts/41448.dict.yaml	𨶯	e	0	𨶯
cn_dicts/41448.dict.yaml	𨸷	e	0	𨸷
cn_dicts/41448.dict.yaml	𨺨	e	0	𨺨
cn_dicts/41448.dict.yaml	𩇠	e	0	𩇠
cn_dicts/41448.dict.yaml	𩉴	e	0	𩉴
cn_dicts/41448.dict.yaml	𩊢	e	0	𩊢
cn_dicts/41448.dict.yaml	𩋊	e	0	𩋊
cn_dicts/41448.dict.yaml	𩋽	e	0	𩋽
cn_dicts/41448.dict.yaml	𩐰	e	0	𩐰
cn_dicts/41448.dict.yaml	𩑁	e	0	𩑁
cn_dicts/41448.dict.yaml	𩒕	e	0	𩒕
cn_dicts/41448.dict.yaml	𩒰	e	0	𩒰
cn_dicts/41448.dict.yaml	𩕟	e	0	𩕟
cn_dicts/41448.dict.yaml	𩕬	e	0	𩕬
cn_dicts/41448.dict.yaml	𩖀	e	0	𩖀
cn_dicts/41448.dict.yaml	𩚬	e	0	𩚬
cn_dicts/41448.dict.yaml	𩣣	e	0	𩣣
cn_dicts/41448.dict.yaml	𩤩	e	0	𩤩
cn_dicts/41448.dict.yaml	𩨮	e	0	𩨮
cn_dicts/41448.dict.yaml	𩪤	e	0	𩪤
cn_dicts/41448.dict.yaml	𩸇	e	0	𩸇
cn_dicts/41448.dict.yaml	𩸋	e	0	𩸋
cn_dicts/41448.dict.yaml	𩸖	e	0	𩸖
cn_dicts/41448.dict.yaml	𪀝	e	0	𪀝
cn_dicts/41448.dict.yaml	𪅴	e	0	𪅴
cn_dicts/41448.dict.yaml	𪘊	e	0	𪘊
cn_dicts/41448.dict.yaml	𪘐	e	0	𪘐
cn_dicts/41448.dict.yaml	𪙯	e	0	𪙯
cn_dicts/41448.dict.yaml	𡅅	ei	0	𡅅
cn_dicts/41448.dict.yaml	䅰	en	0	䅰
cn_dicts/41448.dict.yaml	䊐	en	0	䊐
cn_dicts/41448.dict.yaml	䬶	en	0	䬶
cn_dicts/41448.dict.yaml	䭓	en	0	䭓
cn_dicts/41448.dict.yaml	䭡	en	0	䭡
cn_dicts/41448.dict.yaml	𡟯	en	0	𡟯
cn_dicts/41448.dict.yaml	𡵖	en	0	𡵖
cn_dicts/41448.dict.yaml	𡷐	en	0	𡷐
cn_dicts/41448.dict.yaml	𤇯	en	0	𤇯
cn_dicts/41448.dict.yaml	𤫹	en	0	𤫹
cn_dicts/41448.dict.yaml	㒃	er	0	㒃
cn_dicts/41448.dict.yaml	㖇	er	0	㖇
cn_dicts/41448.dict.yaml	㚷	er	0	㚷
cn_dicts/41448.dict.yaml	㛅	er	0	㛅
cn_dicts/41448.dict.yaml	㜨	er	0	㜨
cn_dicts/41448.dict.yaml	㢽	er	0	㢽
cn_dicts/41448.dict.yaml	㧫	er	0	㧫
cn_dicts/41448.dict.yaml	㮕	er	0	㮕
cn_dicts/41448.dict.yaml	䋙	er	0	䋙
cn_dicts/41448.dict.yaml	䋩	er	0	䋩
cn_dicts/41448.dict.yaml	䌺	er	0	䌺
cn_dicts/41448.dict.yaml	䎟	er	0	䎟
cn_dicts/41448.dict.yaml	䎠	er	0	䎠
cn_dicts/41448.dict.yaml	䎶	er	0	䎶
cn_dicts/41448.dict.yaml	䏪	er	0	䏪
cn_dicts/41448.dict.yaml	䣵	er	0	䣵
cn_dicts/41448.dict.yaml	䮘	er	0	䮘
cn_dicts/41448.dict.yaml	𠚧	er	0	𠚧
cn_dicts/41448.dict.yaml	𡦕	er	0	𡦕
cn_dicts/41448.dict.yaml	𢀪	er	0	𢀪
cn_dicts/41448.dict.yaml	𢄽	er	0	𢄽
cn_dicts/41448.dict.yaml	𣧹	er	0	𣧹
cn_dicts/41448.dict.yaml	𣩚	er	0	𣩚
cn_dicts/41448.dict.yaml	𤽓	er	0	𤽓
cn_dicts/41448.dict.yaml	𥅡	er	0	𥅡
cn_dicts/41448.dict.yaml	𦓓	er	0	𦓓
cn_dicts/41448.dict.yaml	𦓔	er	0	𦓔
cn_dicts/41448.dict.yaml	𦖢	er	0	𦖢
cn_dicts/41448.dict.yaml	𦗼	er	0	𦗼
cn_dicts/41448.dict.yaml	𧌣	er	0	𧌣
cn_dicts/41448.dict.yaml	𩚪	er	0	𩚪
cn_dicts/41448.dict.yaml	𩤖	er	0	𩤖
cn_dicts/41448.dict.yaml	𩰴	er	0	𩰴
cn_dicts/41448.dict.yaml	𩱊	er	0	𩱊
cn_dicts/41448.dict.yaml	𩱓	er	0	𩱓
cn_dicts/41448.dict.yaml	𪐰	er	0	𪐰
cn_dicts/41448.dict.yaml	𪕔	er	0	𪕔
cn_dicts/41448.dict.yaml	𪕨	er	0	𪕨
cn_dicts/41448.dict.yaml	㕹	fa	0	㕹
cn_dicts/41448.dict.yaml	㘺	fa	0	㘺
cn_dicts/41448.dict.yaml	㛲	fa	0	㛲
cn_dicts/41448.dict.yaml	㳒	fa	0	㳒
cn_dicts/41448.dict.yaml	䂲	fa	0	䂲
cn_dicts/41448.dict.yaml	䇅	fa	0	䇅
cn_dicts/41448.dict.yaml	䒥	fa	0	䒥
cn_dicts/41448.dict.yaml	䣹	fa	0	䣹
cn_dicts/41448.dict.yaml	𠞵	fa	0	𠞵
cn_dicts/41448.dict.yaml	𠲎	fa	0	𠲎
cn_dicts/41448.dict.yaml	𤇰	fa	0	𤇰
cn_dicts/41448.dict.yaml	𤣹	fa	0	𤣹
cn_dicts/41448.dict.yaml	𤿓	fa	0	𤿓
cn_dicts/41448.dict.yaml	𥎰	fa	0	𥎰
cn_dicts/41448.dict.yaml	𥩱	fa	0	𥩱
cn_dicts/41448.dict.yaml	𦪑	fa	0	𦪑
cn_dicts/41448.dict.yaml	𧬋	fa	0	𧬋
cn_dicts/41448.dict.yaml	𨀳	fa	0	𨀳
cn_dicts/41448.dict.yaml	𨋺	fa	0	𨋺
cn_dicts/41448.dict.yaml	㕨	fan	0	㕨
cn_dicts/41448.dict.yaml	㜶	fan	0	㜶
cn_dicts/41448.dict.yaml	㝃	fan	0	㝃
cn_dicts/41448.dict.yaml	㠶	fan	0	㠶
cn_dicts/41448.dict.yaml	㤆	fan	0	㤆
cn_dicts/41448.dict.yaml	㳎	fan	0	㳎
cn_dicts/41448.dict.yaml	㴀	fan	0	㴀
cn_dicts/41448.dict.yaml	㶗	fan	0	㶗
cn_dicts/41448.dict.yaml	㸋	fan	0	㸋
cn_dicts/41448.dict.yaml	㺕	fan	0	㺕
cn_dicts/41448.dict.yaml	㼝	fan	0	㼝
cn_dicts/41448.dict.yaml	㽹	fan	0	㽹
cn_dicts/41448.dict.yaml	㾱	fan	0	㾱
cn_dicts/41448.dict.yaml	䀀	fan	0	䀀
cn_dicts/41448.dict.yaml	䀟	fan	0	䀟
cn_dicts/41448.dict.yaml	䉊	fan	0	䉊
cn_dicts/41448.dict.yaml	䉒	fan	0	䉒
cn_dicts/41448.dict.yaml	䊩	fan	0	䊩
cn_dicts/41448.dict.yaml	䋣	fan	0	䋣
cn_dicts/41448.dict.yaml	䋦	fan	0	䋦
cn_dicts/41448.dict.yaml	䌓	fan	0	䌓
cn_dicts/41448.dict.yaml	䐪	fan	0	䐪
cn_dicts/41448.dict.yaml	䒦	fan	0	䒦
cn_dicts/41448.dict.yaml	䕰	fan	0	䕰
cn_dicts/41448.dict.yaml	䛀	fan	0	䛀
cn_dicts/41448.dict.yaml	䡊	fan	0	䡊
cn_dicts/41448.dict.yaml	䣲	fan	0	䣲
cn_dicts/41448.dict.yaml	䪛	fan	0	䪛
cn_dicts/41448.dict.yaml	䪤	fan	0	䪤
cn_dicts/41448.dict.yaml	䫶	fan	0	䫶
cn_dicts/41448.dict.yaml	䭵	fan	0	䭵
cn_dicts/41448.dict.yaml	䮳	fan	0	䮳
cn_dicts/41448.dict.yaml	𠆩	fan	0	𠆩
cn_dicts/41448.dict.yaml	𠒾	fan	0	𠒾
cn_dicts/41448.dict.yaml	𡁈	fan	0	𡁈
cn_dicts/41448.dict.yaml	𡗹	fan	0	𡗹
cn_dicts/41448.dict.yaml	𡜀	fan	0	𡜀
cn_dicts/41448.dict.yaml	𡤎	fan	0	𡤎
cn_dicts/41448.dict.yaml	𡶉	fan	0	𡶉
cn_dicts/41448.dict.yaml	𢇪	fan	0	𢇪
cn_dicts/41448.dict.yaml	𢐲	fan	0	𢐲
cn_dicts/41448.dict.yaml	𢗰	fan	0	𢗰
cn_dicts/41448.dict.yaml	𢬵	fan	0	𢬵
cn_dicts/41448.dict.yaml	𢶃	fan	0	𢶃
cn_dicts/41448.dict.yaml	𣔶	fan	0	𣔶
cn_dicts/41448.dict.yaml	𣳜	fan	0	𣳜
cn_dicts/41448.dict.yaml	𤄑	fan	0	𤄑
cn_dicts/41448.dict.yaml	𤄫	fan	0	𤄫
cn_dicts/41448.dict.yaml	𤬨	fan	0	𤬨
cn_dicts/41448.dict.yaml	𤭍	fan	0	𤭍
cn_dicts/41448.dict.yaml	𤳖	fan	0	𤳖
cn_dicts/41448.dict.yaml	𥃵	fan	0	𥃵
cn_dicts/41448.dict.yaml	𥅒	fan	0	𥅒
cn_dicts/41448.dict.yaml	𥢌	fan	0	𥢌
cn_dicts/41448.dict.yaml	𥸨	fan	0	𥸨
cn_dicts/41448.dict.yaml	𥹇	fan	0	𥹇
cn_dicts/41448.dict.yaml	𥻫	fan	0	𥻫
cn_dicts/41448.dict.yaml	𥼞	fan	0	𥼞
cn_dicts/41448.dict.yaml	𥿋	fan	0	𥿋
cn_dicts/41448.dict.yaml	𦊻	fan	0	𦊻
cn_dicts/41448.dict.yaml	𦜒	fan	0	𦜒
cn_dicts/41448.dict.yaml	𦦽	fan	0	𦦽
cn_dicts/41448.dict.yaml	𦨲	fan	0	𦨲
cn_dicts/41448.dict.yaml	𦪖	fan	0	𦪖
cn_dicts/41448.dict.yaml	𧀭	fan	0	𧀭
cn_dicts/41448.dict.yaml	𧁉	fan	0	𧁉
cn_dicts/41448.dict.yaml	𧉤	fan	0	𧉤
cn_dicts/41448.dict.yaml	𧊾	fan	0	𧊾
cn_dicts/41448.dict.yaml	𧍙	fan	0	𧍙
cn_dicts/41448.dict.yaml	𧢜	fan	0	𧢜
cn_dicts/41448.dict.yaml	𧦟	fan	0	𧦟
cn_dicts/41448.dict.yaml	𨆌	fan	0	𨆌
cn_dicts/41448.dict.yaml	𨙮	fan	0	𨙮
cn_dicts/41448.dict.yaml	𨟄	fan	0	𨟄
cn_dicts/41448.dict.yaml	𨠒	fan	0	𨠒
cn_dicts/41448.dict.yaml	𨥧	fan	0	𨥧
cn_dicts/41448.dict.yaml	𩕏	fan	0	𩕏
cn_dicts/41448.dict.yaml	𩡫	fan	0	𩡫
cn_dicts/41448.dict.yaml	𩧅	fan	0	𩧅
cn_dicts/41448.dict.yaml	𩨩	fan	0	𩨩
cn_dicts/41448.dict.yaml	𪖇	fan	0	𪖇
cn_dicts/41448.dict.yaml	㑂	fang	0	㑂
cn_dicts/41448.dict.yaml	㕫	fang	0	㕫
cn_dicts/41448.dict.yaml	㤃	fang	0	㤃
cn_dicts/41448.dict.yaml	㧍	fang	0	㧍
cn_dicts/41448.dict.yaml	㯐	fang	0	㯐
cn_dicts/41448.dict.yaml	䄱	fang	0	䄱
cn_dicts/41448.dict.yaml	䉊	fang	0	䉊
cn_dicts/41448.dict.yaml	䢍	fang	0	䢍
cn_dicts/41448.dict.yaml	䦈	fang	0	䦈
cn_dicts/41448.dict.yaml	䲱	fang	0	䲱
cn_dicts/41448.dict.yaml	𣄅	fang	0	𣄅
cn_dicts/41448.dict.yaml	𥫳	fang	0	𥫳
cn_dicts/41448.dict.yaml	𨾔	fang	0	𨾔
cn_dicts/41448.dict.yaml	𩇴	fang	0	𩇴
cn_dicts/41448.dict.yaml	𩗧	fang	0	𩗧
cn_dicts/41448.dict.yaml	𩬝	fang	0	𩬝
cn_dicts/41448.dict.yaml	𩮗	fang	0	𩮗
cn_dicts/41448.dict.yaml	𩲌	fang	0	𩲌
cn_dicts/41448.dict.yaml	𩷸	fang	0	𩷸
cn_dicts/41448.dict.yaml	𪕃	fang	0	𪕃
cn_dicts/41448.dict.yaml	㓈	fei	0	㓈
cn_dicts/41448.dict.yaml	㔗	fei	0	㔗
cn_dicts/41448.dict.yaml	㥱	fei	0	㥱
cn_dicts/41448.dict.yaml	㩌	fei	0	㩌
cn_dicts/41448.dict.yaml	㫵	fei	0	㫵
cn_dicts/41448.dict.yaml	㭭	fei	0	㭭
cn_dicts/41448.dict.yaml	㵒	fei	0	㵒
cn_dicts/41448.dict.yaml	㸬	fei	0	㸬
cn_dicts/41448.dict.yaml	㹃	fei	0	㹃
cn_dicts/41448.dict.yaml	㾱	fei	0	㾱
cn_dicts/41448.dict.yaml	䀟	fei	0	䀟
cn_dicts/41448.dict.yaml	䆏	fei	0	䆏
cn_dicts/41448.dict.yaml	䈈	fei	0	䈈
cn_dicts/41448.dict.yaml	䉬	fei	0	䉬
cn_dicts/41448.dict.yaml	䍨	fei	0	䍨
cn_dicts/41448.dict.yaml	䑔	fei	0	䑔
cn_dicts/41448.dict.yaml	䒈	fei	0	䒈
cn_dicts/41448.dict.yaml	䕁	fei	0	䕁
cn_dicts/41448.dict.yaml	䕠	fei	0	䕠
cn_dicts/41448.dict.yaml	䚨	fei	0	䚨
cn_dicts/41448.dict.yaml	䛍	fei	0	䛍
cn_dicts/41448.dict.yaml	䞳	fei	0	䞳
cn_dicts/41448.dict.yaml	䠊	fei	0	䠊
cn_dicts/41448.dict.yaml	䤵	fei	0	䤵
cn_dicts/41448.dict.yaml	䨽	fei	0	䨽
cn_dicts/41448.dict.yaml	䨾	fei	0	䨾
cn_dicts/41448.dict.yaml	䩁	fei	0	䩁
cn_dicts/41448.dict.yaml	䰁	fei	0	䰁
cn_dicts/41448.dict.yaml	𠏿	fei	0	𠏿
cn_dicts/41448.dict.yaml	𠮆	fei	0	𠮆
cn_dicts/41448.dict.yaml	𠲎	fei	0	𠲎
cn_dicts/41448.dict.yaml	𡌦	fei	0	𡌦
cn_dicts/41448.dict.yaml	𢑮	fei	0	𢑮
cn_dicts/41448.dict.yaml	𢒍	fei	0	𢒍
cn_dicts/41448.dict.yaml	𢳁	fei	0	𢳁
cn_dicts/41448.dict.yaml	𢾺	fei	0	𢾺
cn_dicts/41448.dict.yaml	𣍧	fei	0	𣍧
cn_dicts/41448.dict.yaml	𣙿	fei	0	𣙿
cn_dicts/41448.dict.yaml	𤝟	fei	0	𤝟
cn_dicts/41448.dict.yaml	𤷂	fei	0	𤷂
cn_dicts/41448.dict.yaml	𤺕	fei	0	𤺕
cn_dicts/41448.dict.yaml	𤼺	fei	0	𤼺
cn_dicts/41448.dict.yaml	𥄱	fei	0	𥄱
cn_dicts/41448.dict.yaml	𥇖	fei	0	𥇖
cn_dicts/41448.dict.yaml	𥝊	fei	0	𥝊
cn_dicts/41448.dict.yaml	𥝋	fei	0	𥝋
cn_dicts/41448.dict.yaml	𥟍	fei	0	𥟍
cn_dicts/41448.dict.yaml	𥠶	fei	0	𥠶
cn_dicts/41448.dict.yaml	𥭬	fei	0	𥭬
cn_dicts/41448.dict.yaml	𦃄	fei	0	𦃄
cn_dicts/41448.dict.yaml	𦱷	fei	0	𦱷
cn_dicts/41448.dict.yaml	𧌘	fei	0	𧌘
cn_dicts/41448.dict.yaml	𧍃	fei	0	𧍃
cn_dicts/41448.dict.yaml	𧑈	fei	0	𧑈
cn_dicts/41448.dict.yaml	𧓖	fei	0	𧓖
cn_dicts/41448.dict.yaml	𧕒	fei	0	𧕒
cn_dicts/41448.dict.yaml	𧕿	fei	0	𧕿
cn_dicts/41448.dict.yaml	𧚆	fei	0	𧚆
cn_dicts/41448.dict.yaml	𧝇	fei	0	𧝇
cn_dicts/41448.dict.yaml	𧿳	fei	0	𧿳
cn_dicts/41448.dict.yaml	𨚓	fei	0	𨚓
cn_dicts/41448.dict.yaml	𨵈	fei	0	𨵈
cn_dicts/41448.dict.yaml	𨻃	fei	0	𨻃
cn_dicts/41448.dict.yaml	𩄼	fei	0	𩄼
cn_dicts/41448.dict.yaml	𩆦	fei	0	𩆦
cn_dicts/41448.dict.yaml	𩇫	fei	0	𩇫
cn_dicts/41448.dict.yaml	𩇮	fei	0	𩇮
cn_dicts/41448.dict.yaml	𩇯	fei	0	𩇯
cn_dicts/41448.dict.yaml	𩇽	fei	0	𩇽
cn_dicts/41448.dict.yaml	𩙲	fei	0	𩙲
cn_dicts/41448.dict.yaml	𩡷	fei	0	𩡷
cn_dicts/41448.dict.yaml	𩦎	fei	0	𩦎
cn_dicts/41448.dict.yaml	𩯃	fei	0	𩯃
cn_dicts/41448.dict.yaml	𩰲	fei	0	𩰲
cn_dicts/41448.dict.yaml	𩰾	fei	0	𩰾
cn_dicts/41448.dict.yaml	𩱎	fei	0	𩱎
cn_dicts/41448.dict.yaml	𩵥	fei	0	𩵥
cn_dicts/41448.dict.yaml	𩹉	fei	0	𩹉
cn_dicts/41448.dict.yaml	𪁹	fei	0	𪁹
cn_dicts/41448.dict.yaml	𪂏	fei	0	𪂏
cn_dicts/41448.dict.yaml	㖹	fen	0	㖹
cn_dicts/41448.dict.yaml	㥹	fen	0	㥹
cn_dicts/41448.dict.yaml	㮥	fen	0	㮥
cn_dicts/41448.dict.yaml	㱵	fen	0	㱵
cn_dicts/41448.dict.yaml	㷊	fen	0	㷊
cn_dicts/41448.dict.yaml	㸮	fen	0	㸮
cn_dicts/41448.dict.yaml	㿎	fen	0	㿎
cn_dicts/41448.dict.yaml	䀟	fen	0	䀟
cn_dicts/41448.dict.yaml	䢍	fen	0	䢍
cn_dicts/41448.dict.yaml	䩿	fen	0	䩿
cn_dicts/41448.dict.yaml	䯨	fen	0	䯨
cn_dicts/41448.dict.yaml	䴅	fen	0	䴅
cn_dicts/41448.dict.yaml	𠛸	fen	0	𠛸
cn_dicts/41448.dict.yaml	𠵮	fen	0	𠵮
cn_dicts/41448.dict.yaml	𠻫	fen	0	𠻫
cn_dicts/41448.dict.yaml	𡊄	fen	0	𡊄
cn_dicts/41448.dict.yaml	𡊅	fen	0	𡊅
cn_dicts/41448.dict.yaml	𡨖	fen	0	𡨖
cn_dicts/41448.dict.yaml	𢁤	fen	0	𢁤
cn_dicts/41448.dict.yaml	𢅯	fen	0	𢅯
cn_dicts/41448.dict.yaml	𢊱	fen	0	𢊱
cn_dicts/41448.dict.yaml	𢚅	fen	0	𢚅
cn_dicts/41448.dict.yaml	𢧝	fen	0	𢧝
cn_dicts/41448.dict.yaml	𢴢	fen	0	𢴢
cn_dicts/41448.dict.yaml	𢹔	fen	0	𢹔
cn_dicts/41448.dict.yaml	𣬩	fen	0	𣬩
cn_dicts/41448.dict.yaml	𣯻	fen	0	𣯻
cn_dicts/41448.dict.yaml	𣱦	fen	0	𣱦
cn_dicts/41448.dict.yaml	𤔟	fen	0	𤔟
cn_dicts/41448.dict.yaml	𤖘	fen	0	𤖘
cn_dicts/41448.dict.yaml	𤗸	fen	0	𤗸
cn_dicts/41448.dict.yaml	𤘝	fen	0	𤘝
cn_dicts/41448.dict.yaml	𤰪	fen	0	𤰪
cn_dicts/41448.dict.yaml	𥂙	fen	0	𥂙
cn_dicts/41448.dict.yaml	𥳡	fen	0	𥳡
cn_dicts/41448.dict.yaml	𥹻	fen	0	𥹻
cn_dicts/41448.dict.yaml	𥽒	fen	0	𥽒
cn_dicts/41448.dict.yaml	𦍏	fen	0	𦍏
cn_dicts/41448.dict.yaml	𦍪	fen	0	𦍪
cn_dicts/41448.dict.yaml	𦐈	fen	0	𦐈
cn_dicts/41448.dict.yaml	𦦑	fen	0	𦦑
cn_dicts/41448.dict.yaml	𦰛	fen	0	𦰛
cn_dicts/41448.dict.yaml	𦶚	fen	0	𦶚
cn_dicts/41448.dict.yaml	𧮱	fen	0	𧮱
cn_dicts/41448.dict.yaml	𧷐	fen	0	𧷐
cn_dicts/41448.dict.yaml	𧿚	fen	0	𧿚
cn_dicts/41448.dict.yaml	𨎾	fen	0	𨎾
cn_dicts/41448.dict.yaml	𨤘	fen	0	𨤘
cn_dicts/41448.dict.yaml	𨤚	fen	0	𨤚
cn_dicts/41448.dict.yaml	𨳚	fen	0	𨳚
cn_dicts/41448.dict.yaml	𨳣	fen	0	𨳣
cn_dicts/41448.dict.yaml	𨷒	fen	0	𨷒
cn_dicts/41448.dict.yaml	𩉵	fen	0	𩉵
cn_dicts/41448.dict.yaml	𩡷	fen	0	𩡷
cn_dicts/41448.dict.yaml	𩢈	fen	0	𩢈
cn_dicts/41448.dict.yaml	𩰟	fen	0	𩰟
cn_dicts/41448.dict.yaml	𩸂	fen	0	𩸂
cn_dicts/41448.dict.yaml	𩿈	fen	0	𩿈
cn_dicts/41448.dict.yaml	㒥	feng	0	㒥
cn_dicts/41448.dict.yaml	㡝	feng	0	㡝
cn_dicts/41448.dict.yaml	㦀	feng	0	㦀
cn_dicts/41448.dict.yaml	㵯	feng	0	㵯
cn_dicts/41448.dict.yaml	䏎	feng	0	䏎
cn_dicts/41448.dict.yaml	䒠	feng	0	䒠
cn_dicts/41448.dict.yaml	䙜	feng	0	䙜
cn_dicts/41448.dict.yaml	䟪	feng	0	䟪
cn_dicts/41448.dict.yaml	䩬	feng	0	䩬
cn_dicts/41448.dict.yaml	䩼	feng	0	䩼
cn_dicts/41448.dict.yaml	䵄	feng	0	䵄
cn_dicts/41448.dict.yaml	𡉚	feng	0	𡉚
cn_dicts/41448.dict.yaml	𡕖	feng	0	𡕖
cn_dicts/41448.dict.yaml	𡨛	feng	0	𡨛
cn_dicts/41448.dict.yaml	𡵞	feng	0	𡵞
cn_dicts/41448.dict.yaml	𢇫	feng	0	𢇫
cn_dicts/41448.dict.yaml	𢓱	feng	0	𢓱
cn_dicts/41448.dict.yaml	𢪋	feng	0	𢪋
cn_dicts/41448.dict.yaml	𣿝	feng	0	𣿝
cn_dicts/41448.dict.yaml	𤖀	feng	0	𤖀
cn_dicts/41448.dict.yaml	𥊒	feng	0	𥊒
cn_dicts/41448.dict.yaml	𥍮	feng	0	𥍮
cn_dicts/41448.dict.yaml	𥛝	feng	0	𥛝
cn_dicts/41448.dict.yaml	𥷜	feng	0	𥷜
cn_dicts/41448.dict.yaml	𥽈	feng	0	𥽈
cn_dicts/41448.dict.yaml	𦜁	feng	0	𦜁
cn_dicts/41448.dict.yaml	𦧁	feng	0	𦧁
cn_dicts/41448.dict.yaml	𧆉	feng	0	𧆉
cn_dicts/41448.dict.yaml	𧍯	feng	0	𧍯
cn_dicts/41448.dict.yaml	𧥹	feng	0	𧥹
cn_dicts/41448.dict.yaml	𧾳	feng	0	𧾳
cn_dicts/41448.dict.yaml	𨝭	feng	0	𨝭
cn_dicts/41448.dict.yaml	𨩥	feng	0	𨩥
cn_dicts/41448.dict.yaml	𨲫	feng	0	𨲫
cn_dicts/41448.dict.yaml	𨺢	feng	0	𨺢
cn_dicts/41448.dict.yaml	𩉧	feng	0	𩉧
cn_dicts/41448.dict.yaml	𩊩	feng	0	𩊩
cn_dicts/41448.dict.yaml	𩋮	feng	0	𩋮
cn_dicts/41448.dict.yaml	𩐯	feng	0	𩐯
cn_dicts/41448.dict.yaml	𩘵	feng	0	𩘵
cn_dicts/41448.dict.yaml	𩙐	feng	0	𩙐
cn_dicts/41448.dict.yaml	𩙣	feng	0	𩙣
cn_dicts/41448.dict.yaml	𩪌	feng	0	𩪌
cn_dicts/41448.dict.yaml	𪐃	feng	0	𪐃
cn_dicts/41448.dict.yaml	㤇	fo	0	㤇
cn_dicts/41448.dict.yaml	𧥚	fo	0	𧥚
cn_dicts/41448.dict.yaml	𧼴	fo	0	𧼴
cn_dicts/41448.dict.yaml	㓡	fou	0	㓡
cn_dicts/41448.dict.yaml	䬏	fou	0	䬏
cn_dicts/41448.dict.yaml	䳕	fou	0	䳕
cn_dicts/41448.dict.yaml	𡜊	fou	0	𡜊
cn_dicts/41448.dict.yaml	𤊻	fou	0	𤊻
cn_dicts/41448.dict.yaml	𤽦	fou	0	𤽦
cn_dicts/41448.dict.yaml	𧉈	fou	0	𧉈
cn_dicts/41448.dict.yaml	𧊦	fou	0	𧊦
cn_dicts/41448.dict.yaml	𨛔	fou	0	𨛔
cn_dicts/41448.dict.yaml	𩂆	fou	0	𩂆
cn_dicts/41448.dict.yaml	㐲	fu	0	㐲
cn_dicts/41448.dict.yaml	㓡	fu	0	㓡
cn_dicts/41448.dict.yaml	㕊	fu	0	㕊
cn_dicts/41448.dict.yaml	㗘	fu	0	㗘
cn_dicts/41448.dict.yaml	㙏	fu	0	㙏
cn_dicts/41448.dict.yaml	㚆	fu	0	㚆
cn_dicts/41448.dict.yaml	㚕	fu	0	㚕
cn_dicts/41448.dict.yaml	㜑	fu	0	㜑
cn_dicts/41448.dict.yaml	㝿	fu	0	㝿
cn_dicts/41448.dict.yaml	㞎	fu	0	㞎
cn_dicts/41448.dict.yaml	㟊	fu	0	㟊
cn_dicts/41448.dict.yaml	㠅	fu	0	㠅
cn_dicts/41448.dict.yaml	㡝	fu	0	㡝
cn_dicts/41448.dict.yaml	㤔	fu	0	㤔
cn_dicts/41448.dict.yaml	㤱	fu	0	㤱
cn_dicts/41448.dict.yaml	㪄	fu	0	㪄
cn_dicts/41448.dict.yaml	㫙	fu	0	㫙
cn_dicts/41448.dict.yaml	㬼	fu	0	㬼
cn_dicts/41448.dict.yaml	㵗	fu	0	㵗
cn_dicts/41448.dict.yaml	㷆	fu	0	㷆
cn_dicts/41448.dict.yaml	㽬	fu	0	㽬
cn_dicts/41448.dict.yaml	㾈	fu	0	㾈
cn_dicts/41448.dict.yaml	㾱	fu	0	㾱
cn_dicts/41448.dict.yaml	䂤	fu	0	䂤
cn_dicts/41448.dict.yaml	䃽	fu	0	䃽
cn_dicts/41448.dict.yaml	䋨	fu	0	䋨
cn_dicts/41448.dict.yaml	䋹	fu	0	䋹
cn_dicts/41448.dict.yaml	䌗	fu	0	䌗
cn_dicts/41448.dict.yaml	䌿	fu	0	䌿
cn_dicts/41448.dict.yaml	䍌	fu	0	䍌
cn_dicts/41448.dict.yaml	䍖	fu	0	䍖
cn_dicts/41448.dict.yaml	䎅	fu	0	䎅
cn_dicts/41448.dict.yaml	䑧	fu	0	䑧
cn_dicts/41448.dict.yaml	䒀	fu	0	䒀
cn_dicts/41448.dict.yaml	䒄	fu	0	䒄
cn_dicts/41448.dict.yaml	䒇	fu	0	䒇
cn_dicts/41448.dict.yaml	䓛	fu	0	䓛
cn_dicts/41448.dict.yaml	䔰	fu	0	䔰
cn_dicts/41448.dict.yaml	䕎	fu	0	䕎
cn_dicts/41448.dict.yaml	䗄	fu	0	䗄
cn_dicts/41448.dict.yaml	䘀	fu	0	䘀
cn_dicts/41448.dict.yaml	䘄	fu	0	䘄
cn_dicts/41448.dict.yaml	䘠	fu	0	䘠
cn_dicts/41448.dict.yaml	䝾	fu	0	䝾
cn_dicts/41448.dict.yaml	䞜	fu	0	䞜
cn_dicts/41448.dict.yaml	䞞	fu	0	䞞
cn_dicts/41448.dict.yaml	䞯	fu	0	䞯
cn_dicts/41448.dict.yaml	䞸	fu	0	䞸
cn_dicts/41448.dict.yaml	䟔	fu	0	䟔
cn_dicts/41448.dict.yaml	䟮	fu	0	䟮
cn_dicts/41448.dict.yaml	䠵	fu	0	䠵
cn_dicts/41448.dict.yaml	䡍	fu	0	䡍
cn_dicts/41448.dict.yaml	䥤	fu	0	䥤
cn_dicts/41448.dict.yaml	䦣	fu	0	䦣
cn_dicts/41448.dict.yaml	䧞	fu	0	䧞
cn_dicts/41448.dict.yaml	䨗	fu	0	䨗
cn_dicts/41448.dict.yaml	䨱	fu	0	䨱
cn_dicts/41448.dict.yaml	䩉	fu	0	䩉
cn_dicts/41448.dict.yaml	䪙	fu	0	䪙
cn_dicts/41448.dict.yaml	䫍	fu	0	䫍
cn_dicts/41448.dict.yaml	䫝	fu	0	䫝
cn_dicts/41448.dict.yaml	䬪	fu	0	䬪
cn_dicts/41448.dict.yaml	䭮	fu	0	䭮
cn_dicts/41448.dict.yaml	䭸	fu	0	䭸
cn_dicts/41448.dict.yaml	䮛	fu	0	䮛
cn_dicts/41448.dict.yaml	䯱	fu	0	䯱
cn_dicts/41448.dict.yaml	䯽	fu	0	䯽
cn_dicts/41448.dict.yaml	䳝	fu	0	䳝
cn_dicts/41448.dict.yaml	䵗	fu	0	䵗
cn_dicts/41448.dict.yaml	䵾	fu	0	䵾
cn_dicts/41448.dict.yaml	𠋩	fu	0	𠋩
cn_dicts/41448.dict.yaml	𠌽	fu	0	𠌽
cn_dicts/41448.dict.yaml	𠓗	fu	0	𠓗
cn_dicts/41448.dict.yaml	𠟌	fu	0	𠟌
cn_dicts/41448.dict.yaml	𠡂	fu	0	𠡂
cn_dicts/41448.dict.yaml	𠣾	fu	0	𠣾
cn_dicts/41448.dict.yaml	𠪻	fu	0	𠪻
cn_dicts/41448.dict.yaml	𠬝	fu	0	𠬝
cn_dicts/41448.dict.yaml	𠲽	fu	0	𠲽
cn_dicts/41448.dict.yaml	𡏪	fu	0	𡏪
cn_dicts/41448.dict.yaml	𡐝	fu	0	𡐝
cn_dicts/41448.dict.yaml	𡞪	fu	0	𡞪
cn_dicts/41448.dict.yaml	𡠞	fu	0	𡠞
cn_dicts/41448.dict.yaml	𡦄	fu	0	𡦄
cn_dicts/41448.dict.yaml	𡫺	fu	0	𡫺
cn_dicts/41448.dict.yaml	𡬇	fu	0	𡬇
cn_dicts/41448.dict.yaml	𡵛	fu	0	𡵛
cn_dicts/41448.dict.yaml	𢀼	fu	0	𢀼
cn_dicts/41448.dict.yaml	𢁀	fu	0	𢁀
cn_dicts/41448.dict.yaml	𢂀	fu	0	𢂀
cn_dicts/41448.dict.yaml	𢂆	fu	0	𢂆
cn_dicts/41448.dict.yaml	𢌹	fu	0	𢌹
cn_dicts/41448.dict.yaml	𢏍	fu	0	𢏍
cn_dicts/41448.dict.yaml	𢒒	fu	0	𢒒
cn_dicts/41448.dict.yaml	𢗫	fu	0	𢗫
cn_dicts/41448.dict.yaml	𢗲	fu	0	𢗲
cn_dicts/41448.dict.yaml	𢘍	fu	0	𢘍
cn_dicts/41448.dict.yaml	𢞦	fu	0	𢞦
cn_dicts/41448.dict.yaml	𢠲	fu	0	𢠲
cn_dicts/41448.dict.yaml	𢯋	fu	0	𢯋
cn_dicts/41448.dict.yaml	𢰆	fu	0	𢰆
cn_dicts/41448.dict.yaml	𢻀	fu	0	𢻀
cn_dicts/41448.dict.yaml	𢻮	fu	0	𢻮
cn_dicts/41448.dict.yaml	𣀣	fu	0	𣀣
cn_dicts/41448.dict.yaml	𣀾	fu	0	𣀾
cn_dicts/41448.dict.yaml	𣄎	fu	0	𣄎
cn_dicts/41448.dict.yaml	𣆵	fu	0	𣆵
cn_dicts/41448.dict.yaml	𣑿	fu	0	𣑿
cn_dicts/41448.dict.yaml	𣘧	fu	0	𣘧
cn_dicts/41448.dict.yaml	𣞒	fu	0	𣞒
cn_dicts/41448.dict.yaml	𣥋	fu	0	𣥋
cn_dicts/41448.dict.yaml	𣭘	fu	0	𣭘
cn_dicts/41448.dict.yaml	𣹋	fu	0	𣹋
cn_dicts/41448.dict.yaml	𣻜	fu	0	𣻜
cn_dicts/41448.dict.yaml	𣿆	fu	0	𣿆
cn_dicts/41448.dict.yaml	𤆮	fu	0	𤆮
cn_dicts/41448.dict.yaml	𤉨	fu	0	𤉨
cn_dicts/41448.dict.yaml	𤕾	fu	0	𤕾
cn_dicts/41448.dict.yaml	𤙤	fu	0	𤙤
cn_dicts/41448.dict.yaml	𤙭	fu	0	𤙭
cn_dicts/41448.dict.yaml	𤝔	fu	0	𤝔
cn_dicts/41448.dict.yaml	𤝟	fu	0	𤝟
cn_dicts/41448.dict.yaml	𤠪	fu	0	𤠪
cn_dicts/41448.dict.yaml	𤭟	fu	0	𤭟
cn_dicts/41448.dict.yaml	𤰈	fu	0	𤰈
cn_dicts/41448.dict.yaml	𤱽	fu	0	𤱽
cn_dicts/41448.dict.yaml	𤶖	fu	0	𤶖
cn_dicts/41448.dict.yaml	𤸑	fu	0	𤸑
cn_dicts/41448.dict.yaml	𤸗	fu	0	𤸗
cn_dicts/41448.dict.yaml	𤿭	fu	0	𤿭
cn_dicts/41448.dict.yaml	𥄑	fu	0	𥄑
cn_dicts/41448.dict.yaml	𥄓	fu	0	𥄓
cn_dicts/41448.dict.yaml	𥒫	fu	0	𥒫
cn_dicts/41448.dict.yaml	𥒰	fu	0	𥒰
cn_dicts/41448.dict.yaml	𥘬	fu	0	𥘬
cn_dicts/41448.dict.yaml	𥦘	fu	0	𥦘
cn_dicts/41448.dict.yaml	𥧷	fu	0	𥧷
cn_dicts/41448.dict.yaml	𥨍	fu	0	𥨍
cn_dicts/41448.dict.yaml	𥪋	fu	0	𥪋
cn_dicts/41448.dict.yaml	𥪚	fu	0	𥪚
cn_dicts/41448.dict.yaml	𥰛	fu	0	𥰛
cn_dicts/41448.dict.yaml	𥱀	fu	0	𥱀
cn_dicts/41448.dict.yaml	𥲛	fu	0	𥲛
cn_dicts/41448.dict.yaml	𥳇	fu	0	𥳇
cn_dicts/41448.dict.yaml	𥷱	fu	0	𥷱
cn_dicts/41448.dict.yaml	𥼼	fu	0	𥼼
cn_dicts/41448.dict.yaml	𥾧	fu	0	𥾧
cn_dicts/41448.dict.yaml	𦂊	fu	0	𦂊
cn_dicts/41448.dict.yaml	𦇁	fu	0	𦇁
cn_dicts/41448.dict.yaml	𦊦	fu	0	𦊦
cn_dicts/41448.dict.yaml	𦊾	fu	0	𦊾
cn_dicts/41448.dict.yaml	𦎎	fu	0	𦎎
cn_dicts/41448.dict.yaml	𦎭	fu	0	𦎭
cn_dicts/41448.dict.yaml	𦐡	fu	0	𦐡
cn_dicts/41448.dict.yaml	𦑹	fu	0	𦑹
cn_dicts/41448.dict.yaml	𦔍	fu	0	𦔍
cn_dicts/41448.dict.yaml	𦖀	fu	0	𦖀
cn_dicts/41448.dict.yaml	𦨈	fu	0	𦨈
cn_dicts/41448.dict.yaml	𦨋	fu	0	𦨋
cn_dicts/41448.dict.yaml	𦨡	fu	0	𦨡
cn_dicts/41448.dict.yaml	𦩡	fu	0	𦩡
cn_dicts/41448.dict.yaml	𦮹	fu	0	𦮹
cn_dicts/41448.dict.yaml	𦰺	fu	0	𦰺
cn_dicts/41448.dict.yaml	𦱖	fu	0	𦱖
cn_dicts/41448.dict.yaml	𦲫	fu	0	𦲫
cn_dicts/41448.dict.yaml	𦳓	fu	0	𦳓
cn_dicts/41448.dict.yaml	𦸱	fu	0	𦸱
cn_dicts/41448.dict.yaml	𦺉	fu	0	𦺉
cn_dicts/41448.dict.yaml	𦽏	fu	0	𦽏
cn_dicts/41448.dict.yaml	𦿁	fu	0	𦿁
cn_dicts/41448.dict.yaml	𧀮	fu	0	𧀮
cn_dicts/41448.dict.yaml	𧀴	fu	0	𧀴
cn_dicts/41448.dict.yaml	𧄏	fu	0	𧄏
cn_dicts/41448.dict.yaml	𧉈	fu	0	𧉈
cn_dicts/41448.dict.yaml	𧉊	fu	0	𧉊
cn_dicts/41448.dict.yaml	𧌈	fu	0	𧌈
cn_dicts/41448.dict.yaml	𧌓	fu	0	𧌓
cn_dicts/41448.dict.yaml	𧒂	fu	0	𧒂
cn_dicts/41448.dict.yaml	𧒙	fu	0	𧒙
cn_dicts/41448.dict.yaml	𧕡	fu	0	𧕡
cn_dicts/41448.dict.yaml	𧖚	fu	0	𧖚
cn_dicts/41448.dict.yaml	𧥱	fu	0	𧥱
cn_dicts/41448.dict.yaml	𧳂	fu	0	𧳂
cn_dicts/41448.dict.yaml	𧴌	fu	0	𧴌
cn_dicts/41448.dict.yaml	𧻳	fu	0	𧻳
cn_dicts/41448.dict.yaml	𧼗	fu	0	𧼗
cn_dicts/41448.dict.yaml	𧼱	fu	0	𧼱
cn_dicts/41448.dict.yaml	𧿳	fu	0	𧿳
cn_dicts/41448.dict.yaml	𨁒	fu	0	𨁒
cn_dicts/41448.dict.yaml	𨋩	fu	0	𨋩
cn_dicts/41448.dict.yaml	𨌥	fu	0	𨌥
cn_dicts/41448.dict.yaml	𨑑	fu	0	𨑑
cn_dicts/41448.dict.yaml	𨚓	fu	0	𨚓
cn_dicts/41448.dict.yaml	𨦛	fu	0	𨦛
cn_dicts/41448.dict.yaml	𨵟	fu	0	𨵟
cn_dicts/41448.dict.yaml	𨺅	fu	0	𨺅
cn_dicts/41448.dict.yaml	𨾚	fu	0	𨾚
cn_dicts/41448.dict.yaml	𩂆	fu	0	𩂆
cn_dicts/41448.dict.yaml	𩂎	fu	0	𩂎
cn_dicts/41448.dict.yaml	𩂔	fu	0	𩂔
cn_dicts/41448.dict.yaml	𩂕	fu	0	𩂕
cn_dicts/41448.dict.yaml	𩅿	fu	0	𩅿
cn_dicts/41448.dict.yaml	𩉽	fu	0	𩉽
cn_dicts/41448.dict.yaml	𩋟	fu	0	𩋟
cn_dicts/41448.dict.yaml	𩋨	fu	0	𩋨
cn_dicts/41448.dict.yaml	𩌏	fu	0	𩌏
cn_dicts/41448.dict.yaml	𩍏	fu	0	𩍏
cn_dicts/41448.dict.yaml	𩎛	fu	0	𩎛
cn_dicts/41448.dict.yaml	𩐚	fu	0	𩐚
cn_dicts/41448.dict.yaml	𩑬	fu	0	𩑬
cn_dicts/41448.dict.yaml	𩒙	fu	0	𩒙
cn_dicts/41448.dict.yaml	𩒺	fu	0	𩒺
cn_dicts/41448.dict.yaml	𩓖	fu	0	𩓖
cn_dicts/41448.dict.yaml	𩖬	fu	0	𩖬
cn_dicts/41448.dict.yaml	𩖼	fu	0	𩖼
cn_dicts/41448.dict.yaml	𩜲	fu	0	𩜲
cn_dicts/41448.dict.yaml	𩠷	fu	0	𩠷
cn_dicts/41448.dict.yaml	𩢰	fu	0	𩢰
cn_dicts/41448.dict.yaml	𩢿	fu	0	𩢿
cn_dicts/41448.dict.yaml	𩣜	fu	0	𩣜
cn_dicts/41448.dict.yaml	𩣸	fu	0	𩣸
cn_dicts/41448.dict.yaml	𩬙	fu	0	𩬙
cn_dicts/41448.dict.yaml	𩭺	fu	0	𩭺
cn_dicts/41448.dict.yaml	𩳎	fu	0	𩳎
cn_dicts/41448.dict.yaml	𩳐	fu	0	𩳐
cn_dicts/41448.dict.yaml	𩵩	fu	0	𩵩
cn_dicts/41448.dict.yaml	𩵹	fu	0	𩵹
cn_dicts/41448.dict.yaml	𩾿	fu	0	𩾿
cn_dicts/41448.dict.yaml	𩿧	fu	0	𩿧
cn_dicts/41448.dict.yaml	𪀺	fu	0	𪀺
cn_dicts/41448.dict.yaml	𪂀	fu	0	𪂀
cn_dicts/41448.dict.yaml	𪂋	fu	0	𪂋
cn_dicts/41448.dict.yaml	𪂾	fu	0	𪂾
cn_dicts/41448.dict.yaml	𪃓	fu	0	𪃓
cn_dicts/41448.dict.yaml	𪆠	fu	0	𪆠
cn_dicts/41448.dict.yaml	𪊐	fu	0	𪊐
cn_dicts/41448.dict.yaml	𪍏	fu	0	𪍏
cn_dicts/41448.dict.yaml	𡉅	ga	0	𡉅
cn_dicts/41448.dict.yaml	𡯰	ga	0	𡯰
cn_dicts/41448.dict.yaml	𡯽	ga	0	𡯽
cn_dicts/41448.dict.yaml	𡼛	ga	0	𡼛
cn_dicts/41448.dict.yaml	𣬫	ga	0	𣬫
cn_dicts/41448.dict.yaml	㕢	gai	0	㕢
cn_dicts/41448.dict.yaml	㧉	gai	0	㧉
cn_dicts/41448.dict.yaml	㮣	gai	0	㮣
cn_dicts/41448.dict.yaml	㱾	gai	0	㱾
cn_dicts/41448.dict.yaml	䀭	gai	0	䀭
cn_dicts/41448.dict.yaml	䏗	gai	0	䏗
cn_dicts/41448.dict.yaml	䪱	gai	0	䪱
cn_dicts/41448.dict.yaml	𠌰	gai	0	𠌰
cn_dicts/41448.dict.yaml	𡒖	gai	0	𡒖
cn_dicts/41448.dict.yaml	𡧣	gai	0	𡧣
cn_dicts/41448.dict.yaml	𢅤	gai	0	𢅤
cn_dicts/41448.dict.yaml	𢍓	gai	0	𢍓
cn_dicts/41448.dict.yaml	𢻉	gai	0	𢻉
cn_dicts/41448.dict.yaml	𦫻	gai	0	𦫻
cn_dicts/41448.dict.yaml	𧊏	gai	0	𧊏
cn_dicts/41448.dict.yaml	𧯺	gai	0	𧯺
cn_dicts/41448.dict.yaml	𨞨	gai	0	𨞨
cn_dicts/41448.dict.yaml	𨮂	gai	0	𨮂
cn_dicts/41448.dict.yaml	𨱕	gai	0	𨱕
cn_dicts/41448.dict.yaml	𨱣	gai	0	𨱣
cn_dicts/41448.dict.yaml	𨸛	gai	0	𨸛
cn_dicts/41448.dict.yaml	𩕭	gai	0	𩕭
cn_dicts/41448.dict.yaml	㶥	gan	0	㶥
cn_dicts/41448.dict.yaml	㺂	gan	0	㺂
cn_dicts/41448.dict.yaml	䃭	gan	0	䃭
cn_dicts/41448.dict.yaml	䇞	gan	0	䇞
cn_dicts/41448.dict.yaml	䔈	gan	0	䔈
cn_dicts/41448.dict.yaml	䤗	gan	0	䤗
cn_dicts/41448.dict.yaml	䯎	gan	0	䯎
cn_dicts/41448.dict.yaml	䲺	gan	0	䲺
cn_dicts/41448.dict.yaml	䵟	gan	0	䵟
cn_dicts/41448.dict.yaml	𠇵	gan	0	𠇵
cn_dicts/41448.dict.yaml	𠖫	gan	0	𠖫
cn_dicts/41448.dict.yaml	𠥴	gan	0	𠥴
cn_dicts/41448.dict.yaml	𠿑	gan	0	𠿑
cn_dicts/41448.dict.yaml	𡯋	gan	0	𡯋
cn_dicts/41448.dict.yaml	𡶑	gan	0	𡶑
cn_dicts/41448.dict.yaml	𢁗	gan	0	𢁗
cn_dicts/41448.dict.yaml	𢧀	gan	0	𢧀
cn_dicts/41448.dict.yaml	𣁖	gan	0	𣁖
cn_dicts/41448.dict.yaml	𣆙	gan	0	𣆙
cn_dicts/41448.dict.yaml	𣗲	gan	0	𣗲
cn_dicts/41448.dict.yaml	𣘠	gan	0	𣘠
cn_dicts/41448.dict.yaml	𣦖	gan	0	𣦖
cn_dicts/41448.dict.yaml	𣰦	gan	0	𣰦
cn_dicts/41448.dict.yaml	𣵷	gan	0	𣵷
cn_dicts/41448.dict.yaml	𣵼	gan	0	𣵼
cn_dicts/41448.dict.yaml	𣹟	gan	0	𣹟
cn_dicts/41448.dict.yaml	𤌹	gan	0	𤌹
cn_dicts/41448.dict.yaml	𤭙	gan	0	𤭙
cn_dicts/41448.dict.yaml	𤮽	gan	0	𤮽
cn_dicts/41448.dict.yaml	𤯌	gan	0	𤯌
cn_dicts/41448.dict.yaml	𥕵	gan	0	𥕵
cn_dicts/41448.dict.yaml	𥘏	gan	0	𥘏
cn_dicts/41448.dict.yaml	𥰟	gan	0	𥰟
cn_dicts/41448.dict.yaml	𥸡	gan	0	𥸡
cn_dicts/41448.dict.yaml	𥾍	gan	0	𥾍
cn_dicts/41448.dict.yaml	𦪧	gan	0	𦪧
cn_dicts/41448.dict.yaml	𦼮	gan	0	𦼮
cn_dicts/41448.dict.yaml	𦾮	gan	0	𦾮
cn_dicts/41448.dict.yaml	𧆐	gan	0	𧆐
cn_dicts/41448.dict.yaml	𧹳	gan	0	𧹳
cn_dicts/41448.dict.yaml	𧾲	gan	0	𧾲
cn_dicts/41448.dict.yaml	𨝌	gan	0	𨝌
cn_dicts/41448.dict.yaml	𨣝	gan	0	𨣝
cn_dicts/41448.dict.yaml	𨳼	gan	0	𨳼
cn_dicts/41448.dict.yaml	𩉐	gan	0	𩉐
cn_dicts/41448.dict.yaml	𩖦	gan	0	𩖦
cn_dicts/41448.dict.yaml	𩚵	gan	0	𩚵
cn_dicts/41448.dict.yaml	𩢨	gan	0	𩢨
cn_dicts/41448.dict.yaml	𩬚	gan	0	𩬚
cn_dicts/41448.dict.yaml	𩴁	gan	0	𩴁
cn_dicts/41448.dict.yaml	𩴵	gan	0	𩴵
cn_dicts/41448.dict.yaml	𩹸	gan	0	𩹸
cn_dicts/41448.dict.yaml	𪉦	gan	0	𪉦
cn_dicts/41448.dict.yaml	𪉿	gan	0	𪉿
cn_dicts/41448.dict.yaml	𪊄	gan	0	𪊄
cn_dicts/41448.dict.yaml	𪊇	gan	0	𪊇
cn_dicts/41448.dict.yaml	𪔆	gan	0	𪔆
cn_dicts/41448.dict.yaml	𪚬	gan	0	𪚬
cn_dicts/41448.dict.yaml	㟠	gang	0	㟠
cn_dicts/41448.dict.yaml	㟵	gang	0	㟵
cn_dicts/41448.dict.yaml	㧏	gang	0	㧏
cn_dicts/41448.dict.yaml	㽘	gang	0	㽘
cn_dicts/41448.dict.yaml	䚗	gang	0	䚗
cn_dicts/41448.dict.yaml	䴚	gang	0	䴚
cn_dicts/41448.dict.yaml	𠵹	gang	0	𠵹
cn_dicts/41448.dict.yaml	𡇬	gang	0	𡇬
cn_dicts/41448.dict.yaml	𢭈	gang	0	𢭈
cn_dicts/41448.dict.yaml	𢰌	gang	0	𢰌
cn_dicts/41448.dict.yaml	𣗵	gang	0	𣗵
cn_dicts/41448.dict.yaml	𣦐	gang	0	𣦐
cn_dicts/41448.dict.yaml	𦋳	gang	0	𦋳
cn_dicts/41448.dict.yaml	𦱌	gang	0	𦱌
cn_dicts/41448.dict.yaml	𨟼	gang	0	𨟼
cn_dicts/41448.dict.yaml	㚏	gao	0	㚏
cn_dicts/41448.dict.yaml	㚖	gao	0	㚖
cn_dicts/41448.dict.yaml	㾸	gao	0	㾸
cn_dicts/41448.dict.yaml	䆁	gao	0	䆁
cn_dicts/41448.dict.yaml	䗣	gao	0	䗣
cn_dicts/41448.dict.yaml	䨢	gao	0	䨢
cn_dicts/41448.dict.yaml	𠰛	gao	0	𠰛
cn_dicts/41448.dict.yaml	𡋟	gao	0	𡋟
cn_dicts/41448.dict.yaml	𡜲	gao	0	𡜲
cn_dicts/41448.dict.yaml	𡷥	gao	0	𡷥
cn_dicts/41448.dict.yaml	𡼗	gao	0	𡼗
cn_dicts/41448.dict.yaml	𢍎	gao	0	𢍎
cn_dicts/41448.dict.yaml	𢞟	gao	0	𢞟
cn_dicts/41448.dict.yaml	𣓌	gao	0	𣓌
cn_dicts/41448.dict.yaml	𣝏	gao	0	𣝏
cn_dicts/41448.dict.yaml	𣽎	gao	0	𣽎
cn_dicts/41448.dict.yaml	𤱟	gao	0	𤱟
cn_dicts/41448.dict.yaml	𥓖	gao	0	𥓖
cn_dicts/41448.dict.yaml	𥢐	gao	0	𥢐
cn_dicts/41448.dict.yaml	𥢑	gao	0	𥢑
cn_dicts/41448.dict.yaml	𦍱	gao	0	𦍱
cn_dicts/41448.dict.yaml	𦏦	gao	0	𦏦
cn_dicts/41448.dict.yaml	𦕺	gao	0	𦕺
cn_dicts/41448.dict.yaml	𦤎	gao	0	𦤎
cn_dicts/41448.dict.yaml	𦺆	gao	0	𦺆
cn_dicts/41448.dict.yaml	𧚡	gao	0	𧚡
cn_dicts/41448.dict.yaml	𧜉	gao	0	𧜉
cn_dicts/41448.dict.yaml	𧠼	gao	0	𧠼
cn_dicts/41448.dict.yaml	𧢌	gao	0	𧢌
cn_dicts/41448.dict.yaml	𨝲	gao	0	𨝲
cn_dicts/41448.dict.yaml	𩋺	gao	0	𩋺
cn_dicts/41448.dict.yaml	𩏤	gao	0	𩏤
cn_dicts/41448.dict.yaml	𩓢	gao	0	𩓢
cn_dicts/41448.dict.yaml	𩔇	gao	0	𩔇
cn_dicts/41448.dict.yaml	𩕍	gao	0	𩕍
cn_dicts/41448.dict.yaml	𩝝	gao	0	𩝝
cn_dicts/41448.dict.yaml	𩫓	gao	0	𩫓
cn_dicts/41448.dict.yaml	𪔘	gao	0	𪔘
cn_dicts/41448.dict.yaml	㗆	ge	0	㗆
cn_dicts/41448.dict.yaml	㝓	ge	0	㝓
cn_dicts/41448.dict.yaml	㠷	ge	0	㠷
cn_dicts/41448.dict.yaml	㦴	ge	0	㦴
cn_dicts/41448.dict.yaml	㨰	ge	0	㨰
cn_dicts/41448.dict.yaml	㪾	ge	0	㪾
cn_dicts/41448.dict.yaml	㭘	ge	0	㭘
cn_dicts/41448.dict.yaml	㵧	ge	0	㵧
cn_dicts/41448.dict.yaml	㷴	ge	0	㷴
cn_dicts/41448.dict.yaml	䆟	ge	0	䆟
cn_dicts/41448.dict.yaml	䈓	ge	0	䈓
cn_dicts/41448.dict.yaml	䐙	ge	0	䐙
cn_dicts/41448.dict.yaml	䕻	ge	0	䕻
cn_dicts/41448.dict.yaml	䗘	ge	0	䗘
cn_dicts/41448.dict.yaml	䘁	ge	0	䘁
cn_dicts/41448.dict.yaml	䛋	ge	0	䛋
cn_dicts/41448.dict.yaml	䛿	ge	0	䛿
cn_dicts/41448.dict.yaml	䢔	ge	0	䢔
cn_dicts/41448.dict.yaml	䧄	ge	0	䧄
cn_dicts/41448.dict.yaml	䨣	ge	0	䨣
cn_dicts/41448.dict.yaml	䩐	ge	0	䩐
cn_dicts/41448.dict.yaml	䪂	ge	0	䪂
cn_dicts/41448.dict.yaml	䪺	ge	0	䪺
cn_dicts/41448.dict.yaml	䫦	ge	0	䫦
cn_dicts/41448.dict.yaml	𠛊	ge	0	𠛊
cn_dicts/41448.dict.yaml	𠯫	ge	0	𠯫
cn_dicts/41448.dict.yaml	𠲱	ge	0	𠲱
cn_dicts/41448.dict.yaml	𠸲	ge	0	𠸲
cn_dicts/41448.dict.yaml	𠹓	ge	0	𠹓
cn_dicts/41448.dict.yaml	𠺝	ge	0	𠺝
cn_dicts/41448.dict.yaml	𡟍	ge	0	𡟍
cn_dicts/41448.dict.yaml	𢄍	ge	0	𢄍
cn_dicts/41448.dict.yaml	𢆜	ge	0	𢆜
cn_dicts/41448.dict.yaml	𢎄	ge	0	𢎄
cn_dicts/41448.dict.yaml	𢓜	ge	0	𢓜
cn_dicts/41448.dict.yaml	𢡍	ge	0	𢡍
cn_dicts/41448.dict.yaml	𢧧	ge	0	𢧧
cn_dicts/41448.dict.yaml	𢩓	ge	0	𢩓
cn_dicts/41448.dict.yaml	𢯹	ge	0	𢯹
cn_dicts/41448.dict.yaml	𢼛	ge	0	𢼛
cn_dicts/41448.dict.yaml	𣭝	ge	0	𣭝
cn_dicts/41448.dict.yaml	𤇞	ge	0	𤇞
cn_dicts/41448.dict.yaml	𤕒	ge	0	𤕒
cn_dicts/41448.dict.yaml	𤜊	ge	0	𤜊
cn_dicts/41448.dict.yaml	𤠇	ge	0	𤠇
cn_dicts/41448.dict.yaml	𤩲	ge	0	𤩲
cn_dicts/41448.dict.yaml	𤭻	ge	0	𤭻
cn_dicts/41448.dict.yaml	𤰙	ge	0	𤰙
cn_dicts/41448.dict.yaml	𥉅	ge	0	𥉅
cn_dicts/41448.dict.yaml	𥢸	ge	0	𥢸
cn_dicts/41448.dict.yaml	𥰮	ge	0	𥰮
cn_dicts/41448.dict.yaml	𥴩	ge	0	𥴩
cn_dicts/41448.dict.yaml	𥺊	ge	0	𥺊
cn_dicts/41448.dict.yaml	𦑜	ge	0	𦑜
cn_dicts/41448.dict.yaml	𦓱	ge	0	𦓱
cn_dicts/41448.dict.yaml	𦨜	ge	0	𦨜
cn_dicts/41448.dict.yaml	𧈌	ge	0	𧈌
cn_dicts/41448.dict.yaml	𧈑	ge	0	𧈑
cn_dicts/41448.dict.yaml	𧈖	ge	0	𧈖
cn_dicts/41448.dict.yaml	𧊧	ge	0	𧊧
cn_dicts/41448.dict.yaml	𧎺	ge	0	𧎺
cn_dicts/41448.dict.yaml	𧗶	ge	0	𧗶
cn_dicts/41448.dict.yaml	𧪞	ge	0	𧪞
cn_dicts/41448.dict.yaml	𧿩	ge	0	𧿩
cn_dicts/41448.dict.yaml	𨍮	ge	0	𨍮
cn_dicts/41448.dict.yaml	𨏚	ge	0	𨏚
cn_dicts/41448.dict.yaml	𨏴	ge	0	𨏴
cn_dicts/41448.dict.yaml	𨐥	ge	0	𨐥
cn_dicts/41448.dict.yaml	𨝆	ge	0	𨝆
cn_dicts/41448.dict.yaml	𨞛	ge	0	𨞛
cn_dicts/41448.dict.yaml	𨟶	ge	0	𨟶
cn_dicts/41448.dict.yaml	𨭛	ge	0	𨭛
cn_dicts/41448.dict.yaml	𨼥	ge	0	𨼥
cn_dicts/41448.dict.yaml	𨾓	ge	0	𨾓
cn_dicts/41448.dict.yaml	𩎎	ge	0	𩎎
cn_dicts/41448.dict.yaml	𩢅	ge	0	𩢅
cn_dicts/41448.dict.yaml	𩢛	ge	0	𩢛
cn_dicts/41448.dict.yaml	𩨘	ge	0	𩨘
cn_dicts/41448.dict.yaml	𩹺	ge	0	𩹺
cn_dicts/41448.dict.yaml	𩹿	ge	0	𩹿
cn_dicts/41448.dict.yaml	𩼙	ge	0	𩼙
cn_dicts/41448.dict.yaml	𩾷	ge	0	𩾷
cn_dicts/41448.dict.yaml	𪀁	ge	0	𪀁
cn_dicts/41448.dict.yaml	𪀉	ge	0	𪀉
cn_dicts/41448.dict.yaml	𪃿	ge	0	𪃿
cn_dicts/41448.dict.yaml	𪄎	ge	0	𪄎
cn_dicts/41448.dict.yaml	𪌣	ge	0	𪌣
cn_dicts/41448.dict.yaml	㫔	gen	0	㫔
cn_dicts/41448.dict.yaml	㮓	gen	0	㮓
cn_dicts/41448.dict.yaml	䫀	gen	0	䫀
cn_dicts/41448.dict.yaml	𠄣	gen	0	𠄣
cn_dicts/41448.dict.yaml	𠛵	gen	0	𠛵
cn_dicts/41448.dict.yaml	𥃩	gen	0	𥃩
cn_dicts/41448.dict.yaml	𨒼	gen	0	𨒼
cn_dicts/41448.dict.yaml	𩑡	gen	0	𩑡
cn_dicts/41448.dict.yaml	𩒝	gen	0	𩒝
cn_dicts/41448.dict.yaml	𩓓	gen	0	𩓓
cn_dicts/41448.dict.yaml	㹴	geng	0	㹴
cn_dicts/41448.dict.yaml	㹹	geng	0	㹹
cn_dicts/41448.dict.yaml	㾘	geng	0	㾘
cn_dicts/41448.dict.yaml	䋁	geng	0	䋁
cn_dicts/41448.dict.yaml	䌄	geng	0	䌄
cn_dicts/41448.dict.yaml	䨣	geng	0	䨣
cn_dicts/41448.dict.yaml	䱍	geng	0	䱍
cn_dicts/41448.dict.yaml	䱎	geng	0	䱎
cn_dicts/41448.dict.yaml	䱭	geng	0	䱭
cn_dicts/41448.dict.yaml	䱴	geng	0	䱴
cn_dicts/41448.dict.yaml	𠡣	geng	0	𠡣
cn_dicts/41448.dict.yaml	𡍷	geng	0	𡍷
cn_dicts/41448.dict.yaml	𡩃	geng	0	𡩃
cn_dicts/41448.dict.yaml	𢙾	geng	0	𢙾
cn_dicts/41448.dict.yaml	𢞚	geng	0	𢞚
cn_dicts/41448.dict.yaml	𣆳	geng	0	𣆳
cn_dicts/41448.dict.yaml	𣎄	geng	0	𣎄
cn_dicts/41448.dict.yaml	𥅨	geng	0	𥅨
cn_dicts/41448.dict.yaml	𥉔	geng	0	𥉔
cn_dicts/41448.dict.yaml	𥔂	geng	0	𥔂
cn_dicts/41448.dict.yaml	𥾚	geng	0	𥾚
cn_dicts/41448.dict.yaml	𦚸	geng	0	𦚸
cn_dicts/41448.dict.yaml	𦛟	geng	0	𦛟
cn_dicts/41448.dict.yaml	𦜷	geng	0	𦜷
cn_dicts/41448.dict.yaml	𦞌	geng	0	𦞌
cn_dicts/41448.dict.yaml	𦣍	geng	0	𦣍
cn_dicts/41448.dict.yaml	𦵸	geng	0	𦵸
cn_dicts/41448.dict.yaml	𧀙	geng	0	𧀙
cn_dicts/41448.dict.yaml	𧋑	geng	0	𧋑
cn_dicts/41448.dict.yaml	𧙸	geng	0	𧙸
cn_dicts/41448.dict.yaml	𧰨	geng	0	𧰨
cn_dicts/41448.dict.yaml	𨁈	geng	0	𨁈
cn_dicts/41448.dict.yaml	𩂼	geng	0	𩂼
cn_dicts/41448.dict.yaml	𩜣	geng	0	𩜣
cn_dicts/41448.dict.yaml	𩱁	geng	0	𩱁
cn_dicts/41448.dict.yaml	𩱋	geng	0	𩱋
cn_dicts/41448.dict.yaml	𩱧	geng	0	𩱧
cn_dicts/41448.dict.yaml	㓋	gong	0	㓋
cn_dicts/41448.dict.yaml	㔶	gong	0	㔶
cn_dicts/41448.dict.yaml	㤨	gong	0	㤨
cn_dicts/41448.dict.yaml	㧬	gong	0	㧬
cn_dicts/41448.dict.yaml	㫒	gong	0	㫒
cn_dicts/41448.dict.yaml	㭟	gong	0	㭟
cn_dicts/41448.dict.yaml	㯯	gong	0	㯯
cn_dicts/41448.dict.yaml	㺬	gong	0	㺬
cn_dicts/41448.dict.yaml	㼦	gong	0	㼦
cn_dicts/41448.dict.yaml	䂬	gong	0	䂬
cn_dicts/41448.dict.yaml	䇨	gong	0	䇨
cn_dicts/41448.dict.yaml	䔈	gong	0	䔈
cn_dicts/41448.dict.yaml	䡗	gong	0	䡗
cn_dicts/41448.dict.yaml	䢚	gong	0	䢚
cn_dicts/41448.dict.yaml	䱋	gong	0	䱋
cn_dicts/41448.dict.yaml	䳍	gong	0	䳍
cn_dicts/41448.dict.yaml	𠇒	gong	0	𠇒
cn_dicts/41448.dict.yaml	𠌕	gong	0	𠌕
cn_dicts/41448.dict.yaml	𠞖	gong	0	𠞖
cn_dicts/41448.dict.yaml	𡔕	gong	0	𡔕
cn_dicts/41448.dict.yaml	𡚑	gong	0	𡚑
cn_dicts/41448.dict.yaml	𡟫	gong	0	𡟫
cn_dicts/41448.dict.yaml	𢀜	gong	0	𢀜
cn_dicts/41448.dict.yaml	𢁠	gong	0	𢁠
cn_dicts/41448.dict.yaml	𢖷	gong	0	𢖷
cn_dicts/41448.dict.yaml	𢸁	gong	0	𢸁
cn_dicts/41448.dict.yaml	𤅐	gong	0	𤅐
cn_dicts/41448.dict.yaml	𤨶	gong	0	𤨶
cn_dicts/41448.dict.yaml	𤬳	gong	0	𤬳
cn_dicts/41448.dict.yaml	𤱨	gong	0	𤱨
cn_dicts/41448.dict.yaml	𥧂	gong	0	𥧂
cn_dicts/41448.dict.yaml	𥧡	gong	0	𥧡
cn_dicts/41448.dict.yaml	𥨐	gong	0	𥨐
cn_dicts/41448.dict.yaml	𥫋	gong	0	𥫋
cn_dicts/41448.dict.yaml	𥸲	gong	0	𥸲
cn_dicts/41448.dict.yaml	𦄜	gong	0	𦄜
cn_dicts/41448.dict.yaml	𦈩	gong	0	𦈩
cn_dicts/41448.dict.yaml	𦊫	gong	0	𦊫
cn_dicts/41448.dict.yaml	𦏺	gong	0	𦏺
cn_dicts/41448.dict.yaml	𦓳	gong	0	𦓳
cn_dicts/41448.dict.yaml	𦔸	gong	0	𦔸
cn_dicts/41448.dict.yaml	𦞗	gong	0	𦞗
cn_dicts/41448.dict.yaml	𦞨	gong	0	𦞨
cn_dicts/41448.dict.yaml	𦦧	gong	0	𦦧
cn_dicts/41448.dict.yaml	𦩼	gong	0	𦩼
cn_dicts/41448.dict.yaml	𦬘	gong	0	𦬘
cn_dicts/41448.dict.yaml	𦵡	gong	0	𦵡
cn_dicts/41448.dict.yaml	𧆷	gong	0	𧆷
cn_dicts/41448.dict.yaml	𧎡	gong	0	𧎡
cn_dicts/41448.dict.yaml	𧘏	gong	0	𧘏
cn_dicts/41448.dict.yaml	𨉫	gong	0	𨉫
cn_dicts/41448.dict.yaml	𨊧	gong	0	𨊧
cn_dicts/41448.dict.yaml	𨋑	gong	0	𨋑
cn_dicts/41448.dict.yaml	𨋝	gong	0	𨋝
cn_dicts/41448.dict.yaml	𨋷	gong	0	𨋷
cn_dicts/41448.dict.yaml	𨒱	gong	0	𨒱
cn_dicts/41448.dict.yaml	𨣂	gong	0	𨣂
cn_dicts/41448.dict.yaml	𨥑	gong	0	𨥑
cn_dicts/41448.dict.yaml	𨨭	gong	0	𨨭
cn_dicts/41448.dict.yaml	𨴛	gong	0	𨴛
cn_dicts/41448.dict.yaml	𩃙	gong	0	𩃙
cn_dicts/41448.dict.yaml	𩌌	gong	0	𩌌
cn_dicts/41448.dict.yaml	𩐣	gong	0	𩐣
cn_dicts/41448.dict.yaml	𩛘	gong	0	𩛘
cn_dicts/41448.dict.yaml	𪄌	gong	0	𪄌
cn_dicts/41448.dict.yaml	𪏠	gong	0	𪏠
cn_dicts/41448.dict.yaml	𪏢	gong	0	𪏢
cn_dicts/41448.dict.yaml	㗕	gou	0	㗕
cn_dicts/41448.dict.yaml	㜌	gou	0	㜌
cn_dicts/41448.dict.yaml	㝅	gou	0	㝅
cn_dicts/41448.dict.yaml	㝤	gou	0	㝤
cn_dicts/41448.dict.yaml	㨌	gou	0	㨌
cn_dicts/41448.dict.yaml	㳶	gou	0	㳶
cn_dicts/41448.dict.yaml	㺃	gou	0	㺃
cn_dicts/41448.dict.yaml	㽛	gou	0	㽛
cn_dicts/41448.dict.yaml	䃓	gou	0	䃓
cn_dicts/41448.dict.yaml	䑦	gou	0	䑦
cn_dicts/41448.dict.yaml	䝭	gou	0	䝭
cn_dicts/41448.dict.yaml	䞀	gou	0	䞀
cn_dicts/41448.dict.yaml	𠛎	gou	0	𠛎
cn_dicts/41448.dict.yaml	𡖑	gou	0	𡖑
cn_dicts/41448.dict.yaml	𡗁	gou	0	𡗁
cn_dicts/41448.dict.yaml	𢄇	gou	0	𢄇
cn_dicts/41448.dict.yaml	𣕉	gou	0	𣕉
cn_dicts/41448.dict.yaml	𣕌	gou	0	𣕌
cn_dicts/41448.dict.yaml	𣙱	gou	0	𣙱
cn_dicts/41448.dict.yaml	𣫌	gou	0	𣫌
cn_dicts/41448.dict.yaml	𤖮	gou	0	𤖮
cn_dicts/41448.dict.yaml	𤚼	gou	0	𤚼
cn_dicts/41448.dict.yaml	𤠼	gou	0	𤠼
cn_dicts/41448.dict.yaml	𤫱	gou	0	𤫱
cn_dicts/41448.dict.yaml	𥉇	gou	0	𥉇
cn_dicts/41448.dict.yaml	𥧒	gou	0	𥧒
cn_dicts/41448.dict.yaml	𥬉	gou	0	𥬉
cn_dicts/41448.dict.yaml	𥴴	gou	0	𥴴
cn_dicts/41448.dict.yaml	𥿺	gou	0	𥿺
cn_dicts/41448.dict.yaml	𦎯	gou	0	𦎯
cn_dicts/41448.dict.yaml	𦎼	gou	0	𦎼
cn_dicts/41448.dict.yaml	𦩷	gou	0	𦩷
cn_dicts/41448.dict.yaml	𦱣	gou	0	𦱣
cn_dicts/41448.dict.yaml	𦵷	gou	0	𦵷
cn_dicts/41448.dict.yaml	𦽋	gou	0	𦽋
cn_dicts/41448.dict.yaml	𧃛	gou	0	𧃛
cn_dicts/41448.dict.yaml	𧲿	gou	0	𧲿
cn_dicts/41448.dict.yaml	𧵈	gou	0	𧵈
cn_dicts/41448.dict.yaml	𨩦	gou	0	𨩦
cn_dicts/41448.dict.yaml	𩄢	gou	0	𩄢
cn_dicts/41448.dict.yaml	𪀊	gou	0	𪀊
cn_dicts/41448.dict.yaml	𪃺	gou	0	𪃺
cn_dicts/41448.dict.yaml	𪚭	gou	0	𪚭
cn_dicts/41448.dict.yaml	㒴	gu	0	㒴
cn_dicts/41448.dict.yaml	㚉	gu	0	㚉
cn_dicts/41448.dict.yaml	㧽	gu	0	㧽
cn_dicts/41448.dict.yaml	㯏	gu	0	㯏
cn_dicts/41448.dict.yaml	㼋	gu	0	㼋
cn_dicts/41448.dict.yaml	㽽	gu	0	㽽
cn_dicts/41448.dict.yaml	㾶	gu	0	㾶
cn_dicts/41448.dict.yaml	䀇	gu	0	䀇
cn_dicts/41448.dict.yaml	䀜	gu	0	䀜
cn_dicts/41448.dict.yaml	䀦	gu	0	䀦
cn_dicts/41448.dict.yaml	䀰	gu	0	䀰
cn_dicts/41448.dict.yaml	䅽	gu	0	䅽
cn_dicts/41448.dict.yaml	䊺	gu	0	䊺
cn_dicts/41448.dict.yaml	䍍	gu	0	䍍
cn_dicts/41448.dict.yaml	䍛	gu	0	䍛
cn_dicts/41448.dict.yaml	䐨	gu	0	䐨
cn_dicts/41448.dict.yaml	䓛	gu	0	䓛
cn_dicts/41448.dict.yaml	䓢	gu	0	䓢
cn_dicts/41448.dict.yaml	䜼	gu	0	䜼
cn_dicts/41448.dict.yaml	䡩	gu	0	䡩
cn_dicts/41448.dict.yaml	䮩	gu	0	䮩
cn_dicts/41448.dict.yaml	䵻	gu	0	䵻
cn_dicts/41448.dict.yaml	䶜	gu	0	䶜
cn_dicts/41448.dict.yaml	𠑹	gu	0	𠑹
cn_dicts/41448.dict.yaml	𠷞	gu	0	𠷞
cn_dicts/41448.dict.yaml	𠻧	gu	0	𠻧
cn_dicts/41448.dict.yaml	𠽿	gu	0	𠽿
cn_dicts/41448.dict.yaml	𡗷	gu	0	𡗷
cn_dicts/41448.dict.yaml	𡷓	gu	0	𡷓
cn_dicts/41448.dict.yaml	𡽂	gu	0	𡽂
cn_dicts/41448.dict.yaml	𢝳	gu	0	𢝳
cn_dicts/41448.dict.yaml	𢡇	gu	0	𢡇
cn_dicts/41448.dict.yaml	𢪏	gu	0	𢪏
cn_dicts/41448.dict.yaml	𣀐	gu	0	𣀐
cn_dicts/41448.dict.yaml	𣖫	gu	0	𣖫
cn_dicts/41448.dict.yaml	𣦩	gu	0	𣦩
cn_dicts/41448.dict.yaml	𣦭	gu	0	𣦭
cn_dicts/41448.dict.yaml	𣨍	gu	0	𣨍
cn_dicts/41448.dict.yaml	𣨺	gu	0	𣨺
cn_dicts/41448.dict.yaml	𣪸	gu	0	𣪸
cn_dicts/41448.dict.yaml	𣫀	gu	0	𣫀
cn_dicts/41448.dict.yaml	𣱫	gu	0	𣱫
cn_dicts/41448.dict.yaml	𣲖	gu	0	𣲖
cn_dicts/41448.dict.yaml	𤅱	gu	0	𤅱
cn_dicts/41448.dict.yaml	𤚱	gu	0	𤚱
cn_dicts/41448.dict.yaml	𥂰	gu	0	𥂰
cn_dicts/41448.dict.yaml	𥐬	gu	0	𥐬
cn_dicts/41448.dict.yaml	𥠳	gu	0	𥠳
cn_dicts/41448.dict.yaml	𥮝	gu	0	𥮝
cn_dicts/41448.dict.yaml	𥵠	gu	0	𥵠
cn_dicts/41448.dict.yaml	𥿍	gu	0	𥿍
cn_dicts/41448.dict.yaml	𦈲	gu	0	𦈲
cn_dicts/41448.dict.yaml	𦊬	gu	0	𦊬
cn_dicts/41448.dict.yaml	𦋆	gu	0	𦋆
cn_dicts/41448.dict.yaml	𦎰	gu	0	𦎰
cn_dicts/41448.dict.yaml	𦺠	gu	0	𦺠
cn_dicts/41448.dict.yaml	𦾫	gu	0	𦾫
cn_dicts/41448.dict.yaml	𧆻	gu	0	𧆻
cn_dicts/41448.dict.yaml	𧇡	gu	0	𧇡
cn_dicts/41448.dict.yaml	𧟣	gu	0	𧟣
cn_dicts/41448.dict.yaml	𧣡	gu	0	𧣡
cn_dicts/41448.dict.yaml	𧬕	gu	0	𧬕
cn_dicts/41448.dict.yaml	𧳸	gu	0	𧳸
cn_dicts/41448.dict.yaml	𧵎	gu	0	𧵎
cn_dicts/41448.dict.yaml	𨠋	gu	0	𨠋
cn_dicts/41448.dict.yaml	𨪷	gu	0	𨪷
cn_dicts/41448.dict.yaml	𨬕	gu	0	𨬕
cn_dicts/41448.dict.yaml	𨵐	gu	0	𨵐
cn_dicts/41448.dict.yaml	𨸯	gu	0	𨸯
cn_dicts/41448.dict.yaml	𩀠	gu	0	𩀠
cn_dicts/41448.dict.yaml	𩙏	gu	0	𩙏
cn_dicts/41448.dict.yaml	𩲱	gu	0	𩲱
cn_dicts/41448.dict.yaml	𩴡	gu	0	𩴡
cn_dicts/41448.dict.yaml	𪄮	gu	0	𪄮
cn_dicts/41448.dict.yaml	𪇗	gu	0	𪇗
cn_dicts/41448.dict.yaml	𪕷	gu	0	𪕷
cn_dicts/41448.dict.yaml	㒷	gua	0	㒷
cn_dicts/41448.dict.yaml	䈑	gua	0	䈑
cn_dicts/41448.dict.yaml	䒷	gua	0	䒷
cn_dicts/41448.dict.yaml	䯏	gua	0	䯏
cn_dicts/41448.dict.yaml	𠆣	gua	0	𠆣
cn_dicts/41448.dict.yaml	𠈥	gua	0	𠈥
cn_dicts/41448.dict.yaml	𠊰	gua	0	𠊰
cn_dicts/41448.dict.yaml	𠙼	gua	0	𠙼
cn_dicts/41448.dict.yaml	𠛒	gua	0	𠛒
cn_dicts/41448.dict.yaml	𠜵	gua	0	𠜵
cn_dicts/41448.dict.yaml	𠟗	gua	0	𠟗
cn_dicts/41448.dict.yaml	𠮠	gua	0	𠮠
cn_dicts/41448.dict.yaml	𠯑	gua	0	𠯑
cn_dicts/41448.dict.yaml	𠵯	gua	0	𠵯
cn_dicts/41448.dict.yaml	𡜁	gua	0	𡜁
cn_dicts/41448.dict.yaml	𣅻	gua	0	𣅻
cn_dicts/41448.dict.yaml	𤆜	gua	0	𤆜
cn_dicts/41448.dict.yaml	𥄼	gua	0	𥄼
cn_dicts/41448.dict.yaml	𥈓	gua	0	𥈓
cn_dicts/41448.dict.yaml	𥝒	gua	0	𥝒
cn_dicts/41448.dict.yaml	𧤐	gua	0	𧤐
cn_dicts/41448.dict.yaml	𧿼	gua	0	𧿼
cn_dicts/41448.dict.yaml	𨵃	gua	0	𨵃
cn_dicts/41448.dict.yaml	𩢍	gua	0	𩢍
cn_dicts/41448.dict.yaml	𩻎	gua	0	𩻎
cn_dicts/41448.dict.yaml	𪇜	gua	0	𪇜
cn_dicts/41448.dict.yaml	㧔	guai	0	㧔
cn_dicts/41448.dict.yaml	㷇	guai	0	㷇
cn_dicts/41448.dict.yaml	㽇	guai	0	㽇
cn_dicts/41448.dict.yaml	䂯	guai	0	䂯
cn_dicts/41448.dict.yaml	䊽	guai	0	䊽
cn_dicts/41448.dict.yaml	𠁥	guai	0	𠁥
cn_dicts/41448.dict.yaml	𠛕	guai	0	𠛕
cn_dicts/41448.dict.yaml	𠦬	guai	0	𠦬
cn_dicts/41448.dict.yaml	𡇸	guai	0	𡇸
cn_dicts/41448.dict.yaml	𡌪	guai	0	𡌪
cn_dicts/41448.dict.yaml	𡖪	guai	0	𡖪
cn_dicts/41448.dict.yaml	𡧩	guai	0	𡧩
cn_dicts/41448.dict.yaml	𢶒	guai	0	𢶒
cn_dicts/41448.dict.yaml	𣲾	guai	0	𣲾
cn_dicts/41448.dict.yaml	𥑋	guai	0	𥑋
cn_dicts/41448.dict.yaml	𥑰	guai	0	𥑰
cn_dicts/41448.dict.yaml	𦫳	guai	0	𦫳
cn_dicts/41448.dict.yaml	𦮃	guai	0	𦮃
cn_dicts/41448.dict.yaml	𧊅	guai	0	𧊅
cn_dicts/41448.dict.yaml	𧱾	guai	0	𧱾
cn_dicts/41448.dict.yaml	𧴚	guai	0	𧴚
cn_dicts/41448.dict.yaml	𩶦	guai	0	𩶦
cn_dicts/41448.dict.yaml	㮡	guan	0	㮡
cn_dicts/41448.dict.yaml	㴦	guan	0	㴦
cn_dicts/41448.dict.yaml	䂯	guan	0	䂯
cn_dicts/41448.dict.yaml	䌯	guan	0	䌯
cn_dicts/41448.dict.yaml	䎚	guan	0	䎚
cn_dicts/41448.dict.yaml	䏓	guan	0	䏓
cn_dicts/41448.dict.yaml	䗆	guan	0	䗆
cn_dicts/41448.dict.yaml	䗰	guan	0	䗰
cn_dicts/41448.dict.yaml	䘾	guan	0	䘾
cn_dicts/41448.dict.yaml	䙛	guan	0	䙛
cn_dicts/41448.dict.yaml	䙮	guan	0	䙮
cn_dicts/41448.dict.yaml	䝺	guan	0	䝺
cn_dicts/41448.dict.yaml	䦎	guan	0	䦎
cn_dicts/41448.dict.yaml	䩪	guan	0	䩪
cn_dicts/41448.dict.yaml	䪀	guan	0	䪀
cn_dicts/41448.dict.yaml	䲘	guan	0	䲘
cn_dicts/41448.dict.yaml	𠬆	guan	0	𠬆
cn_dicts/41448.dict.yaml	𠴨	guan	0	𠴨
cn_dicts/41448.dict.yaml	𡅭	guan	0	𡅭
cn_dicts/41448.dict.yaml	𡠒	guan	0	𡠒
cn_dicts/41448.dict.yaml	𡭷	guan	0	𡭷
cn_dicts/41448.dict.yaml	𢇇	guan	0	𢇇
cn_dicts/41448.dict.yaml	𢉂	guan	0	𢉂
cn_dicts/41448.dict.yaml	𢺄	guan	0	𢺄
cn_dicts/41448.dict.yaml	𣥥	guan	0	𣥥
cn_dicts/41448.dict.yaml	𣩔	guan	0	𣩔
cn_dicts/41448.dict.yaml	𣬂	guan	0	𣬂
cn_dicts/41448.dict.yaml	𤮳	guan	0	𤮳
cn_dicts/41448.dict.yaml	𤼐	guan	0	𤼐
cn_dicts/41448.dict.yaml	𥈒	guan	0	𥈒
cn_dicts/41448.dict.yaml	𥉀	guan	0	𥉀
cn_dicts/41448.dict.yaml	𥊫	guan	0	𥊫
cn_dicts/41448.dict.yaml	𥍅	guan	0	𥍅
cn_dicts/41448.dict.yaml	𥎅	guan	0	𥎅
cn_dicts/41448.dict.yaml	𥜄	guan	0	𥜄
cn_dicts/41448.dict.yaml	𥷬	guan	0	𥷬
cn_dicts/41448.dict.yaml	𥿑	guan	0	𥿑
cn_dicts/41448.dict.yaml	𦛤	guan	0	𦛤
cn_dicts/41448.dict.yaml	𦺊	guan	0	𦺊
cn_dicts/41448.dict.yaml	𨝑	guan	0	𨝑
cn_dicts/41448.dict.yaml	𨳡	guan	0	𨳡
cn_dicts/41448.dict.yaml	𨴊	guan	0	𨴊
cn_dicts/41448.dict.yaml	𨵄	guan	0	𨵄
cn_dicts/41448.dict.yaml	𨷀	guan	0	𨷀
cn_dicts/41448.dict.yaml	𩖒	guan	0	𩖒
cn_dicts/41448.dict.yaml	𪈸	guan	0	𪈸
cn_dicts/41448.dict.yaml	㤮	guang	0	㤮
cn_dicts/41448.dict.yaml	㫛	guang	0	㫛
cn_dicts/41448.dict.yaml	䍍	guang	0	䍍
cn_dicts/41448.dict.yaml	𠏤	guang	0	𠏤
cn_dicts/41448.dict.yaml	𢓯	guang	0	𢓯
cn_dicts/41448.dict.yaml	𤖖	guang	0	𤖖
cn_dicts/41448.dict.yaml	𤳭	guang	0	𤳭
cn_dicts/41448.dict.yaml	𤴀	guang	0	𤴀
cn_dicts/41448.dict.yaml	𥀱	guang	0	𥀱
cn_dicts/41448.dict.yaml	𦢎	guang	0	𦢎
cn_dicts/41448.dict.yaml	𧻺	guang	0	𧻺
cn_dicts/41448.dict.yaml	𨎩	guang	0	𨎩
cn_dicts/41448.dict.yaml	𨤡	guang	0	𨤡
cn_dicts/41448.dict.yaml	𨶰	guang	0	𨶰
cn_dicts/41448.dict.yaml	𩑈	guang	0	𩑈
cn_dicts/41448.dict.yaml	𩒚	guang	0	𩒚
cn_dicts/41448.dict.yaml	𩧉	guang	0	𩧉
cn_dicts/41448.dict.yaml	𪇵	guang	0	𪇵
cn_dicts/41448.dict.yaml	𪕓	guang	0	𪕓
cn_dicts/41448.dict.yaml	㔳	gui	0	㔳
cn_dicts/41448.dict.yaml	㙺	gui	0	㙺
cn_dicts/41448.dict.yaml	㧪	gui	0	㧪
cn_dicts/41448.dict.yaml	㨳	gui	0	㨳
cn_dicts/41448.dict.yaml	㩻	gui	0	㩻
cn_dicts/41448.dict.yaml	㪈	gui	0	㪈
cn_dicts/41448.dict.yaml	㱦	gui	0	㱦
cn_dicts/41448.dict.yaml	㲹	gui	0	㲹
cn_dicts/41448.dict.yaml	㸵	gui	0	㸵
cn_dicts/41448.dict.yaml	䁛	gui	0	䁛
cn_dicts/41448.dict.yaml	䃽	gui	0	䃽
cn_dicts/41448.dict.yaml	䇈	gui	0	䇈
cn_dicts/41448.dict.yaml	䌆	gui	0	䌆
cn_dicts/41448.dict.yaml	䍯	gui	0	䍯
cn_dicts/41448.dict.yaml	䍷	gui	0	䍷
cn_dicts/41448.dict.yaml	䐴	gui	0	䐴
cn_dicts/41448.dict.yaml	䙆	gui	0	䙆
cn_dicts/41448.dict.yaml	䝿	gui	0	䝿
cn_dicts/41448.dict.yaml	䞈	gui	0	䞈
cn_dicts/41448.dict.yaml	䞨	gui	0	䞨
cn_dicts/41448.dict.yaml	䠩	gui	0	䠩
cn_dicts/41448.dict.yaml	䣀	gui	0	䣀
cn_dicts/41448.dict.yaml	䤥	gui	0	䤥
cn_dicts/41448.dict.yaml	䯣	gui	0	䯣
cn_dicts/41448.dict.yaml	䰎	gui	0	䰎
cn_dicts/41448.dict.yaml	䲅	gui	0	䲅
cn_dicts/41448.dict.yaml	䳏	gui	0	䳏
cn_dicts/41448.dict.yaml	𠐽	gui	0	𠐽
cn_dicts/41448.dict.yaml	𠜾	gui	0	𠜾
cn_dicts/41448.dict.yaml	𠪑	gui	0	𠪑
cn_dicts/41448.dict.yaml	𠱓	gui	0	𠱓
cn_dicts/41448.dict.yaml	𠿥	gui	0	𠿥
cn_dicts/41448.dict.yaml	𡃩	gui	0	𡃩
cn_dicts/41448.dict.yaml	𡌲	gui	0	𡌲
cn_dicts/41448.dict.yaml	𡗤	gui	0	𡗤
cn_dicts/41448.dict.yaml	𡧭	gui	0	𡧭
cn_dicts/41448.dict.yaml	𡬂	gui	0	𡬂
cn_dicts/41448.dict.yaml	𡷺	gui	0	𡷺
cn_dicts/41448.dict.yaml	𡹙	gui	0	𡹙
cn_dicts/41448.dict.yaml	𢃯	gui	0	𢃯
cn_dicts/41448.dict.yaml	𢄊	gui	0	𢄊
cn_dicts/41448.dict.yaml	𢠿	gui	0	𢠿
cn_dicts/41448.dict.yaml	𢻂	gui	0	𢻂
cn_dicts/41448.dict.yaml	𢻗	gui	0	𢻗
cn_dicts/41448.dict.yaml	𣄜	gui	0	𣄜
cn_dicts/41448.dict.yaml	𣢪	gui	0	𣢪
cn_dicts/41448.dict.yaml	𣦦	gui	0	𣦦
cn_dicts/41448.dict.yaml	𣧎	gui	0	𣧎
cn_dicts/41448.dict.yaml	𣪕	gui	0	𣪕
cn_dicts/41448.dict.yaml	𣷾	gui	0	𣷾
cn_dicts/41448.dict.yaml	𤘧	gui	0	𤘧
cn_dicts/41448.dict.yaml	𤜂	gui	0	𤜂
cn_dicts/41448.dict.yaml	𤡱	gui	0	𤡱
cn_dicts/41448.dict.yaml	𤱺	gui	0	𤱺
cn_dicts/41448.dict.yaml	𤱾	gui	0	𤱾
cn_dicts/41448.dict.yaml	𤲉	gui	0	𤲉
cn_dicts/41448.dict.yaml	𤻿	gui	0	𤻿
cn_dicts/41448.dict.yaml	𤼮	gui	0	𤼮
cn_dicts/41448.dict.yaml	𤿡	gui	0	𤿡
cn_dicts/41448.dict.yaml	𥇳	gui	0	𥇳
cn_dicts/41448.dict.yaml	𥈸	gui	0	𥈸
cn_dicts/41448.dict.yaml	𥍁	gui	0	𥍁
cn_dicts/41448.dict.yaml	𥍨	gui	0	𥍨
cn_dicts/41448.dict.yaml	𥎛	gui	0	𥎛
cn_dicts/41448.dict.yaml	𥜏	gui	0	𥜏
cn_dicts/41448.dict.yaml	𥥠	gui	0	𥥠
cn_dicts/41448.dict.yaml	𥦣	gui	0	𥦣
cn_dicts/41448.dict.yaml	𦓯	gui	0	𦓯
cn_dicts/41448.dict.yaml	𦤇	gui	0	𦤇
cn_dicts/41448.dict.yaml	𦳛	gui	0	𦳛
cn_dicts/41448.dict.yaml	𧊄	gui	0	𧊄
cn_dicts/41448.dict.yaml	𧡫	gui	0	𧡫
cn_dicts/41448.dict.yaml	𧢦	gui	0	𧢦
cn_dicts/41448.dict.yaml	𧷱	gui	0	𧷱
cn_dicts/41448.dict.yaml	𧻜	gui	0	𧻜
cn_dicts/41448.dict.yaml	𧽸	gui	0	𧽸
cn_dicts/41448.dict.yaml	𨇙	gui	0	𨇙
cn_dicts/41448.dict.yaml	𨋡	gui	0	𨋡
cn_dicts/41448.dict.yaml	𨲿	gui	0	𨲿
cn_dicts/41448.dict.yaml	𨾚	gui	0	𨾚
cn_dicts/41448.dict.yaml	𨾴	gui	0	𨾴
cn_dicts/41448.dict.yaml	𩉝	gui	0	𩉝
cn_dicts/41448.dict.yaml	𩊛	gui	0	𩊛
cn_dicts/41448.dict.yaml	𩌃	gui	0	𩌃
cn_dicts/41448.dict.yaml	𩍨	gui	0	𩍨
cn_dicts/41448.dict.yaml	𩏐	gui	0	𩏐
cn_dicts/41448.dict.yaml	𩏡	gui	0	𩏡
cn_dicts/41448.dict.yaml	𩑬	gui	0	𩑬
cn_dicts/41448.dict.yaml	𩒙	gui	0	𩒙
cn_dicts/41448.dict.yaml	𩓠	gui	0	𩓠
cn_dicts/41448.dict.yaml	𩔆	gui	0	𩔆
cn_dicts/41448.dict.yaml	𩪁	gui	0	𩪁
cn_dicts/41448.dict.yaml	𩱻	gui	0	𩱻
cn_dicts/41448.dict.yaml	𩲡	gui	0	𩲡
cn_dicts/41448.dict.yaml	𩳝	gui	0	𩳝
cn_dicts/41448.dict.yaml	𩳧	gui	0	𩳧
cn_dicts/41448.dict.yaml	𪀗	gui	0	𪀗
cn_dicts/41448.dict.yaml	𪄯	gui	0	𪄯
cn_dicts/41448.dict.yaml	𪆳	gui	0	𪆳
cn_dicts/41448.dict.yaml	𪈥	gui	0	𪈥
cn_dicts/41448.dict.yaml	𪊧	gui	0	𪊧
cn_dicts/41448.dict.yaml	𪏤	gui	0	𪏤
cn_dicts/41448.dict.yaml	㔳	gun	0	㔳
cn_dicts/41448.dict.yaml	㙥	gun	0	㙥
cn_dicts/41448.dict.yaml	㨰	gun	0	㨰
cn_dicts/41448.dict.yaml	㫎	gun	0	㫎
cn_dicts/41448.dict.yaml	㯻	gun	0	㯻
cn_dicts/41448.dict.yaml	䃂	gun	0	䃂
cn_dicts/41448.dict.yaml	䎾	gun	0	䎾
cn_dicts/41448.dict.yaml	䙛	gun	0	䙛
cn_dicts/41448.dict.yaml	䜇	gun	0	䜇
cn_dicts/41448.dict.yaml	䵪	gun	0	䵪
cn_dicts/41448.dict.yaml	𠃌	gun	0	𠃌
cn_dicts/41448.dict.yaml	𠞬	gun	0	𠞬
cn_dicts/41448.dict.yaml	𡈧	gun	0	𡈧
cn_dicts/41448.dict.yaml	𡘝	gun	0	𡘝
cn_dicts/41448.dict.yaml	𡻨	gun	0	𡻨
cn_dicts/41448.dict.yaml	𢃩	gun	0	𢃩
cn_dicts/41448.dict.yaml	𣮎	gun	0	𣮎
cn_dicts/41448.dict.yaml	𦓼	gun	0	𦓼
cn_dicts/41448.dict.yaml	𦠺	gun	0	𦠺
cn_dicts/41448.dict.yaml	𦫎	gun	0	𦫎
cn_dicts/41448.dict.yaml	𧬪	gun	0	𧬪
cn_dicts/41448.dict.yaml	𧸫	gun	0	𧸫
cn_dicts/41448.dict.yaml	𨍲	gun	0	𨍲
cn_dicts/41448.dict.yaml	𩨬	gun	0	𩨬
cn_dicts/41448.dict.yaml	𩩌	gun	0	𩩌
cn_dicts/41448.dict.yaml	㕵	guo	0	㕵
cn_dicts/41448.dict.yaml	㖪	guo	0	㖪
cn_dicts/41448.dict.yaml	㗻	guo	0	㗻
cn_dicts/41448.dict.yaml	㚍	guo	0	㚍
cn_dicts/41448.dict.yaml	㞅	guo	0	㞅
cn_dicts/41448.dict.yaml	㳀	guo	0	㳀
cn_dicts/41448.dict.yaml	㶁	guo	0	㶁
cn_dicts/41448.dict.yaml	䂸	guo	0	䂸
cn_dicts/41448.dict.yaml	䆐	guo	0	䆐
cn_dicts/41448.dict.yaml	䐸	guo	0	䐸
cn_dicts/41448.dict.yaml	䙨	guo	0	䙨
cn_dicts/41448.dict.yaml	䤋	guo	0	䤋
cn_dicts/41448.dict.yaml	䬎	guo	0	䬎
cn_dicts/41448.dict.yaml	䴹	guo	0	䴹
cn_dicts/41448.dict.yaml	𠋜	guo	0	𠋜
cn_dicts/41448.dict.yaml	𠜴	guo	0	𠜴
cn_dicts/41448.dict.yaml	𠩥	guo	0	𠩥
cn_dicts/41448.dict.yaml	𠿤	guo	0	𠿤
cn_dicts/41448.dict.yaml	𡆸	guo	0	𡆸
cn_dicts/41448.dict.yaml	𡇄	guo	0	𡇄
cn_dicts/41448.dict.yaml	𡓣	guo	0	𡓣
cn_dicts/41448.dict.yaml	𢃦	guo	0	𢃦
cn_dicts/41448.dict.yaml	𢅗	guo	0	𢅗
cn_dicts/41448.dict.yaml	𢐚	guo	0	𢐚
cn_dicts/41448.dict.yaml	𢝸	guo	0	𢝸
cn_dicts/41448.dict.yaml	𢧰	guo	0	𢧰
cn_dicts/41448.dict.yaml	𢸗	guo	0	𢸗
cn_dicts/41448.dict.yaml	𢹖	guo	0	𢹖
cn_dicts/41448.dict.yaml	𢼛	guo	0	𢼛
cn_dicts/41448.dict.yaml	𣁯	guo	0	𣁯
cn_dicts/41448.dict.yaml	𣂄	guo	0	𣂄
cn_dicts/41448.dict.yaml	𣽅	guo	0	𣽅
cn_dicts/41448.dict.yaml	𣽰	guo	0	𣽰
cn_dicts/41448.dict.yaml	𤂁	guo	0	𤂁
cn_dicts/41448.dict.yaml	𤫵	guo	0	𤫵
cn_dicts/41448.dict.yaml	𤬁	guo	0	𤬁
cn_dicts/41448.dict.yaml	𤮋	guo	0	𤮋
cn_dicts/41448.dict.yaml	𥁁	guo	0	𥁁
cn_dicts/41448.dict.yaml	𥂣	guo	0	𥂣
cn_dicts/41448.dict.yaml	𥄍	guo	0	𥄍
cn_dicts/41448.dict.yaml	𥆘	guo	0	𥆘
cn_dicts/41448.dict.yaml	𥇜	guo	0	𥇜
cn_dicts/41448.dict.yaml	𥕖	guo	0	𥕖
cn_dicts/41448.dict.yaml	𥜭	guo	0	𥜭
cn_dicts/41448.dict.yaml	𦄰	guo	0	𦄰
cn_dicts/41448.dict.yaml	𦗒	guo	0	𦗒
cn_dicts/41448.dict.yaml	𦘌	guo	0	𦘌
cn_dicts/41448.dict.yaml	𦛢	guo	0	𦛢
cn_dicts/41448.dict.yaml	𦬗	guo	0	𦬗
cn_dicts/41448.dict.yaml	𦸈	guo	0	𦸈
cn_dicts/41448.dict.yaml	𧒖	guo	0	𧒖
cn_dicts/41448.dict.yaml	𧖻	guo	0	𧖻
cn_dicts/41448.dict.yaml	𧤯	guo	0	𧤯
cn_dicts/41448.dict.yaml	𧥵	guo	0	𧥵
cn_dicts/41448.dict.yaml	𧭕	guo	0	𧭕
cn_dicts/41448.dict.yaml	𧭣	guo	0	𧭣
cn_dicts/41448.dict.yaml	𧰒	guo	0	𧰒
cn_dicts/41448.dict.yaml	𧾛	guo	0	𧾛
cn_dicts/41448.dict.yaml	𨉹	guo	0	𨉹
cn_dicts/41448.dict.yaml	𨭗	guo	0	𨭗
cn_dicts/41448.dict.yaml	𨽏	guo	0	𨽏
cn_dicts/41448.dict.yaml	𩉕	guo	0	𩉕
cn_dicts/41448.dict.yaml	𩋗	guo	0	𩋗
cn_dicts/41448.dict.yaml	𩟂	guo	0	𩟂
cn_dicts/41448.dict.yaml	𩪐	guo	0	𩪐
cn_dicts/41448.dict.yaml	𩫏	guo	0	𩫏
cn_dicts/41448.dict.yaml	𩰬	guo	0	𩰬
cn_dicts/41448.dict.yaml	𩰭	guo	0	𩰭
cn_dicts/41448.dict.yaml	𩻧	guo	0	𩻧
cn_dicts/41448.dict.yaml	𪂠	guo	0	𪂠
cn_dicts/41448.dict.yaml	𪆹	guo	0	𪆹
cn_dicts/41448.dict.yaml	𪈃	guo	0	𪈃
cn_dicts/41448.dict.yaml	𪋊	guo	0	𪋊
cn_dicts/41448.dict.yaml	𡄟	ha	0	𡄟
cn_dicts/41448.dict.yaml	𨉣	ha	0	𨉣
cn_dicts/41448.dict.yaml	㕢	hai	0	㕢
cn_dicts/41448.dict.yaml	㜾	hai	0	㜾
cn_dicts/41448.dict.yaml	㤥	hai	0	㤥
cn_dicts/41448.dict.yaml	㦟	hai	0	㦟
cn_dicts/41448.dict.yaml	㧡	hai	0	㧡
cn_dicts/41448.dict.yaml	㨟	hai	0	㨟
cn_dicts/41448.dict.yaml	㱚	hai	0	㱚
cn_dicts/41448.dict.yaml	㺔	hai	0	㺔
cn_dicts/41448.dict.yaml	䂤	hai	0	䂤
cn_dicts/41448.dict.yaml	䇋	hai	0	䇋
cn_dicts/41448.dict.yaml	䍖	hai	0	䍖
cn_dicts/41448.dict.yaml	䠹	hai	0	䠹
cn_dicts/41448.dict.yaml	䠽	hai	0	䠽
cn_dicts/41448.dict.yaml	䯐	hai	0	䯐
cn_dicts/41448.dict.yaml	䱺	hai	0	䱺
cn_dicts/41448.dict.yaml	𠀅	hai	0	𠀅
cn_dicts/41448.dict.yaml	𠔑	hai	0	𠔑
cn_dicts/41448.dict.yaml	𠹛	hai	0	𠹛
cn_dicts/41448.dict.yaml	𡕗	hai	0	𡕗
cn_dicts/41448.dict.yaml	𡾨	hai	0	𡾨
cn_dicts/41448.dict.yaml	𢁓	hai	0	𢁓
cn_dicts/41448.dict.yaml	𢞐	hai	0	𢞐
cn_dicts/41448.dict.yaml	𢩸	hai	0	𢩸
cn_dicts/41448.dict.yaml	𢻜	hai	0	𢻜
cn_dicts/41448.dict.yaml	𣖻	hai	0	𣖻
cn_dicts/41448.dict.yaml	𣢇	hai	0	𣢇
cn_dicts/41448.dict.yaml	𣳠	hai	0	𣳠
cn_dicts/41448.dict.yaml	𤵽	hai	0	𤵽
cn_dicts/41448.dict.yaml	𤸎	hai	0	𤸎
cn_dicts/41448.dict.yaml	𥁐	hai	0	𥁐
cn_dicts/41448.dict.yaml	𥂧	hai	0	𥂧
cn_dicts/41448.dict.yaml	𥩤	hai	0	𥩤
cn_dicts/41448.dict.yaml	𥩲	hai	0	𥩲
cn_dicts/41448.dict.yaml	𦐤	hai	0	𦐤
cn_dicts/41448.dict.yaml	𦤦	hai	0	𦤦
cn_dicts/41448.dict.yaml	𦤬	hai	0	𦤬
cn_dicts/41448.dict.yaml	𦷷	hai	0	𦷷
cn_dicts/41448.dict.yaml	𧻲	hai	0	𧻲
cn_dicts/41448.dict.yaml	𧽊	hai	0	𧽊
cn_dicts/41448.dict.yaml	𧽖	hai	0	𧽖
cn_dicts/41448.dict.yaml	𨀖	hai	0	𨀖
cn_dicts/41448.dict.yaml	𨡬	hai	0	𨡬
cn_dicts/41448.dict.yaml	𨸜	hai	0	𨸜
cn_dicts/41448.dict.yaml	𩞞	hai	0	𩞞
cn_dicts/41448.dict.yaml	𩠚	hai	0	𩠚
cn_dicts/41448.dict.yaml	𩡔	hai	0	𩡔
cn_dicts/41448.dict.yaml	𩩰	hai	0	𩩰
cn_dicts/41448.dict.yaml	𩪃	hai	0	𩪃
cn_dicts/41448.dict.yaml	𩰶	hai	0	𩰶
cn_dicts/41448.dict.yaml	𩹄	hai	0	𩹄
cn_dicts/41448.dict.yaml	㑵	han	0	㑵
cn_dicts/41448.dict.yaml	㒈	han	0	㒈
cn_dicts/41448.dict.yaml	㖤	han	0	㖤
cn_dicts/41448.dict.yaml	㘕	han	0	㘕
cn_dicts/41448.dict.yaml	㘚	han	0	㘚
cn_dicts/41448.dict.yaml	㙈	han	0	㙈
cn_dicts/41448.dict.yaml	㙔	han	0	㙔
cn_dicts/41448.dict.yaml	㙳	han	0	㙳
cn_dicts/41448.dict.yaml	㜦	han	0	㜦
cn_dicts/41448.dict.yaml	㟏	han	0	㟏
cn_dicts/41448.dict.yaml	㟔	han	0	㟔
cn_dicts/41448.dict.yaml	㢨	han	0	㢨
cn_dicts/41448.dict.yaml	㨔	han	0	㨔
cn_dicts/41448.dict.yaml	㪋	han	0	㪋
cn_dicts/41448.dict.yaml	㮀	han	0	㮀
cn_dicts/41448.dict.yaml	㲦	han	0	㲦
cn_dicts/41448.dict.yaml	㵄	han	0	㵄
cn_dicts/41448.dict.yaml	㵎	han	0	㵎
cn_dicts/41448.dict.yaml	㶰	han	0	㶰
cn_dicts/41448.dict.yaml	㸁	han	0	㸁
cn_dicts/41448.dict.yaml	㺖	han	0	㺖
cn_dicts/41448.dict.yaml	㼨	han	0	㼨
cn_dicts/41448.dict.yaml	㽉	han	0	㽉
cn_dicts/41448.dict.yaml	㽳	han	0	㽳
cn_dicts/41448.dict.yaml	䁔	han	0	䁔
cn_dicts/41448.dict.yaml	䈄	han	0	䈄
cn_dicts/41448.dict.yaml	䌍	han	0	䌍
cn_dicts/41448.dict.yaml	䍐	han	0	䍐
cn_dicts/41448.dict.yaml	䍑	han	0	䍑
cn_dicts/41448.dict.yaml	䎏	han	0	䎏
cn_dicts/41448.dict.yaml	䎯	han	0	䎯
cn_dicts/41448.dict.yaml	䏎	han	0	䏎
cn_dicts/41448.dict.yaml	䏷	han	0	䏷
cn_dicts/41448.dict.yaml	䐄	han	0	䐄
cn_dicts/41448.dict.yaml	䓍	han	0	䓍
cn_dicts/41448.dict.yaml	䓿	han	0	䓿
cn_dicts/41448.dict.yaml	䕿	han	0	䕿
cn_dicts/41448.dict.yaml	䖔	han	0	䖔
cn_dicts/41448.dict.yaml	䗙	han	0	䗙
cn_dicts/41448.dict.yaml	䗣	han	0	䗣
cn_dicts/41448.dict.yaml	䘶	han	0	䘶
cn_dicts/41448.dict.yaml	䛞	han	0	䛞
cn_dicts/41448.dict.yaml	䤴	han	0	䤴
cn_dicts/41448.dict.yaml	䥁	han	0	䥁
cn_dicts/41448.dict.yaml	䦈	han	0	䦈
cn_dicts/41448.dict.yaml	䧲	han	0	䧲
cn_dicts/41448.dict.yaml	䨡	han	0	䨡
cn_dicts/41448.dict.yaml	䫲	han	0	䫲
cn_dicts/41448.dict.yaml	䮧	han	0	䮧
cn_dicts/41448.dict.yaml	䶃	han	0	䶃
cn_dicts/41448.dict.yaml	𠗴	han	0	𠗴
cn_dicts/41448.dict.yaml	𠢇	han	0	𠢇
cn_dicts/41448.dict.yaml	𠤮	han	0	𠤮
cn_dicts/41448.dict.yaml	𠤾	han	0	𠤾
cn_dicts/41448.dict.yaml	𠥴	han	0	𠥴
cn_dicts/41448.dict.yaml	𠦊	han	0	𠦊
cn_dicts/41448.dict.yaml	𠲒	han	0	𠲒
cn_dicts/41448.dict.yaml	𠵸	han	0	𠵸
cn_dicts/41448.dict.yaml	𠹄	han	0	𠹄
cn_dicts/41448.dict.yaml	𠽦	han	0	𠽦
cn_dicts/41448.dict.yaml	𠿑	han	0	𠿑
cn_dicts/41448.dict.yaml	𡁀	han	0	𡁀
cn_dicts/41448.dict.yaml	𡇜	han	0	𡇜
cn_dicts/41448.dict.yaml	𡣔	han	0	𡣔
cn_dicts/41448.dict.yaml	𡬖	han	0	𡬖
cn_dicts/41448.dict.yaml	𡷛	han	0	𡷛
cn_dicts/41448.dict.yaml	𡻡	han	0	𡻡
cn_dicts/41448.dict.yaml	𢀵	han	0	𢀵
cn_dicts/41448.dict.yaml	𢃗	han	0	𢃗
cn_dicts/41448.dict.yaml	𢄜	han	0	𢄜
cn_dicts/41448.dict.yaml	𢇞	han	0	𢇞
cn_dicts/41448.dict.yaml	𢎘	han	0	𢎘
cn_dicts/41448.dict.yaml	𢔈	han	0	𢔈
cn_dicts/41448.dict.yaml	𢔔	han	0	𢔔
cn_dicts/41448.dict.yaml	𢧦	han	0	𢧦
cn_dicts/41448.dict.yaml	𣐺	han	0	𣐺
cn_dicts/41448.dict.yaml	𣒷	han	0	𣒷
cn_dicts/41448.dict.yaml	𣘞	han	0	𣘞
cn_dicts/41448.dict.yaml	𣛴	han	0	𣛴
cn_dicts/41448.dict.yaml	𣝽	han	0	𣝽
cn_dicts/41448.dict.yaml	𣢅	han	0	𣢅
cn_dicts/41448.dict.yaml	𣢟	han	0	𣢟
cn_dicts/41448.dict.yaml	𣢺	han	0	𣢺
cn_dicts/41448.dict.yaml	𣵷	han	0	𣵷
cn_dicts/41448.dict.yaml	𤀉	han	0	𤀉
cn_dicts/41448.dict.yaml	𤌐	han	0	𤌐
cn_dicts/41448.dict.yaml	𤞶	han	0	𤞶
cn_dicts/41448.dict.yaml	𤬯	han	0	𤬯
cn_dicts/41448.dict.yaml	𤭙	han	0	𤭙
cn_dicts/41448.dict.yaml	𤳉	han	0	𤳉
cn_dicts/41448.dict.yaml	𤸕	han	0	𤸕
cn_dicts/41448.dict.yaml	𤿧	han	0	𤿧
cn_dicts/41448.dict.yaml	𥀐	han	0	𥀐
cn_dicts/41448.dict.yaml	𥆡	han	0	𥆡
cn_dicts/41448.dict.yaml	𥇌	han	0	𥇌
cn_dicts/41448.dict.yaml	𥉰	han	0	𥉰
cn_dicts/41448.dict.yaml	𥤱	han	0	𥤱
cn_dicts/41448.dict.yaml	𦋣	han	0	𦋣
cn_dicts/41448.dict.yaml	𦒅	han	0	𦒅
cn_dicts/41448.dict.yaml	𦒝	han	0	𦒝
cn_dicts/41448.dict.yaml	𦛜	han	0	𦛜
cn_dicts/41448.dict.yaml	𦜆	han	0	𦜆
cn_dicts/41448.dict.yaml	𦞞	han	0	𦞞
cn_dicts/41448.dict.yaml	𦥖	han	0	𦥖
cn_dicts/41448.dict.yaml	𦺦	han	0	𦺦
cn_dicts/41448.dict.yaml	𧂃	han	0	𧂃
cn_dicts/41448.dict.yaml	𧃙	han	0	𧃙
cn_dicts/41448.dict.yaml	𧑚	han	0	𧑚
cn_dicts/41448.dict.yaml	𧭻	han	0	𧭻
cn_dicts/41448.dict.yaml	𧮰	han	0	𧮰
cn_dicts/41448.dict.yaml	𧮳	han	0	𧮳
cn_dicts/41448.dict.yaml	𧯘	han	0	𧯘
cn_dicts/41448.dict.yaml	𧰪	han	0	𧰪
cn_dicts/41448.dict.yaml	𧵊	han	0	𧵊
cn_dicts/41448.dict.yaml	𧹣	han	0	𧹣
cn_dicts/41448.dict.yaml	𧾔	han	0	𧾔
cn_dicts/41448.dict.yaml	𨁄	han	0	𨁄
cn_dicts/41448.dict.yaml	𨛎	han	0	𨛎
cn_dicts/41448.dict.yaml	𨢈	han	0	𨢈
cn_dicts/41448.dict.yaml	𨸗	han	0	𨸗
cn_dicts/41448.dict.yaml	𩄙	han	0	𩄙
cn_dicts/41448.dict.yaml	𩈖	han	0	𩈖
cn_dicts/41448.dict.yaml	𩈣	han	0	𩈣
cn_dicts/41448.dict.yaml	𩎒	han	0	𩎒
cn_dicts/41448.dict.yaml	𩕠	han	0	𩕠
cn_dicts/41448.dict.yaml	𩖺	han	0	𩖺
cn_dicts/41448.dict.yaml	𩗤	han	0	𩗤
cn_dicts/41448.dict.yaml	𩞿	han	0	𩞿
cn_dicts/41448.dict.yaml	𩠻	han	0	𩠻
cn_dicts/41448.dict.yaml	𩦊	han	0	𩦊
cn_dicts/41448.dict.yaml	𩭥	han	0	𩭥
cn_dicts/41448.dict.yaml	𩹑	han	0	𩹑
cn_dicts/41448.dict.yaml	𩹼	han	0	𩹼
cn_dicts/41448.dict.yaml	𩼉	han	0	𩼉
cn_dicts/41448.dict.yaml	𩾝	han	0	𩾝
cn_dicts/41448.dict.yaml	𪁟	han	0	𪁟
cn_dicts/41448.dict.yaml	㤚	hang	0	㤚
cn_dicts/41448.dict.yaml	䀪	hang	0	䀪
cn_dicts/41448.dict.yaml	䘕	hang	0	䘕
cn_dicts/41448.dict.yaml	䟘	hang	0	䟘
cn_dicts/41448.dict.yaml	䢚	hang	0	䢚
cn_dicts/41448.dict.yaml	䣈	hang	0	䣈
cn_dicts/41448.dict.yaml	䦳	hang	0	䦳
cn_dicts/41448.dict.yaml	䲳	hang	0	䲳
cn_dicts/41448.dict.yaml	䴂	hang	0	䴂
cn_dicts/41448.dict.yaml	𠡊	hang	0	𠡊
cn_dicts/41448.dict.yaml	𡕧	hang	0	𡕧
cn_dicts/41448.dict.yaml	𤰟	hang	0	𤰟
cn_dicts/41448.dict.yaml	𤵻	hang	0	𤵻
cn_dicts/41448.dict.yaml	𤼍	hang	0	𤼍
cn_dicts/41448.dict.yaml	𥮕	hang	0	𥮕
cn_dicts/41448.dict.yaml	𦐄	hang	0	𦐄
cn_dicts/41448.dict.yaml	𦨵	hang	0	𦨵
cn_dicts/41448.dict.yaml	𧘃	hang	0	𧘃
cn_dicts/41448.dict.yaml	𧦑	hang	0	𧦑
cn_dicts/41448.dict.yaml	𨁈	hang	0	𨁈
cn_dicts/41448.dict.yaml	𨾒	hang	0	𨾒
cn_dicts/41448.dict.yaml	𩉜	hang	0	𩉜
cn_dicts/41448.dict.yaml	𩔋	hang	0	𩔋
cn_dicts/41448.dict.yaml	𩠾	hang	0	𩠾
cn_dicts/41448.dict.yaml	𩲋	hang	0	𩲋
cn_dicts/41448.dict.yaml	𩶞	hang	0	𩶞
cn_dicts/41448.dict.yaml	𪐦	hang	0	𪐦
cn_dicts/41448.dict.yaml	𪕇	hang	0	𪕇
cn_dicts/41448.dict.yaml	𪗜	hang	0	𪗜
cn_dicts/41448.dict.yaml	㕺	hao	0	㕺
cn_dicts/41448.dict.yaml	㘪	hao	0	㘪
cn_dicts/41448.dict.yaml	㙱	hao	0	㙱
cn_dicts/41448.dict.yaml	㚪	hao	0	㚪
cn_dicts/41448.dict.yaml	㝀	hao	0	㝀
cn_dicts/41448.dict.yaml	㞻	hao	0	㞻
cn_dicts/41448.dict.yaml	㠙	hao	0	㠙
cn_dicts/41448.dict.yaml	㩝	hao	0	㩝
cn_dicts/41448.dict.yaml	㬔	hao	0	㬔
cn_dicts/41448.dict.yaml	㬶	hao	0	㬶
cn_dicts/41448.dict.yaml	㵆	hao	0	㵆
cn_dicts/41448.dict.yaml	䒵	hao	0	䒵
cn_dicts/41448.dict.yaml	䚽	hao	0	䚽
cn_dicts/41448.dict.yaml	䝞	hao	0	䝞
cn_dicts/41448.dict.yaml	䝥	hao	0	䝥
cn_dicts/41448.dict.yaml	䧚	hao	0	䧚
cn_dicts/41448.dict.yaml	䧫	hao	0	䧫
cn_dicts/41448.dict.yaml	䪽	hao	0	䪽
cn_dicts/41448.dict.yaml	䬉	hao	0	䬉
cn_dicts/41448.dict.yaml	䯫	hao	0	䯫
cn_dicts/41448.dict.yaml	𠚃	hao	0	𠚃
cn_dicts/41448.dict.yaml	𠢕	hao	0	𠢕
cn_dicts/41448.dict.yaml	𡐒	hao	0	𡐒
cn_dicts/41448.dict.yaml	𡚌	hao	0	𡚌
cn_dicts/41448.dict.yaml	𡚽	hao	0	𡚽
cn_dicts/41448.dict.yaml	𡠖	hao	0	𡠖
cn_dicts/41448.dict.yaml	𡥆	hao	0	𡥆
cn_dicts/41448.dict.yaml	𡽝	hao	0	𡽝
cn_dicts/41448.dict.yaml	𢻇	hao	0	𢻇
cn_dicts/41448.dict.yaml	𣆧	hao	0	𣆧
cn_dicts/41448.dict.yaml	𣘫	hao	0	𣘫
cn_dicts/41448.dict.yaml	𣚧	hao	0	𣚧
cn_dicts/41448.dict.yaml	𣭖	hao	0	𣭖
cn_dicts/41448.dict.yaml	𣭹	hao	0	𣭹
cn_dicts/41448.dict.yaml	𣱓	hao	0	𣱓
cn_dicts/41448.dict.yaml	𣽎	hao	0	𣽎
cn_dicts/41448.dict.yaml	𤀃	hao	0	𤀃
cn_dicts/41448.dict.yaml	𤝐	hao	0	𤝐
cn_dicts/41448.dict.yaml	𤡇	hao	0	𤡇
cn_dicts/41448.dict.yaml	𤢨	hao	0	𤢨
cn_dicts/41448.dict.yaml	𤢭	hao	0	𤢭
cn_dicts/41448.dict.yaml	𤩩	hao	0	𤩩
cn_dicts/41448.dict.yaml	𤩭	hao	0	𤩭
cn_dicts/41448.dict.yaml	𤫧	hao	0	𤫧
cn_dicts/41448.dict.yaml	𥍣	hao	0	𥍣
cn_dicts/41448.dict.yaml	𥢑	hao	0	𥢑
cn_dicts/41448.dict.yaml	𦳁	hao	0	𦳁
cn_dicts/41448.dict.yaml	𧇼	hao	0	𧇼
cn_dicts/41448.dict.yaml	𧦝	hao	0	𧦝
cn_dicts/41448.dict.yaml	𧬁	hao	0	𧬁
cn_dicts/41448.dict.yaml	𧯌	hao	0	𧯌
cn_dicts/41448.dict.yaml	𨂜	hao	0	𨂜
cn_dicts/41448.dict.yaml	𨒑	hao	0	𨒑
cn_dicts/41448.dict.yaml	𨚙	hao	0	𨚙
cn_dicts/41448.dict.yaml	𨚮	hao	0	𨚮
cn_dicts/41448.dict.yaml	𨝲	hao	0	𨝲
cn_dicts/41448.dict.yaml	𨠬	hao	0	𨠬
cn_dicts/41448.dict.yaml	𨼍	hao	0	𨼍
cn_dicts/41448.dict.yaml	𩐮	hao	0	𩐮
cn_dicts/41448.dict.yaml	𩕍	hao	0	𩕍
cn_dicts/41448.dict.yaml	𩖸	hao	0	𩖸
cn_dicts/41448.dict.yaml	𩫕	hao	0	𩫕
cn_dicts/41448.dict.yaml	𩮘	hao	0	𩮘
cn_dicts/41448.dict.yaml	𩲊	hao	0	𩲊
cn_dicts/41448.dict.yaml	㓭	he	0	㓭
cn_dicts/41448.dict.yaml	㔠	he	0	㔠
cn_dicts/41448.dict.yaml	㕡	he	0	㕡
cn_dicts/41448.dict.yaml	㕰	he	0	㕰
cn_dicts/41448.dict.yaml	㗿	he	0	㗿
cn_dicts/41448.dict.yaml	㙳	he	0	㙳
cn_dicts/41448.dict.yaml	㥺	he	0	㥺
cn_dicts/41448.dict.yaml	㦦	he	0	㦦
cn_dicts/41448.dict.yaml	㪃	he	0	㪃
cn_dicts/41448.dict.yaml	㪉	he	0	㪉
cn_dicts/41448.dict.yaml	㬞	he	0	㬞
cn_dicts/41448.dict.yaml	㭘	he	0	㭘
cn_dicts/41448.dict.yaml	㭱	he	0	㭱
cn_dicts/41448.dict.yaml	㮝	he	0	㮝
cn_dicts/41448.dict.yaml	㮫	he	0	㮫
cn_dicts/41448.dict.yaml	㰤	he	0	㰤
cn_dicts/41448.dict.yaml	㲦	he	0	㲦
cn_dicts/41448.dict.yaml	㵑	he	0	㵑
cn_dicts/41448.dict.yaml	㷎	he	0	㷎
cn_dicts/41448.dict.yaml	㷤	he	0	㷤
cn_dicts/41448.dict.yaml	㹇	he	0	㹇
cn_dicts/41448.dict.yaml	㻧	he	0	㻧
cn_dicts/41448.dict.yaml	㿣	he	0	㿣
cn_dicts/41448.dict.yaml	㿥	he	0	㿥
cn_dicts/41448.dict.yaml	䃒	he	0	䃒
cn_dicts/41448.dict.yaml	䅂	he	0	䅂
cn_dicts/41448.dict.yaml	䌾	he	0	䌾
cn_dicts/41448.dict.yaml	䎋	he	0	䎋
cn_dicts/41448.dict.yaml	䒩	he	0	䒩
cn_dicts/41448.dict.yaml	䓼	he	0	䓼
cn_dicts/41448.dict.yaml	䕣	he	0	䕣
cn_dicts/41448.dict.yaml	䚂	he	0	䚂
cn_dicts/41448.dict.yaml	䞦	he	0	䞦
cn_dicts/41448.dict.yaml	䢔	he	0	䢔
cn_dicts/41448.dict.yaml	䢗	he	0	䢗
cn_dicts/41448.dict.yaml	䪚	he	0	䪚
cn_dicts/41448.dict.yaml	䫘	he	0	䫘
cn_dicts/41448.dict.yaml	䮤	he	0	䮤
cn_dicts/41448.dict.yaml	䯨	he	0	䯨
cn_dicts/41448.dict.yaml	䳚	he	0	䳚
cn_dicts/41448.dict.yaml	䳽	he	0	䳽
cn_dicts/41448.dict.yaml	䴳	he	0	䴳
cn_dicts/41448.dict.yaml	䵱	he	0	䵱
cn_dicts/41448.dict.yaml	䶅	he	0	䶅
cn_dicts/41448.dict.yaml	𠀀	he	0	𠀀
cn_dicts/41448.dict.yaml	𠁗	he	0	𠁗
cn_dicts/41448.dict.yaml	𠗂	he	0	𠗂
cn_dicts/41448.dict.yaml	𠘢	he	0	𠘢
cn_dicts/41448.dict.yaml	𠚔	he	0	𠚔
cn_dicts/41448.dict.yaml	𠛳	he	0	𠛳
cn_dicts/41448.dict.yaml	𠡀	he	0	𠡀
cn_dicts/41448.dict.yaml	𠧕	he	0	𠧕
cn_dicts/41448.dict.yaml	𠰓	he	0	𠰓
cn_dicts/41448.dict.yaml	𠳇	he	0	𠳇
cn_dicts/41448.dict.yaml	𠳊	he	0	𠳊
cn_dicts/41448.dict.yaml	𠵩	he	0	𠵩
cn_dicts/41448.dict.yaml	𠶹	he	0	𠶹
cn_dicts/41448.dict.yaml	𠶾	he	0	𠶾
cn_dicts/41448.dict.yaml	𠻙	he	0	𠻙
cn_dicts/41448.dict.yaml	𡀽	he	0	𡀽
cn_dicts/41448.dict.yaml	𡇞	he	0	𡇞
cn_dicts/41448.dict.yaml	𡇶	he	0	𡇶
cn_dicts/41448.dict.yaml	𡫥	he	0	𡫥
cn_dicts/41448.dict.yaml	𢄍	he	0	𢄍
cn_dicts/41448.dict.yaml	𢅰	he	0	𢅰
cn_dicts/41448.dict.yaml	𢥳	he	0	𢥳
cn_dicts/41448.dict.yaml	𢬲	he	0	𢬲
cn_dicts/41448.dict.yaml	𣆈	he	0	𣆈
cn_dicts/41448.dict.yaml	𣏷	he	0	𣏷
cn_dicts/41448.dict.yaml	𣣹	he	0	𣣹
cn_dicts/41448.dict.yaml	𣰌	he	0	𣰌
cn_dicts/41448.dict.yaml	𣲑	he	0	𣲑
cn_dicts/41448.dict.yaml	𣲲	he	0	𣲲
cn_dicts/41448.dict.yaml	𣿌	he	0	𣿌
cn_dicts/41448.dict.yaml	𤈧	he	0	𤈧
cn_dicts/41448.dict.yaml	𤖱	he	0	𤖱
cn_dicts/41448.dict.yaml	𥉑	he	0	𥉑
cn_dicts/41448.dict.yaml	𥋿	he	0	𥋿
cn_dicts/41448.dict.yaml	𥘫	he	0	𥘫
cn_dicts/41448.dict.yaml	𥝖	he	0	𥝖
cn_dicts/41448.dict.yaml	𥝸	he	0	𥝸
cn_dicts/41448.dict.yaml	𥞄	he	0	𥞄
cn_dicts/41448.dict.yaml	𥞍	he	0	𥞍
cn_dicts/41448.dict.yaml	𥟃	he	0	𥟃
cn_dicts/41448.dict.yaml	𥻉	he	0	𥻉
cn_dicts/41448.dict.yaml	𥽶	he	0	𥽶
cn_dicts/41448.dict.yaml	𦃔	he	0	𦃔
cn_dicts/41448.dict.yaml	𦇸	he	0	𦇸
cn_dicts/41448.dict.yaml	𦒏	he	0	𦒏
cn_dicts/41448.dict.yaml	𦘿	he	0	𦘿
cn_dicts/41448.dict.yaml	𦛘	he	0	𦛘
cn_dicts/41448.dict.yaml	𦛜	he	0	𦛜
cn_dicts/41448.dict.yaml	𦞦	he	0	𦞦
cn_dicts/41448.dict.yaml	𦤦	he	0	𦤦
cn_dicts/41448.dict.yaml	𦳬	he	0	𦳬
cn_dicts/41448.dict.yaml	𦺞	he	0	𦺞
cn_dicts/41448.dict.yaml	𦼰	he	0	𦼰
cn_dicts/41448.dict.yaml	𦼵	he	0	𦼵
cn_dicts/41448.dict.yaml	𦽅	he	0	𦽅
cn_dicts/41448.dict.yaml	𧀔	he	0	𧀔
cn_dicts/41448.dict.yaml	𧇎	he	0	𧇎
cn_dicts/41448.dict.yaml	𧇮	he	0	𧇮
cn_dicts/41448.dict.yaml	𧊬	he	0	𧊬
cn_dicts/41448.dict.yaml	𧝂	he	0	𧝂
cn_dicts/41448.dict.yaml	𧝳	he	0	𧝳
cn_dicts/41448.dict.yaml	𧨂	he	0	𧨂
cn_dicts/41448.dict.yaml	𧪞	he	0	𧪞
cn_dicts/41448.dict.yaml	𧬂	he	0	𧬂
cn_dicts/41448.dict.yaml	𧬱	he	0	𧬱
cn_dicts/41448.dict.yaml	𧭳	he	0	𧭳
cn_dicts/41448.dict.yaml	𧮵	he	0	𧮵
cn_dicts/41448.dict.yaml	𧯉	he	0	𧯉
cn_dicts/41448.dict.yaml	𧲦	he	0	𧲦
cn_dicts/41448.dict.yaml	𨋟	he	0	𨋟
cn_dicts/41448.dict.yaml	𨍇	he	0	𨍇
cn_dicts/41448.dict.yaml	𨜱	he	0	𨜱
cn_dicts/41448.dict.yaml	𨜴	he	0	𨜴
cn_dicts/41448.dict.yaml	𨨛	he	0	𨨛
cn_dicts/41448.dict.yaml	𨴢	he	0	𨴢
cn_dicts/41448.dict.yaml	𩄸	he	0	𩄸
cn_dicts/41448.dict.yaml	𩅢	he	0	𩅢
cn_dicts/41448.dict.yaml	𩌡	he	0	𩌡
cn_dicts/41448.dict.yaml	𩐥	he	0	𩐥
cn_dicts/41448.dict.yaml	𩑸	he	0	𩑸
cn_dicts/41448.dict.yaml	𩩒	he	0	𩩒
cn_dicts/41448.dict.yaml	𩩲	he	0	𩩲
cn_dicts/41448.dict.yaml	𩵢	he	0	𩵢
cn_dicts/41448.dict.yaml	𪈊	he	0	𪈊
cn_dicts/41448.dict.yaml	𪖲	he	0	𪖲
cn_dicts/41448.dict.yaml	𪘹	he	0	𪘹
cn_dicts/41448.dict.yaml	𢖛	hei	0	𢖛
cn_dicts/41448.dict.yaml	𢡀	hei	0	𢡀
cn_dicts/41448.dict.yaml	𥕙	hei	0	𥕙
cn_dicts/41448.dict.yaml	𨭆	hei	0	𨭆
cn_dicts/41448.dict.yaml	𩻤	hei	0	𩻤
cn_dicts/41448.dict.yaml	㯊	hen	0	㯊
cn_dicts/41448.dict.yaml	䓳	hen	0	䓳
cn_dicts/41448.dict.yaml	𦚣	hen	0	𦚣
cn_dicts/41448.dict.yaml	㔰	heng	0	㔰
cn_dicts/41448.dict.yaml	㶇	heng	0	㶇
cn_dicts/41448.dict.yaml	䄓	heng	0	䄓
cn_dicts/41448.dict.yaml	䒛	heng	0	䒛
cn_dicts/41448.dict.yaml	䬖	heng	0	䬖
cn_dicts/41448.dict.yaml	䬝	heng	0	䬝
cn_dicts/41448.dict.yaml	䯒	heng	0	䯒
cn_dicts/41448.dict.yaml	𠔲	heng	0	𠔲
cn_dicts/41448.dict.yaml	𠧿	heng	0	𠧿
cn_dicts/41448.dict.yaml	𡧦	heng	0	𡧦
cn_dicts/41448.dict.yaml	𣨉	heng	0	𣨉
cn_dicts/41448.dict.yaml	𤮏	heng	0	𤮏
cn_dicts/41448.dict.yaml	𥞧	heng	0	𥞧
cn_dicts/41448.dict.yaml	𦨾	heng	0	𦨾
cn_dicts/41448.dict.yaml	𦪗	heng	0	𦪗
cn_dicts/41448.dict.yaml	𦶙	heng	0	𦶙
cn_dicts/41448.dict.yaml	𧝒	heng	0	𧝒
cn_dicts/41448.dict.yaml	𪏓	heng	0	𪏓
cn_dicts/41448.dict.yaml	㖓	hong	0	㖓
cn_dicts/41448.dict.yaml	㗢	hong	0	㗢
cn_dicts/41448.dict.yaml	㢬	hong	0	㢬
cn_dicts/41448.dict.yaml	㬴	hong	0	㬴
cn_dicts/41448.dict.yaml	㶹	hong	0	㶹
cn_dicts/41448.dict.yaml	㷎	hong	0	㷎
cn_dicts/41448.dict.yaml	䀧	hong	0	䀧
cn_dicts/41448.dict.yaml	䂫	hong	0	䂫
cn_dicts/41448.dict.yaml	䃔	hong	0	䃔
cn_dicts/41448.dict.yaml	䆖	hong	0	䆖
cn_dicts/41448.dict.yaml	䉺	hong	0	䉺
cn_dicts/41448.dict.yaml	䍔	hong	0	䍔
cn_dicts/41448.dict.yaml	䜫	hong	0	䜫
cn_dicts/41448.dict.yaml	䞑	hong	0	䞑
cn_dicts/41448.dict.yaml	䡌	hong	0	䡌
cn_dicts/41448.dict.yaml	䡏	hong	0	䡏
cn_dicts/41448.dict.yaml	䧆	hong	0	䧆
cn_dicts/41448.dict.yaml	䨎	hong	0	䨎
cn_dicts/41448.dict.yaml	䩑	hong	0	䩑
cn_dicts/41448.dict.yaml	䪦	hong	0	䪦
cn_dicts/41448.dict.yaml	䫹	hong	0	䫹
cn_dicts/41448.dict.yaml	䫺	hong	0	䫺
cn_dicts/41448.dict.yaml	䬝	hong	0	䬝
cn_dicts/41448.dict.yaml	䲨	hong	0	䲨
cn_dicts/41448.dict.yaml	𠐿	hong	0	𠐿
cn_dicts/41448.dict.yaml	𠪷	hong	0	𠪷
cn_dicts/41448.dict.yaml	𠲓	hong	0	𠲓
cn_dicts/41448.dict.yaml	𠳃	hong	0	𠳃
cn_dicts/41448.dict.yaml	𠹅	hong	0	𠹅
cn_dicts/41448.dict.yaml	𡇳	hong	0	𡇳
cn_dicts/41448.dict.yaml	𡵓	hong	0	𡵓
cn_dicts/41448.dict.yaml	𡺭	hong	0	𡺭
cn_dicts/41448.dict.yaml	𢂔	hong	0	𢂔
cn_dicts/41448.dict.yaml	𢗵	hong	0	𢗵
cn_dicts/41448.dict.yaml	𢘌	hong	0	𢘌
cn_dicts/41448.dict.yaml	𢝻	hong	0	𢝻
cn_dicts/41448.dict.yaml	𢦅	hong	0	𢦅
cn_dicts/41448.dict.yaml	𢬀	hong	0	𢬀
cn_dicts/41448.dict.yaml	𢼦	hong	0	𢼦
cn_dicts/41448.dict.yaml	𣽝	hong	0	𣽝
cn_dicts/41448.dict.yaml	𤂲	hong	0	𤂲
cn_dicts/41448.dict.yaml	𤃫	hong	0	𤃫
cn_dicts/41448.dict.yaml	𤄏	hong	0	𤄏
cn_dicts/41448.dict.yaml	𤟼	hong	0	𤟼
cn_dicts/41448.dict.yaml	𥈿	hong	0	𥈿
cn_dicts/41448.dict.yaml	𥏕	hong	0	𥏕
cn_dicts/41448.dict.yaml	𥓰	hong	0	𥓰
cn_dicts/41448.dict.yaml	𥔀	hong	0	𥔀
cn_dicts/41448.dict.yaml	𥕗	hong	0	𥕗
cn_dicts/41448.dict.yaml	𥥈	hong	0	𥥈
cn_dicts/41448.dict.yaml	𥥡	hong	0	𥥡
cn_dicts/41448.dict.yaml	𥰲	hong	0	𥰲
cn_dicts/41448.dict.yaml	𦁷	hong	0	𦁷
cn_dicts/41448.dict.yaml	𦏺	hong	0	𦏺
cn_dicts/41448.dict.yaml	𦐳	hong	0	𦐳
cn_dicts/41448.dict.yaml	𦑟	hong	0	𦑟
cn_dicts/41448.dict.yaml	𦑠	hong	0	𦑠
cn_dicts/41448.dict.yaml	𦒃	hong	0	𦒃
cn_dicts/41448.dict.yaml	𦕠	hong	0	𦕠
cn_dicts/41448.dict.yaml	𦕷	hong	0	𦕷
cn_dicts/41448.dict.yaml	𦶓	hong	0	𦶓
cn_dicts/41448.dict.yaml	𧈽	hong	0	𧈽
cn_dicts/41448.dict.yaml	𧊯	hong	0	𧊯
cn_dicts/41448.dict.yaml	𧋔	hong	0	𧋔
cn_dicts/41448.dict.yaml	𧐬	hong	0	𧐬
cn_dicts/41448.dict.yaml	𧮴	hong	0	𧮴
cn_dicts/41448.dict.yaml	𧾧	hong	0	𧾧
cn_dicts/41448.dict.yaml	𨌁	hong	0	𨌁
cn_dicts/41448.dict.yaml	𨌆	hong	0	𨌆
cn_dicts/41448.dict.yaml	𨎗	hong	0	𨎗
cn_dicts/41448.dict.yaml	𨢣	hong	0	𨢣
cn_dicts/41448.dict.yaml	𨥺	hong	0	𨥺
cn_dicts/41448.dict.yaml	𨹁	hong	0	𨹁
cn_dicts/41448.dict.yaml	𨾊	hong	0	𨾊
cn_dicts/41448.dict.yaml	𩐠	hong	0	𩐠
cn_dicts/41448.dict.yaml	𩒓	hong	0	𩒓
cn_dicts/41448.dict.yaml	𩒴	hong	0	𩒴
cn_dicts/41448.dict.yaml	𩒼	hong	0	𩒼
cn_dicts/41448.dict.yaml	𩓅	hong	0	𩓅
cn_dicts/41448.dict.yaml	𩕆	hong	0	𩕆
cn_dicts/41448.dict.yaml	𩕉	hong	0	𩕉
cn_dicts/41448.dict.yaml	𩖉	hong	0	𩖉
cn_dicts/41448.dict.yaml	𩗄	hong	0	𩗄
cn_dicts/41448.dict.yaml	𩗢	hong	0	𩗢
cn_dicts/41448.dict.yaml	𩘇	hong	0	𩘇
cn_dicts/41448.dict.yaml	𩘎	hong	0	𩘎
cn_dicts/41448.dict.yaml	𩙛	hong	0	𩙛
cn_dicts/41448.dict.yaml	𩰓	hong	0	𩰓
cn_dicts/41448.dict.yaml	𩶥	hong	0	𩶥
cn_dicts/41448.dict.yaml	𪈘	hong	0	𪈘
cn_dicts/41448.dict.yaml	㕈	hou	0	㕈
cn_dicts/41448.dict.yaml	㖃	hou	0	㖃
cn_dicts/41448.dict.yaml	㗋	hou	0	㗋
cn_dicts/41448.dict.yaml	㤧	hou	0	㤧
cn_dicts/41448.dict.yaml	㫗	hou	0	㫗
cn_dicts/41448.dict.yaml	㬋	hou	0	㬋
cn_dicts/41448.dict.yaml	㮢	hou	0	㮢
cn_dicts/41448.dict.yaml	㰯	hou	0	㰯
cn_dicts/41448.dict.yaml	㸸	hou	0	㸸
cn_dicts/41448.dict.yaml	㺅	hou	0	㺅
cn_dicts/41448.dict.yaml	䂉	hou	0	䂉
cn_dicts/41448.dict.yaml	䗔	hou	0	䗔
cn_dicts/41448.dict.yaml	䙈	hou	0	䙈
cn_dicts/41448.dict.yaml	䞀	hou	0	䞀
cn_dicts/41448.dict.yaml	䞧	hou	0	䞧
cn_dicts/41448.dict.yaml	䡩	hou	0	䡩
cn_dicts/41448.dict.yaml	䪷	hou	0	䪷
cn_dicts/41448.dict.yaml	䫛	hou	0	䫛
cn_dicts/41448.dict.yaml	䫺	hou	0	䫺
cn_dicts/41448.dict.yaml	䳧	hou	0	䳧
cn_dicts/41448.dict.yaml	𠯜	hou	0	𠯜
cn_dicts/41448.dict.yaml	𠴣	hou	0	𠴣
cn_dicts/41448.dict.yaml	𠷋	hou	0	𠷋
cn_dicts/41448.dict.yaml	𡞥	hou	0	𡞥
cn_dicts/41448.dict.yaml	𡟑	hou	0	𡟑
cn_dicts/41448.dict.yaml	𡹵	hou	0	𡹵
cn_dicts/41448.dict.yaml	𢜴	hou	0	𢜴
cn_dicts/41448.dict.yaml	𣔹	hou	0	𣔹
cn_dicts/41448.dict.yaml	𣣠	hou	0	𣣠
cn_dicts/41448.dict.yaml	𣣡	hou	0	𣣡
cn_dicts/41448.dict.yaml	𤘽	hou	0	𤘽
cn_dicts/41448.dict.yaml	𤙽	hou	0	𤙽
cn_dicts/41448.dict.yaml	𥀃	hou	0	𥀃
cn_dicts/41448.dict.yaml	𥅠	hou	0	𥅠
cn_dicts/41448.dict.yaml	𥈑	hou	0	𥈑
cn_dicts/41448.dict.yaml	𥚦	hou	0	𥚦
cn_dicts/41448.dict.yaml	𦍵	hou	0	𦍵
cn_dicts/41448.dict.yaml	𦑚	hou	0	𦑚
cn_dicts/41448.dict.yaml	𦚥	hou	0	𦚥
cn_dicts/41448.dict.yaml	𦞈	hou	0	𦞈
cn_dicts/41448.dict.yaml	𦞕	hou	0	𦞕
cn_dicts/41448.dict.yaml	𧇹	hou	0	𧇹
cn_dicts/41448.dict.yaml	𧙺	hou	0	𧙺
cn_dicts/41448.dict.yaml	𧩨	hou	0	𧩨
cn_dicts/41448.dict.yaml	𧮶	hou	0	𧮶
cn_dicts/41448.dict.yaml	𧻿	hou	0	𧻿
cn_dicts/41448.dict.yaml	𧼵	hou	0	𧼵
cn_dicts/41448.dict.yaml	𨒙	hou	0	𨒙
cn_dicts/41448.dict.yaml	𩃺	hou	0	𩃺
cn_dicts/41448.dict.yaml	𩄬	hou	0	𩄬
cn_dicts/41448.dict.yaml	𩘋	hou	0	𩘋
cn_dicts/41448.dict.yaml	𩙡	hou	0	𩙡
cn_dicts/41448.dict.yaml	𪃶	hou	0	𪃶
cn_dicts/41448.dict.yaml	𪄗	hou	0	𪄗
cn_dicts/41448.dict.yaml	𪅺	hou	0	𪅺
cn_dicts/41448.dict.yaml	𪇂	hou	0	𪇂
cn_dicts/41448.dict.yaml	𪑻	hou	0	𪑻
cn_dicts/41448.dict.yaml	𪖙	hou	0	𪖙
cn_dicts/41448.dict.yaml	㕆	hu	0	㕆
cn_dicts/41448.dict.yaml	㗅	hu	0	㗅
cn_dicts/41448.dict.yaml	㦌	hu	0	㦌
cn_dicts/41448.dict.yaml	㦿	hu	0	㦿
cn_dicts/41448.dict.yaml	㧽	hu	0	㧽
cn_dicts/41448.dict.yaml	㧾	hu	0	㧾
cn_dicts/41448.dict.yaml	㨭	hu	0	㨭
cn_dicts/41448.dict.yaml	㪶	hu	0	㪶
cn_dicts/41448.dict.yaml	㫚	hu	0	㫚
cn_dicts/41448.dict.yaml	㯛	hu	0	㯛
cn_dicts/41448.dict.yaml	㳷	hu	0	㳷
cn_dicts/41448.dict.yaml	㷤	hu	0	㷤
cn_dicts/41448.dict.yaml	㸦	hu	0	㸦
cn_dicts/41448.dict.yaml	㹱	hu	0	㹱
cn_dicts/41448.dict.yaml	㺉	hu	0	㺉
cn_dicts/41448.dict.yaml	㽇	hu	0	㽇
cn_dicts/41448.dict.yaml	㾰	hu	0	㾰
cn_dicts/41448.dict.yaml	㿥	hu	0	㿥
cn_dicts/41448.dict.yaml	䁫	hu	0	䁫
cn_dicts/41448.dict.yaml	䇘	hu	0	䇘
cn_dicts/41448.dict.yaml	䈸	hu	0	䈸
cn_dicts/41448.dict.yaml	䉉	hu	0	䉉
cn_dicts/41448.dict.yaml	䉿	hu	0	䉿
cn_dicts/41448.dict.yaml	䊀	hu	0	䊀
cn_dicts/41448.dict.yaml	䊺	hu	0	䊺
cn_dicts/41448.dict.yaml	䍓	hu	0	䍓
cn_dicts/41448.dict.yaml	䎁	hu	0	䎁
cn_dicts/41448.dict.yaml	䓤	hu	0	䓤
cn_dicts/41448.dict.yaml	䔯	hu	0	䔯
cn_dicts/41448.dict.yaml	䕶	hu	0	䕶
cn_dicts/41448.dict.yaml	䗂	hu	0	䗂
cn_dicts/41448.dict.yaml	䚛	hu	0	䚛
cn_dicts/41448.dict.yaml	䛎	hu	0	䛎
cn_dicts/41448.dict.yaml	䞱	hu	0	䞱
cn_dicts/41448.dict.yaml	䠒	hu	0	䠒
cn_dicts/41448.dict.yaml	䧼	hu	0	䧼
cn_dicts/41448.dict.yaml	䨥	hu	0	䨥
cn_dicts/41448.dict.yaml	䨼	hu	0	䨼
cn_dicts/41448.dict.yaml	䩴	hu	0	䩴
cn_dicts/41448.dict.yaml	䪝	hu	0	䪝
cn_dicts/41448.dict.yaml	䬍	hu	0	䬍
cn_dicts/41448.dict.yaml	䭅	hu	0	䭅
cn_dicts/41448.dict.yaml	䭌	hu	0	䭌
cn_dicts/41448.dict.yaml	䭍	hu	0	䭍
cn_dicts/41448.dict.yaml	䮸	hu	0	䮸
cn_dicts/41448.dict.yaml	䰧	hu	0	䰧
cn_dicts/41448.dict.yaml	䲵	hu	0	䲵
cn_dicts/41448.dict.yaml	䵻	hu	0	䵻
cn_dicts/41448.dict.yaml	𠥰	hu	0	𠥰
cn_dicts/41448.dict.yaml	𠦪	hu	0	𠦪
cn_dicts/41448.dict.yaml	𠯳	hu	0	𠯳
cn_dicts/41448.dict.yaml	𠰛	hu	0	𠰛
cn_dicts/41448.dict.yaml	𠴱	hu	0	𠴱
cn_dicts/41448.dict.yaml	𡉴	hu	0	𡉴
cn_dicts/41448.dict.yaml	𡍐	hu	0	𡍐
cn_dicts/41448.dict.yaml	𡜂	hu	0	𡜂
cn_dicts/41448.dict.yaml	𡞠	hu	0	𡞠
cn_dicts/41448.dict.yaml	𡧥	hu	0	𡧥
cn_dicts/41448.dict.yaml	𡰅	hu	0	𡰅
cn_dicts/41448.dict.yaml	𡱽	hu	0	𡱽
cn_dicts/41448.dict.yaml	𡴱	hu	0	𡴱
cn_dicts/41448.dict.yaml	𡵘	hu	0	𡵘
cn_dicts/41448.dict.yaml	𡹹	hu	0	𡹹
cn_dicts/41448.dict.yaml	𡻮	hu	0	𡻮
cn_dicts/41448.dict.yaml	𡼘	hu	0	𡼘
cn_dicts/41448.dict.yaml	𢆰	hu	0	𢆰
cn_dicts/41448.dict.yaml	𢉢	hu	0	𢉢
cn_dicts/41448.dict.yaml	𢎵	hu	0	𢎵
cn_dicts/41448.dict.yaml	𢏯	hu	0	𢏯
cn_dicts/41448.dict.yaml	𢑢	hu	0	𢑢
cn_dicts/41448.dict.yaml	𢑹	hu	0	𢑹
cn_dicts/41448.dict.yaml	𢓲	hu	0	𢓲
cn_dicts/41448.dict.yaml	𢚪	hu	0	𢚪
cn_dicts/41448.dict.yaml	𢨥	hu	0	𢨥
cn_dicts/41448.dict.yaml	𢨦	hu	0	𢨦
cn_dicts/41448.dict.yaml	𢪏	hu	0	𢪏
cn_dicts/41448.dict.yaml	𢽨	hu	0	𢽨
cn_dicts/41448.dict.yaml	𣄟	hu	0	𣄟
cn_dicts/41448.dict.yaml	𣎚	hu	0	𣎚
cn_dicts/41448.dict.yaml	𣑂	hu	0	𣑂
cn_dicts/41448.dict.yaml	𣓗	hu	0	𣓗
cn_dicts/41448.dict.yaml	𣙶	hu	0	𣙶
cn_dicts/41448.dict.yaml	𣛫	hu	0	𣛫
cn_dicts/41448.dict.yaml	𣝗	hu	0	𣝗
cn_dicts/41448.dict.yaml	𣡾	hu	0	𣡾
cn_dicts/41448.dict.yaml	𣫈	hu	0	𣫈
cn_dicts/41448.dict.yaml	𣲑	hu	0	𣲑
cn_dicts/41448.dict.yaml	𣹬	hu	0	𣹬
cn_dicts/41448.dict.yaml	𤇠	hu	0	𤇠
cn_dicts/41448.dict.yaml	𤌍	hu	0	𤌍
cn_dicts/41448.dict.yaml	𤎲	hu	0	𤎲
cn_dicts/41448.dict.yaml	𤐀	hu	0	𤐀
cn_dicts/41448.dict.yaml	𤘔	hu	0	𤘔
cn_dicts/41448.dict.yaml	𤘵	hu	0	𤘵
cn_dicts/41448.dict.yaml	𤜷	hu	0	𤜷
cn_dicts/41448.dict.yaml	𤝘	hu	0	𤝘
cn_dicts/41448.dict.yaml	𤞲	hu	0	𤞲
cn_dicts/41448.dict.yaml	𤨖	hu	0	𤨖
cn_dicts/41448.dict.yaml	𤭱	hu	0	𤭱
cn_dicts/41448.dict.yaml	𤶘	hu	0	𤶘
cn_dicts/41448.dict.yaml	𤹣	hu	0	𤹣
cn_dicts/41448.dict.yaml	𤾅	hu	0	𤾅
cn_dicts/41448.dict.yaml	𥂤	hu	0	𥂤
cn_dicts/41448.dict.yaml	𥇰	hu	0	𥇰
cn_dicts/41448.dict.yaml	𥐿	hu	0	𥐿
cn_dicts/41448.dict.yaml	𥰪	hu	0	𥰪
cn_dicts/41448.dict.yaml	𥲉	hu	0	𥲉
cn_dicts/41448.dict.yaml	𥶜	hu	0	𥶜
cn_dicts/41448.dict.yaml	𥷆	hu	0	𥷆
cn_dicts/41448.dict.yaml	𥾨	hu	0	𥾨
cn_dicts/41448.dict.yaml	𦁕	hu	0	𦁕
cn_dicts/41448.dict.yaml	𦊂	hu	0	𦊂
cn_dicts/41448.dict.yaml	𦊘	hu	0	𦊘
cn_dicts/41448.dict.yaml	𦊧	hu	0	𦊧
cn_dicts/41448.dict.yaml	𦏗	hu	0	𦏗
cn_dicts/41448.dict.yaml	𦖼	hu	0	𦖼
cn_dicts/41448.dict.yaml	𦗣	hu	0	𦗣
cn_dicts/41448.dict.yaml	𦧘	hu	0	𦧘
cn_dicts/41448.dict.yaml	𦩕	hu	0	𦩕
cn_dicts/41448.dict.yaml	𦬚	hu	0	𦬚
cn_dicts/41448.dict.yaml	𦭈	hu	0	𦭈
cn_dicts/41448.dict.yaml	𦴉	hu	0	𦴉
cn_dicts/41448.dict.yaml	𦷳	hu	0	𦷳
cn_dicts/41448.dict.yaml	𦺟	hu	0	𦺟
cn_dicts/41448.dict.yaml	𧂔	hu	0	𧂔
cn_dicts/41448.dict.yaml	𧅰	hu	0	𧅰
cn_dicts/41448.dict.yaml	𧆢	hu	0	𧆢
cn_dicts/41448.dict.yaml	𧆮	hu	0	𧆮
cn_dicts/41448.dict.yaml	𧆯	hu	0	𧆯
cn_dicts/41448.dict.yaml	𧇛	hu	0	𧇛
cn_dicts/41448.dict.yaml	𧇰	hu	0	𧇰
cn_dicts/41448.dict.yaml	𧌧	hu	0	𧌧
cn_dicts/41448.dict.yaml	𧍵	hu	0	𧍵
cn_dicts/41448.dict.yaml	𧗌	hu	0	𧗌
cn_dicts/41448.dict.yaml	𧘢	hu	0	𧘢
cn_dicts/41448.dict.yaml	𧛞	hu	0	𧛞
cn_dicts/41448.dict.yaml	𧞒	hu	0	𧞒
cn_dicts/41448.dict.yaml	𧠩	hu	0	𧠩
cn_dicts/41448.dict.yaml	𧢰	hu	0	𧢰
cn_dicts/41448.dict.yaml	𧣼	hu	0	𧣼
cn_dicts/41448.dict.yaml	𧥮	hu	0	𧥮
cn_dicts/41448.dict.yaml	𧥯	hu	0	𧥯
cn_dicts/41448.dict.yaml	𧦚	hu	0	𧦚
cn_dicts/41448.dict.yaml	𧦝	hu	0	𧦝
cn_dicts/41448.dict.yaml	𧩓	hu	0	𧩓
cn_dicts/41448.dict.yaml	𧰴	hu	0	𧰴
cn_dicts/41448.dict.yaml	𧲇	hu	0	𧲇
cn_dicts/41448.dict.yaml	𧲥	hu	0	𧲥
cn_dicts/41448.dict.yaml	𧹲	hu	0	𧹲
cn_dicts/41448.dict.yaml	𧹾	hu	0	𧹾
cn_dicts/41448.dict.yaml	𧻰	hu	0	𧻰
cn_dicts/41448.dict.yaml	𧿓	hu	0	𧿓
cn_dicts/41448.dict.yaml	𧿠	hu	0	𧿠
cn_dicts/41448.dict.yaml	𨍲	hu	0	𨍲
cn_dicts/41448.dict.yaml	𨕚	hu	0	𨕚
cn_dicts/41448.dict.yaml	𨖃	hu	0	𨖃
cn_dicts/41448.dict.yaml	𨛵	hu	0	𨛵
cn_dicts/41448.dict.yaml	𨝘	hu	0	𨝘
cn_dicts/41448.dict.yaml	𨝞	hu	0	𨝞
cn_dicts/41448.dict.yaml	𨢋	hu	0	𨢋
cn_dicts/41448.dict.yaml	𨢤	hu	0	𨢤
cn_dicts/41448.dict.yaml	𨣗	hu	0	𨣗
cn_dicts/41448.dict.yaml	𨥛	hu	0	𨥛
cn_dicts/41448.dict.yaml	𨴬	hu	0	𨴬
cn_dicts/41448.dict.yaml	𩂂	hu	0	𩂂
cn_dicts/41448.dict.yaml	𩑶	hu	0	𩑶
cn_dicts/41448.dict.yaml	𩖨	hu	0	𩖨
cn_dicts/41448.dict.yaml	𩢪	hu	0	𩢪
cn_dicts/41448.dict.yaml	𩨔	hu	0	𩨔
cn_dicts/41448.dict.yaml	𩰯	hu	0	𩰯
cn_dicts/41448.dict.yaml	𩱍	hu	0	𩱍
cn_dicts/41448.dict.yaml	𩳨	hu	0	𩳨
cn_dicts/41448.dict.yaml	𩵬	hu	0	𩵬
cn_dicts/41448.dict.yaml	𩶈	hu	0	𩶈
cn_dicts/41448.dict.yaml	𩾻	hu	0	𩾻
cn_dicts/41448.dict.yaml	𪂒	hu	0	𪂒
cn_dicts/41448.dict.yaml	𪄮	hu	0	𪄮
cn_dicts/41448.dict.yaml	𪍂	hu	0	𪍂
cn_dicts/41448.dict.yaml	𪏳	hu	0	𪏳
cn_dicts/41448.dict.yaml	𪏻	hu	0	𪏻
cn_dicts/41448.dict.yaml	𪕉	hu	0	𪕉
cn_dicts/41448.dict.yaml	𪕮	hu	0	𪕮
cn_dicts/41448.dict.yaml	𪕱	hu	0	𪕱
cn_dicts/41448.dict.yaml	𪙈	hu	0	𪙈
cn_dicts/41448.dict.yaml	㓰	hua	0	㓰
cn_dicts/41448.dict.yaml	㕦	hua	0	㕦
cn_dicts/41448.dict.yaml	㕲	hua	0	㕲
cn_dicts/41448.dict.yaml	㕷	hua	0	㕷
cn_dicts/41448.dict.yaml	㚌	hua	0	㚌
cn_dicts/41448.dict.yaml	㟆	hua	0	㟆
cn_dicts/41448.dict.yaml	㠏	hua	0	㠏
cn_dicts/41448.dict.yaml	㦊	hua	0	㦊
cn_dicts/41448.dict.yaml	㦎	hua	0	㦎
cn_dicts/41448.dict.yaml	㩇	hua	0	㩇
cn_dicts/41448.dict.yaml	㭉	hua	0	㭉
cn_dicts/41448.dict.yaml	㮯	hua	0	㮯
cn_dicts/41448.dict.yaml	䅿	hua	0	䅿
cn_dicts/41448.dict.yaml	䇈	hua	0	䇈
cn_dicts/41448.dict.yaml	䊐	hua	0	䊐
cn_dicts/41448.dict.yaml	䋀	hua	0	䋀
cn_dicts/41448.dict.yaml	䏦	hua	0	䏦
cn_dicts/41448.dict.yaml	䔢	hua	0	䔢
cn_dicts/41448.dict.yaml	䔯	hua	0	䔯
cn_dicts/41448.dict.yaml	䛡	hua	0	䛡
cn_dicts/41448.dict.yaml	䠉	hua	0	䠉
cn_dicts/41448.dict.yaml	䱻	hua	0	䱻
cn_dicts/41448.dict.yaml	䴳	hua	0	䴳
cn_dicts/41448.dict.yaml	䶤	hua	0	䶤
cn_dicts/41448.dict.yaml	𠝐	hua	0	𠝐
cn_dicts/41448.dict.yaml	𠤎	hua	0	𠤎
cn_dicts/41448.dict.yaml	𠳂	hua	0	𠳂
cn_dicts/41448.dict.yaml	𠿜	hua	0	𠿜
cn_dicts/41448.dict.yaml	𡁑	hua	0	𡁑
cn_dicts/41448.dict.yaml	𡺛	hua	0	𡺛
cn_dicts/41448.dict.yaml	𢄶	hua	0	𢄶
cn_dicts/41448.dict.yaml	𢦚	hua	0	𢦚
cn_dicts/41448.dict.yaml	𢼤	hua	0	𢼤
cn_dicts/41448.dict.yaml	𤁪	hua	0	𤁪
cn_dicts/41448.dict.yaml	𤙕	hua	0	𤙕
cn_dicts/41448.dict.yaml	𤼒	hua	0	𤼒
cn_dicts/41448.dict.yaml	𥉄	hua	0	𥉄
cn_dicts/41448.dict.yaml	𥒶	hua	0	𥒶
cn_dicts/41448.dict.yaml	𥢮	hua	0	𥢮
cn_dicts/41448.dict.yaml	𥧰	hua	0	𥧰
cn_dicts/41448.dict.yaml	𦁊	hua	0	𦁊
cn_dicts/41448.dict.yaml	𦖍	hua	0	𦖍
cn_dicts/41448.dict.yaml	𦧠	hua	0	𦧠
cn_dicts/41448.dict.yaml	𦧵	hua	0	𦧵
cn_dicts/41448.dict.yaml	𦧹	hua	0	𦧹
cn_dicts/41448.dict.yaml	𦪠	hua	0	𦪠
cn_dicts/41448.dict.yaml	𦶎	hua	0	𦶎
cn_dicts/41448.dict.yaml	𦽊	hua	0	𦽊
cn_dicts/41448.dict.yaml	𧑍	hua	0	𧑍
cn_dicts/41448.dict.yaml	𧨋	hua	0	𧨋
cn_dicts/41448.dict.yaml	𧪮	hua	0	𧪮
cn_dicts/41448.dict.yaml	𧽌	hua	0	𧽌
cn_dicts/41448.dict.yaml	𨣄	hua	0	𨣄
cn_dicts/41448.dict.yaml	𨶬	hua	0	𨶬
cn_dicts/41448.dict.yaml	𨶱	hua	0	𨶱
cn_dicts/41448.dict.yaml	𩂤	hua	0	𩂤
cn_dicts/41448.dict.yaml	𩗐	hua	0	𩗐
cn_dicts/41448.dict.yaml	𩝨	hua	0	𩝨
cn_dicts/41448.dict.yaml	𩤉	hua	0	𩤉
cn_dicts/41448.dict.yaml	𩨔	hua	0	𩨔
cn_dicts/41448.dict.yaml	𩲏	hua	0	𩲏
cn_dicts/41448.dict.yaml	𩵏	hua	0	𩵏
cn_dicts/41448.dict.yaml	𩸄	hua	0	𩸄
cn_dicts/41448.dict.yaml	𪗽	hua	0	𪗽
cn_dicts/41448.dict.yaml	㜳	huai	0	㜳
cn_dicts/41448.dict.yaml	㠢	huai	0	㠢
cn_dicts/41448.dict.yaml	䃶	huai	0	䃶
cn_dicts/41448.dict.yaml	䈭	huai	0	䈭
cn_dicts/41448.dict.yaml	䴜	huai	0	䴜
cn_dicts/41448.dict.yaml	𣟉	huai	0	𣟉
cn_dicts/41448.dict.yaml	𣩹	huai	0	𣩹
cn_dicts/41448.dict.yaml	𣸎	huai	0	𣸎
cn_dicts/41448.dict.yaml	𤜄	huai	0	𤜄
cn_dicts/41448.dict.yaml	𦏨	huai	0	𦏨
cn_dicts/41448.dict.yaml	𦧬	huai	0	𦧬
cn_dicts/41448.dict.yaml	𧱳	huai	0	𧱳
cn_dicts/41448.dict.yaml	𩌃	huai	0	𩌃
cn_dicts/41448.dict.yaml	𩟮	huai	0	𩟮
cn_dicts/41448.dict.yaml	𪊉	huai	0	𪊉
cn_dicts/41448.dict.yaml	㓉	huan	0	㓉
cn_dicts/41448.dict.yaml	㔳	huan	0	㔳
cn_dicts/41448.dict.yaml	㕕	huan	0	㕕
cn_dicts/41448.dict.yaml	㡲	huan	0	㡲
cn_dicts/41448.dict.yaml	㢰	huan	0	㢰
cn_dicts/41448.dict.yaml	㣪	huan	0	㣪
cn_dicts/41448.dict.yaml	㦥	huan	0	㦥
cn_dicts/41448.dict.yaml	㪱	huan	0	㪱
cn_dicts/41448.dict.yaml	㬇	huan	0	㬇
cn_dicts/41448.dict.yaml	㵹	huan	0	㵹
cn_dicts/41448.dict.yaml	㶎	huan	0	㶎
cn_dicts/41448.dict.yaml	㹕	huan	0	㹕
cn_dicts/41448.dict.yaml	㹖	huan	0	㹖
cn_dicts/41448.dict.yaml	㼫	huan	0	㼫
cn_dicts/41448.dict.yaml	㿪	huan	0	㿪
cn_dicts/41448.dict.yaml	䀓	huan	0	䀓
cn_dicts/41448.dict.yaml	䀨	huan	0	䀨
cn_dicts/41448.dict.yaml	䁔	huan	0	䁔
cn_dicts/41448.dict.yaml	䆠	huan	0	䆠
cn_dicts/41448.dict.yaml	䈠	huan	0	䈠
cn_dicts/41448.dict.yaml	䊐	huan	0	䊐
cn_dicts/41448.dict.yaml	䍺	huan	0	䍺
cn_dicts/41448.dict.yaml	䒛	huan	0	䒛
cn_dicts/41448.dict.yaml	䝠	huan	0	䝠
cn_dicts/41448.dict.yaml	䠉	huan	0	䠉
cn_dicts/41448.dict.yaml	䥧	huan	0	䥧
cn_dicts/41448.dict.yaml	䦡	huan	0	䦡
cn_dicts/41448.dict.yaml	䭴	huan	0	䭴
cn_dicts/41448.dict.yaml	䮝	huan	0	䮝
cn_dicts/41448.dict.yaml	䯘	huan	0	䯘
cn_dicts/41448.dict.yaml	䴟	huan	0	䴟
cn_dicts/41448.dict.yaml	𠂄	huan	0	𠂄
cn_dicts/41448.dict.yaml	𠟼	huan	0	𠟼
cn_dicts/41448.dict.yaml	𠺐	huan	0	𠺐
cn_dicts/41448.dict.yaml	𠻍	huan	0	𠻍
cn_dicts/41448.dict.yaml	𡄤	huan	0	𡄤
cn_dicts/41448.dict.yaml	𡅱	huan	0	𡅱
cn_dicts/41448.dict.yaml	𡅻	huan	0	𡅻
cn_dicts/41448.dict.yaml	𡍦	huan	0	𡍦
cn_dicts/41448.dict.yaml	𡘍	huan	0	𡘍
cn_dicts/41448.dict.yaml	𡚊	huan	0	𡚊
cn_dicts/41448.dict.yaml	𡚜	huan	0	𡚜
cn_dicts/41448.dict.yaml	𡩂	huan	0	𡩂
cn_dicts/41448.dict.yaml	𡱌	huan	0	𡱌
cn_dicts/41448.dict.yaml	𡷗	huan	0	𡷗
cn_dicts/41448.dict.yaml	𢟿	huan	0	𢟿
cn_dicts/41448.dict.yaml	𣌓	huan	0	𣌓
cn_dicts/41448.dict.yaml	𣎅	huan	0	𣎅
cn_dicts/41448.dict.yaml	𣴟	huan	0	𣴟
cn_dicts/41448.dict.yaml	𤀣	huan	0	𤀣
cn_dicts/41448.dict.yaml	𤛚	huan	0	𤛚
cn_dicts/41448.dict.yaml	𤡟	huan	0	𤡟
cn_dicts/41448.dict.yaml	𤢁	huan	0	𤢁
cn_dicts/41448.dict.yaml	𤴯	huan	0	𤴯
cn_dicts/41448.dict.yaml	𤼐	huan	0	𤼐
cn_dicts/41448.dict.yaml	𤼢	huan	0	𤼢
cn_dicts/41448.dict.yaml	𤽅	huan	0	𤽅
cn_dicts/41448.dict.yaml	𤽕	huan	0	𤽕
cn_dicts/41448.dict.yaml	𥈉	huan	0	𥈉
cn_dicts/41448.dict.yaml	𥏇	huan	0	𥏇
cn_dicts/41448.dict.yaml	𥐓	huan	0	𥐓
cn_dicts/41448.dict.yaml	𥠅	huan	0	𥠅
cn_dicts/41448.dict.yaml	𥶍	huan	0	𥶍
cn_dicts/41448.dict.yaml	𥹚	huan	0	𥹚
cn_dicts/41448.dict.yaml	𥹳	huan	0	𥹳
cn_dicts/41448.dict.yaml	𦌦	huan	0	𦌦
cn_dicts/41448.dict.yaml	𦑛	huan	0	𦑛
cn_dicts/41448.dict.yaml	𦝝	huan	0	𦝝
cn_dicts/41448.dict.yaml	𦣴	huan	0	𦣴
cn_dicts/41448.dict.yaml	𦻃	huan	0	𦻃
cn_dicts/41448.dict.yaml	𦼉	huan	0	𦼉
cn_dicts/41448.dict.yaml	𧚁	huan	0	𧚁
cn_dicts/41448.dict.yaml	𧡩	huan	0	𧡩
cn_dicts/41448.dict.yaml	𧴊	huan	0	𧴊
cn_dicts/41448.dict.yaml	𨕹	huan	0	𨕹
cn_dicts/41448.dict.yaml	𨜌	huan	0	𨜌
cn_dicts/41448.dict.yaml	𨽧	huan	0	𨽧
cn_dicts/41448.dict.yaml	𩍡	huan	0	𩍡
cn_dicts/41448.dict.yaml	𩑖	huan	0	𩑖
cn_dicts/41448.dict.yaml	𩙽	huan	0	𩙽
cn_dicts/41448.dict.yaml	𩡧	huan	0	𩡧
cn_dicts/41448.dict.yaml	𩦘	huan	0	𩦘
cn_dicts/41448.dict.yaml	𩵄	huan	0	𩵄
cn_dicts/41448.dict.yaml	𩿊	huan	0	𩿊
cn_dicts/41448.dict.yaml	𪈩	huan	0	𪈩
cn_dicts/41448.dict.yaml	𪊥	huan	0	𪊥
cn_dicts/41448.dict.yaml	𪍺	huan	0	𪍺
cn_dicts/41448.dict.yaml	㞷	huang	0	㞷
cn_dicts/41448.dict.yaml	㠵	huang	0	㠵
cn_dicts/41448.dict.yaml	㤺	huang	0	㤺
cn_dicts/41448.dict.yaml	㨪	huang	0	㨪
cn_dicts/41448.dict.yaml	㬻	huang	0	㬻
cn_dicts/41448.dict.yaml	㾠	huang	0	㾠
cn_dicts/41448.dict.yaml	㾮	huang	0	㾮
cn_dicts/41448.dict.yaml	䁜	huang	0	䁜
cn_dicts/41448.dict.yaml	䄓	huang	0	䄓
cn_dicts/41448.dict.yaml	䅣	huang	0	䅣
cn_dicts/41448.dict.yaml	䊗	huang	0	䊗
cn_dicts/41448.dict.yaml	䊣	huang	0	䊣
cn_dicts/41448.dict.yaml	䌙	huang	0	䌙
cn_dicts/41448.dict.yaml	䍿	huang	0	䍿
cn_dicts/41448.dict.yaml	䐠	huang	0	䐠
cn_dicts/41448.dict.yaml	䐵	huang	0	䐵
cn_dicts/41448.dict.yaml	䑟	huang	0	䑟
cn_dicts/41448.dict.yaml	䞹	huang	0	䞹
cn_dicts/41448.dict.yaml	䪄	huang	0	䪄
cn_dicts/41448.dict.yaml	䮲	huang	0	䮲
cn_dicts/41448.dict.yaml	䳨	huang	0	䳨
cn_dicts/41448.dict.yaml	𠂸	huang	0	𠂸
cn_dicts/41448.dict.yaml	𡉚	huang	0	𡉚
cn_dicts/41448.dict.yaml	𡜋	huang	0	𡜋
cn_dicts/41448.dict.yaml	𡡄	huang	0	𡡄
cn_dicts/41448.dict.yaml	𡧽	huang	0	𡧽
cn_dicts/41448.dict.yaml	𡿰	huang	0	𡿰
cn_dicts/41448.dict.yaml	𢁹	huang	0	𢁹
cn_dicts/41448.dict.yaml	𢇟	huang	0	𢇟
cn_dicts/41448.dict.yaml	𣄙	huang	0	𣄙
cn_dicts/41448.dict.yaml	𣆖	huang	0	𣆖
cn_dicts/41448.dict.yaml	𣉪	huang	0	𣉪
cn_dicts/41448.dict.yaml	𣺬	huang	0	𣺬
cn_dicts/41448.dict.yaml	𤆴	huang	0	𤆴
cn_dicts/41448.dict.yaml	𤚝	huang	0	𤚝
cn_dicts/41448.dict.yaml	𤛥	huang	0	𤛥
cn_dicts/41448.dict.yaml	𤠛	huang	0	𤠛
cn_dicts/41448.dict.yaml	𤭉	huang	0	𤭉
cn_dicts/41448.dict.yaml	𤯷	huang	0	𤯷
cn_dicts/41448.dict.yaml	𤾑	huang	0	𤾑
cn_dicts/41448.dict.yaml	𥫼	huang	0	𥫼
cn_dicts/41448.dict.yaml	𥿪	huang	0	𥿪
cn_dicts/41448.dict.yaml	𦟮	huang	0	𦟮
cn_dicts/41448.dict.yaml	𦡽	huang	0	𦡽
cn_dicts/41448.dict.yaml	𦪗	huang	0	𦪗
cn_dicts/41448.dict.yaml	𦬺	huang	0	𦬺
cn_dicts/41448.dict.yaml	𦵽	huang	0	𦵽
cn_dicts/41448.dict.yaml	𧕸	huang	0	𧕸
cn_dicts/41448.dict.yaml	𧖬	huang	0	𧖬
cn_dicts/41448.dict.yaml	𧠬	huang	0	𧠬
cn_dicts/41448.dict.yaml	𧨆	huang	0	𧨆
cn_dicts/41448.dict.yaml	𨉁	huang	0	𨉁
cn_dicts/41448.dict.yaml	𨉤	huang	0	𨉤
cn_dicts/41448.dict.yaml	𨍧	huang	0	𨍧
cn_dicts/41448.dict.yaml	𨚳	huang	0	𨚳
cn_dicts/41448.dict.yaml	𨜔	huang	0	𨜔
cn_dicts/41448.dict.yaml	𨝴	huang	0	𨝴
cn_dicts/41448.dict.yaml	𨾡	huang	0	𨾡
cn_dicts/41448.dict.yaml	𩞩	huang	0	𩞩
cn_dicts/41448.dict.yaml	𩢯	huang	0	𩢯
cn_dicts/41448.dict.yaml	𪀞	huang	0	𪀞
cn_dicts/41448.dict.yaml	𪏍	huang	0	𪏍
cn_dicts/41448.dict.yaml	𪏒	huang	0	𪏒
cn_dicts/41448.dict.yaml	𪏙	huang	0	𪏙
cn_dicts/41448.dict.yaml	㑰	hui	0	㑰
cn_dicts/41448.dict.yaml	㑹	hui	0	㑹
cn_dicts/41448.dict.yaml	㒑	hui	0	㒑
cn_dicts/41448.dict.yaml	㜇	hui	0	㜇
cn_dicts/41448.dict.yaml	㞧	hui	0	㞧
cn_dicts/41448.dict.yaml	㤬	hui	0	㤬
cn_dicts/41448.dict.yaml	㥣	hui	0	㥣
cn_dicts/41448.dict.yaml	㨤	hui	0	㨤
cn_dicts/41448.dict.yaml	㨹	hui	0	㨹
cn_dicts/41448.dict.yaml	㩓	hui	0	㩓
cn_dicts/41448.dict.yaml	㩨	hui	0	㩨
cn_dicts/41448.dict.yaml	㬩	hui	0	㬩
cn_dicts/41448.dict.yaml	㰥	hui	0	㰥
cn_dicts/41448.dict.yaml	㱱	hui	0	㱱
cn_dicts/41448.dict.yaml	㷄	hui	0	㷄
cn_dicts/41448.dict.yaml	㷐	hui	0	㷐
cn_dicts/41448.dict.yaml	㻅	hui	0	㻅
cn_dicts/41448.dict.yaml	㽇	hui	0	㽇
cn_dicts/41448.dict.yaml	䂕	hui	0	䂕
cn_dicts/41448.dict.yaml	䃣	hui	0	䃣
cn_dicts/41448.dict.yaml	䅏	hui	0	䅏
cn_dicts/41448.dict.yaml	䇻	hui	0	䇻
cn_dicts/41448.dict.yaml	䍷	hui	0	䍷
cn_dicts/41448.dict.yaml	䎚	hui	0	䎚
cn_dicts/41448.dict.yaml	䏨	hui	0	䏨
cn_dicts/41448.dict.yaml	䕇	hui	0	䕇
cn_dicts/41448.dict.yaml	䙌	hui	0	䙌
cn_dicts/41448.dict.yaml	䙡	hui	0	䙡
cn_dicts/41448.dict.yaml	䛛	hui	0	䛛
cn_dicts/41448.dict.yaml	䛼	hui	0	䛼
cn_dicts/41448.dict.yaml	䜋	hui	0	䜋
cn_dicts/41448.dict.yaml	䜐	hui	0	䜐
cn_dicts/41448.dict.yaml	䠉	hui	0	䠉
cn_dicts/41448.dict.yaml	䤧	hui	0	䤧
cn_dicts/41448.dict.yaml	䧥	hui	0	䧥
cn_dicts/41448.dict.yaml	䧦	hui	0	䧦
cn_dicts/41448.dict.yaml	䩈	hui	0	䩈
cn_dicts/41448.dict.yaml	䫖	hui	0	䫖
cn_dicts/41448.dict.yaml	䫭	hui	0	䫭
cn_dicts/41448.dict.yaml	䰎	hui	0	䰎
cn_dicts/41448.dict.yaml	䵻	hui	0	䵻
cn_dicts/41448.dict.yaml	䶐	hui	0	䶐
cn_dicts/41448.dict.yaml	𠍗	hui	0	𠍗
cn_dicts/41448.dict.yaml	𠓊	hui	0	𠓊
cn_dicts/41448.dict.yaml	𠧩	hui	0	𠧩
cn_dicts/41448.dict.yaml	𠯠	hui	0	𠯠
cn_dicts/41448.dict.yaml	𠱥	hui	0	𠱥
cn_dicts/41448.dict.yaml	𠲛	hui	0	𠲛
cn_dicts/41448.dict.yaml	𠽡	hui	0	𠽡
cn_dicts/41448.dict.yaml	𠿔	hui	0	𠿔
cn_dicts/41448.dict.yaml	𡋙	hui	0	𡋙
cn_dicts/41448.dict.yaml	𡏁	hui	0	𡏁
cn_dicts/41448.dict.yaml	𡒾	hui	0	𡒾
cn_dicts/41448.dict.yaml	𡜦	hui	0	𡜦
cn_dicts/41448.dict.yaml	𡢕	hui	0	𡢕
cn_dicts/41448.dict.yaml	𡥋	hui	0	𡥋
cn_dicts/41448.dict.yaml	𡭛	hui	0	𡭛
cn_dicts/41448.dict.yaml	𡯥	hui	0	𡯥
cn_dicts/41448.dict.yaml	𡰋	hui	0	𡰋
cn_dicts/41448.dict.yaml	𡹎	hui	0	𡹎
cn_dicts/41448.dict.yaml	𡹯	hui	0	𡹯
cn_dicts/41448.dict.yaml	𢀡	hui	0	𢀡
cn_dicts/41448.dict.yaml	𢄣	hui	0	𢄣
cn_dicts/41448.dict.yaml	𢅫	hui	0	𢅫
cn_dicts/41448.dict.yaml	𢊄	hui	0	𢊄
cn_dicts/41448.dict.yaml	𢊇	hui	0	𢊇
cn_dicts/41448.dict.yaml	𢕺	hui	0	𢕺
cn_dicts/41448.dict.yaml	𢟾	hui	0	𢟾
cn_dicts/41448.dict.yaml	𢯷	hui	0	𢯷
cn_dicts/41448.dict.yaml	𢻔	hui	0	𢻔
cn_dicts/41448.dict.yaml	𣄓	hui	0	𣄓
cn_dicts/41448.dict.yaml	𣋘	hui	0	𣋘
cn_dicts/41448.dict.yaml	𣌭	hui	0	𣌭
cn_dicts/41448.dict.yaml	𣨶	hui	0	𣨶
cn_dicts/41448.dict.yaml	𣸀	hui	0	𣸀
cn_dicts/41448.dict.yaml	𤃽	hui	0	𤃽
cn_dicts/41448.dict.yaml	𤆳	hui	0	𤆳
cn_dicts/41448.dict.yaml	𤈦	hui	0	𤈦
cn_dicts/41448.dict.yaml	𤌋	hui	0	𤌋
cn_dicts/41448.dict.yaml	𤕚	hui	0	𤕚
cn_dicts/41448.dict.yaml	𤜋	hui	0	𤜋
cn_dicts/41448.dict.yaml	𤜡	hui	0	𤜡
cn_dicts/41448.dict.yaml	𤟤	hui	0	𤟤
cn_dicts/41448.dict.yaml	𤳳	hui	0	𤳳
cn_dicts/41448.dict.yaml	𤸁	hui	0	𤸁
cn_dicts/41448.dict.yaml	𤾈	hui	0	𤾈
cn_dicts/41448.dict.yaml	𥀠	hui	0	𥀠
cn_dicts/41448.dict.yaml	𥃌	hui	0	𥃌
cn_dicts/41448.dict.yaml	𥊔	hui	0	𥊔
cn_dicts/41448.dict.yaml	𥌍	hui	0	𥌍
cn_dicts/41448.dict.yaml	𥍋	hui	0	𥍋
cn_dicts/41448.dict.yaml	𥔯	hui	0	𥔯
cn_dicts/41448.dict.yaml	𥱵	hui	0	𥱵
cn_dicts/41448.dict.yaml	𥴯	hui	0	𥴯
cn_dicts/41448.dict.yaml	𥶵	hui	0	𥶵
cn_dicts/41448.dict.yaml	𥸃	hui	0	𥸃
cn_dicts/41448.dict.yaml	𦂆	hui	0	𦂆
cn_dicts/41448.dict.yaml	𦒎	hui	0	𦒎
cn_dicts/41448.dict.yaml	𦞙	hui	0	𦞙
cn_dicts/41448.dict.yaml	𦡖	hui	0	𦡖
cn_dicts/41448.dict.yaml	𦭹	hui	0	𦭹
cn_dicts/41448.dict.yaml	𦽐	hui	0	𦽐
cn_dicts/41448.dict.yaml	𧉇	hui	0	𧉇
cn_dicts/41448.dict.yaml	𧏧	hui	0	𧏧
cn_dicts/41448.dict.yaml	𧖢	hui	0	𧖢
cn_dicts/41448.dict.yaml	𧗏	hui	0	𧗏
cn_dicts/41448.dict.yaml	𧗼	hui	0	𧗼
cn_dicts/41448.dict.yaml	𧧾	hui	0	𧧾
cn_dicts/41448.dict.yaml	𧬨	hui	0	𧬨
cn_dicts/41448.dict.yaml	𧭾	hui	0	𧭾
cn_dicts/41448.dict.yaml	𧳐	hui	0	𧳐
cn_dicts/41448.dict.yaml	𨊢	hui	0	𨊢
cn_dicts/41448.dict.yaml	𨍹	hui	0	𨍹
cn_dicts/41448.dict.yaml	𨗥	hui	0	𨗥
cn_dicts/41448.dict.yaml	𨘇	hui	0	𨘇
cn_dicts/41448.dict.yaml	𨘲	hui	0	𨘲
cn_dicts/41448.dict.yaml	𨛤	hui	0	𨛤
cn_dicts/41448.dict.yaml	𨦗	hui	0	𨦗
cn_dicts/41448.dict.yaml	𨵘	hui	0	𨵘
cn_dicts/41448.dict.yaml	𩀶	hui	0	𩀶
cn_dicts/41448.dict.yaml	𩃾	hui	0	𩃾
cn_dicts/41448.dict.yaml	𩆁	hui	0	𩆁
cn_dicts/41448.dict.yaml	𩇻	hui	0	𩇻
cn_dicts/41448.dict.yaml	𩒏	hui	0	𩒏
cn_dicts/41448.dict.yaml	𩒳	hui	0	𩒳
cn_dicts/41448.dict.yaml	𩔁	hui	0	𩔁
cn_dicts/41448.dict.yaml	𩗝	hui	0	𩗝
cn_dicts/41448.dict.yaml	𩢱	hui	0	𩢱
cn_dicts/41448.dict.yaml	𩶥	hui	0	𩶥
cn_dicts/41448.dict.yaml	𩻟	hui	0	𩻟
cn_dicts/41448.dict.yaml	𪀟	hui	0	𪀟
cn_dicts/41448.dict.yaml	𪀬	hui	0	𪀬
cn_dicts/41448.dict.yaml	𪈑	hui	0	𪈑
cn_dicts/41448.dict.yaml	𪊂	hui	0	𪊂
cn_dicts/41448.dict.yaml	𪏇	hui	0	𪏇
cn_dicts/41448.dict.yaml	𪏏	hui	0	𪏏
cn_dicts/41448.dict.yaml	𪑀	hui	0	𪑀
cn_dicts/41448.dict.yaml	𪔊	hui	0	𪔊
cn_dicts/41448.dict.yaml	𪖕	hui	0	𪖕
cn_dicts/41448.dict.yaml	𪛂	hui	0	𪛂
cn_dicts/41448.dict.yaml	㑮	hun	0	㑮
cn_dicts/41448.dict.yaml	㕵	hun	0	㕵
cn_dicts/41448.dict.yaml	㥵	hun	0	㥵
cn_dicts/41448.dict.yaml	㨡	hun	0	㨡
cn_dicts/41448.dict.yaml	㨰	hun	0	㨰
cn_dicts/41448.dict.yaml	㮯	hun	0	㮯
cn_dicts/41448.dict.yaml	㯻	hun	0	㯻
cn_dicts/41448.dict.yaml	㱪	hun	0	㱪
cn_dicts/41448.dict.yaml	䅙	hun	0	䅙
cn_dicts/41448.dict.yaml	䅱	hun	0	䅱
cn_dicts/41448.dict.yaml	䊐	hun	0	䊐
cn_dicts/41448.dict.yaml	䐊	hun	0	䐊
cn_dicts/41448.dict.yaml	䚠	hun	0	䚠
cn_dicts/41448.dict.yaml	䛰	hun	0	䛰
cn_dicts/41448.dict.yaml	䡣	hun	0	䡣
cn_dicts/41448.dict.yaml	䧰	hun	0	䧰
cn_dicts/41448.dict.yaml	䫟	hun	0	䫟
cn_dicts/41448.dict.yaml	䮝	hun	0	䮝
cn_dicts/41448.dict.yaml	䰟	hun	0	䰟
cn_dicts/41448.dict.yaml	䴷	hun	0	䴷
cn_dicts/41448.dict.yaml	𠉣	hun	0	𠉣
cn_dicts/41448.dict.yaml	𡇯	hun	0	𡇯
cn_dicts/41448.dict.yaml	𡨩	hun	0	𡨩
cn_dicts/41448.dict.yaml	𡨳	hun	0	𡨳
cn_dicts/41448.dict.yaml	𣇲	hun	0	𣇲
cn_dicts/41448.dict.yaml	𣝂	hun	0	𣝂
cn_dicts/41448.dict.yaml	𣣏	hun	0	𣣏
cn_dicts/41448.dict.yaml	𣣞	hun	0	𣣞
cn_dicts/41448.dict.yaml	𣨿	hun	0	𣨿
cn_dicts/41448.dict.yaml	𥄇	hun	0	𥄇
cn_dicts/41448.dict.yaml	𦃕	hun	0	𦃕
cn_dicts/41448.dict.yaml	𦞢	hun	0	𦞢
cn_dicts/41448.dict.yaml	𦟲	hun	0	𦟲
cn_dicts/41448.dict.yaml	𦡵	hun	0	𦡵
cn_dicts/41448.dict.yaml	𦵣	hun	0	𦵣
cn_dicts/41448.dict.yaml	𧠚	hun	0	𧠚
cn_dicts/41448.dict.yaml	𧣢	hun	0	𧣢
cn_dicts/41448.dict.yaml	𨂱	hun	0	𨂱
cn_dicts/41448.dict.yaml	𨋨	hun	0	𨋨
cn_dicts/41448.dict.yaml	𨏂	hun	0	𨏂
cn_dicts/41448.dict.yaml	𨡫	hun	0	𨡫
cn_dicts/41448.dict.yaml	𩅴	hun	0	𩅴
cn_dicts/41448.dict.yaml	𩇇	hun	0	𩇇
cn_dicts/41448.dict.yaml	𩏖	hun	0	𩏖
cn_dicts/41448.dict.yaml	𩔉	hun	0	𩔉
cn_dicts/41448.dict.yaml	𪌽	hun	0	𪌽
cn_dicts/41448.dict.yaml	𪑕	hun	0	𪑕
cn_dicts/41448.dict.yaml	㓉	huo	0	㓉
cn_dicts/41448.dict.yaml	㕡	huo	0	㕡
cn_dicts/41448.dict.yaml	㗲	huo	0	㗲
cn_dicts/41448.dict.yaml	㘞	huo	0	㘞
cn_dicts/41448.dict.yaml	㚌	huo	0	㚌
cn_dicts/41448.dict.yaml	㦜	huo	0	㦜
cn_dicts/41448.dict.yaml	㦯	huo	0	㦯
cn_dicts/41448.dict.yaml	㨯	huo	0	㨯
cn_dicts/41448.dict.yaml	㨰	huo	0	㨰
cn_dicts/41448.dict.yaml	㩇	huo	0	㩇
cn_dicts/41448.dict.yaml	㯉	huo	0	㯉
cn_dicts/41448.dict.yaml	㯛	huo	0	㯛
cn_dicts/41448.dict.yaml	㶡	huo	0	㶡
cn_dicts/41448.dict.yaml	䁨	huo	0	䁨
cn_dicts/41448.dict.yaml	䂄	huo	0	䂄
cn_dicts/41448.dict.yaml	䄀	huo	0	䄀
cn_dicts/41448.dict.yaml	䄆	huo	0	䄆
cn_dicts/41448.dict.yaml	䄑	huo	0	䄑
cn_dicts/41448.dict.yaml	䉟	huo	0	䉟
cn_dicts/41448.dict.yaml	䋭	huo	0	䋭
cn_dicts/41448.dict.yaml	䐸	huo	0	䐸
cn_dicts/41448.dict.yaml	䣶	huo	0	䣶
cn_dicts/41448.dict.yaml	䦚	huo	0	䦚
cn_dicts/41448.dict.yaml	䨥	huo	0	䨥
cn_dicts/41448.dict.yaml	䯏	huo	0	䯏
cn_dicts/41448.dict.yaml	䰥	huo	0	䰥
cn_dicts/41448.dict.yaml	䱛	huo	0	䱛
cn_dicts/41448.dict.yaml	𠙞	huo	0	𠙞
cn_dicts/41448.dict.yaml	𠯐	huo	0	𠯐
cn_dicts/41448.dict.yaml	𡄴	huo	0	𡄴
cn_dicts/41448.dict.yaml	𡓘	huo	0	𡓘
cn_dicts/41448.dict.yaml	𡪞	huo	0	𡪞
cn_dicts/41448.dict.yaml	𡯢	huo	0	𡯢
cn_dicts/41448.dict.yaml	𡾜	huo	0	𡾜
cn_dicts/41448.dict.yaml	𡿿	huo	0	𡿿
cn_dicts/41448.dict.yaml	𢃎	huo	0	𢃎
cn_dicts/41448.dict.yaml	𢋒	huo	0	𢋒
cn_dicts/41448.dict.yaml	𢝇	huo	0	𢝇
cn_dicts/41448.dict.yaml	𢞕	huo	0	𢞕
cn_dicts/41448.dict.yaml	𣄸	huo	0	𣄸
cn_dicts/41448.dict.yaml	𣉒	huo	0	𣉒
cn_dicts/41448.dict.yaml	𣤨	huo	0	𣤨
cn_dicts/41448.dict.yaml	𤁹	huo	0	𤁹
cn_dicts/41448.dict.yaml	𤆄	huo	0	𤆄
cn_dicts/41448.dict.yaml	𤊴	huo	0	𤊴
cn_dicts/41448.dict.yaml	𤏘	huo	0	𤏘
cn_dicts/41448.dict.yaml	𤐰	huo	0	𤐰
cn_dicts/41448.dict.yaml	𤬁	huo	0	𤬁
cn_dicts/41448.dict.yaml	𤻙	huo	0	𤻙
cn_dicts/41448.dict.yaml	𥇙	huo	0	𥇙
cn_dicts/41448.dict.yaml	𥊮	huo	0	𥊮
cn_dicts/41448.dict.yaml	𥒠	huo	0	𥒠
cn_dicts/41448.dict.yaml	𥙨	huo	0	𥙨
cn_dicts/41448.dict.yaml	𥝂	huo	0	𥝂
cn_dicts/41448.dict.yaml	𥽥	huo	0	𥽥
cn_dicts/41448.dict.yaml	𦑌	huo	0	𦑌
cn_dicts/41448.dict.yaml	𦑱	huo	0	𦑱
cn_dicts/41448.dict.yaml	𦒧	huo	0	𦒧
cn_dicts/41448.dict.yaml	𦨯	huo	0	𦨯
cn_dicts/41448.dict.yaml	𧆑	huo	0	𧆑
cn_dicts/41448.dict.yaml	𧤴	huo	0	𧤴
cn_dicts/41448.dict.yaml	𧯆	huo	0	𧯆
cn_dicts/41448.dict.yaml	𧯱	huo	0	𧯱
cn_dicts/41448.dict.yaml	𧵻	huo	0	𧵻
cn_dicts/41448.dict.yaml	𧹴	huo	0	𧹴
cn_dicts/41448.dict.yaml	𨌝	huo	0	𨌝
cn_dicts/41448.dict.yaml	𨐶	huo	0	𨐶
cn_dicts/41448.dict.yaml	𨘌	huo	0	𨘌
cn_dicts/41448.dict.yaml	𨙀	huo	0	𨙀
cn_dicts/41448.dict.yaml	𨷮	huo	0	𨷮
cn_dicts/41448.dict.yaml	𩆀	huo	0	𩆀
cn_dicts/41448.dict.yaml	𩞺	huo	0	𩞺
cn_dicts/41448.dict.yaml	𩟨	huo	0	𩟨
cn_dicts/41448.dict.yaml	𩟸	huo	0	𩟸
cn_dicts/41448.dict.yaml	𩦐	huo	0	𩦐
cn_dicts/41448.dict.yaml	𩪭	huo	0	𩪭
cn_dicts/41448.dict.yaml	𩭳	huo	0	𩭳
cn_dicts/41448.dict.yaml	𪒩	huo	0	𪒩
cn_dicts/41448.dict.yaml	㑧	ji	0	㑧
cn_dicts/41448.dict.yaml	㑵	ji	0	㑵
cn_dicts/41448.dict.yaml	㒫	ji	0	㒫
cn_dicts/41448.dict.yaml	㔕	ji	0	㔕
cn_dicts/41448.dict.yaml	㖢	ji	0	㖢
cn_dicts/41448.dict.yaml	㗊	ji	0	㗊
cn_dicts/41448.dict.yaml	㗱	ji	0	㗱
cn_dicts/41448.dict.yaml	㘍	ji	0	㘍
cn_dicts/41448.dict.yaml	㙨	ji	0	㙨
cn_dicts/41448.dict.yaml	㙫	ji	0	㙫
cn_dicts/41448.dict.yaml	㚡	ji	0	㚡
cn_dicts/41448.dict.yaml	㚻	ji	0	㚻
cn_dicts/41448.dict.yaml	㞃	ji	0	㞃
cn_dicts/41448.dict.yaml	㞆	ji	0	㞆
cn_dicts/41448.dict.yaml	㞛	ji	0	㞛
cn_dicts/41448.dict.yaml	㞦	ji	0	㞦
cn_dicts/41448.dict.yaml	㠍	ji	0	㠍
cn_dicts/41448.dict.yaml	㠖	ji	0	㠖
cn_dicts/41448.dict.yaml	㠱	ji	0	㠱
cn_dicts/41448.dict.yaml	㡇	ji	0	㡇
cn_dicts/41448.dict.yaml	㡭	ji	0	㡭
cn_dicts/41448.dict.yaml	㡮	ji	0	㡮
cn_dicts/41448.dict.yaml	㤂	ji	0	㤂
cn_dicts/41448.dict.yaml	㥍	ji	0	㥍
cn_dicts/41448.dict.yaml	㥛	ji	0	㥛
cn_dicts/41448.dict.yaml	㦸	ji	0	㦸
cn_dicts/41448.dict.yaml	㧀	ji	0	㧀
cn_dicts/41448.dict.yaml	㧗	ji	0	㧗
cn_dicts/41448.dict.yaml	㨈	ji	0	㨈
cn_dicts/41448.dict.yaml	㭰	ji	0	㭰
cn_dicts/41448.dict.yaml	㭲	ji	0	㭲
cn_dicts/41448.dict.yaml	㮟	ji	0	㮟
cn_dicts/41448.dict.yaml	㮨	ji	0	㮨
cn_dicts/41448.dict.yaml	㰟	ji	0	㰟
cn_dicts/41448.dict.yaml	㱞	ji	0	㱞
cn_dicts/41448.dict.yaml	㱦	ji	0	㱦
cn_dicts/41448.dict.yaml	㲅	ji	0	㲅
cn_dicts/41448.dict.yaml	㲺	ji	0	㲺
cn_dicts/41448.dict.yaml	㳵	ji	0	㳵
cn_dicts/41448.dict.yaml	㴉	ji	0	㴉
cn_dicts/41448.dict.yaml	㴕	ji	0	㴕
cn_dicts/41448.dict.yaml	㸄	ji	0	㸄
cn_dicts/41448.dict.yaml	㹄	ji	0	㹄
cn_dicts/41448.dict.yaml	㻑	ji	0	㻑
cn_dicts/41448.dict.yaml	㻷	ji	0	㻷
cn_dicts/41448.dict.yaml	㽺	ji	0	㽺
cn_dicts/41448.dict.yaml	㾊	ji	0	㾊
cn_dicts/41448.dict.yaml	㾒	ji	0	㾒
cn_dicts/41448.dict.yaml	㾵	ji	0	㾵
cn_dicts/41448.dict.yaml	䁒	ji	0	䁒
cn_dicts/41448.dict.yaml	䆅	ji	0	䆅
cn_dicts/41448.dict.yaml	䇫	ji	0	䇫
cn_dicts/41448.dict.yaml	䋟	ji	0	䋟
cn_dicts/41448.dict.yaml	䌿	ji	0	䌿
cn_dicts/41448.dict.yaml	䍤	ji	0	䍤
cn_dicts/41448.dict.yaml	䍯	ji	0	䍯
cn_dicts/41448.dict.yaml	䐀	ji	0	䐀
cn_dicts/41448.dict.yaml	䐕	ji	0	䐕
cn_dicts/41448.dict.yaml	䐚	ji	0	䐚
cn_dicts/41448.dict.yaml	䒁	ji	0	䒁
cn_dicts/41448.dict.yaml	䓧	ji	0	䓧
cn_dicts/41448.dict.yaml	䓫	ji	0	䓫
cn_dicts/41448.dict.yaml	䓽	ji	0	䓽
cn_dicts/41448.dict.yaml	䕤	ji	0	䕤
cn_dicts/41448.dict.yaml	䗁	ji	0	䗁
cn_dicts/41448.dict.yaml	䚐	ji	0	䚐
cn_dicts/41448.dict.yaml	䛋	ji	0	䛋
cn_dicts/41448.dict.yaml	䜞	ji	0	䜞
cn_dicts/41448.dict.yaml	䝸	ji	0	䝸
cn_dicts/41448.dict.yaml	䞘	ji	0	䞘
cn_dicts/41448.dict.yaml	䟇	ji	0	䟇
cn_dicts/41448.dict.yaml	䟌	ji	0	䟌
cn_dicts/41448.dict.yaml	䠏	ji	0	䠏
cn_dicts/41448.dict.yaml	䢋	ji	0	䢋
cn_dicts/41448.dict.yaml	䢳	ji	0	䢳
cn_dicts/41448.dict.yaml	䣢	ji	0	䣢
cn_dicts/41448.dict.yaml	䤒	ji	0	䤒
cn_dicts/41448.dict.yaml	䤠	ji	0	䤠
cn_dicts/41448.dict.yaml	䦇	ji	0	䦇
cn_dicts/41448.dict.yaml	䦈	ji	0	䦈
cn_dicts/41448.dict.yaml	䨖	ji	0	䨖
cn_dicts/41448.dict.yaml	䩐	ji	0	䩐
cn_dicts/41448.dict.yaml	䩯	ji	0	䩯
cn_dicts/41448.dict.yaml	䮺	ji	0	䮺
cn_dicts/41448.dict.yaml	䯂	ji	0	䯂
cn_dicts/41448.dict.yaml	䰏	ji	0	䰏
cn_dicts/41448.dict.yaml	䰥	ji	0	䰥
cn_dicts/41448.dict.yaml	䱥	ji	0	䱥
cn_dicts/41448.dict.yaml	䲯	ji	0	䲯
cn_dicts/41448.dict.yaml	䳭	ji	0	䳭
cn_dicts/41448.dict.yaml	䶓	ji	0	䶓
cn_dicts/41448.dict.yaml	䶩	ji	0	䶩
cn_dicts/41448.dict.yaml	𠀃	ji	0	𠀃
cn_dicts/41448.dict.yaml	𠀷	ji	0	𠀷
cn_dicts/41448.dict.yaml	𠋻	ji	0	𠋻
cn_dicts/41448.dict.yaml	𠍃	ji	0	𠍃
cn_dicts/41448.dict.yaml	𠑃	ji	0	𠑃
cn_dicts/41448.dict.yaml	𠓞	ji	0	𠓞
cn_dicts/41448.dict.yaml	𠔋	ji	0	𠔋
cn_dicts/41448.dict.yaml	𠗏	ji	0	𠗏
cn_dicts/41448.dict.yaml	𠚽	ji	0	𠚽
cn_dicts/41448.dict.yaml	𠟣	ji	0	𠟣
cn_dicts/41448.dict.yaml	𠢠	ji	0	𠢠
cn_dicts/41448.dict.yaml	𠦫	ji	0	𠦫
cn_dicts/41448.dict.yaml	𠨕	ji	0	𠨕
cn_dicts/41448.dict.yaml	𠨠	ji	0	𠨠
cn_dicts/41448.dict.yaml	𠫷	ji	0	𠫷
cn_dicts/41448.dict.yaml	𠮯	ji	0	𠮯
cn_dicts/41448.dict.yaml	𠯉	ji	0	𠯉
cn_dicts/41448.dict.yaml	𠱙	ji	0	𠱙
cn_dicts/41448.dict.yaml	𠱨	ji	0	𠱨
cn_dicts/41448.dict.yaml	𠲹	ji	0	𠲹
cn_dicts/41448.dict.yaml	𠴩	ji	0	𠴩
cn_dicts/41448.dict.yaml	𠴫	ji	0	𠴫
cn_dicts/41448.dict.yaml	𠶻	ji	0	𠶻
cn_dicts/41448.dict.yaml	𠷌	ji	0	𠷌
cn_dicts/41448.dict.yaml	𠹋	ji	0	𠹋
cn_dicts/41448.dict.yaml	𠼻	ji	0	𠼻
cn_dicts/41448.dict.yaml	𠿉	ji	0	𠿉
cn_dicts/41448.dict.yaml	𠿠	ji	0	𠿠
cn_dicts/41448.dict.yaml	𡁪	ji	0	𡁪
cn_dicts/41448.dict.yaml	𡁰	ji	0	𡁰
cn_dicts/41448.dict.yaml	𡃃	ji	0	𡃃
cn_dicts/41448.dict.yaml	𡅺	ji	0	𡅺
cn_dicts/41448.dict.yaml	𡇟	ji	0	𡇟
cn_dicts/41448.dict.yaml	𡋚	ji	0	𡋚
cn_dicts/41448.dict.yaml	𡜱	ji	0	𡜱
cn_dicts/41448.dict.yaml	𡥞	ji	0	𡥞
cn_dicts/41448.dict.yaml	𡦊	ji	0	𡦊
cn_dicts/41448.dict.yaml	𡦪	ji	0	𡦪
cn_dicts/41448.dict.yaml	𡪱	ji	0	𡪱
cn_dicts/41448.dict.yaml	𡫀	ji	0	𡫀
cn_dicts/41448.dict.yaml	𡬄	ji	0	𡬄
cn_dicts/41448.dict.yaml	𡳮	ji	0	𡳮
cn_dicts/41448.dict.yaml	𡹪	ji	0	𡹪
cn_dicts/41448.dict.yaml	𡽉	ji	0	𡽉
cn_dicts/41448.dict.yaml	𡿙	ji	0	𡿙
cn_dicts/41448.dict.yaml	𢁂	ji	0	𢁂
cn_dicts/41448.dict.yaml	𢃺	ji	0	𢃺
cn_dicts/41448.dict.yaml	𢆻	ji	0	𢆻
cn_dicts/41448.dict.yaml	𢉗	ji	0	𢉗
cn_dicts/41448.dict.yaml	𢍇	ji	0	𢍇
cn_dicts/41448.dict.yaml	𢏞	ji	0	𢏞
cn_dicts/41448.dict.yaml	𢓄	ji	0	𢓄
cn_dicts/41448.dict.yaml	𢔔	ji	0	𢔔
cn_dicts/41448.dict.yaml	𢗂	ji	0	𢗂
cn_dicts/41448.dict.yaml	𢗹	ji	0	𢗹
cn_dicts/41448.dict.yaml	𢚁	ji	0	𢚁
cn_dicts/41448.dict.yaml	𢜭	ji	0	𢜭
cn_dicts/41448.dict.yaml	𢡴	ji	0	𢡴
cn_dicts/41448.dict.yaml	𢢞	ji	0	𢢞
cn_dicts/41448.dict.yaml	𢨐	ji	0	𢨐
cn_dicts/41448.dict.yaml	𢩦	ji	0	𢩦
cn_dicts/41448.dict.yaml	𢭄	ji	0	𢭄
cn_dicts/41448.dict.yaml	𢰒	ji	0	𢰒
cn_dicts/41448.dict.yaml	𢱣	ji	0	𢱣
cn_dicts/41448.dict.yaml	𢺼	ji	0	𢺼
cn_dicts/41448.dict.yaml	𢼋	ji	0	𢼋
cn_dicts/41448.dict.yaml	𢼷	ji	0	𢼷
cn_dicts/41448.dict.yaml	𣄯	ji	0	𣄯
cn_dicts/41448.dict.yaml	𣄱	ji	0	𣄱
cn_dicts/41448.dict.yaml	𣇳	ji	0	𣇳
cn_dicts/41448.dict.yaml	𣏡	ji	0	𣏡
cn_dicts/41448.dict.yaml	𣔽	ji	0	𣔽
cn_dicts/41448.dict.yaml	𣖷	ji	0	𣖷
cn_dicts/41448.dict.yaml	𣛔	ji	0	𣛔
cn_dicts/41448.dict.yaml	𣜇	ji	0	𣜇
cn_dicts/41448.dict.yaml	𣣝	ji	0	𣣝
cn_dicts/41448.dict.yaml	𣪠	ji	0	𣪠
cn_dicts/41448.dict.yaml	𣬠	ji	0	𣬠
cn_dicts/41448.dict.yaml	𣯅	ji	0	𣯅
cn_dicts/41448.dict.yaml	𣰈	ji	0	𣰈
cn_dicts/41448.dict.yaml	𣱗	ji	0	𣱗
cn_dicts/41448.dict.yaml	𣲡	ji	0	𣲡
cn_dicts/41448.dict.yaml	𣳃	ji	0	𣳃
cn_dicts/41448.dict.yaml	𣹜	ji	0	𣹜
cn_dicts/41448.dict.yaml	𣽍	ji	0	𣽍
cn_dicts/41448.dict.yaml	𤊵	ji	0	𤊵
cn_dicts/41448.dict.yaml	𤋭	ji	0	𤋭
cn_dicts/41448.dict.yaml	𤎗	ji	0	𤎗
cn_dicts/41448.dict.yaml	𤓑	ji	0	𤓑
cn_dicts/41448.dict.yaml	𤛄	ji	0	𤛄
cn_dicts/41448.dict.yaml	𤜝	ji	0	𤜝
cn_dicts/41448.dict.yaml	𤜾	ji	0	𤜾
cn_dicts/41448.dict.yaml	𤠎	ji	0	𤠎
cn_dicts/41448.dict.yaml	𤤋	ji	0	𤤋
cn_dicts/41448.dict.yaml	𤫝	ji	0	𤫝
cn_dicts/41448.dict.yaml	𤳎	ji	0	𤳎
cn_dicts/41448.dict.yaml	𤵀	ji	0	𤵀
cn_dicts/41448.dict.yaml	𤷉	ji	0	𤷉
cn_dicts/41448.dict.yaml	𤺗	ji	0	𤺗
cn_dicts/41448.dict.yaml	𤺷	ji	0	𤺷
cn_dicts/41448.dict.yaml	𤿠	ji	0	𤿠
cn_dicts/41448.dict.yaml	𥈂	ji	0	𥈂
cn_dicts/41448.dict.yaml	𥊬	ji	0	𥊬
cn_dicts/41448.dict.yaml	𥋥	ji	0	𥋥
cn_dicts/41448.dict.yaml	𥒡	ji	0	𥒡
cn_dicts/41448.dict.yaml	𥕂	ji	0	𥕂
cn_dicts/41448.dict.yaml	𥖙	ji	0	𥖙
cn_dicts/41448.dict.yaml	𥘌	ji	0	𥘌
cn_dicts/41448.dict.yaml	𥠈	ji	0	𥠈
cn_dicts/41448.dict.yaml	𥠋	ji	0	𥠋
cn_dicts/41448.dict.yaml	𥡒	ji	0	𥡒
cn_dicts/41448.dict.yaml	𥡴	ji	0	𥡴
cn_dicts/41448.dict.yaml	𥣩	ji	0	𥣩
cn_dicts/41448.dict.yaml	𥨿	ji	0	𥨿
cn_dicts/41448.dict.yaml	𥪫	ji	0	𥪫
cn_dicts/41448.dict.yaml	𥪼	ji	0	𥪼
cn_dicts/41448.dict.yaml	𥫶	ji	0	𥫶
cn_dicts/41448.dict.yaml	𥭋	ji	0	𥭋
cn_dicts/41448.dict.yaml	𥭌	ji	0	𥭌
cn_dicts/41448.dict.yaml	𥭜	ji	0	𥭜
cn_dicts/41448.dict.yaml	𥮪	ji	0	𥮪
cn_dicts/41448.dict.yaml	𥰦	ji	0	𥰦
cn_dicts/41448.dict.yaml	𥳏	ji	0	𥳏
cn_dicts/41448.dict.yaml	𥷙	ji	0	𥷙
cn_dicts/41448.dict.yaml	𥺵	ji	0	𥺵
cn_dicts/41448.dict.yaml	𥾊	ji	0	𥾊
cn_dicts/41448.dict.yaml	𥾡	ji	0	𥾡
cn_dicts/41448.dict.yaml	𦁳	ji	0	𦁳
cn_dicts/41448.dict.yaml	𦂑	ji	0	𦂑
cn_dicts/41448.dict.yaml	𦆡	ji	0	𦆡
cn_dicts/41448.dict.yaml	𦇧	ji	0	𦇧
cn_dicts/41448.dict.yaml	𦋋	ji	0	𦋋
cn_dicts/41448.dict.yaml	𦌗	ji	0	𦌗
cn_dicts/41448.dict.yaml	𦌰	ji	0	𦌰
cn_dicts/41448.dict.yaml	𦎢	ji	0	𦎢
cn_dicts/41448.dict.yaml	𦜸	ji	0	𦜸
cn_dicts/41448.dict.yaml	𦝖	ji	0	𦝖
cn_dicts/41448.dict.yaml	𦞽	ji	0	𦞽
cn_dicts/41448.dict.yaml	𦠄	ji	0	𦠄
cn_dicts/41448.dict.yaml	𦠾	ji	0	𦠾
cn_dicts/41448.dict.yaml	𦩧	ji	0	𦩧
cn_dicts/41448.dict.yaml	𦪱	ji	0	𦪱
cn_dicts/41448.dict.yaml	𦮯	ji	0	𦮯
cn_dicts/41448.dict.yaml	𦮼	ji	0	𦮼
cn_dicts/41448.dict.yaml	𦳌	ji	0	𦳌
cn_dicts/41448.dict.yaml	𦵾	ji	0	𦵾
cn_dicts/41448.dict.yaml	𦶍	ji	0	𦶍
cn_dicts/41448.dict.yaml	𦺩	ji	0	𦺩
cn_dicts/41448.dict.yaml	𦺬	ji	0	𦺬
cn_dicts/41448.dict.yaml	𦺴	ji	0	𦺴
cn_dicts/41448.dict.yaml	𦺶	ji	0	𦺶
cn_dicts/41448.dict.yaml	𦼷	ji	0	𦼷
cn_dicts/41448.dict.yaml	𦾲	ji	0	𦾲
cn_dicts/41448.dict.yaml	𦿓	ji	0	𦿓
cn_dicts/41448.dict.yaml	𧃞	ji	0	𧃞
cn_dicts/41448.dict.yaml	𧇯	ji	0	𧇯
cn_dicts/41448.dict.yaml	𧈼	ji	0	𧈼
cn_dicts/41448.dict.yaml	𧉆	ji	0	𧉆
cn_dicts/41448.dict.yaml	𧉍	ji	0	𧉍
cn_dicts/41448.dict.yaml	𧎿	ji	0	𧎿
cn_dicts/41448.dict.yaml	𧐐	ji	0	𧐐
cn_dicts/41448.dict.yaml	𧓓	ji	0	𧓓
cn_dicts/41448.dict.yaml	𧗒	ji	0	𧗒
cn_dicts/41448.dict.yaml	𧙁	ji	0	𧙁
cn_dicts/41448.dict.yaml	𧟜	ji	0	𧟜
cn_dicts/41448.dict.yaml	𧡉	ji	0	𧡉
cn_dicts/41448.dict.yaml	𧡯	ji	0	𧡯
cn_dicts/41448.dict.yaml	𧢾	ji	0	𧢾
cn_dicts/41448.dict.yaml	𧤏	ji	0	𧤏
cn_dicts/41448.dict.yaml	𧥄	ji	0	𧥄
cn_dicts/41448.dict.yaml	𧧃	ji	0	𧧃
cn_dicts/41448.dict.yaml	𧧟	ji	0	𧧟
cn_dicts/41448.dict.yaml	𧧩	ji	0	𧧩
cn_dicts/41448.dict.yaml	𧩦	ji	0	𧩦
cn_dicts/41448.dict.yaml	𧪇	ji	0	𧪇
cn_dicts/41448.dict.yaml	𧪠	ji	0	𧪠
cn_dicts/41448.dict.yaml	𧫜	ji	0	𧫜
cn_dicts/41448.dict.yaml	𧫠	ji	0	𧫠
cn_dicts/41448.dict.yaml	𧮭	ji	0	𧮭
cn_dicts/41448.dict.yaml	𧽑	ji	0	𧽑
cn_dicts/41448.dict.yaml	𧾢	ji	0	𧾢
cn_dicts/41448.dict.yaml	𧾽	ji	0	𧾽
cn_dicts/41448.dict.yaml	𧾾	ji	0	𧾾
cn_dicts/41448.dict.yaml	𨀶	ji	0	𨀶
cn_dicts/41448.dict.yaml	𨂢	ji	0	𨂢
cn_dicts/41448.dict.yaml	𨄐	ji	0	𨄐
cn_dicts/41448.dict.yaml	𨅤	ji	0	𨅤
cn_dicts/41448.dict.yaml	𨊻	ji	0	𨊻
cn_dicts/41448.dict.yaml	𨋉	ji	0	𨋉
cn_dicts/41448.dict.yaml	𨍺	ji	0	𨍺
cn_dicts/41448.dict.yaml	𨐆	ji	0	𨐆
cn_dicts/41448.dict.yaml	𨒴	ji	0	𨒴
cn_dicts/41448.dict.yaml	𨖊	ji	0	𨖊
cn_dicts/41448.dict.yaml	𨛉	ji	0	𨛉
cn_dicts/41448.dict.yaml	𨛑	ji	0	𨛑
cn_dicts/41448.dict.yaml	𨛳	ji	0	𨛳
cn_dicts/41448.dict.yaml	𨜒	ji	0	𨜒
cn_dicts/41448.dict.yaml	𨢵	ji	0	𨢵
cn_dicts/41448.dict.yaml	𨣧	ji	0	𨣧
cn_dicts/41448.dict.yaml	𨤹	ji	0	𨤹
cn_dicts/41448.dict.yaml	𨦮	ji	0	𨦮
cn_dicts/41448.dict.yaml	𨪏	ji	0	𨪏
cn_dicts/41448.dict.yaml	𨮺	ji	0	𨮺
cn_dicts/41448.dict.yaml	𨲪	ji	0	𨲪
cn_dicts/41448.dict.yaml	𨳋	ji	0	𨳋
cn_dicts/41448.dict.yaml	𨳻	ji	0	𨳻
cn_dicts/41448.dict.yaml	𨸚	ji	0	𨸚
cn_dicts/41448.dict.yaml	𨹶	ji	0	𨹶
cn_dicts/41448.dict.yaml	𨻕	ji	0	𨻕
cn_dicts/41448.dict.yaml	𩀖	ji	0	𩀖
cn_dicts/41448.dict.yaml	𩉢	ji	0	𩉢
cn_dicts/41448.dict.yaml	𩐆	ji	0	𩐆
cn_dicts/41448.dict.yaml	𩓮	ji	0	𩓮
cn_dicts/41448.dict.yaml	𩚮	ji	0	𩚮
cn_dicts/41448.dict.yaml	𩜆	ji	0	𩜆
cn_dicts/41448.dict.yaml	𩞊	ji	0	𩞊
cn_dicts/41448.dict.yaml	𩠨	ji	0	𩠨
cn_dicts/41448.dict.yaml	𩢴	ji	0	𩢴
cn_dicts/41448.dict.yaml	𩥉	ji	0	𩥉
cn_dicts/41448.dict.yaml	𩦤	ji	0	𩦤
cn_dicts/41448.dict.yaml	𩨒	ji	0	𩨒
cn_dicts/41448.dict.yaml	𩩛	ji	0	𩩛
cn_dicts/41448.dict.yaml	𩯋	ji	0	𩯋
cn_dicts/41448.dict.yaml	𩯰	ji	0	𩯰
cn_dicts/41448.dict.yaml	𩴃	ji	0	𩴃
cn_dicts/41448.dict.yaml	𩼄	ji	0	𩼄
cn_dicts/41448.dict.yaml	𩼚	ji	0	𩼚
cn_dicts/41448.dict.yaml	𪂍	ji	0	𪂍
cn_dicts/41448.dict.yaml	𪂺	ji	0	𪂺
cn_dicts/41448.dict.yaml	𪄵	ji	0	𪄵
cn_dicts/41448.dict.yaml	𪄸	ji	0	𪄸
cn_dicts/41448.dict.yaml	𪅹	ji	0	𪅹
cn_dicts/41448.dict.yaml	𪊆	ji	0	𪊆
cn_dicts/41448.dict.yaml	𪌍	ji	0	𪌍
cn_dicts/41448.dict.yaml	𪔋	ji	0	𪔋
cn_dicts/41448.dict.yaml	𪘥	ji	0	𪘥
cn_dicts/41448.dict.yaml	㔠	jia	0	㔠
cn_dicts/41448.dict.yaml	㕅	jia	0	㕅
cn_dicts/41448.dict.yaml	㪴	jia	0	㪴
cn_dicts/41448.dict.yaml	㮖	jia	0	㮖
cn_dicts/41448.dict.yaml	㼪	jia	0	㼪
cn_dicts/41448.dict.yaml	㿓	jia	0	㿓
cn_dicts/41448.dict.yaml	䀫	jia	0	䀫
cn_dicts/41448.dict.yaml	䀹	jia	0	䀹
cn_dicts/41448.dict.yaml	䁍	jia	0	䁍
cn_dicts/41448.dict.yaml	䇲	jia	0	䇲
cn_dicts/41448.dict.yaml	䑝	jia	0	䑝
cn_dicts/41448.dict.yaml	䕒	jia	0	䕒
cn_dicts/41448.dict.yaml	䕛	jia	0	䕛
cn_dicts/41448.dict.yaml	䘥	jia	0	䘥
cn_dicts/41448.dict.yaml	䛟	jia	0	䛟
cn_dicts/41448.dict.yaml	䢔	jia	0	䢔
cn_dicts/41448.dict.yaml	䩡	jia	0	䩡
cn_dicts/41448.dict.yaml	䴥	jia	0	䴥
cn_dicts/41448.dict.yaml	𠷉	jia	0	𠷉
cn_dicts/41448.dict.yaml	𠺢	jia	0	𠺢
cn_dicts/41448.dict.yaml	𡊠	jia	0	𡊠
cn_dicts/41448.dict.yaml	𡩚	jia	0	𡩚
cn_dicts/41448.dict.yaml	𡭘	jia	0	𡭘
cn_dicts/41448.dict.yaml	𡶥	jia	0	𡶥
cn_dicts/41448.dict.yaml	𢉤	jia	0	𢉤
cn_dicts/41448.dict.yaml	𢗊	jia	0	𢗊
cn_dicts/41448.dict.yaml	𢜿	jia	0	𢜿
cn_dicts/41448.dict.yaml	𢪍	jia	0	𢪍
cn_dicts/41448.dict.yaml	𢫢	jia	0	𢫢
cn_dicts/41448.dict.yaml	𢱈	jia	0	𢱈
cn_dicts/41448.dict.yaml	𢱌	jia	0	𢱌
cn_dicts/41448.dict.yaml	𣦉	jia	0	𣦉
cn_dicts/41448.dict.yaml	𣪇	jia	0	𣪇
cn_dicts/41448.dict.yaml	𣮫	jia	0	𣮫
cn_dicts/41448.dict.yaml	𤖰	jia	0	𤖰
cn_dicts/41448.dict.yaml	𤗜	jia	0	𤗜
cn_dicts/41448.dict.yaml	𤟚	jia	0	𤟚
cn_dicts/41448.dict.yaml	𤠙	jia	0	𤠙
cn_dicts/41448.dict.yaml	𥇗	jia	0	𥇗
cn_dicts/41448.dict.yaml	𥋣	jia	0	𥋣
cn_dicts/41448.dict.yaml	𥑐	jia	0	𥑐
cn_dicts/41448.dict.yaml	𥑔	jia	0	𥑔
cn_dicts/41448.dict.yaml	𥝿	jia	0	𥝿
cn_dicts/41448.dict.yaml	𥞵	jia	0	𥞵
cn_dicts/41448.dict.yaml	𥡮	jia	0	𥡮
cn_dicts/41448.dict.yaml	𥹌	jia	0	𥹌
cn_dicts/41448.dict.yaml	𦎮	jia	0	𦎮
cn_dicts/41448.dict.yaml	𦎱	jia	0	𦎱
cn_dicts/41448.dict.yaml	𦙺	jia	0	𦙺
cn_dicts/41448.dict.yaml	𦣯	jia	0	𦣯
cn_dicts/41448.dict.yaml	𦧮	jia	0	𦧮
cn_dicts/41448.dict.yaml	𦨦	jia	0	𦨦
cn_dicts/41448.dict.yaml	𦸘	jia	0	𦸘
cn_dicts/41448.dict.yaml	𦺧	jia	0	𦺧
cn_dicts/41448.dict.yaml	𦽤	jia	0	𦽤
cn_dicts/41448.dict.yaml	𧉪	jia	0	𧉪
cn_dicts/41448.dict.yaml	𧦤	jia	0	𧦤
cn_dicts/41448.dict.yaml	𧿵	jia	0	𧿵
cn_dicts/41448.dict.yaml	𨒇	jia	0	𨒇
cn_dicts/41448.dict.yaml	𨔗	jia	0	𨔗
cn_dicts/41448.dict.yaml	𨔣	jia	0	𨔣
cn_dicts/41448.dict.yaml	𩉡	jia	0	𩉡
cn_dicts/41448.dict.yaml	𩊏	jia	0	𩊏
cn_dicts/41448.dict.yaml	𩌍	jia	0	𩌍
cn_dicts/41448.dict.yaml	𩚲	jia	0	𩚲
cn_dicts/41448.dict.yaml	𩛩	jia	0	𩛩
cn_dicts/41448.dict.yaml	𩨹	jia	0	𩨹
cn_dicts/41448.dict.yaml	𩲣	jia	0	𩲣
cn_dicts/41448.dict.yaml	𩶛	jia	0	𩶛
cn_dicts/41448.dict.yaml	𪆲	jia	0	𪆲
cn_dicts/41448.dict.yaml	𪇷	jia	0	𪇷
cn_dicts/41448.dict.yaml	𪈟	jia	0	𪈟
cn_dicts/41448.dict.yaml	𪐓	jia	0	𪐓
cn_dicts/41448.dict.yaml	𪔟	jia	0	𪔟
cn_dicts/41448.dict.yaml	𪙏	jia	0	𪙏
cn_dicts/41448.dict.yaml	㓺	jian	0	㓺
cn_dicts/41448.dict.yaml	㔋	jian	0	㔋
cn_dicts/41448.dict.yaml	㔓	jian	0	㔓
cn_dicts/41448.dict.yaml	㡨	jian	0	㡨
cn_dicts/41448.dict.yaml	㣤	jian	0	㣤
cn_dicts/41448.dict.yaml	㦗	jian	0	㦗
cn_dicts/41448.dict.yaml	㦰	jian	0	㦰
cn_dicts/41448.dict.yaml	㨴	jian	0	㨴
cn_dicts/41448.dict.yaml	㨵	jian	0	㨵
cn_dicts/41448.dict.yaml	㭴	jian	0	㭴
cn_dicts/41448.dict.yaml	㯺	jian	0	㯺
cn_dicts/41448.dict.yaml	㰄	jian	0	㰄
cn_dicts/41448.dict.yaml	㳨	jian	0	㳨
cn_dicts/41448.dict.yaml	㵎	jian	0	㵎
cn_dicts/41448.dict.yaml	㶕	jian	0	㶕
cn_dicts/41448.dict.yaml	㺂	jian	0	㺂
cn_dicts/41448.dict.yaml	㺝	jian	0	㺝
cn_dicts/41448.dict.yaml	㽉	jian	0	㽉
cn_dicts/41448.dict.yaml	䄯	jian	0	䄯
cn_dicts/41448.dict.yaml	䅐	jian	0	䅐
cn_dicts/41448.dict.yaml	䇟	jian	0	䇟
cn_dicts/41448.dict.yaml	䉍	jian	0	䉍
cn_dicts/41448.dict.yaml	䛳	jian	0	䛳
cn_dicts/41448.dict.yaml	䞼	jian	0	䞼
cn_dicts/41448.dict.yaml	䟅	jian	0	䟅
cn_dicts/41448.dict.yaml	䟢	jian	0	䟢
cn_dicts/41448.dict.yaml	䟰	jian	0	䟰
cn_dicts/41448.dict.yaml	䤔	jian	0	䤔
cn_dicts/41448.dict.yaml	䥜	jian	0	䥜
cn_dicts/41448.dict.yaml	䧖	jian	0	䧖
cn_dicts/41448.dict.yaml	䩆	jian	0	䩆
cn_dicts/41448.dict.yaml	䬻	jian	0	䬻
cn_dicts/41448.dict.yaml	䭈	jian	0	䭈
cn_dicts/41448.dict.yaml	䭕	jian	0	䭕
cn_dicts/41448.dict.yaml	䭠	jian	0	䭠
cn_dicts/41448.dict.yaml	䮿	jian	0	䮿
cn_dicts/41448.dict.yaml	䯛	jian	0	䯛
cn_dicts/41448.dict.yaml	䯡	jian	0	䯡
cn_dicts/41448.dict.yaml	䵖	jian	0	䵖
cn_dicts/41448.dict.yaml	䵛	jian	0	䵛
cn_dicts/41448.dict.yaml	䵡	jian	0	䵡
cn_dicts/41448.dict.yaml	䵤	jian	0	䵤
cn_dicts/41448.dict.yaml	䶠	jian	0	䶠
cn_dicts/41448.dict.yaml	䶢	jian	0	䶢
cn_dicts/41448.dict.yaml	䶬	jian	0	䶬
cn_dicts/41448.dict.yaml	𠊒	jian	0	𠊒
cn_dicts/41448.dict.yaml	𠍚	jian	0	𠍚
cn_dicts/41448.dict.yaml	𠏇	jian	0	𠏇
cn_dicts/41448.dict.yaml	𠐻	jian	0	𠐻
cn_dicts/41448.dict.yaml	𠫘	jian	0	𠫘
cn_dicts/41448.dict.yaml	𠷁	jian	0	𠷁
cn_dicts/41448.dict.yaml	𠹟	jian	0	𠹟
cn_dicts/41448.dict.yaml	𠼤	jian	0	𠼤
cn_dicts/41448.dict.yaml	𠽱	jian	0	𠽱
cn_dicts/41448.dict.yaml	𠿏	jian	0	𠿏
cn_dicts/41448.dict.yaml	𡄑	jian	0	𡄑
cn_dicts/41448.dict.yaml	𡄓	jian	0	𡄓
cn_dicts/41448.dict.yaml	𡅶	jian	0	𡅶
cn_dicts/41448.dict.yaml	𡑯	jian	0	𡑯
cn_dicts/41448.dict.yaml	𡬵	jian	0	𡬵
cn_dicts/41448.dict.yaml	𡭭	jian	0	𡭭
cn_dicts/41448.dict.yaml	𡸃	jian	0	𡸃
cn_dicts/41448.dict.yaml	𡾰	jian	0	𡾰
cn_dicts/41448.dict.yaml	𢃬	jian	0	𢃬
cn_dicts/41448.dict.yaml	𢆞	jian	0	𢆞
cn_dicts/41448.dict.yaml	𢆦	jian	0	𢆦
cn_dicts/41448.dict.yaml	𢍫	jian	0	𢍫
cn_dicts/41448.dict.yaml	𢐆	jian	0	𢐆
cn_dicts/41448.dict.yaml	𢦺	jian	0	𢦺
cn_dicts/41448.dict.yaml	𢨿	jian	0	𢨿
cn_dicts/41448.dict.yaml	𢩀	jian	0	𢩀
cn_dicts/41448.dict.yaml	𢳚	jian	0	𢳚
cn_dicts/41448.dict.yaml	𢵈	jian	0	𢵈
cn_dicts/41448.dict.yaml	𣘖	jian	0	𣘖
cn_dicts/41448.dict.yaml	𣚙	jian	0	𣚙
cn_dicts/41448.dict.yaml	𣜭	jian	0	𣜭
cn_dicts/41448.dict.yaml	𣝕	jian	0	𣝕
cn_dicts/41448.dict.yaml	𣠷	jian	0	𣠷
cn_dicts/41448.dict.yaml	𣥞	jian	0	𣥞
cn_dicts/41448.dict.yaml	𣮏	jian	0	𣮏
cn_dicts/41448.dict.yaml	𣳲	jian	0	𣳲
cn_dicts/41448.dict.yaml	𣴓	jian	0	𣴓
cn_dicts/41448.dict.yaml	𣽖	jian	0	𣽖
cn_dicts/41448.dict.yaml	𣽦	jian	0	𣽦
cn_dicts/41448.dict.yaml	𤀩	jian	0	𤀩
cn_dicts/41448.dict.yaml	𤄒	jian	0	𤄒
cn_dicts/41448.dict.yaml	𤍖	jian	0	𤍖
cn_dicts/41448.dict.yaml	𤧣	jian	0	𤧣
cn_dicts/41448.dict.yaml	𤪋	jian	0	𤪋
cn_dicts/41448.dict.yaml	𤷃	jian	0	𤷃
cn_dicts/41448.dict.yaml	𥀹	jian	0	𥀹
cn_dicts/41448.dict.yaml	𥊇	jian	0	𥊇
cn_dicts/41448.dict.yaml	𥌈	jian	0	𥌈
cn_dicts/41448.dict.yaml	𥍀	jian	0	𥍀
cn_dicts/41448.dict.yaml	𥍹	jian	0	𥍹
cn_dicts/41448.dict.yaml	𥜲	jian	0	𥜲
cn_dicts/41448.dict.yaml	𥡝	jian	0	𥡝
cn_dicts/41448.dict.yaml	𥢇	jian	0	𥢇
cn_dicts/41448.dict.yaml	𥯦	jian	0	𥯦
cn_dicts/41448.dict.yaml	𥳒	jian	0	𥳒
cn_dicts/41448.dict.yaml	𥳟	jian	0	𥳟
cn_dicts/41448.dict.yaml	𥳷	jian	0	𥳷
cn_dicts/41448.dict.yaml	𥴱	jian	0	𥴱
cn_dicts/41448.dict.yaml	𥻧	jian	0	𥻧
cn_dicts/41448.dict.yaml	𥽐	jian	0	𥽐
cn_dicts/41448.dict.yaml	𦁲	jian	0	𦁲
cn_dicts/41448.dict.yaml	𦂇	jian	0	𦂇
cn_dicts/41448.dict.yaml	𦋰	jian	0	𦋰
cn_dicts/41448.dict.yaml	𦏔	jian	0	𦏔
cn_dicts/41448.dict.yaml	𦞬	jian	0	𦞬
cn_dicts/41448.dict.yaml	𦢣	jian	0	𦢣
cn_dicts/41448.dict.yaml	𦣨	jian	0	𦣨
cn_dicts/41448.dict.yaml	𦩵	jian	0	𦩵
cn_dicts/41448.dict.yaml	𦺍	jian	0	𦺍
cn_dicts/41448.dict.yaml	𦺘	jian	0	𦺘
cn_dicts/41448.dict.yaml	𦽇	jian	0	𦽇
cn_dicts/41448.dict.yaml	𦾶	jian	0	𦾶
cn_dicts/41448.dict.yaml	𧀇	jian	0	𧀇
cn_dicts/41448.dict.yaml	𧀵	jian	0	𧀵
cn_dicts/41448.dict.yaml	𧂂	jian	0	𧂂
cn_dicts/41448.dict.yaml	𧂆	jian	0	𧂆
cn_dicts/41448.dict.yaml	𧂢	jian	0	𧂢
cn_dicts/41448.dict.yaml	𧅆	jian	0	𧅆
cn_dicts/41448.dict.yaml	𧗸	jian	0	𧗸
cn_dicts/41448.dict.yaml	𧙧	jian	0	𧙧
cn_dicts/41448.dict.yaml	𧢖	jian	0	𧢖
cn_dicts/41448.dict.yaml	𧤨	jian	0	𧤨
cn_dicts/41448.dict.yaml	𧤽	jian	0	𧤽
cn_dicts/41448.dict.yaml	𧥈	jian	0	𧥈
cn_dicts/41448.dict.yaml	𧧅	jian	0	𧧅
cn_dicts/41448.dict.yaml	𧬫	jian	0	𧬫
cn_dicts/41448.dict.yaml	𧮈	jian	0	𧮈
cn_dicts/41448.dict.yaml	𧲨	jian	0	𧲨
cn_dicts/41448.dict.yaml	𧸘	jian	0	𧸘
cn_dicts/41448.dict.yaml	𨍒	jian	0	𨍒
cn_dicts/41448.dict.yaml	𨎫	jian	0	𨎫
cn_dicts/41448.dict.yaml	𨏊	jian	0	𨏊
cn_dicts/41448.dict.yaml	𨔥	jian	0	𨔥
cn_dicts/41448.dict.yaml	𨢑	jian	0	𨢑
cn_dicts/41448.dict.yaml	𨣇	jian	0	𨣇
cn_dicts/41448.dict.yaml	𨣝	jian	0	𨣝
cn_dicts/41448.dict.yaml	𨤄	jian	0	𨤄
cn_dicts/41448.dict.yaml	𨪅	jian	0	𨪅
cn_dicts/41448.dict.yaml	𨰓	jian	0	𨰓
cn_dicts/41448.dict.yaml	𨳡	jian	0	𨳡
cn_dicts/41448.dict.yaml	𨳿	jian	0	𨳿
cn_dicts/41448.dict.yaml	𨴾	jian	0	𨴾
cn_dicts/41448.dict.yaml	𨵭	jian	0	𨵭
cn_dicts/41448.dict.yaml	𨷓	jian	0	𨷓
cn_dicts/41448.dict.yaml	𩅼	jian	0	𩅼
cn_dicts/41448.dict.yaml	𩆯	jian	0	𩆯
cn_dicts/41448.dict.yaml	𩆷	jian	0	𩆷
cn_dicts/41448.dict.yaml	𩇏	jian	0	𩇏
cn_dicts/41448.dict.yaml	𩉍	jian	0	𩉍
cn_dicts/41448.dict.yaml	𩉔	jian	0	𩉔
cn_dicts/41448.dict.yaml	𩋋	jian	0	𩋋
cn_dicts/41448.dict.yaml	𩌯	jian	0	𩌯
cn_dicts/41448.dict.yaml	𩍎	jian	0	𩍎
cn_dicts/41448.dict.yaml	𩎒	jian	0	𩎒
cn_dicts/41448.dict.yaml	𩛧	jian	0	𩛧
cn_dicts/41448.dict.yaml	𩟗	jian	0	𩟗
cn_dicts/41448.dict.yaml	𩤊	jian	0	𩤊
cn_dicts/41448.dict.yaml	𩱃	jian	0	𩱃
cn_dicts/41448.dict.yaml	𩻘	jian	0	𩻘
cn_dicts/41448.dict.yaml	𩽜	jian	0	𩽜
cn_dicts/41448.dict.yaml	𪃋	jian	0	𪃋
cn_dicts/41448.dict.yaml	𪃛	jian	0	𪃛
cn_dicts/41448.dict.yaml	𪆿	jian	0	𪆿
cn_dicts/41448.dict.yaml	𪉦	jian	0	𪉦
cn_dicts/41448.dict.yaml	𪋁	jian	0	𪋁
cn_dicts/41448.dict.yaml	𪏊	jian	0	𪏊
cn_dicts/41448.dict.yaml	𪐻	jian	0	𪐻
cn_dicts/41448.dict.yaml	𪒫	jian	0	𪒫
cn_dicts/41448.dict.yaml	𪒹	jian	0	𪒹
cn_dicts/41448.dict.yaml	𪙨	jian	0	𪙨
cn_dicts/41448.dict.yaml	㢡	jiang	0	㢡
cn_dicts/41448.dict.yaml	㯍	jiang	0	㯍
cn_dicts/41448.dict.yaml	㹔	jiang	0	㹔
cn_dicts/41448.dict.yaml	䁰	jiang	0	䁰
cn_dicts/41448.dict.yaml	䉃	jiang	0	䉃
cn_dicts/41448.dict.yaml	䋌	jiang	0	䋌
cn_dicts/41448.dict.yaml	䒂	jiang	0	䒂
cn_dicts/41448.dict.yaml	䙹	jiang	0	䙹
cn_dicts/41448.dict.yaml	䞪	jiang	0	䞪
cn_dicts/41448.dict.yaml	䥒	jiang	0	䥒
cn_dicts/41448.dict.yaml	𠘌	jiang	0	𠘌
cn_dicts/41448.dict.yaml	𠷐	jiang	0	𠷐
cn_dicts/41448.dict.yaml	𠼢	jiang	0	𠼢
cn_dicts/41448.dict.yaml	𡏞	jiang	0	𡏞
cn_dicts/41448.dict.yaml	𡑶	jiang	0	𡑶
cn_dicts/41448.dict.yaml	𡲣	jiang	0	𡲣
cn_dicts/41448.dict.yaml	𡷍	jiang	0	𡷍
cn_dicts/41448.dict.yaml	𢘸	jiang	0	𢘸
cn_dicts/41448.dict.yaml	𢪇	jiang	0	𢪇
cn_dicts/41448.dict.yaml	𣚦	jiang	0	𣚦
cn_dicts/41448.dict.yaml	𣨣	jiang	0	𣨣
cn_dicts/41448.dict.yaml	𣩴	jiang	0	𣩴
cn_dicts/41448.dict.yaml	𣫳	jiang	0	𣫳
cn_dicts/41448.dict.yaml	𤕭	jiang	0	𤕭
cn_dicts/41448.dict.yaml	𤕯	jiang	0	𤕯
cn_dicts/41448.dict.yaml	𤖛	jiang	0	𤖛
cn_dicts/41448.dict.yaml	𤛜	jiang	0	𤛜
cn_dicts/41448.dict.yaml	𥆅	jiang	0	𥆅
cn_dicts/41448.dict.yaml	𥔣	jiang	0	𥔣
cn_dicts/41448.dict.yaml	𥗪	jiang	0	𥗪
cn_dicts/41448.dict.yaml	𥞜	jiang	0	𥞜
cn_dicts/41448.dict.yaml	𥬮	jiang	0	𥬮
cn_dicts/41448.dict.yaml	𥷃	jiang	0	𥷃
cn_dicts/41448.dict.yaml	𦦗	jiang	0	𦦗
cn_dicts/41448.dict.yaml	𧘍	jiang	0	𧘍
cn_dicts/41448.dict.yaml	𨃇	jiang	0	𨃇
cn_dicts/41448.dict.yaml	𨜰	jiang	0	𨜰
cn_dicts/41448.dict.yaml	𨯞	jiang	0	𨯞
cn_dicts/41448.dict.yaml	𩌾	jiang	0	𩌾
cn_dicts/41448.dict.yaml	𩝽	jiang	0	𩝽
cn_dicts/41448.dict.yaml	𩴒	jiang	0	𩴒
cn_dicts/41448.dict.yaml	𩷄	jiang	0	𩷄
cn_dicts/41448.dict.yaml	𩷭	jiang	0	𩷭
cn_dicts/41448.dict.yaml	𪀘	jiang	0	𪀘
cn_dicts/41448.dict.yaml	㚣	jiao	0	㚣
cn_dicts/41448.dict.yaml	㠐	jiao	0	㠐
cn_dicts/41448.dict.yaml	㩭	jiao	0	㩭
cn_dicts/41448.dict.yaml	㩰	jiao	0	㩰
cn_dicts/41448.dict.yaml	㬭	jiao	0	㬭
cn_dicts/41448.dict.yaml	㬵	jiao	0	㬵
cn_dicts/41448.dict.yaml	㭂	jiao	0	㭂
cn_dicts/41448.dict.yaml	㰾	jiao	0	㰾
cn_dicts/41448.dict.yaml	㱶	jiao	0	㱶
cn_dicts/41448.dict.yaml	㳅	jiao	0	㳅
cn_dicts/41448.dict.yaml	㽱	jiao	0	㽱
cn_dicts/41448.dict.yaml	㽲	jiao	0	㽲
cn_dicts/41448.dict.yaml	㿟	jiao	0	㿟
cn_dicts/41448.dict.yaml	䀊	jiao	0	䀊
cn_dicts/41448.dict.yaml	䁶	jiao	0	䁶
cn_dicts/41448.dict.yaml	䂃	jiao	0	䂃
cn_dicts/41448.dict.yaml	䆗	jiao	0	䆗
cn_dicts/41448.dict.yaml	䘨	jiao	0	䘨
cn_dicts/41448.dict.yaml	䚩	jiao	0	䚩
cn_dicts/41448.dict.yaml	䜈	jiao	0	䜈
cn_dicts/41448.dict.yaml	䠛	jiao	0	䠛
cn_dicts/41448.dict.yaml	䢒	jiao	0	䢒
cn_dicts/41448.dict.yaml	䢪	jiao	0	䢪
cn_dicts/41448.dict.yaml	䣤	jiao	0	䣤
cn_dicts/41448.dict.yaml	䥞	jiao	0	䥞
cn_dicts/41448.dict.yaml	䩌	jiao	0	䩌
cn_dicts/41448.dict.yaml	䪒	jiao	0	䪒
cn_dicts/41448.dict.yaml	䴛	jiao	0	䴛
cn_dicts/41448.dict.yaml	𠕧	jiao	0	𠕧
cn_dicts/41448.dict.yaml	𠘣	jiao	0	𠘣
cn_dicts/41448.dict.yaml	𠜅	jiao	0	𠜅
cn_dicts/41448.dict.yaml	𠝑	jiao	0	𠝑
cn_dicts/41448.dict.yaml	𠞰	jiao	0	𠞰
cn_dicts/41448.dict.yaml	𠩏	jiao	0	𠩏
cn_dicts/41448.dict.yaml	𡏭	jiao	0	𡏭
cn_dicts/41448.dict.yaml	𡓖	jiao	0	𡓖
cn_dicts/41448.dict.yaml	𡙎	jiao	0	𡙎
cn_dicts/41448.dict.yaml	𡟠	jiao	0	𡟠
cn_dicts/41448.dict.yaml	𡥈	jiao	0	𡥈
cn_dicts/41448.dict.yaml	𡬋	jiao	0	𡬋
cn_dicts/41448.dict.yaml	𢀌	jiao	0	𢀌
cn_dicts/41448.dict.yaml	𢄺	jiao	0	𢄺
cn_dicts/41448.dict.yaml	𢅎	jiao	0	𢅎
cn_dicts/41448.dict.yaml	𢒾	jiao	0	𢒾
cn_dicts/41448.dict.yaml	𢕪	jiao	0	𢕪
cn_dicts/41448.dict.yaml	𢥚	jiao	0	𢥚
cn_dicts/41448.dict.yaml	𢧱	jiao	0	𢧱
cn_dicts/41448.dict.yaml	𢯴	jiao	0	𢯴
cn_dicts/41448.dict.yaml	𢶡	jiao	0	𢶡
cn_dicts/41448.dict.yaml	𢺽	jiao	0	𢺽
cn_dicts/41448.dict.yaml	𢻟	jiao	0	𢻟
cn_dicts/41448.dict.yaml	𢼫	jiao	0	𢼫
cn_dicts/41448.dict.yaml	𣁹	jiao	0	𣁹
cn_dicts/41448.dict.yaml	𣏑	jiao	0	𣏑
cn_dicts/41448.dict.yaml	𣝞	jiao	0	𣝞
cn_dicts/41448.dict.yaml	𣧦	jiao	0	𣧦
cn_dicts/41448.dict.yaml	𣩓	jiao	0	𣩓
cn_dicts/41448.dict.yaml	𣺳	jiao	0	𣺳
cn_dicts/41448.dict.yaml	𤃭	jiao	0	𤃭
cn_dicts/41448.dict.yaml	𤉧	jiao	0	𤉧
cn_dicts/41448.dict.yaml	𤕝	jiao	0	𤕝
cn_dicts/41448.dict.yaml	𤫷	jiao	0	𤫷
cn_dicts/41448.dict.yaml	𤶀	jiao	0	𤶀
cn_dicts/41448.dict.yaml	𤶳	jiao	0	𤶳
cn_dicts/41448.dict.yaml	𤺃	jiao	0	𤺃
cn_dicts/41448.dict.yaml	𥂨	jiao	0	𥂨
cn_dicts/41448.dict.yaml	𥃤	jiao	0	𥃤
cn_dicts/41448.dict.yaml	𥃧	jiao	0	𥃧
cn_dicts/41448.dict.yaml	𥃪	jiao	0	𥃪
cn_dicts/41448.dict.yaml	𥄉	jiao	0	𥄉
cn_dicts/41448.dict.yaml	𥅟	jiao	0	𥅟
cn_dicts/41448.dict.yaml	𥇟	jiao	0	𥇟
cn_dicts/41448.dict.yaml	𥉒	jiao	0	𥉒
cn_dicts/41448.dict.yaml	𥉼	jiao	0	𥉼
cn_dicts/41448.dict.yaml	𥏹	jiao	0	𥏹
cn_dicts/41448.dict.yaml	𥘊	jiao	0	𥘊
cn_dicts/41448.dict.yaml	𥡤	jiao	0	𥡤
cn_dicts/41448.dict.yaml	𥦢	jiao	0	𥦢
cn_dicts/41448.dict.yaml	𥳴	jiao	0	𥳴
cn_dicts/41448.dict.yaml	𥹜	jiao	0	𥹜
cn_dicts/41448.dict.yaml	𦅃	jiao	0	𦅃
cn_dicts/41448.dict.yaml	𦌆	jiao	0	𦌆
cn_dicts/41448.dict.yaml	𦗵	jiao	0	𦗵
cn_dicts/41448.dict.yaml	𦫶	jiao	0	𦫶
cn_dicts/41448.dict.yaml	𦮁	jiao	0	𦮁
cn_dicts/41448.dict.yaml	𧂈	jiao	0	𧂈
cn_dicts/41448.dict.yaml	𧎙	jiao	0	𧎙
cn_dicts/41448.dict.yaml	𧎸	jiao	0	𧎸
cn_dicts/41448.dict.yaml	𧣦	jiao	0	𧣦
cn_dicts/41448.dict.yaml	𧺜	jiao	0	𧺜
cn_dicts/41448.dict.yaml	𧾐	jiao	0	𧾐
cn_dicts/41448.dict.yaml	𨇕	jiao	0	𨇕
cn_dicts/41448.dict.yaml	𨎦	jiao	0	𨎦
cn_dicts/41448.dict.yaml	𨎬	jiao	0	𨎬
cn_dicts/41448.dict.yaml	𨓩	jiao	0	𨓩
cn_dicts/41448.dict.yaml	𨖵	jiao	0	𨖵
cn_dicts/41448.dict.yaml	𨝰	jiao	0	𨝰
cn_dicts/41448.dict.yaml	𨡃	jiao	0	𨡃
cn_dicts/41448.dict.yaml	𨨴	jiao	0	𨨴
cn_dicts/41448.dict.yaml	𨲭	jiao	0	𨲭
cn_dicts/41448.dict.yaml	𨶟	jiao	0	𨶟
cn_dicts/41448.dict.yaml	𨶪	jiao	0	𨶪
cn_dicts/41448.dict.yaml	𨶲	jiao	0	𨶲
cn_dicts/41448.dict.yaml	𨺹	jiao	0	𨺹
cn_dicts/41448.dict.yaml	𩊔	jiao	0	𩊔
cn_dicts/41448.dict.yaml	𩎔	jiao	0	𩎔
cn_dicts/41448.dict.yaml	𩏷	jiao	0	𩏷
cn_dicts/41448.dict.yaml	𩥊	jiao	0	𩥊
cn_dicts/41448.dict.yaml	𩯘	jiao	0	𩯘
cn_dicts/41448.dict.yaml	𩱞	jiao	0	𩱞
cn_dicts/41448.dict.yaml	𩴧	jiao	0	𩴧
cn_dicts/41448.dict.yaml	𩵰	jiao	0	𩵰
cn_dicts/41448.dict.yaml	𩾗	jiao	0	𩾗
cn_dicts/41448.dict.yaml	𩾾	jiao	0	𩾾
cn_dicts/41448.dict.yaml	𩿑	jiao	0	𩿑
cn_dicts/41448.dict.yaml	𪁉	jiao	0	𪁉
cn_dicts/41448.dict.yaml	𪖄	jiao	0	𪖄
cn_dicts/41448.dict.yaml	𪚰	jiao	0	𪚰
cn_dicts/41448.dict.yaml	㑘	jie	0	㑘
cn_dicts/41448.dict.yaml	㑵	jie	0	㑵
cn_dicts/41448.dict.yaml	㓗	jie	0	㓗
cn_dicts/41448.dict.yaml	㓤	jie	0	㓤
cn_dicts/41448.dict.yaml	㔾	jie	0	㔾
cn_dicts/41448.dict.yaml	㘶	jie	0	㘶
cn_dicts/41448.dict.yaml	㝌	jie	0	㝌
cn_dicts/41448.dict.yaml	㝏	jie	0	㝏
cn_dicts/41448.dict.yaml	㞯	jie	0	㞯
cn_dicts/41448.dict.yaml	㠍	jie	0	㠍
cn_dicts/41448.dict.yaml	㠹	jie	0	㠹
cn_dicts/41448.dict.yaml	㦢	jie	0	㦢
cn_dicts/41448.dict.yaml	㨗	jie	0	㨗
cn_dicts/41448.dict.yaml	㨩	jie	0	㨩
cn_dicts/41448.dict.yaml	㨰	jie	0	㨰
cn_dicts/41448.dict.yaml	㮞	jie	0	㮞
cn_dicts/41448.dict.yaml	㮮	jie	0	㮮
cn_dicts/41448.dict.yaml	㸄	jie	0	㸄
cn_dicts/41448.dict.yaml	㸅	jie	0	㸅
cn_dicts/41448.dict.yaml	㾏	jie	0	㾏
cn_dicts/41448.dict.yaml	㿍	jie	0	㿍
cn_dicts/41448.dict.yaml	䀷	jie	0	䀷
cn_dicts/41448.dict.yaml	䀹	jie	0	䀹
cn_dicts/41448.dict.yaml	䁓	jie	0	䁓
cn_dicts/41448.dict.yaml	䂃	jie	0	䂃
cn_dicts/41448.dict.yaml	䂒	jie	0	䂒
cn_dicts/41448.dict.yaml	䂝	jie	0	䂝
cn_dicts/41448.dict.yaml	䂶	jie	0	䂶
cn_dicts/41448.dict.yaml	䃈	jie	0	䃈
cn_dicts/41448.dict.yaml	䅥	jie	0	䅥
cn_dicts/41448.dict.yaml	䇒	jie	0	䇒
cn_dicts/41448.dict.yaml	䌖	jie	0	䌖
cn_dicts/41448.dict.yaml	䔿	jie	0	䔿
cn_dicts/41448.dict.yaml	䕙	jie	0	䕙
cn_dicts/41448.dict.yaml	䕸	jie	0	䕸
cn_dicts/41448.dict.yaml	䗻	jie	0	䗻
cn_dicts/41448.dict.yaml	䘁	jie	0	䘁
cn_dicts/41448.dict.yaml	䛺	jie	0	䛺
cn_dicts/41448.dict.yaml	䞦	jie	0	䞦
cn_dicts/41448.dict.yaml	䟌	jie	0	䟌
cn_dicts/41448.dict.yaml	䣠	jie	0	䣠
cn_dicts/41448.dict.yaml	䥛	jie	0	䥛
cn_dicts/41448.dict.yaml	䯰	jie	0	䯰
cn_dicts/41448.dict.yaml	䰺	jie	0	䰺
cn_dicts/41448.dict.yaml	䱄	jie	0	䱄
cn_dicts/41448.dict.yaml	䲙	jie	0	䲙
cn_dicts/41448.dict.yaml	䲸	jie	0	䲸
cn_dicts/41448.dict.yaml	𠂈	jie	0	𠂈
cn_dicts/41448.dict.yaml	𠄍	jie	0	𠄍
cn_dicts/41448.dict.yaml	𠅂	jie	0	𠅂
cn_dicts/41448.dict.yaml	𠎿	jie	0	𠎿
cn_dicts/41448.dict.yaml	𠐉	jie	0	𠐉
cn_dicts/41448.dict.yaml	𠓢	jie	0	𠓢
cn_dicts/41448.dict.yaml	𠙤	jie	0	𠙤
cn_dicts/41448.dict.yaml	𠬮	jie	0	𠬮
cn_dicts/41448.dict.yaml	𠯙	jie	0	𠯙
cn_dicts/41448.dict.yaml	𠲵	jie	0	𠲵
cn_dicts/41448.dict.yaml	𠷟	jie	0	𠷟
cn_dicts/41448.dict.yaml	𡉷	jie	0	𡉷
cn_dicts/41448.dict.yaml	𡔣	jie	0	𡔣
cn_dicts/41448.dict.yaml	𡗦	jie	0	𡗦
cn_dicts/41448.dict.yaml	𡗲	jie	0	𡗲
cn_dicts/41448.dict.yaml	𡙣	jie	0	𡙣
cn_dicts/41448.dict.yaml	𡣯	jie	0	𡣯
cn_dicts/41448.dict.yaml	𡨲	jie	0	𡨲
cn_dicts/41448.dict.yaml	𡩣	jie	0	𡩣
cn_dicts/41448.dict.yaml	𡴱	jie	0	𡴱
cn_dicts/41448.dict.yaml	𡵒	jie	0	𡵒
cn_dicts/41448.dict.yaml	𡵚	jie	0	𡵚
cn_dicts/41448.dict.yaml	𡸎	jie	0	𡸎
cn_dicts/41448.dict.yaml	𡽱	jie	0	𡽱
cn_dicts/41448.dict.yaml	𢈻	jie	0	𢈻
cn_dicts/41448.dict.yaml	𢎔	jie	0	𢎔
cn_dicts/41448.dict.yaml	𢎡	jie	0	𢎡
cn_dicts/41448.dict.yaml	𢢂	jie	0	𢢂
cn_dicts/41448.dict.yaml	𢨜	jie	0	𢨜
cn_dicts/41448.dict.yaml	𢪍	jie	0	𢪍
cn_dicts/41448.dict.yaml	𢫐	jie	0	𢫐
cn_dicts/41448.dict.yaml	𢬱	jie	0	𢬱
cn_dicts/41448.dict.yaml	𢮌	jie	0	𢮌
cn_dicts/41448.dict.yaml	𢱄	jie	0	𢱄
cn_dicts/41448.dict.yaml	𢴲	jie	0	𢴲
cn_dicts/41448.dict.yaml	𢷿	jie	0	𢷿
cn_dicts/41448.dict.yaml	𢻮	jie	0	𢻮
cn_dicts/41448.dict.yaml	𣆟	jie	0	𣆟
cn_dicts/41448.dict.yaml	𣓉	jie	0	𣓉
cn_dicts/41448.dict.yaml	𣙴	jie	0	𣙴
cn_dicts/41448.dict.yaml	𣚃	jie	0	𣚃
cn_dicts/41448.dict.yaml	𣬫	jie	0	𣬫
cn_dicts/41448.dict.yaml	𣮌	jie	0	𣮌
cn_dicts/41448.dict.yaml	𣮍	jie	0	𣮍
cn_dicts/41448.dict.yaml	𣰞	jie	0	𣰞
cn_dicts/41448.dict.yaml	𣲡	jie	0	𣲡
cn_dicts/41448.dict.yaml	𣳟	jie	0	𣳟
cn_dicts/41448.dict.yaml	𣶏	jie	0	𣶏
cn_dicts/41448.dict.yaml	𤁢	jie	0	𤁢
cn_dicts/41448.dict.yaml	𤘦	jie	0	𤘦
cn_dicts/41448.dict.yaml	𤙩	jie	0	𤙩
cn_dicts/41448.dict.yaml	𤭧	jie	0	𤭧
cn_dicts/41448.dict.yaml	𤮌	jie	0	𤮌
cn_dicts/41448.dict.yaml	𥁂	jie	0	𥁂
cn_dicts/41448.dict.yaml	𥇒	jie	0	𥇒
cn_dicts/41448.dict.yaml	𥓐	jie	0	𥓐
cn_dicts/41448.dict.yaml	𥝔	jie	0	𥝔
cn_dicts/41448.dict.yaml	𥝥	jie	0	𥝥
cn_dicts/41448.dict.yaml	𥠹	jie	0	𥠹
cn_dicts/41448.dict.yaml	𥢻	jie	0	𥢻
cn_dicts/41448.dict.yaml	𥵞	jie	0	𥵞
cn_dicts/41448.dict.yaml	𥷫	jie	0	𥷫
cn_dicts/41448.dict.yaml	𥾌	jie	0	𥾌
cn_dicts/41448.dict.yaml	𦀓	jie	0	𦀓
cn_dicts/41448.dict.yaml	𦀖	jie	0	𦀖
cn_dicts/41448.dict.yaml	𦁉	jie	0	𦁉
cn_dicts/41448.dict.yaml	𦈰	jie	0	𦈰
cn_dicts/41448.dict.yaml	𦎒	jie	0	𦎒
cn_dicts/41448.dict.yaml	𦝨	jie	0	𦝨
cn_dicts/41448.dict.yaml	𦵴	jie	0	𦵴
cn_dicts/41448.dict.yaml	𦺢	jie	0	𦺢
cn_dicts/41448.dict.yaml	𦿐	jie	0	𦿐
cn_dicts/41448.dict.yaml	𧉧	jie	0	𧉧
cn_dicts/41448.dict.yaml	𧍠	jie	0	𧍠
cn_dicts/41448.dict.yaml	𧍩	jie	0	𧍩
cn_dicts/41448.dict.yaml	𧏥	jie	0	𧏥
cn_dicts/41448.dict.yaml	𧜅	jie	0	𧜅
cn_dicts/41448.dict.yaml	𧞝	jie	0	𧞝
cn_dicts/41448.dict.yaml	𧞩	jie	0	𧞩
cn_dicts/41448.dict.yaml	𧞬	jie	0	𧞬
cn_dicts/41448.dict.yaml	𧣋	jie	0	𧣋
cn_dicts/41448.dict.yaml	𧪘	jie	0	𧪘
cn_dicts/41448.dict.yaml	𧫑	jie	0	𧫑
cn_dicts/41448.dict.yaml	𧼨	jie	0	𧼨
cn_dicts/41448.dict.yaml	𧽄	jie	0	𧽄
cn_dicts/41448.dict.yaml	𧽟	jie	0	𧽟
cn_dicts/41448.dict.yaml	𧾢	jie	0	𧾢
cn_dicts/41448.dict.yaml	𧾯	jie	0	𧾯
cn_dicts/41448.dict.yaml	𨃲	jie	0	𨃲
cn_dicts/41448.dict.yaml	𨐑	jie	0	𨐑
cn_dicts/41448.dict.yaml	𨓰	jie	0	𨓰
cn_dicts/41448.dict.yaml	𨕽	jie	0	𨕽
cn_dicts/41448.dict.yaml	𨥂	jie	0	𨥂
cn_dicts/41448.dict.yaml	𨵠	jie	0	𨵠
cn_dicts/41448.dict.yaml	𩔄	jie	0	𩔄
cn_dicts/41448.dict.yaml	𩘅	jie	0	𩘅
cn_dicts/41448.dict.yaml	𩟦	jie	0	𩟦
cn_dicts/41448.dict.yaml	𩟶	jie	0	𩟶
cn_dicts/41448.dict.yaml	𩡺	jie	0	𩡺
cn_dicts/41448.dict.yaml	𩢴	jie	0	𩢴
cn_dicts/41448.dict.yaml	𩩰	jie	0	𩩰
cn_dicts/41448.dict.yaml	𩯰	jie	0	𩯰
cn_dicts/41448.dict.yaml	𩾶	jie	0	𩾶
cn_dicts/41448.dict.yaml	𪀾	jie	0	𪀾
cn_dicts/41448.dict.yaml	𪁍	jie	0	𪁍
cn_dicts/41448.dict.yaml	𪃈	jie	0	𪃈
cn_dicts/41448.dict.yaml	𪅸	jie	0	𪅸
cn_dicts/41448.dict.yaml	𪇲	jie	0	𪇲
cn_dicts/41448.dict.yaml	𪉚	jie	0	𪉚
cn_dicts/41448.dict.yaml	𪌧	jie	0	𪌧
cn_dicts/41448.dict.yaml	𪑹	jie	0	𪑹
cn_dicts/41448.dict.yaml	𪖋	jie	0	𪖋
cn_dicts/41448.dict.yaml	𪙏	jie	0	𪙏
cn_dicts/41448.dict.yaml	㝻	jin	0	㝻
cn_dicts/41448.dict.yaml	㦗	jin	0	㦗
cn_dicts/41448.dict.yaml	㨷	jin	0	㨷
cn_dicts/41448.dict.yaml	㬐	jin	0	㬐
cn_dicts/41448.dict.yaml	㬜	jin	0	㬜
cn_dicts/41448.dict.yaml	㯲	jin	0	㯲
cn_dicts/41448.dict.yaml	㯸	jin	0	㯸
cn_dicts/41448.dict.yaml	㰹	jin	0	㰹
cn_dicts/41448.dict.yaml	㱈	jin	0	㱈
cn_dicts/41448.dict.yaml	㴆	jin	0	㴆
cn_dicts/41448.dict.yaml	㶦	jin	0	㶦
cn_dicts/41448.dict.yaml	㶳	jin	0	㶳
cn_dicts/41448.dict.yaml	㹏	jin	0	㹏
cn_dicts/41448.dict.yaml	㻸	jin	0	㻸
cn_dicts/41448.dict.yaml	䀆	jin	0	䀆
cn_dicts/41448.dict.yaml	䆮	jin	0	䆮
cn_dicts/41448.dict.yaml	䉷	jin	0	䉷
cn_dicts/41448.dict.yaml	䋮	jin	0	䋮
cn_dicts/41448.dict.yaml	䌍	jin	0	䌍
cn_dicts/41448.dict.yaml	䌝	jin	0	䌝
cn_dicts/41448.dict.yaml	䐶	jin	0	䐶
cn_dicts/41448.dict.yaml	䑤	jin	0	䑤
cn_dicts/41448.dict.yaml	䒺	jin	0	䒺
cn_dicts/41448.dict.yaml	䖐	jin	0	䖐
cn_dicts/41448.dict.yaml	䗯	jin	0	䗯
cn_dicts/41448.dict.yaml	䘳	jin	0	䘳
cn_dicts/41448.dict.yaml	䝲	jin	0	䝲
cn_dicts/41448.dict.yaml	䢻	jin	0	䢻
cn_dicts/41448.dict.yaml	䤐	jin	0	䤐
cn_dicts/41448.dict.yaml	䥆	jin	0	䥆
cn_dicts/41448.dict.yaml	䫴	jin	0	䫴
cn_dicts/41448.dict.yaml	䭙	jin	0	䭙
cn_dicts/41448.dict.yaml	䶖	jin	0	䶖
cn_dicts/41448.dict.yaml	𠂟	jin	0	𠂟
cn_dicts/41448.dict.yaml	𠞱	jin	0	𠞱
cn_dicts/41448.dict.yaml	𠞾	jin	0	𠞾
cn_dicts/41448.dict.yaml	𠢱	jin	0	𠢱
cn_dicts/41448.dict.yaml	𠢵	jin	0	𠢵
cn_dicts/41448.dict.yaml	𠬶	jin	0	𠬶
cn_dicts/41448.dict.yaml	𠰇	jin	0	𠰇
cn_dicts/41448.dict.yaml	𠾤	jin	0	𠾤
cn_dicts/41448.dict.yaml	𠾬	jin	0	𠾬
cn_dicts/41448.dict.yaml	𡢳	jin	0	𡢳
cn_dicts/41448.dict.yaml	𡥦	jin	0	𡥦
cn_dicts/41448.dict.yaml	𡥨	jin	0	𡥨
cn_dicts/41448.dict.yaml	𡺽	jin	0	𡺽
cn_dicts/41448.dict.yaml	𢉅	jin	0	𢉅
cn_dicts/41448.dict.yaml	𢎭	jin	0	𢎭
cn_dicts/41448.dict.yaml	𢙿	jin	0	𢙿
cn_dicts/41448.dict.yaml	𢦊	jin	0	𢦊
cn_dicts/41448.dict.yaml	𢬬	jin	0	𢬬
cn_dicts/41448.dict.yaml	𢬶	jin	0	𢬶
cn_dicts/41448.dict.yaml	𢱷	jin	0	𢱷
cn_dicts/41448.dict.yaml	𢽖	jin	0	𢽖
cn_dicts/41448.dict.yaml	𣓏	jin	0	𣓏
cn_dicts/41448.dict.yaml	𣝌	jin	0	𣝌
cn_dicts/41448.dict.yaml	𤄼	jin	0	𤄼
cn_dicts/41448.dict.yaml	𤘡	jin	0	𤘡
cn_dicts/41448.dict.yaml	𤣶	jin	0	𤣶
cn_dicts/41448.dict.yaml	𤧫	jin	0	𤧫
cn_dicts/41448.dict.yaml	𤵞	jin	0	𤵞
cn_dicts/41448.dict.yaml	𥂵	jin	0	𥂵
cn_dicts/41448.dict.yaml	𥖜	jin	0	𥖜
cn_dicts/41448.dict.yaml	𥧲	jin	0	𥧲
cn_dicts/41448.dict.yaml	𥯑	jin	0	𥯑
cn_dicts/41448.dict.yaml	𦎷	jin	0	𦎷
cn_dicts/41448.dict.yaml	𦘔	jin	0	𦘔
cn_dicts/41448.dict.yaml	𦞬	jin	0	𦞬
cn_dicts/41448.dict.yaml	𦧈	jin	0	𦧈
cn_dicts/41448.dict.yaml	𦩏	jin	0	𦩏
cn_dicts/41448.dict.yaml	𦽔	jin	0	𦽔
cn_dicts/41448.dict.yaml	𧔷	jin	0	𧔷
cn_dicts/41448.dict.yaml	𧗁	jin	0	𧗁
cn_dicts/41448.dict.yaml	𧢹	jin	0	𧢹
cn_dicts/41448.dict.yaml	𨆃	jin	0	𨆃
cn_dicts/41448.dict.yaml	𨔥	jin	0	𨔥
cn_dicts/41448.dict.yaml	𨚡	jin	0	𨚡
cn_dicts/41448.dict.yaml	𨭺	jin	0	𨭺
cn_dicts/41448.dict.yaml	𩀿	jin	0	𩀿
cn_dicts/41448.dict.yaml	𩤿	jin	0	𩤿
cn_dicts/41448.dict.yaml	𩻛	jin	0	𩻛
cn_dicts/41448.dict.yaml	𪉢	jin	0	𪉢
cn_dicts/41448.dict.yaml	𪏴	jin	0	𪏴
cn_dicts/41448.dict.yaml	𪑙	jin	0	𪑙
cn_dicts/41448.dict.yaml	𪖼	jin	0	𪖼
cn_dicts/41448.dict.yaml	㕋	jing	0	㕋
cn_dicts/41448.dict.yaml	㘫	jing	0	㘫
cn_dicts/41448.dict.yaml	㢣	jing	0	㢣
cn_dicts/41448.dict.yaml	㣏	jing	0	㣏
cn_dicts/41448.dict.yaml	㬌	jing	0	㬌
cn_dicts/41448.dict.yaml	㵾	jing	0	㵾
cn_dicts/41448.dict.yaml	㹵	jing	0	㹵
cn_dicts/41448.dict.yaml	䑤	jing	0	䑤
cn_dicts/41448.dict.yaml	䔔	jing	0	䔔
cn_dicts/41448.dict.yaml	䜘	jing	0	䜘
cn_dicts/41448.dict.yaml	䡖	jing	0	䡖
cn_dicts/41448.dict.yaml	䲔	jing	0	䲔
cn_dicts/41448.dict.yaml	䵞	jing	0	䵞
cn_dicts/41448.dict.yaml	𠑱	jing	0	𠑱
cn_dicts/41448.dict.yaml	𠗊	jing	0	𠗊
cn_dicts/41448.dict.yaml	𠗌	jing	0	𠗌
cn_dicts/41448.dict.yaml	𠦋	jing	0	𠦋
cn_dicts/41448.dict.yaml	𠭉	jing	0	𠭉
cn_dicts/41448.dict.yaml	𠭗	jing	0	𠭗
cn_dicts/41448.dict.yaml	𠲮	jing	0	𠲮
cn_dicts/41448.dict.yaml	𠳬	jing	0	𠳬
cn_dicts/41448.dict.yaml	𠷐	jing	0	𠷐
cn_dicts/41448.dict.yaml	𡁔	jing	0	𡁔
cn_dicts/41448.dict.yaml	𢀖	jing	0	𢀖
cn_dicts/41448.dict.yaml	𢈴	jing	0	𢈴
cn_dicts/41448.dict.yaml	𢹘	jing	0	𢹘
cn_dicts/41448.dict.yaml	𣋢	jing	0	𣋢
cn_dicts/41448.dict.yaml	𣬙	jing	0	𣬙
cn_dicts/41448.dict.yaml	𣻒	jing	0	𣻒
cn_dicts/41448.dict.yaml	𤜰	jing	0	𤜰
cn_dicts/41448.dict.yaml	𤰳	jing	0	𤰳
cn_dicts/41448.dict.yaml	𤷦	jing	0	𤷦
cn_dicts/41448.dict.yaml	𥅸	jing	0	𥅸
cn_dicts/41448.dict.yaml	𥠛	jing	0	𥠛
cn_dicts/41448.dict.yaml	𥯙	jing	0	𥯙
cn_dicts/41448.dict.yaml	𥶹	jing	0	𥶹
cn_dicts/41448.dict.yaml	𦀇	jing	0	𦀇
cn_dicts/41448.dict.yaml	𦂠	jing	0	𦂠
cn_dicts/41448.dict.yaml	𦜳	jing	0	𦜳
cn_dicts/41448.dict.yaml	𦥍	jing	0	𦥍
cn_dicts/41448.dict.yaml	𦳲	jing	0	𦳲
cn_dicts/41448.dict.yaml	𦽁	jing	0	𦽁
cn_dicts/41448.dict.yaml	𦾿	jing	0	𦾿
cn_dicts/41448.dict.yaml	𧑊	jing	0	𧑊
cn_dicts/41448.dict.yaml	𧓔	jing	0	𧓔
cn_dicts/41448.dict.yaml	𧚫	jing	0	𧚫
cn_dicts/41448.dict.yaml	𧤵	jing	0	𧤵
cn_dicts/41448.dict.yaml	𨁎	jing	0	𨁎
cn_dicts/41448.dict.yaml	𨙷	jing	0	𨙷
cn_dicts/41448.dict.yaml	𨥙	jing	0	𨥙
cn_dicts/41448.dict.yaml	𨵼	jing	0	𨵼
cn_dicts/41448.dict.yaml	𩃋	jing	0	𩃋
cn_dicts/41448.dict.yaml	𩇕	jing	0	𩇕
cn_dicts/41448.dict.yaml	𩓞	jing	0	𩓞
cn_dicts/41448.dict.yaml	𩓨	jing	0	𩓨
cn_dicts/41448.dict.yaml	𩩋	jing	0	𩩋
cn_dicts/41448.dict.yaml	𩰹	jing	0	𩰹
cn_dicts/41448.dict.yaml	𩳯	jing	0	𩳯
cn_dicts/41448.dict.yaml	𩹢	jing	0	𩹢
cn_dicts/41448.dict.yaml	𩻱	jing	0	𩻱
cn_dicts/41448.dict.yaml	𪂴	jing	0	𪂴
cn_dicts/41448.dict.yaml	𪇒	jing	0	𪇒
cn_dicts/41448.dict.yaml	㑋	jiong	0	㑋
cn_dicts/41448.dict.yaml	㓏	jiong	0	㓏
cn_dicts/41448.dict.yaml	㖥	jiong	0	㖥
cn_dicts/41448.dict.yaml	㢠	jiong	0	㢠
cn_dicts/41448.dict.yaml	㤯	jiong	0	㤯
cn_dicts/41448.dict.yaml	㷗	jiong	0	㷗
cn_dicts/41448.dict.yaml	㷡	jiong	0	㷡
cn_dicts/41448.dict.yaml	䐃	jiong	0	䐃
cn_dicts/41448.dict.yaml	䢛	jiong	0	䢛
cn_dicts/41448.dict.yaml	𠕕	jiong	0	𠕕
cn_dicts/41448.dict.yaml	𠖷	jiong	0	𠖷
cn_dicts/41448.dict.yaml	𡆩	jiong	0	𡆩
cn_dicts/41448.dict.yaml	𢂶	jiong	0	𢂶
cn_dicts/41448.dict.yaml	𢄗	jiong	0	𢄗
cn_dicts/41448.dict.yaml	𣅻	jiong	0	𣅻
cn_dicts/41448.dict.yaml	𣔲	jiong	0	𣔲
cn_dicts/41448.dict.yaml	𣕄	jiong	0	𣕄
cn_dicts/41448.dict.yaml	𤌇	jiong	0	𤌇
cn_dicts/41448.dict.yaml	𦀝	jiong	0	𦀝
cn_dicts/41448.dict.yaml	𧍮	jiong	0	𧍮
cn_dicts/41448.dict.yaml	𨴀	jiong	0	𨴀
cn_dicts/41448.dict.yaml	𩓺	jiong	0	𩓺
cn_dicts/41448.dict.yaml	𩚱	jiong	0	𩚱
cn_dicts/41448.dict.yaml	𪔃	jiong	0	𪔃
cn_dicts/41448.dict.yaml	𪕍	jiong	0	𪕍
cn_dicts/41448.dict.yaml	㝌	jiu	0	㝌
cn_dicts/41448.dict.yaml	㡱	jiu	0	㡱
cn_dicts/41448.dict.yaml	㧕	jiu	0	㧕
cn_dicts/41448.dict.yaml	㩆	jiu	0	㩆
cn_dicts/41448.dict.yaml	㲃	jiu	0	㲃
cn_dicts/41448.dict.yaml	㶭	jiu	0	㶭
cn_dicts/41448.dict.yaml	㺩	jiu	0	㺩
cn_dicts/41448.dict.yaml	㺵	jiu	0	㺵
cn_dicts/41448.dict.yaml	㼋	jiu	0	㼋
cn_dicts/41448.dict.yaml	㽱	jiu	0	㽱
cn_dicts/41448.dict.yaml	䅢	jiu	0	䅢
cn_dicts/41448.dict.yaml	䆒	jiu	0	䆒
cn_dicts/41448.dict.yaml	䊆	jiu	0	䊆
cn_dicts/41448.dict.yaml	䊘	jiu	0	䊘
cn_dicts/41448.dict.yaml	䓘	jiu	0	䓘
cn_dicts/41448.dict.yaml	䛮	jiu	0	䛮
cn_dicts/41448.dict.yaml	䠓	jiu	0	䠓
cn_dicts/41448.dict.yaml	䡂	jiu	0	䡂
cn_dicts/41448.dict.yaml	䬨	jiu	0	䬨
cn_dicts/41448.dict.yaml	䰗	jiu	0	䰗
cn_dicts/41448.dict.yaml	䳎	jiu	0	䳎
cn_dicts/41448.dict.yaml	䳔	jiu	0	䳔
cn_dicts/41448.dict.yaml	𠃖	jiu	0	𠃖
cn_dicts/41448.dict.yaml	𠃺	jiu	0	𠃺
cn_dicts/41448.dict.yaml	𠕴	jiu	0	𠕴
cn_dicts/41448.dict.yaml	𠖬	jiu	0	𠖬
cn_dicts/41448.dict.yaml	𠙔	jiu	0	𠙔
cn_dicts/41448.dict.yaml	𠚨	jiu	0	𠚨
cn_dicts/41448.dict.yaml	𠛩	jiu	0	𠛩
cn_dicts/41448.dict.yaml	𠜃	jiu	0	𠜃
cn_dicts/41448.dict.yaml	𠜉	jiu	0	𠜉
cn_dicts/41448.dict.yaml	𠠳	jiu	0	𠠳
cn_dicts/41448.dict.yaml	𠣿	jiu	0	𠣿
cn_dicts/41448.dict.yaml	𠴄	jiu	0	𠴄
cn_dicts/41448.dict.yaml	𠿈	jiu	0	𠿈
cn_dicts/41448.dict.yaml	𡆥	jiu	0	𡆥
cn_dicts/41448.dict.yaml	𡚮	jiu	0	𡚮
cn_dicts/41448.dict.yaml	𢀙	jiu	0	𢀙
cn_dicts/41448.dict.yaml	𢑇	jiu	0	𢑇
cn_dicts/41448.dict.yaml	𢜥	jiu	0	𢜥
cn_dicts/41448.dict.yaml	𢽭	jiu	0	𢽭
cn_dicts/41448.dict.yaml	𣁭	jiu	0	𣁭
cn_dicts/41448.dict.yaml	𣟼	jiu	0	𣟼
cn_dicts/41448.dict.yaml	𣲄	jiu	0	𣲄
cn_dicts/41448.dict.yaml	𤉥	jiu	0	𤉥
cn_dicts/41448.dict.yaml	𤴥	jiu	0	𤴥
cn_dicts/41448.dict.yaml	𤴦	jiu	0	𤴦
cn_dicts/41448.dict.yaml	𤴪	jiu	0	𤴪
cn_dicts/41448.dict.yaml	𤷑	jiu	0	𤷑
cn_dicts/41448.dict.yaml	𥆷	jiu	0	𥆷
cn_dicts/41448.dict.yaml	𥘦	jiu	0	𥘦
cn_dicts/41448.dict.yaml	𥠃	jiu	0	𥠃
cn_dicts/41448.dict.yaml	𥤳	jiu	0	𥤳
cn_dicts/41448.dict.yaml	𦠢	jiu	0	𦠢
cn_dicts/41448.dict.yaml	𦭺	jiu	0	𦭺
cn_dicts/41448.dict.yaml	𦭻	jiu	0	𦭻
cn_dicts/41448.dict.yaml	𦱠	jiu	0	𦱠
cn_dicts/41448.dict.yaml	𦱱	jiu	0	𦱱
cn_dicts/41448.dict.yaml	𦱲	jiu	0	𦱲
cn_dicts/41448.dict.yaml	𦽬	jiu	0	𦽬
cn_dicts/41448.dict.yaml	𧡑	jiu	0	𧡑
cn_dicts/41448.dict.yaml	𧫾	jiu	0	𧫾
cn_dicts/41448.dict.yaml	𧳫	jiu	0	𧳫
cn_dicts/41448.dict.yaml	𧾻	jiu	0	𧾻
cn_dicts/41448.dict.yaml	𨖏	jiu	0	𨖏
cn_dicts/41448.dict.yaml	𨘂	jiu	0	𨘂
cn_dicts/41448.dict.yaml	𨘮	jiu	0	𨘮
cn_dicts/41448.dict.yaml	𨳊	jiu	0	𨳊
cn_dicts/41448.dict.yaml	𨾉	jiu	0	𨾉
cn_dicts/41448.dict.yaml	𨾞	jiu	0	𨾞
cn_dicts/41448.dict.yaml	𩏶	jiu	0	𩏶
cn_dicts/41448.dict.yaml	𩏷	jiu	0	𩏷
cn_dicts/41448.dict.yaml	𩒦	jiu	0	𩒦
cn_dicts/41448.dict.yaml	𩢹	jiu	0	𩢹
cn_dicts/41448.dict.yaml	𩭓	jiu	0	𩭓
cn_dicts/41448.dict.yaml	𩱼	jiu	0	𩱼
cn_dicts/41448.dict.yaml	𩶧	jiu	0	𩶧
cn_dicts/41448.dict.yaml	𪀏	jiu	0	𪀏
cn_dicts/41448.dict.yaml	㕢	ju	0	㕢
cn_dicts/41448.dict.yaml	㘌	ju	0	㘌
cn_dicts/41448.dict.yaml	㘲	ju	0	㘲
cn_dicts/41448.dict.yaml	㜘	ju	0	㜘
cn_dicts/41448.dict.yaml	㞐	ju	0	㞐
cn_dicts/41448.dict.yaml	㞫	ju	0	㞫
cn_dicts/41448.dict.yaml	㠪	ju	0	㠪
cn_dicts/41448.dict.yaml	㡹	ju	0	㡹
cn_dicts/41448.dict.yaml	㥌	ju	0	㥌
cn_dicts/41448.dict.yaml	㨿	ju	0	㨿
cn_dicts/41448.dict.yaml	㩀	ju	0	㩀
cn_dicts/41448.dict.yaml	㩴	ju	0	㩴
cn_dicts/41448.dict.yaml	㪯	ju	0	㪯
cn_dicts/41448.dict.yaml	㪺	ju	0	㪺
cn_dicts/41448.dict.yaml	㬬	ju	0	㬬
cn_dicts/41448.dict.yaml	㮂	ju	0	㮂
cn_dicts/41448.dict.yaml	㳥	ju	0	㳥
cn_dicts/41448.dict.yaml	㹼	ju	0	㹼
cn_dicts/41448.dict.yaml	㽤	ju	0	㽤
cn_dicts/41448.dict.yaml	䀠	ju	0	䀠
cn_dicts/41448.dict.yaml	䃊	ju	0	䃊
cn_dicts/41448.dict.yaml	䄔	ju	0	䄔
cn_dicts/41448.dict.yaml	䅓	ju	0	䅓
cn_dicts/41448.dict.yaml	䆽	ju	0	䆽
cn_dicts/41448.dict.yaml	䈮	ju	0	䈮
cn_dicts/41448.dict.yaml	䋰	ju	0	䋰
cn_dicts/41448.dict.yaml	䎤	ju	0	䎤
cn_dicts/41448.dict.yaml	䏱	ju	0	䏱
cn_dicts/41448.dict.yaml	䕮	ju	0	䕮
cn_dicts/41448.dict.yaml	䗇	ju	0	䗇
cn_dicts/41448.dict.yaml	䛯	ju	0	䛯
cn_dicts/41448.dict.yaml	䜯	ju	0	䜯
cn_dicts/41448.dict.yaml	䡞	ju	0	䡞
cn_dicts/41448.dict.yaml	䢸	ju	0	䢸
cn_dicts/41448.dict.yaml	䢹	ju	0	䢹
cn_dicts/41448.dict.yaml	䣰	ju	0	䣰
cn_dicts/41448.dict.yaml	䤎	ju	0	䤎
cn_dicts/41448.dict.yaml	䪕	ju	0	䪕
cn_dicts/41448.dict.yaml	䰬	ju	0	䰬
cn_dicts/41448.dict.yaml	䱟	ju	0	䱟
cn_dicts/41448.dict.yaml	䱡	ju	0	䱡
cn_dicts/41448.dict.yaml	䳔	ju	0	䳔
cn_dicts/41448.dict.yaml	䵕	ju	0	䵕
cn_dicts/41448.dict.yaml	䶙	ju	0	䶙
cn_dicts/41448.dict.yaml	䶥	ju	0	䶥
cn_dicts/41448.dict.yaml	𠉧	ju	0	𠉧
cn_dicts/41448.dict.yaml	𠋬	ju	0	𠋬
cn_dicts/41448.dict.yaml	𠙆	ju	0	𠙆
cn_dicts/41448.dict.yaml	𠚵	ju	0	𠚵
cn_dicts/41448.dict.yaml	𠜹	ju	0	𠜹
cn_dicts/41448.dict.yaml	𠟰	ju	0	𠟰
cn_dicts/41448.dict.yaml	𠤄	ju	0	𠤄
cn_dicts/41448.dict.yaml	𠨭	ju	0	𠨭
cn_dicts/41448.dict.yaml	𠩉	ju	0	𠩉
cn_dicts/41448.dict.yaml	𠮑	ju	0	𠮑
cn_dicts/41448.dict.yaml	𠰾	ju	0	𠰾
cn_dicts/41448.dict.yaml	𡉎	ju	0	𡉎
cn_dicts/41448.dict.yaml	𡒍	ju	0	𡒍
cn_dicts/41448.dict.yaml	𡕖	ju	0	𡕖
cn_dicts/41448.dict.yaml	𡢒	ju	0	𡢒
cn_dicts/41448.dict.yaml	𡥶	ju	0	𡥶
cn_dicts/41448.dict.yaml	𡨅	ju	0	𡨅
cn_dicts/41448.dict.yaml	𡨢	ju	0	𡨢
cn_dicts/41448.dict.yaml	𡫬	ju	0	𡫬
cn_dicts/41448.dict.yaml	𡱾	ju	0	𡱾
cn_dicts/41448.dict.yaml	𡳘	ju	0	𡳘
cn_dicts/41448.dict.yaml	𡶋	ju	0	𡶋
cn_dicts/41448.dict.yaml	𡸘	ju	0	𡸘
cn_dicts/41448.dict.yaml	𡸨	ju	0	𡸨
cn_dicts/41448.dict.yaml	𡿾	ju	0	𡿾
cn_dicts/41448.dict.yaml	𢚆	ju	0	𢚆
cn_dicts/41448.dict.yaml	𢤫	ju	0	𢤫
cn_dicts/41448.dict.yaml	𢩁	ju	0	𢩁
cn_dicts/41448.dict.yaml	𢯺	ju	0	𢯺
cn_dicts/41448.dict.yaml	𣌬	ju	0	𣌬
cn_dicts/41448.dict.yaml	𣍇	ju	0	𣍇
cn_dicts/41448.dict.yaml	𣎛	ju	0	𣎛
cn_dicts/41448.dict.yaml	𣐊	ju	0	𣐊
cn_dicts/41448.dict.yaml	𣓌	ju	0	𣓌
cn_dicts/41448.dict.yaml	𣖣	ju	0	𣖣
cn_dicts/41448.dict.yaml	𣶝	ju	0	𣶝
cn_dicts/41448.dict.yaml	𣻐	ju	0	𣻐
cn_dicts/41448.dict.yaml	𤓯	ju	0	𤓯
cn_dicts/41448.dict.yaml	𤔋	ju	0	𤔋
cn_dicts/41448.dict.yaml	𤖵	ju	0	𤖵
cn_dicts/41448.dict.yaml	𤜔	ju	0	𤜔
cn_dicts/41448.dict.yaml	𤢓	ju	0	𤢓
cn_dicts/41448.dict.yaml	𤷢	ju	0	𤷢
cn_dicts/41448.dict.yaml	𤼳	ju	0	𤼳
cn_dicts/41448.dict.yaml	𥂃	ju	0	𥂃
cn_dicts/41448.dict.yaml	𥄷	ju	0	𥄷
cn_dicts/41448.dict.yaml	𥇛	ju	0	𥇛
cn_dicts/41448.dict.yaml	𥈋	ju	0	𥈋
cn_dicts/41448.dict.yaml	𥉁	ju	0	𥉁
cn_dicts/41448.dict.yaml	𥕑	ju	0	𥕑
cn_dicts/41448.dict.yaml	𥘮	ju	0	𥘮
cn_dicts/41448.dict.yaml	𥢧	ju	0	𥢧
cn_dicts/41448.dict.yaml	𥪏	ju	0	𥪏
cn_dicts/41448.dict.yaml	𥬙	ju	0	𥬙
cn_dicts/41448.dict.yaml	𥮗	ju	0	𥮗
cn_dicts/41448.dict.yaml	𥯔	ju	0	𥯔
cn_dicts/41448.dict.yaml	𥲜	ju	0	𥲜
cn_dicts/41448.dict.yaml	𥴧	ju	0	𥴧
cn_dicts/41448.dict.yaml	𥴪	ju	0	𥴪
cn_dicts/41448.dict.yaml	𥷚	ju	0	𥷚
cn_dicts/41448.dict.yaml	𦀣	ju	0	𦀣
cn_dicts/41448.dict.yaml	𦅽	ju	0	𦅽
cn_dicts/41448.dict.yaml	𦇙	ju	0	𦇙
cn_dicts/41448.dict.yaml	𦊐	ju	0	𦊐
cn_dicts/41448.dict.yaml	𦗻	ju	0	𦗻
cn_dicts/41448.dict.yaml	𦙮	ju	0	𦙮
cn_dicts/41448.dict.yaml	𦛓	ju	0	𦛓
cn_dicts/41448.dict.yaml	𦜛	ju	0	𦜛
cn_dicts/41448.dict.yaml	𦞇	ju	0	𦞇
cn_dicts/41448.dict.yaml	𦟳	ju	0	𦟳
cn_dicts/41448.dict.yaml	𦥑	ju	0	𦥑
cn_dicts/41448.dict.yaml	𦱅	ju	0	𦱅
cn_dicts/41448.dict.yaml	𦺖	ju	0	𦺖
cn_dicts/41448.dict.yaml	𦼈	ju	0	𦼈
cn_dicts/41448.dict.yaml	𧂜	ju	0	𧂜
cn_dicts/41448.dict.yaml	𧄛	ju	0	𧄛
cn_dicts/41448.dict.yaml	𧝲	ju	0	𧝲
cn_dicts/41448.dict.yaml	𧣒	ju	0	𧣒
cn_dicts/41448.dict.yaml	𧣻	ju	0	𧣻
cn_dicts/41448.dict.yaml	𧤑	ju	0	𧤑
cn_dicts/41448.dict.yaml	𧲋	ju	0	𧲋
cn_dicts/41448.dict.yaml	𧵞	ju	0	𧵞
cn_dicts/41448.dict.yaml	𧷾	ju	0	𧷾
cn_dicts/41448.dict.yaml	𧸧	ju	0	𧸧
cn_dicts/41448.dict.yaml	𧺤	ju	0	𧺤
cn_dicts/41448.dict.yaml	𧺹	ju	0	𧺹
cn_dicts/41448.dict.yaml	𧻗	ju	0	𧻗
cn_dicts/41448.dict.yaml	𧽻	ju	0	𧽻
cn_dicts/41448.dict.yaml	𧾣	ju	0	𧾣
cn_dicts/41448.dict.yaml	𧿻	ju	0	𧿻
cn_dicts/41448.dict.yaml	𨁺	ju	0	𨁺
cn_dicts/41448.dict.yaml	𨋔	ju	0	𨋔
cn_dicts/41448.dict.yaml	𨋧	ju	0	𨋧
cn_dicts/41448.dict.yaml	𨍯	ju	0	𨍯
cn_dicts/41448.dict.yaml	𨗝	ju	0	𨗝
cn_dicts/41448.dict.yaml	𨛮	ju	0	𨛮
cn_dicts/41448.dict.yaml	𨝮	ju	0	𨝮
cn_dicts/41448.dict.yaml	𨧙	ju	0	𨧙
cn_dicts/41448.dict.yaml	𨨠	ju	0	𨨠
cn_dicts/41448.dict.yaml	𨸰	ju	0	𨸰
cn_dicts/41448.dict.yaml	𩉸	ju	0	𩉸
cn_dicts/41448.dict.yaml	𩋜	ju	0	𩋜
cn_dicts/41448.dict.yaml	𩍔	ju	0	𩍔
cn_dicts/41448.dict.yaml	𩍸	ju	0	𩍸
cn_dicts/41448.dict.yaml	𩛺	ju	0	𩛺
cn_dicts/41448.dict.yaml	𩜃	ju	0	𩜃
cn_dicts/41448.dict.yaml	𩧒	ju	0	𩧒
cn_dicts/41448.dict.yaml	𩫴	ju	0	𩫴
cn_dicts/41448.dict.yaml	𩬜	ju	0	𩬜
cn_dicts/41448.dict.yaml	𩭊	ju	0	𩭊
cn_dicts/41448.dict.yaml	𩰤	ju	0	𩰤
cn_dicts/41448.dict.yaml	𩳵	ju	0	𩳵
cn_dicts/41448.dict.yaml	𩴘	ju	0	𩴘
cn_dicts/41448.dict.yaml	𩷐	ju	0	𩷐
cn_dicts/41448.dict.yaml	𩿝	ju	0	𩿝
cn_dicts/41448.dict.yaml	𪀏	ju	0	𪀏
cn_dicts/41448.dict.yaml	𪀣	ju	0	𪀣
cn_dicts/41448.dict.yaml	𪁥	ju	0	𪁥
cn_dicts/41448.dict.yaml	𪂓	ju	0	𪂓
cn_dicts/41448.dict.yaml	𪗖	ju	0	𪗖
cn_dicts/41448.dict.yaml	㢧	juan	0	㢧
cn_dicts/41448.dict.yaml	㢾	juan	0	㢾
cn_dicts/41448.dict.yaml	㪻	juan	0	㪻
cn_dicts/41448.dict.yaml	㯞	juan	0	㯞
cn_dicts/41448.dict.yaml	㷷	juan	0	㷷
cn_dicts/41448.dict.yaml	䄅	juan	0	䄅
cn_dicts/41448.dict.yaml	䅌	juan	0	䅌
cn_dicts/41448.dict.yaml	䌸	juan	0	䌸
cn_dicts/41448.dict.yaml	䐪	juan	0	䐪
cn_dicts/41448.dict.yaml	䖭	juan	0	䖭
cn_dicts/41448.dict.yaml	䚈	juan	0	䚈
cn_dicts/41448.dict.yaml	䡓	juan	0	䡓
cn_dicts/41448.dict.yaml	䣺	juan	0	䣺
cn_dicts/41448.dict.yaml	䳪	juan	0	䳪
cn_dicts/41448.dict.yaml	𠔉	juan	0	𠔉
cn_dicts/41448.dict.yaml	𠡶	juan	0	𠡶
cn_dicts/41448.dict.yaml	𠢚	juan	0	𠢚
cn_dicts/41448.dict.yaml	𡘰	juan	0	𡘰
cn_dicts/41448.dict.yaml	𡡀	juan	0	𡡀
cn_dicts/41448.dict.yaml	𡫂	juan	0	𡫂
cn_dicts/41448.dict.yaml	𡱑	juan	0	𡱑
cn_dicts/41448.dict.yaml	𢃩	juan	0	𢃩
cn_dicts/41448.dict.yaml	𢋄	juan	0	𢋄
cn_dicts/41448.dict.yaml	𢍏	juan	0	𢍏
cn_dicts/41448.dict.yaml	𢎠	juan	0	𢎠
cn_dicts/41448.dict.yaml	𢎥	juan	0	𢎥
cn_dicts/41448.dict.yaml	𢝓	juan	0	𢝓
cn_dicts/41448.dict.yaml	𣙢	juan	0	𣙢
cn_dicts/41448.dict.yaml	𣚓	juan	0	𣚓
cn_dicts/41448.dict.yaml	𣜨	juan	0	𣜨
cn_dicts/41448.dict.yaml	𣬋	juan	0	𣬋
cn_dicts/41448.dict.yaml	𣬏	juan	0	𣬏
cn_dicts/41448.dict.yaml	𤎱	juan	0	𤎱
cn_dicts/41448.dict.yaml	𤲨	juan	0	𤲨
cn_dicts/41448.dict.yaml	𤺻	juan	0	𤺻
cn_dicts/41448.dict.yaml	𥁠	juan	0	𥁠
cn_dicts/41448.dict.yaml	𥅬	juan	0	𥅬
cn_dicts/41448.dict.yaml	𥆞	juan	0	𥆞
cn_dicts/41448.dict.yaml	𥱽	juan	0	𥱽
cn_dicts/41448.dict.yaml	𦁆	juan	0	𦁆
cn_dicts/41448.dict.yaml	𦊌	juan	0	𦊌
cn_dicts/41448.dict.yaml	𦢿	juan	0	𦢿
cn_dicts/41448.dict.yaml	𦦽	juan	0	𦦽
cn_dicts/41448.dict.yaml	𦬾	juan	0	𦬾
cn_dicts/41448.dict.yaml	𦮻	juan	0	𦮻
cn_dicts/41448.dict.yaml	𦳽	juan	0	𦳽
cn_dicts/41448.dict.yaml	𦼱	juan	0	𦼱
cn_dicts/41448.dict.yaml	𧎖	juan	0	𧎖
cn_dicts/41448.dict.yaml	𧕲	juan	0	𧕲
cn_dicts/41448.dict.yaml	𧭦	juan	0	𧭦
cn_dicts/41448.dict.yaml	𧯦	juan	0	𧯦
cn_dicts/41448.dict.yaml	𨆈	juan	0	𨆈
cn_dicts/41448.dict.yaml	𨌫	juan	0	𨌫
cn_dicts/41448.dict.yaml	𨤑	juan	0	𨤑
cn_dicts/41448.dict.yaml	𨩸	juan	0	𨩸
cn_dicts/41448.dict.yaml	𨹵	juan	0	𨹵
cn_dicts/41448.dict.yaml	𩎳	juan	0	𩎳
cn_dicts/41448.dict.yaml	𩏗	juan	0	𩏗
cn_dicts/41448.dict.yaml	𩏹	juan	0	𩏹
cn_dicts/41448.dict.yaml	𩔱	juan	0	𩔱
cn_dicts/41448.dict.yaml	𩘒	juan	0	𩘒
cn_dicts/41448.dict.yaml	𩜇	juan	0	𩜇
cn_dicts/41448.dict.yaml	𩟥	juan	0	𩟥
cn_dicts/41448.dict.yaml	㓸	jue	0	㓸
cn_dicts/41448.dict.yaml	㔃	jue	0	㔃
cn_dicts/41448.dict.yaml	㔢	jue	0	㔢
cn_dicts/41448.dict.yaml	㔳	jue	0	㔳
cn_dicts/41448.dict.yaml	㟲	jue	0	㟲
cn_dicts/41448.dict.yaml	㤜	jue	0	㤜
cn_dicts/41448.dict.yaml	㩱	jue	0	㩱
cn_dicts/41448.dict.yaml	㭈	jue	0	㭈
cn_dicts/41448.dict.yaml	㭰	jue	0	㭰
cn_dicts/41448.dict.yaml	㭾	jue	0	㭾
cn_dicts/41448.dict.yaml	㰐	jue	0	㰐
cn_dicts/41448.dict.yaml	㷾	jue	0	㷾
cn_dicts/41448.dict.yaml	㸕	jue	0	㸕
cn_dicts/41448.dict.yaml	㹟	jue	0	㹟
cn_dicts/41448.dict.yaml	㻕	jue	0	㻕
cn_dicts/41448.dict.yaml	㻡	jue	0	㻡
cn_dicts/41448.dict.yaml	䀗	jue	0	䀗
cn_dicts/41448.dict.yaml	䁷	jue	0	䁷
cn_dicts/41448.dict.yaml	䆕	jue	0	䆕
cn_dicts/41448.dict.yaml	䆢	jue	0	䆢
cn_dicts/41448.dict.yaml	䇶	jue	0	䇶
cn_dicts/41448.dict.yaml	䈑	jue	0	䈑
cn_dicts/41448.dict.yaml	䋉	jue	0	䋉
cn_dicts/41448.dict.yaml	䍊	jue	0	䍊
cn_dicts/41448.dict.yaml	䍳	jue	0	䍳
cn_dicts/41448.dict.yaml	䏐	jue	0	䏐
cn_dicts/41448.dict.yaml	䏣	jue	0	䏣
cn_dicts/41448.dict.yaml	䐘	jue	0	䐘
cn_dicts/41448.dict.yaml	䖼	jue	0	䖼
cn_dicts/41448.dict.yaml	䘿	jue	0	䘿
cn_dicts/41448.dict.yaml	䙠	jue	0	䙠
cn_dicts/41448.dict.yaml	䝌	jue	0	䝌
cn_dicts/41448.dict.yaml	䞵	jue	0	䞵
cn_dicts/41448.dict.yaml	䞷	jue	0	䞷
cn_dicts/41448.dict.yaml	䟾	jue	0	䟾
cn_dicts/41448.dict.yaml	䠇	jue	0	䠇
cn_dicts/41448.dict.yaml	䡈	jue	0	䡈
cn_dicts/41448.dict.yaml	䣤	jue	0	䣤
cn_dicts/41448.dict.yaml	䦆	jue	0	䦆
cn_dicts/41448.dict.yaml	䦼	jue	0	䦼
cn_dicts/41448.dict.yaml	𠀔	jue	0	𠀔
cn_dicts/41448.dict.yaml	𠄌	jue	0	𠄌
cn_dicts/41448.dict.yaml	𠄑	jue	0	𠄑
cn_dicts/41448.dict.yaml	𠊬	jue	0	𠊬
cn_dicts/41448.dict.yaml	𠎮	jue	0	𠎮
cn_dicts/41448.dict.yaml	𠜾	jue	0	𠜾
cn_dicts/41448.dict.yaml	𠢤	jue	0	𠢤
cn_dicts/41448.dict.yaml	𠨊	jue	0	𠨊
cn_dicts/41448.dict.yaml	𠫃	jue	0	𠫃
cn_dicts/41448.dict.yaml	𠶸	jue	0	𠶸
cn_dicts/41448.dict.yaml	𡈅	jue	0	𡈅
cn_dicts/41448.dict.yaml	𡚠	jue	0	𡚠
cn_dicts/41448.dict.yaml	𡲗	jue	0	𡲗
cn_dicts/41448.dict.yaml	𡳾	jue	0	𡳾
cn_dicts/41448.dict.yaml	𡾜	jue	0	𡾜
cn_dicts/41448.dict.yaml	𢁪	jue	0	𢁪
cn_dicts/41448.dict.yaml	𢎹	jue	0	𢎹
cn_dicts/41448.dict.yaml	𢏷	jue	0	𢏷
cn_dicts/41448.dict.yaml	𢔱	jue	0	𢔱
cn_dicts/41448.dict.yaml	𢖦	jue	0	𢖦
cn_dicts/41448.dict.yaml	𢨏	jue	0	𢨏
cn_dicts/41448.dict.yaml	𢩯	jue	0	𢩯
cn_dicts/41448.dict.yaml	𢯅	jue	0	𢯅
cn_dicts/41448.dict.yaml	𢱺	jue	0	𢱺
cn_dicts/41448.dict.yaml	𢴭	jue	0	𢴭
cn_dicts/41448.dict.yaml	𣅡	jue	0	𣅡
cn_dicts/41448.dict.yaml	𣖬	jue	0	𣖬
cn_dicts/41448.dict.yaml	𣨢	jue	0	𣨢
cn_dicts/41448.dict.yaml	𣬎	jue	0	𣬎
cn_dicts/41448.dict.yaml	𤛦	jue	0	𤛦
cn_dicts/41448.dict.yaml	𤞴	jue	0	𤞴
cn_dicts/41448.dict.yaml	𤟎	jue	0	𤟎
cn_dicts/41448.dict.yaml	𤹋	jue	0	𤹋
cn_dicts/41448.dict.yaml	𤼗	jue	0	𤼗
cn_dicts/41448.dict.yaml	𥄴	jue	0	𥄴
cn_dicts/41448.dict.yaml	𥆌	jue	0	𥆌
cn_dicts/41448.dict.yaml	𥈾	jue	0	𥈾
cn_dicts/41448.dict.yaml	𥏘	jue	0	𥏘
cn_dicts/41448.dict.yaml	𥕲	jue	0	𥕲
cn_dicts/41448.dict.yaml	𥛯	jue	0	𥛯
cn_dicts/41448.dict.yaml	𥤘	jue	0	𥤘
cn_dicts/41448.dict.yaml	𥪊	jue	0	𥪊
cn_dicts/41448.dict.yaml	𥾮	jue	0	𥾮
cn_dicts/41448.dict.yaml	𦁐	jue	0	𦁐
cn_dicts/41448.dict.yaml	𦏅	jue	0	𦏅
cn_dicts/41448.dict.yaml	𦓐	jue	0	𦓐
cn_dicts/41448.dict.yaml	𦛲	jue	0	𦛲
cn_dicts/41448.dict.yaml	𦠒	jue	0	𦠒
cn_dicts/41448.dict.yaml	𦪘	jue	0	𦪘
cn_dicts/41448.dict.yaml	𧍕	jue	0	𧍕
cn_dicts/41448.dict.yaml	𧗫	jue	0	𧗫
cn_dicts/41448.dict.yaml	𧝃	jue	0	𧝃
cn_dicts/41448.dict.yaml	𧣸	jue	0	𧣸
cn_dicts/41448.dict.yaml	𧤼	jue	0	𧤼
cn_dicts/41448.dict.yaml	𧥎	jue	0	𧥎
cn_dicts/41448.dict.yaml	𧮫	jue	0	𧮫
cn_dicts/41448.dict.yaml	𧮬	jue	0	𧮬
cn_dicts/41448.dict.yaml	𧱝	jue	0	𧱝
cn_dicts/41448.dict.yaml	𧺐	jue	0	𧺐
cn_dicts/41448.dict.yaml	𧼨	jue	0	𧼨
cn_dicts/41448.dict.yaml	𧽸	jue	0	𧽸
cn_dicts/41448.dict.yaml	𧾵	jue	0	𧾵
cn_dicts/41448.dict.yaml	𧿺	jue	0	𧿺
cn_dicts/41448.dict.yaml	𨊿	jue	0	𨊿
cn_dicts/41448.dict.yaml	𨏹	jue	0	𨏹
cn_dicts/41448.dict.yaml	𨟠	jue	0	𨟠
cn_dicts/41448.dict.yaml	𨬐	jue	0	𨬐
cn_dicts/41448.dict.yaml	𨰜	jue	0	𨰜
cn_dicts/41448.dict.yaml	𨼎	jue	0	𨼎
cn_dicts/41448.dict.yaml	𨼱	jue	0	𨼱
cn_dicts/41448.dict.yaml	𩊺	jue	0	𩊺
cn_dicts/41448.dict.yaml	𩌡	jue	0	𩌡
cn_dicts/41448.dict.yaml	𩏺	jue	0	𩏺
cn_dicts/41448.dict.yaml	𩓻	jue	0	𩓻
cn_dicts/41448.dict.yaml	𩧏	jue	0	𩧏
cn_dicts/41448.dict.yaml	𩧡	jue	0	𩧡
cn_dicts/41448.dict.yaml	𩪗	jue	0	𩪗
cn_dicts/41448.dict.yaml	𩰨	jue	0	𩰨
cn_dicts/41448.dict.yaml	𪁠	jue	0	𪁠
cn_dicts/41448.dict.yaml	𪈴	jue	0	𪈴
cn_dicts/41448.dict.yaml	𪖜	jue	0	𪖜
cn_dicts/41448.dict.yaml	𪚅	jue	0	𪚅
cn_dicts/41448.dict.yaml	㑺	jun	0	㑺
cn_dicts/41448.dict.yaml	㒞	jun	0	㒞
cn_dicts/41448.dict.yaml	㓴	jun	0	㓴
cn_dicts/41448.dict.yaml	㕙	jun	0	㕙
cn_dicts/41448.dict.yaml	㚬	jun	0	㚬
cn_dicts/41448.dict.yaml	㝦	jun	0	㝦
cn_dicts/41448.dict.yaml	㢠	jun	0	㢠
cn_dicts/41448.dict.yaml	㤯	jun	0	㤯
cn_dicts/41448.dict.yaml	㴫	jun	0	㴫
cn_dicts/41448.dict.yaml	㻒	jun	0	㻒
cn_dicts/41448.dict.yaml	㽙	jun	0	㽙
cn_dicts/41448.dict.yaml	䇹	jun	0	䇹
cn_dicts/41448.dict.yaml	䕑	jun	0	䕑
cn_dicts/41448.dict.yaml	䜭	jun	0	䜭
cn_dicts/41448.dict.yaml	䝌	jun	0	䝌
cn_dicts/41448.dict.yaml	䝍	jun	0	䝍
cn_dicts/41448.dict.yaml	𠀹	jun	0	𠀹
cn_dicts/41448.dict.yaml	𠣕	jun	0	𠣕
cn_dicts/41448.dict.yaml	𠨢	jun	0	𠨢
cn_dicts/41448.dict.yaml	𢉦	jun	0	𢉦
cn_dicts/41448.dict.yaml	𢻸	jun	0	𢻸
cn_dicts/41448.dict.yaml	𤮪	jun	0	𤮪
cn_dicts/41448.dict.yaml	𥇘	jun	0	𥇘
cn_dicts/41448.dict.yaml	𥚂	jun	0	𥚂
cn_dicts/41448.dict.yaml	𥜮	jun	0	𥜮
cn_dicts/41448.dict.yaml	𥡣	jun	0	𥡣
cn_dicts/41448.dict.yaml	𦇘	jun	0	𦇘
cn_dicts/41448.dict.yaml	𦌺	jun	0	𦌺
cn_dicts/41448.dict.yaml	𦴌	jun	0	𦴌
cn_dicts/41448.dict.yaml	𦵼	jun	0	𦵼
cn_dicts/41448.dict.yaml	𧥺	jun	0	𧥺
cn_dicts/41448.dict.yaml	𧯖	jun	0	𧯖
cn_dicts/41448.dict.yaml	𧱝	jun	0	𧱝
cn_dicts/41448.dict.yaml	𧽔	jun	0	𧽔
cn_dicts/41448.dict.yaml	𨌘	jun	0	𨌘
cn_dicts/41448.dict.yaml	𨛐	jun	0	𨛐
cn_dicts/41448.dict.yaml	𨲄	jun	0	𨲄
cn_dicts/41448.dict.yaml	𨶊	jun	0	𨶊
cn_dicts/41448.dict.yaml	𪍁	jun	0	𪍁
cn_dicts/41448.dict.yaml	𪕞	jun	0	𪕞
cn_dicts/41448.dict.yaml	㮟	ka	0	㮟
cn_dicts/41448.dict.yaml	䘔	ka	0	䘔
cn_dicts/41448.dict.yaml	㗆	kai	0	㗆
cn_dicts/41448.dict.yaml	㚊	kai	0	㚊
cn_dicts/41448.dict.yaml	㡁	kai	0	㡁
cn_dicts/41448.dict.yaml	㱾	kai	0	㱾
cn_dicts/41448.dict.yaml	㳀	kai	0	㳀
cn_dicts/41448.dict.yaml	䁗	kai	0	䁗
cn_dicts/41448.dict.yaml	䐩	kai	0	䐩
cn_dicts/41448.dict.yaml	䒓	kai	0	䒓
cn_dicts/41448.dict.yaml	䡷	kai	0	䡷
cn_dicts/41448.dict.yaml	䫦	kai	0	䫦
cn_dicts/41448.dict.yaml	𠢲	kai	0	𠢲
cn_dicts/41448.dict.yaml	𡁁	kai	0	𡁁
cn_dicts/41448.dict.yaml	𡙓	kai	0	𡙓
cn_dicts/41448.dict.yaml	𡳂	kai	0	𡳂
cn_dicts/41448.dict.yaml	𢋝	kai	0	𢋝
cn_dicts/41448.dict.yaml	𢔡	kai	0	𢔡
cn_dicts/41448.dict.yaml	𢢚	kai	0	𢢚
cn_dicts/41448.dict.yaml	𢾆	kai	0	𢾆
cn_dicts/41448.dict.yaml	𤉫	kai	0	𤉫
cn_dicts/41448.dict.yaml	𤐩	kai	0	𤐩
cn_dicts/41448.dict.yaml	𤡲	kai	0	𤡲
cn_dicts/41448.dict.yaml	𤸱	kai	0	𤸱
cn_dicts/41448.dict.yaml	𤻜	kai	0	𤻜
cn_dicts/41448.dict.yaml	𥃣	kai	0	𥃣
cn_dicts/41448.dict.yaml	𥎆	kai	0	𥎆
cn_dicts/41448.dict.yaml	𥏪	kai	0	𥏪
cn_dicts/41448.dict.yaml	𥻄	kai	0	𥻄
cn_dicts/41448.dict.yaml	𦂄	kai	0	𦂄
cn_dicts/41448.dict.yaml	𦈲	kai	0	𦈲
cn_dicts/41448.dict.yaml	𨴆	kai	0	𨴆
cn_dicts/41448.dict.yaml	𩋧	kai	0	𩋧
cn_dicts/41448.dict.yaml	𩫀	kai	0	𩫀
cn_dicts/41448.dict.yaml	㙳	kan	0	㙳
cn_dicts/41448.dict.yaml	㵎	kan	0	㵎
cn_dicts/41448.dict.yaml	㸝	kan	0	㸝
cn_dicts/41448.dict.yaml	䀍	kan	0	䀍
cn_dicts/41448.dict.yaml	䖔	kan	0	䖔
cn_dicts/41448.dict.yaml	䘓	kan	0	䘓
cn_dicts/41448.dict.yaml	䫲	kan	0	䫲
cn_dicts/41448.dict.yaml	䬻	kan	0	䬻
cn_dicts/41448.dict.yaml	䳚	kan	0	䳚
cn_dicts/41448.dict.yaml	䶫	kan	0	䶫
cn_dicts/41448.dict.yaml	𠝲	kan	0	𠝲
cn_dicts/41448.dict.yaml	𠪚	kan	0	𠪚
cn_dicts/41448.dict.yaml	𡚜	kan	0	𡚜
cn_dicts/41448.dict.yaml	𡶪	kan	0	𡶪
cn_dicts/41448.dict.yaml	𡸞	kan	0	𡸞
cn_dicts/41448.dict.yaml	𡺗	kan	0	𡺗
cn_dicts/41448.dict.yaml	𢙮	kan	0	𢙮
cn_dicts/41448.dict.yaml	𢦟	kan	0	𢦟
cn_dicts/41448.dict.yaml	𣊟	kan	0	𣊟
cn_dicts/41448.dict.yaml	𣣒	kan	0	𣣒
cn_dicts/41448.dict.yaml	𣽌	kan	0	𣽌
cn_dicts/41448.dict.yaml	𤬪	kan	0	𤬪
cn_dicts/41448.dict.yaml	𥍓	kan	0	𥍓
cn_dicts/41448.dict.yaml	𥑫	kan	0	𥑫
cn_dicts/41448.dict.yaml	𥓒	kan	0	𥓒
cn_dicts/41448.dict.yaml	𥤱	kan	0	𥤱
cn_dicts/41448.dict.yaml	𥦔	kan	0	𥦔
cn_dicts/41448.dict.yaml	𦞖	kan	0	𦞖
cn_dicts/41448.dict.yaml	𧇦	kan	0	𧇦
cn_dicts/41448.dict.yaml	𧡵	kan	0	𧡵
cn_dicts/41448.dict.yaml	𧯰	kan	0	𧯰
cn_dicts/41448.dict.yaml	𧱄	kan	0	𧱄
cn_dicts/41448.dict.yaml	𨍜	kan	0	𨍜
cn_dicts/41448.dict.yaml	𨒞	kan	0	𨒞
cn_dicts/41448.dict.yaml	𩐬	kan	0	𩐬
cn_dicts/41448.dict.yaml	𩑟	kan	0	𩑟
cn_dicts/41448.dict.yaml	𩒃	kan	0	𩒃
cn_dicts/41448.dict.yaml	𩓟	kan	0	𩓟
cn_dicts/41448.dict.yaml	𩜱	kan	0	𩜱
cn_dicts/41448.dict.yaml	𪉯	kan	0	𪉯
cn_dicts/41448.dict.yaml	㝩	kang	0	㝩
cn_dicts/41448.dict.yaml	㰠	kang	0	㰠
cn_dicts/41448.dict.yaml	㱂	kang	0	㱂
cn_dicts/41448.dict.yaml	䡉	kang	0	䡉
cn_dicts/41448.dict.yaml	䲘	kang	0	䲘
cn_dicts/41448.dict.yaml	𠻞	kang	0	𠻞
cn_dicts/41448.dict.yaml	𠾨	kang	0	𠾨
cn_dicts/41448.dict.yaml	𡵻	kang	0	𡵻
cn_dicts/41448.dict.yaml	𡻚	kang	0	𡻚
cn_dicts/41448.dict.yaml	𢴦	kang	0	𢴦
cn_dicts/41448.dict.yaml	𣔛	kang	0	𣔛
cn_dicts/41448.dict.yaml	𤮊	kang	0	𤮊
cn_dicts/41448.dict.yaml	𥉽	kang	0	𥉽
cn_dicts/41448.dict.yaml	𥒳	kang	0	𥒳
cn_dicts/41448.dict.yaml	𥕎	kang	0	𥕎
cn_dicts/41448.dict.yaml	𥹺	kang	0	𥹺
cn_dicts/41448.dict.yaml	𨀫	kang	0	𨀫
cn_dicts/41448.dict.yaml	𨂟	kang	0	𨂟
cn_dicts/41448.dict.yaml	𨄗	kang	0	𨄗
cn_dicts/41448.dict.yaml	𨎍	kang	0	𨎍
cn_dicts/41448.dict.yaml	𨝎	kang	0	𨝎
cn_dicts/41448.dict.yaml	𨻷	kang	0	𨻷
cn_dicts/41448.dict.yaml	𪎵	kang	0	𪎵
cn_dicts/41448.dict.yaml	㼥	kao	0	㼥
cn_dicts/41448.dict.yaml	䎋	kao	0	䎋
cn_dicts/41448.dict.yaml	䐧	kao	0	䐧
cn_dicts/41448.dict.yaml	䘓	kao	0	䘓
cn_dicts/41448.dict.yaml	䯌	kao	0	䯌
cn_dicts/41448.dict.yaml	䯪	kao	0	䯪
cn_dicts/41448.dict.yaml	𡭳	kao	0	𡭳
cn_dicts/41448.dict.yaml	𣐊	kao	0	𣐊
cn_dicts/41448.dict.yaml	𣧏	kao	0	𣧏
cn_dicts/41448.dict.yaml	𣨻	kao	0	𣨻
cn_dicts/41448.dict.yaml	𣩅	kao	0	𣩅
cn_dicts/41448.dict.yaml	𥬯	kao	0	𥬯
cn_dicts/41448.dict.yaml	𥹬	kao	0	𥹬
cn_dicts/41448.dict.yaml	𧋓	kao	0	𧋓
cn_dicts/41448.dict.yaml	𨃤	kao	0	𨃤
cn_dicts/41448.dict.yaml	𨘴	kao	0	𨘴
cn_dicts/41448.dict.yaml	𩝝	kao	0	𩝝
cn_dicts/41448.dict.yaml	𩩾	kao	0	𩩾
cn_dicts/41448.dict.yaml	㒆	ke	0	㒆
cn_dicts/41448.dict.yaml	㒞	ke	0	㒞
cn_dicts/41448.dict.yaml	㕉	ke	0	㕉
cn_dicts/41448.dict.yaml	㕎	ke	0	㕎
cn_dicts/41448.dict.yaml	㝓	ke	0	㝓
cn_dicts/41448.dict.yaml	㞹	ke	0	㞹
cn_dicts/41448.dict.yaml	㤩	ke	0	㤩
cn_dicts/41448.dict.yaml	㥛	ke	0	㥛
cn_dicts/41448.dict.yaml	㪙	ke	0	㪙
cn_dicts/41448.dict.yaml	㪡	ke	0	㪡
cn_dicts/41448.dict.yaml	㪼	ke	0	㪼
cn_dicts/41448.dict.yaml	㲺	ke	0	㲺
cn_dicts/41448.dict.yaml	㵣	ke	0	㵣
cn_dicts/41448.dict.yaml	㼎	ke	0	㼎
cn_dicts/41448.dict.yaml	㾧	ke	0	㾧
cn_dicts/41448.dict.yaml	䁍	ke	0	䁍
cn_dicts/41448.dict.yaml	䋉	ke	0	䋉
cn_dicts/41448.dict.yaml	䕣	ke	0	䕣
cn_dicts/41448.dict.yaml	䗘	ke	0	䗘
cn_dicts/41448.dict.yaml	䘁	ke	0	䘁
cn_dicts/41448.dict.yaml	䙐	ke	0	䙐
cn_dicts/41448.dict.yaml	䶗	ke	0	䶗
cn_dicts/41448.dict.yaml	𠏀	ke	0	𠏀
cn_dicts/41448.dict.yaml	𠛳	ke	0	𠛳
cn_dicts/41448.dict.yaml	𠡜	ke	0	𠡜
cn_dicts/41448.dict.yaml	𠡤	ke	0	𠡤
cn_dicts/41448.dict.yaml	𠢹	ke	0	𠢹
cn_dicts/41448.dict.yaml	𠩧	ke	0	𠩧
cn_dicts/41448.dict.yaml	𠪒	ke	0	𠪒
cn_dicts/41448.dict.yaml	𠪟	ke	0	𠪟
cn_dicts/41448.dict.yaml	𠲙	ke	0	𠲙
cn_dicts/41448.dict.yaml	𠳭	ke	0	𠳭
cn_dicts/41448.dict.yaml	𠶲	ke	0	𠶲
cn_dicts/41448.dict.yaml	𠷄	ke	0	𠷄
cn_dicts/41448.dict.yaml	𡞢	ke	0	𡞢
cn_dicts/41448.dict.yaml	𡱼	ke	0	𡱼
cn_dicts/41448.dict.yaml	𡸡	ke	0	𡸡
cn_dicts/41448.dict.yaml	𡻘	ke	0	𡻘
cn_dicts/41448.dict.yaml	𢈈	ke	0	𢈈
cn_dicts/41448.dict.yaml	𢩏	ke	0	𢩏
cn_dicts/41448.dict.yaml	𢩐	ke	0	𢩐
cn_dicts/41448.dict.yaml	𢩘	ke	0	𢩘
cn_dicts/41448.dict.yaml	𢼐	ke	0	𢼐
cn_dicts/41448.dict.yaml	𢾩	ke	0	𢾩
cn_dicts/41448.dict.yaml	𣧤	ke	0	𣧤
cn_dicts/41448.dict.yaml	𣩄	ke	0	𣩄
cn_dicts/41448.dict.yaml	𣩱	ke	0	𣩱
cn_dicts/41448.dict.yaml	𣲊	ke	0	𣲊
cn_dicts/41448.dict.yaml	𣹇	ke	0	𣹇
cn_dicts/41448.dict.yaml	𤖇	ke	0	𤖇
cn_dicts/41448.dict.yaml	𤛗	ke	0	𤛗
cn_dicts/41448.dict.yaml	𤰙	ke	0	𤰙
cn_dicts/41448.dict.yaml	𤸎	ke	0	𤸎
cn_dicts/41448.dict.yaml	𤸱	ke	0	𤸱
cn_dicts/41448.dict.yaml	𥃕	ke	0	𥃕
cn_dicts/41448.dict.yaml	𥊉	ke	0	𥊉
cn_dicts/41448.dict.yaml	𥔽	ke	0	𥔽
cn_dicts/41448.dict.yaml	𥝹	ke	0	𥝹
cn_dicts/41448.dict.yaml	𥠁	ke	0	𥠁
cn_dicts/41448.dict.yaml	𥦨	ke	0	𥦨
cn_dicts/41448.dict.yaml	𥧇	ke	0	𥧇
cn_dicts/41448.dict.yaml	𥯚	ke	0	𥯚
cn_dicts/41448.dict.yaml	𦝣	ke	0	𦝣
cn_dicts/41448.dict.yaml	𧈗	ke	0	𧈗
cn_dicts/41448.dict.yaml	𧎗	ke	0	𧎗
cn_dicts/41448.dict.yaml	𧛾	ke	0	𧛾
cn_dicts/41448.dict.yaml	𧜡	ke	0	𧜡
cn_dicts/41448.dict.yaml	𧠋	ke	0	𧠋
cn_dicts/41448.dict.yaml	𧨵	ke	0	𧨵
cn_dicts/41448.dict.yaml	𧵛	ke	0	𧵛
cn_dicts/41448.dict.yaml	𧿫	ke	0	𧿫
cn_dicts/41448.dict.yaml	𨍰	ke	0	𨍰
cn_dicts/41448.dict.yaml	𨏿	ke	0	𨏿
cn_dicts/41448.dict.yaml	𨢸	ke	0	𨢸
cn_dicts/41448.dict.yaml	𩏭	ke	0	𩏭
cn_dicts/41448.dict.yaml	𩜭	ke	0	𩜭
cn_dicts/41448.dict.yaml	𩭽	ke	0	𩭽
cn_dicts/41448.dict.yaml	𩰻	ke	0	𩰻
cn_dicts/41448.dict.yaml	𩱘	ke	0	𩱘
cn_dicts/41448.dict.yaml	𪀉	ke	0	𪀉
cn_dicts/41448.dict.yaml	𪃭	ke	0	𪃭
cn_dicts/41448.dict.yaml	𪍎	ke	0	𪍎
cn_dicts/41448.dict.yaml	𪓮	ke	0	𪓮
cn_dicts/41448.dict.yaml	㸧	ken	0	㸧
cn_dicts/41448.dict.yaml	𠳁	ken	0	𠳁
cn_dicts/41448.dict.yaml	𣍟	ken	0	𣍟
cn_dicts/41448.dict.yaml	𣥤	ken	0	𣥤
cn_dicts/41448.dict.yaml	𤀊	ken	0	𤀊
cn_dicts/41448.dict.yaml	𥖞	ken	0	𥖞
cn_dicts/41448.dict.yaml	𨼯	ken	0	𨼯
cn_dicts/41448.dict.yaml	𩎤	ken	0	𩎤
cn_dicts/41448.dict.yaml	䡩	keng	0	䡩
cn_dicts/41448.dict.yaml	䡰	keng	0	䡰
cn_dicts/41448.dict.yaml	𠠷	keng	0	𠠷
cn_dicts/41448.dict.yaml	𠡮	keng	0	𠡮
cn_dicts/41448.dict.yaml	𡞚	keng	0	𡞚
cn_dicts/41448.dict.yaml	𡷨	keng	0	𡷨
cn_dicts/41448.dict.yaml	𣢐	keng	0	𣢐
cn_dicts/41448.dict.yaml	𣢴	keng	0	𣢴
cn_dicts/41448.dict.yaml	𣫒	keng	0	𣫒
cn_dicts/41448.dict.yaml	𥉸	keng	0	𥉸
cn_dicts/41448.dict.yaml	𥑅	keng	0	𥑅
cn_dicts/41448.dict.yaml	𥑒	keng	0	𥑒
cn_dicts/41448.dict.yaml	𥒁	keng	0	𥒁
cn_dicts/41448.dict.yaml	𥒱	keng	0	𥒱
cn_dicts/41448.dict.yaml	𥥳	keng	0	𥥳
cn_dicts/41448.dict.yaml	𧀘	keng	0	𧀘
cn_dicts/41448.dict.yaml	𨋔	keng	0	𨋔
cn_dicts/41448.dict.yaml	𨌳	keng	0	𨌳
cn_dicts/41448.dict.yaml	𨌶	keng	0	𨌶
cn_dicts/41448.dict.yaml	𨍑	keng	0	𨍑
cn_dicts/41448.dict.yaml	㑋	kong	0	㑋
cn_dicts/41448.dict.yaml	㚚	kong	0	㚚
cn_dicts/41448.dict.yaml	㤟	kong	0	㤟
cn_dicts/41448.dict.yaml	㸜	kong	0	㸜
cn_dicts/41448.dict.yaml	𠀝	kong	0	𠀝
cn_dicts/41448.dict.yaml	𡤿	kong	0	𡤿
cn_dicts/41448.dict.yaml	𢃐	kong	0	𢃐
cn_dicts/41448.dict.yaml	𢪬	kong	0	𢪬
cn_dicts/41448.dict.yaml	𢷙	kong	0	𢷙
cn_dicts/41448.dict.yaml	𢽦	kong	0	𢽦
cn_dicts/41448.dict.yaml	𣏺	kong	0	𣏺
cn_dicts/41448.dict.yaml	𤗇	kong	0	𤗇
cn_dicts/41448.dict.yaml	𤤲	kong	0	𤤲
cn_dicts/41448.dict.yaml	𥔇	kong	0	𥔇
cn_dicts/41448.dict.yaml	𥥅	kong	0	𥥅
cn_dicts/41448.dict.yaml	𦁈	kong	0	𦁈
cn_dicts/41448.dict.yaml	𦱇	kong	0	𦱇
cn_dicts/41448.dict.yaml	𦶐	kong	0	𦶐
cn_dicts/41448.dict.yaml	𧌆	kong	0	𧌆
cn_dicts/41448.dict.yaml	𧚬	kong	0	𧚬
cn_dicts/41448.dict.yaml	𩲧	kong	0	𩲧
cn_dicts/41448.dict.yaml	𪔣	kong	0	𪔣
cn_dicts/41448.dict.yaml	㓂	kou	0	㓂
cn_dicts/41448.dict.yaml	㔚	kou	0	㔚
cn_dicts/41448.dict.yaml	㲄	kou	0	㲄
cn_dicts/41448.dict.yaml	㸸	kou	0	㸸
cn_dicts/41448.dict.yaml	䁱	kou	0	䁱
cn_dicts/41448.dict.yaml	䍍	kou	0	䍍
cn_dicts/41448.dict.yaml	䧆	kou	0	䧆
cn_dicts/41448.dict.yaml	䳟	kou	0	䳟
cn_dicts/41448.dict.yaml	䳹	kou	0	䳹
cn_dicts/41448.dict.yaml	𠛅	kou	0	𠛅
cn_dicts/41448.dict.yaml	𡠆	kou	0	𡠆
cn_dicts/41448.dict.yaml	𡯷	kou	0	𡯷
cn_dicts/41448.dict.yaml	𢂁	kou	0	𢂁
cn_dicts/41448.dict.yaml	𢄠	kou	0	𢄠
cn_dicts/41448.dict.yaml	𢚫	kou	0	𢚫
cn_dicts/41448.dict.yaml	𢟭	kou	0	𢟭
cn_dicts/41448.dict.yaml	𢼃	kou	0	𢼃
cn_dicts/41448.dict.yaml	𣂻	kou	0	𣂻
cn_dicts/41448.dict.yaml	𣻎	kou	0	𣻎
cn_dicts/41448.dict.yaml	𣿟	kou	0	𣿟
cn_dicts/41448.dict.yaml	𤘘	kou	0	𤘘
cn_dicts/41448.dict.yaml	𥊧	kou	0	𥊧
cn_dicts/41448.dict.yaml	𥲃	kou	0	𥲃
cn_dicts/41448.dict.yaml	𦬅	kou	0	𦬅
cn_dicts/41448.dict.yaml	𦴎	kou	0	𦴎
cn_dicts/41448.dict.yaml	𦶲	kou	0	𦶲
cn_dicts/41448.dict.yaml	𧥣	kou	0	𧥣
cn_dicts/41448.dict.yaml	𨙫	kou	0	𨙫
cn_dicts/41448.dict.yaml	𨥴	kou	0	𨥴
cn_dicts/41448.dict.yaml	𩀠	kou	0	𩀠
cn_dicts/41448.dict.yaml	𪄺	kou	0	𪄺
cn_dicts/41448.dict.yaml	𪇄	kou	0	𪇄
cn_dicts/41448.dict.yaml	㒂	ku	0	㒂
cn_dicts/41448.dict.yaml	㠸	ku	0	㠸
cn_dicts/41448.dict.yaml	㱠	ku	0	㱠
cn_dicts/41448.dict.yaml	㲄	ku	0	㲄
cn_dicts/41448.dict.yaml	䇢	ku	0	䇢
cn_dicts/41448.dict.yaml	䊿	ku	0	䊿
cn_dicts/41448.dict.yaml	䔯	ku	0	䔯
cn_dicts/41448.dict.yaml	䧊	ku	0	䧊
cn_dicts/41448.dict.yaml	䵈	ku	0	䵈
cn_dicts/41448.dict.yaml	𠠶	ku	0	𠠶
cn_dicts/41448.dict.yaml	𠺟	ku	0	𠺟
cn_dicts/41448.dict.yaml	𡀙	ku	0	𡀙
cn_dicts/41448.dict.yaml	𡉄	ku	0	𡉄
cn_dicts/41448.dict.yaml	𡑚	ku	0	𡑚
cn_dicts/41448.dict.yaml	𡑣	ku	0	𡑣
cn_dicts/41448.dict.yaml	𡗵	ku	0	𡗵
cn_dicts/41448.dict.yaml	𡞯	ku	0	𡞯
cn_dicts/41448.dict.yaml	𡶏	ku	0	𡶏
cn_dicts/41448.dict.yaml	𡼿	ku	0	𡼿
cn_dicts/41448.dict.yaml	𢏆	ku	0	𢏆
cn_dicts/41448.dict.yaml	𢼁	ku	0	𢼁
cn_dicts/41448.dict.yaml	𣗺	ku	0	𣗺
cn_dicts/41448.dict.yaml	𥈷	ku	0	𥈷
cn_dicts/41448.dict.yaml	𥌄	ku	0	𥌄
cn_dicts/41448.dict.yaml	𥞴	ku	0	𥞴
cn_dicts/41448.dict.yaml	𥟾	ku	0	𥟾
cn_dicts/41448.dict.yaml	𥧋	ku	0	𥧋
cn_dicts/41448.dict.yaml	𥯶	ku	0	𥯶
cn_dicts/41448.dict.yaml	𦛏	ku	0	𦛏
cn_dicts/41448.dict.yaml	𦜇	ku	0	𦜇
cn_dicts/41448.dict.yaml	𦡆	ku	0	𦡆
cn_dicts/41448.dict.yaml	𧊘	ku	0	𧊘
cn_dicts/41448.dict.yaml	𧠂	ku	0	𧠂
cn_dicts/41448.dict.yaml	𧷎	ku	0	𧷎
cn_dicts/41448.dict.yaml	𧿉	ku	0	𧿉
cn_dicts/41448.dict.yaml	𧿋	ku	0	𧿋
cn_dicts/41448.dict.yaml	𨐡	ku	0	𨐡
cn_dicts/41448.dict.yaml	𨡱	ku	0	𨡱
cn_dicts/41448.dict.yaml	𩇵	ku	0	𩇵
cn_dicts/41448.dict.yaml	𩊓	ku	0	𩊓
cn_dicts/41448.dict.yaml	𩑔	ku	0	𩑔
cn_dicts/41448.dict.yaml	𩑡	ku	0	𩑡
cn_dicts/41448.dict.yaml	𩑶	ku	0	𩑶
cn_dicts/41448.dict.yaml	𩨳	ku	0	𩨳
cn_dicts/41448.dict.yaml	𩱙	ku	0	𩱙
cn_dicts/41448.dict.yaml	𪇄	ku	0	𪇄
cn_dicts/41448.dict.yaml	𪌓	ku	0	𪌓
cn_dicts/41448.dict.yaml	𪍠	ku	0	𪍠
cn_dicts/41448.dict.yaml	㐄	kua	0	㐄
cn_dicts/41448.dict.yaml	㡁	kua	0	㡁
cn_dicts/41448.dict.yaml	䋀	kua	0	䋀
cn_dicts/41448.dict.yaml	䦚	kua	0	䦚
cn_dicts/41448.dict.yaml	䯞	kua	0	䯞
cn_dicts/41448.dict.yaml	𠇗	kua	0	𠇗
cn_dicts/41448.dict.yaml	𡇚	kua	0	𡇚
cn_dicts/41448.dict.yaml	𡕒	kua	0	𡕒
cn_dicts/41448.dict.yaml	𡗢	kua	0	𡗢
cn_dicts/41448.dict.yaml	𡗸	kua	0	𡗸
cn_dicts/41448.dict.yaml	𡱼	kua	0	𡱼
cn_dicts/41448.dict.yaml	𢄳	kua	0	𢄳
cn_dicts/41448.dict.yaml	𢓢	kua	0	𢓢
cn_dicts/41448.dict.yaml	𥏤	kua	0	𥏤
cn_dicts/41448.dict.yaml	𥑹	kua	0	𥑹
cn_dicts/41448.dict.yaml	𦮃	kua	0	𦮃
cn_dicts/41448.dict.yaml	𨃖	kua	0	𨃖
cn_dicts/41448.dict.yaml	𨕺	kua	0	𨕺
cn_dicts/41448.dict.yaml	𨵧	kua	0	𨵧
cn_dicts/41448.dict.yaml	𩊓	kua	0	𩊓
cn_dicts/41448.dict.yaml	㔞	kuai	0	㔞
cn_dicts/41448.dict.yaml	㙕	kuai	0	㙕
cn_dicts/41448.dict.yaml	㙗	kuai	0	㙗
cn_dicts/41448.dict.yaml	㟴	kuai	0	㟴
cn_dicts/41448.dict.yaml	㨤	kuai	0	㨤
cn_dicts/41448.dict.yaml	㫎	kuai	0	㫎
cn_dicts/41448.dict.yaml	㬮	kuai	0	㬮
cn_dicts/41448.dict.yaml	㭈	kuai	0	㭈
cn_dicts/41448.dict.yaml	㱮	kuai	0	㱮
cn_dicts/41448.dict.yaml	㻅	kuai	0	㻅
cn_dicts/41448.dict.yaml	䈛	kuai	0	䈛
cn_dicts/41448.dict.yaml	䓒	kuai	0	䓒
cn_dicts/41448.dict.yaml	䭝	kuai	0	䭝
cn_dicts/41448.dict.yaml	䯤	kuai	0	䯤
cn_dicts/41448.dict.yaml	𠜐	kuai	0	𠜐
cn_dicts/41448.dict.yaml	𠣲	kuai	0	𠣲
cn_dicts/41448.dict.yaml	𡚅	kuai	0	𡚅
cn_dicts/41448.dict.yaml	𡼾	kuai	0	𡼾
cn_dicts/41448.dict.yaml	𢢞	kuai	0	𢢞
cn_dicts/41448.dict.yaml	𢾒	kuai	0	𢾒
cn_dicts/41448.dict.yaml	𣫉	kuai	0	𣫉
cn_dicts/41448.dict.yaml	𥢶	kuai	0	𥢶
cn_dicts/41448.dict.yaml	𦔦	kuai	0	𦔦
cn_dicts/41448.dict.yaml	𦳋	kuai	0	𦳋
cn_dicts/41448.dict.yaml	𨛖	kuai	0	𨛖
cn_dicts/41448.dict.yaml	𩦱	kuai	0	𩦱
cn_dicts/41448.dict.yaml	㝟	kuan	0	㝟
cn_dicts/41448.dict.yaml	㮯	kuan	0	㮯
cn_dicts/41448.dict.yaml	㯘	kuan	0	㯘
cn_dicts/41448.dict.yaml	䕀	kuan	0	䕀
cn_dicts/41448.dict.yaml	䤭	kuan	0	䤭
cn_dicts/41448.dict.yaml	䥗	kuan	0	䥗
cn_dicts/41448.dict.yaml	䲌	kuan	0	䲌
cn_dicts/41448.dict.yaml	𢕫	kuan	0	𢕫
cn_dicts/41448.dict.yaml	𢴪	kuan	0	𢴪
cn_dicts/41448.dict.yaml	𣢻	kuan	0	𣢻
cn_dicts/41448.dict.yaml	𣽟	kuan	0	𣽟
cn_dicts/41448.dict.yaml	𥟓	kuan	0	𥟓
cn_dicts/41448.dict.yaml	𥦀	kuan	0	𥦀
cn_dicts/41448.dict.yaml	㑌	kuang	0	㑌
cn_dicts/41448.dict.yaml	㔞	kuang	0	㔞
cn_dicts/41448.dict.yaml	㤮	kuang	0	㤮
cn_dicts/41448.dict.yaml	㫛	kuang	0	㫛
cn_dicts/41448.dict.yaml	㾠	kuang	0	㾠
cn_dicts/41448.dict.yaml	䂄	kuang	0	䂄
cn_dicts/41448.dict.yaml	䊯	kuang	0	䊯
cn_dicts/41448.dict.yaml	䒰	kuang	0	䒰
cn_dicts/41448.dict.yaml	䵃	kuang	0	䵃
cn_dicts/41448.dict.yaml	𡶢	kuang	0	𡶢
cn_dicts/41448.dict.yaml	𡾇	kuang	0	𡾇
cn_dicts/41448.dict.yaml	𢼑	kuang	0	𢼑
cn_dicts/41448.dict.yaml	𢼳	kuang	0	𢼳
cn_dicts/41448.dict.yaml	𣍦	kuang	0	𣍦
cn_dicts/41448.dict.yaml	𣒸	kuang	0	𣒸
cn_dicts/41448.dict.yaml	𣴥	kuang	0	𣴥
cn_dicts/41448.dict.yaml	𤝿	kuang	0	𤝿
cn_dicts/41448.dict.yaml	𤞇	kuang	0	𤞇
cn_dicts/41448.dict.yaml	𥈏	kuang	0	𥈏
cn_dicts/41448.dict.yaml	𦚞	kuang	0	𦚞
cn_dicts/41448.dict.yaml	𦥰	kuang	0	𦥰
cn_dicts/41448.dict.yaml	𧥌	kuang	0	𧥌
cn_dicts/41448.dict.yaml	𧻔	kuang	0	𧻔
cn_dicts/41448.dict.yaml	𧻺	kuang	0	𧻺
cn_dicts/41448.dict.yaml	𨀕	kuang	0	𨀕
cn_dicts/41448.dict.yaml	𨇁	kuang	0	𨇁
cn_dicts/41448.dict.yaml	𨏆	kuang	0	𨏆
cn_dicts/41448.dict.yaml	𨖢	kuang	0	𨖢
cn_dicts/41448.dict.yaml	𨥑	kuang	0	𨥑
cn_dicts/41448.dict.yaml	𨨭	kuang	0	𨨭
cn_dicts/41448.dict.yaml	𨴑	kuang	0	𨴑
cn_dicts/41448.dict.yaml	𩢼	kuang	0	𩢼
cn_dicts/41448.dict.yaml	𩬹	kuang	0	𩬹
cn_dicts/41448.dict.yaml	𩷗	kuang	0	𩷗
cn_dicts/41448.dict.yaml	𪍿	kuang	0	𪍿
cn_dicts/41448.dict.yaml	𪏪	kuang	0	𪏪
cn_dicts/41448.dict.yaml	㒑	kui	0	㒑
cn_dicts/41448.dict.yaml	㕟	kui	0	㕟
cn_dicts/41448.dict.yaml	㙓	kui	0	㙓
cn_dicts/41448.dict.yaml	㙺	kui	0	㙺
cn_dicts/41448.dict.yaml	㚍	kui	0	㚍
cn_dicts/41448.dict.yaml	㚝	kui	0	㚝
cn_dicts/41448.dict.yaml	㛻	kui	0	㛻
cn_dicts/41448.dict.yaml	㟴	kui	0	㟴
cn_dicts/41448.dict.yaml	㤬	kui	0	㤬
cn_dicts/41448.dict.yaml	㧉	kui	0	㧉
cn_dicts/41448.dict.yaml	㨒	kui	0	㨒
cn_dicts/41448.dict.yaml	㰐	kui	0	㰐
cn_dicts/41448.dict.yaml	㱮	kui	0	㱮
cn_dicts/41448.dict.yaml	㷇	kui	0	㷇
cn_dicts/41448.dict.yaml	㾠	kui	0	㾠
cn_dicts/41448.dict.yaml	䁛	kui	0	䁛
cn_dicts/41448.dict.yaml	䇻	kui	0	䇻
cn_dicts/41448.dict.yaml	䈐	kui	0	䈐
cn_dicts/41448.dict.yaml	䍪	kui	0	䍪
cn_dicts/41448.dict.yaml	䏗	kui	0	䏗
cn_dicts/41448.dict.yaml	䕚	kui	0	䕚
cn_dicts/41448.dict.yaml	䕫	kui	0	䕫
cn_dicts/41448.dict.yaml	䖯	kui	0	䖯
cn_dicts/41448.dict.yaml	䙆	kui	0	䙆
cn_dicts/41448.dict.yaml	䙌	kui	0	䙌
cn_dicts/41448.dict.yaml	䙡	kui	0	䙡
cn_dicts/41448.dict.yaml	䞨	kui	0	䞨
cn_dicts/41448.dict.yaml	䟸	kui	0	䟸
cn_dicts/41448.dict.yaml	䠑	kui	0	䠑
cn_dicts/41448.dict.yaml	䤆	kui	0	䤆
cn_dicts/41448.dict.yaml	䦱	kui	0	䦱
cn_dicts/41448.dict.yaml	䧶	kui	0	䧶
cn_dicts/41448.dict.yaml	䫥	kui	0	䫥
cn_dicts/41448.dict.yaml	䯓	kui	0	䯓
cn_dicts/41448.dict.yaml	䯣	kui	0	䯣
cn_dicts/41448.dict.yaml	䰎	kui	0	䰎
cn_dicts/41448.dict.yaml	䳫	kui	0	䳫
cn_dicts/41448.dict.yaml	𠊾	kui	0	𠊾
cn_dicts/41448.dict.yaml	𠣠	kui	0	𠣠
cn_dicts/41448.dict.yaml	𠿥	kui	0	𠿥
cn_dicts/41448.dict.yaml	𡌤	kui	0	𡌤
cn_dicts/41448.dict.yaml	𡐠	kui	0	𡐠
cn_dicts/41448.dict.yaml	𡒾	kui	0	𡒾
cn_dicts/41448.dict.yaml	𡓰	kui	0	𡓰
cn_dicts/41448.dict.yaml	𡤞	kui	0	𡤞
cn_dicts/41448.dict.yaml	𡯵	kui	0	𡯵
cn_dicts/41448.dict.yaml	𢌳	kui	0	𢌳
cn_dicts/41448.dict.yaml	𢜽	kui	0	𢜽
cn_dicts/41448.dict.yaml	𢼀	kui	0	𢼀
cn_dicts/41448.dict.yaml	𣄲	kui	0	𣄲
cn_dicts/41448.dict.yaml	𣥮	kui	0	𣥮
cn_dicts/41448.dict.yaml	𣧼	kui	0	𣧼
cn_dicts/41448.dict.yaml	𤆂	kui	0	𤆂
cn_dicts/41448.dict.yaml	𤏜	kui	0	𤏜
cn_dicts/41448.dict.yaml	𤵮	kui	0	𤵮
cn_dicts/41448.dict.yaml	𥁇	kui	0	𥁇
cn_dicts/41448.dict.yaml	𥏙	kui	0	𥏙
cn_dicts/41448.dict.yaml	𥜶	kui	0	𥜶
cn_dicts/41448.dict.yaml	𥪊	kui	0	𥪊
cn_dicts/41448.dict.yaml	𦝢	kui	0	𦝢
cn_dicts/41448.dict.yaml	𧂠	kui	0	𧂠
cn_dicts/41448.dict.yaml	𧄑	kui	0	𧄑
cn_dicts/41448.dict.yaml	𧍜	kui	0	𧍜
cn_dicts/41448.dict.yaml	𧑋	kui	0	𧑋
cn_dicts/41448.dict.yaml	𧝷	kui	0	𧝷
cn_dicts/41448.dict.yaml	𧡦	kui	0	𧡦
cn_dicts/41448.dict.yaml	𧡫	kui	0	𧡫
cn_dicts/41448.dict.yaml	𧢦	kui	0	𧢦
cn_dicts/41448.dict.yaml	𧷛	kui	0	𧷛
cn_dicts/41448.dict.yaml	𧻜	kui	0	𧻜
cn_dicts/41448.dict.yaml	𧻲	kui	0	𧻲
cn_dicts/41448.dict.yaml	𨣈	kui	0	𨣈
cn_dicts/41448.dict.yaml	𨾎	kui	0	𨾎
cn_dicts/41448.dict.yaml	𨾗	kui	0	𨾗
cn_dicts/41448.dict.yaml	𩏣	kui	0	𩏣
cn_dicts/41448.dict.yaml	𩓗	kui	0	𩓗
cn_dicts/41448.dict.yaml	𩕜	kui	0	𩕜
cn_dicts/41448.dict.yaml	𩠮	kui	0	𩠮
cn_dicts/41448.dict.yaml	𩲅	kui	0	𩲅
cn_dicts/41448.dict.yaml	𩲷	kui	0	𩲷
cn_dicts/41448.dict.yaml	𩵉	kui	0	𩵉
cn_dicts/41448.dict.yaml	𩹍	kui	0	𩹍
cn_dicts/41448.dict.yaml	𪆴	kui	0	𪆴
cn_dicts/41448.dict.yaml	𪖢	kui	0	𪖢
cn_dicts/41448.dict.yaml	㕎	kun	0	㕎
cn_dicts/41448.dict.yaml	㩲	kun	0	㩲
cn_dicts/41448.dict.yaml	㫻	kun	0	㫻
cn_dicts/41448.dict.yaml	䖵	kun	0	䖵
cn_dicts/41448.dict.yaml	䠅	kun	0	䠅
cn_dicts/41448.dict.yaml	𠚯	kun	0	𠚯
cn_dicts/41448.dict.yaml	𡖉	kun	0	𡖉
cn_dicts/41448.dict.yaml	𢈛	kun	0	𢈛
cn_dicts/41448.dict.yaml	𣏔	kun	0	𣏔
cn_dicts/41448.dict.yaml	𣰘	kun	0	𣰘
cn_dicts/41448.dict.yaml	𣱂	kun	0	𣱂
cn_dicts/41448.dict.yaml	𥊽	kun	0	𥊽
cn_dicts/41448.dict.yaml	𥚛	kun	0	𥚛
cn_dicts/41448.dict.yaml	𦄐	kun	0	𦄐
cn_dicts/41448.dict.yaml	𦌸	kun	0	𦌸
cn_dicts/41448.dict.yaml	𦓾	kun	0	𦓾
cn_dicts/41448.dict.yaml	𧋕	kun	0	𧋕
cn_dicts/41448.dict.yaml	𧥊	kun	0	𧥊
cn_dicts/41448.dict.yaml	𨁉	kun	0	𨁉
cn_dicts/41448.dict.yaml	𨱙	kun	0	𨱙
cn_dicts/41448.dict.yaml	𩓽	kun	0	𩓽
cn_dicts/41448.dict.yaml	𩤋	kun	0	𩤋
cn_dicts/41448.dict.yaml	𩨫	kun	0	𩨫
cn_dicts/41448.dict.yaml	𩭋	kun	0	𩭋
cn_dicts/41448.dict.yaml	𩻋	kun	0	𩻋
cn_dicts/41448.dict.yaml	𩽞	kun	0	𩽞
cn_dicts/41448.dict.yaml	𪋆	kun	0	𪋆
cn_dicts/41448.dict.yaml	𪘩	kun	0	𪘩
cn_dicts/41448.dict.yaml	㗥	kuo	0	㗥
cn_dicts/41448.dict.yaml	㣪	kuo	0	㣪
cn_dicts/41448.dict.yaml	㨯	kuo	0	㨯
cn_dicts/41448.dict.yaml	㪙	kuo	0	㪙
cn_dicts/41448.dict.yaml	䄆	kuo	0	䄆
cn_dicts/41448.dict.yaml	䄑	kuo	0	䄑
cn_dicts/41448.dict.yaml	䙃	kuo	0	䙃
cn_dicts/41448.dict.yaml	䟯	kuo	0	䟯
cn_dicts/41448.dict.yaml	䦢	kuo	0	䦢
cn_dicts/41448.dict.yaml	䯺	kuo	0	䯺
cn_dicts/41448.dict.yaml	𠠎	kuo	0	𠠎
cn_dicts/41448.dict.yaml	𡎒	kuo	0	𡎒
cn_dicts/41448.dict.yaml	𡻙	kuo	0	𡻙
cn_dicts/41448.dict.yaml	𢠛	kuo	0	𢠛
cn_dicts/41448.dict.yaml	𤫵	kuo	0	𤫵
cn_dicts/41448.dict.yaml	𥕏	kuo	0	𥕏
cn_dicts/41448.dict.yaml	𦧍	kuo	0	𦧍
cn_dicts/41448.dict.yaml	𦧔	kuo	0	𦧔
cn_dicts/41448.dict.yaml	𨓈	kuo	0	𨓈
cn_dicts/41448.dict.yaml	𨨱	kuo	0	𨨱
cn_dicts/41448.dict.yaml	𨶐	kuo	0	𨶐
cn_dicts/41448.dict.yaml	𩋻	kuo	0	𩋻
cn_dicts/41448.dict.yaml	𪗽	kuo	0	𪗽
cn_dicts/41448.dict.yaml	㕇	la	0	㕇
cn_dicts/41448.dict.yaml	㸊	la	0	㸊
cn_dicts/41448.dict.yaml	㻋	la	0	㻋
cn_dicts/41448.dict.yaml	㻝	la	0	㻝
cn_dicts/41448.dict.yaml	䀳	la	0	䀳
cn_dicts/41448.dict.yaml	䂰	la	0	䂰
cn_dicts/41448.dict.yaml	䃳	la	0	䃳
cn_dicts/41448.dict.yaml	䏀	la	0	䏀
cn_dicts/41448.dict.yaml	䓥	la	0	䓥
cn_dicts/41448.dict.yaml	䗶	la	0	䗶
cn_dicts/41448.dict.yaml	䝓	la	0	䝓
cn_dicts/41448.dict.yaml	䟑	la	0	䟑
cn_dicts/41448.dict.yaml	䪉	la	0	䪉
cn_dicts/41448.dict.yaml	䱫	la	0	䱫
cn_dicts/41448.dict.yaml	䶛	la	0	䶛
cn_dicts/41448.dict.yaml	𠾩	la	0	𠾩
cn_dicts/41448.dict.yaml	𡅘	la	0	𡅘
cn_dicts/41448.dict.yaml	𡉆	la	0	𡉆
cn_dicts/41448.dict.yaml	𢃴	la	0	𢃴
cn_dicts/41448.dict.yaml	𢈠	la	0	𢈠
cn_dicts/41448.dict.yaml	𢉨	la	0	𢉨
cn_dicts/41448.dict.yaml	𢤆	la	0	𢤆
cn_dicts/41448.dict.yaml	𣤊	la	0	𣤊
cn_dicts/41448.dict.yaml	𤀦	la	0	𤀦
cn_dicts/41448.dict.yaml	𤊶	la	0	𤊶
cn_dicts/41448.dict.yaml	𤛊	la	0	𤛊
cn_dicts/41448.dict.yaml	𤰚	la	0	𤰚
cn_dicts/41448.dict.yaml	𤷟	la	0	𤷟
cn_dicts/41448.dict.yaml	𥀥	la	0	𥀥
cn_dicts/41448.dict.yaml	𥀰	la	0	𥀰
cn_dicts/41448.dict.yaml	𥈙	la	0	𥈙
cn_dicts/41448.dict.yaml	𥖍	la	0	𥖍
cn_dicts/41448.dict.yaml	𥗿	la	0	𥗿
cn_dicts/41448.dict.yaml	𥘁	la	0	𥘁
cn_dicts/41448.dict.yaml	𦅶	la	0	𦅶
cn_dicts/41448.dict.yaml	𦆻	la	0	𦆻
cn_dicts/41448.dict.yaml	𦇛	la	0	𦇛
cn_dicts/41448.dict.yaml	𦎏	la	0	𦎏
cn_dicts/41448.dict.yaml	𦒆	la	0	𦒆
cn_dicts/41448.dict.yaml	𦒦	la	0	𦒦
cn_dicts/41448.dict.yaml	𧗩	la	0	𧗩
cn_dicts/41448.dict.yaml	𧙀	la	0	𧙀
cn_dicts/41448.dict.yaml	𧞪	la	0	𧞪
cn_dicts/41448.dict.yaml	𧩲	la	0	𧩲
cn_dicts/41448.dict.yaml	𨭛	la	0	𨭛
cn_dicts/41448.dict.yaml	𩃜	la	0	𩃜
cn_dicts/41448.dict.yaml	𩋷	la	0	𩋷
cn_dicts/41448.dict.yaml	𩑮	la	0	𩑮
cn_dicts/41448.dict.yaml	𩘊	la	0	𩘊
cn_dicts/41448.dict.yaml	𩤲	la	0	𩤲
cn_dicts/41448.dict.yaml	𩧆	la	0	𩧆
cn_dicts/41448.dict.yaml	𩯽	la	0	𩯽
cn_dicts/41448.dict.yaml	𪇹	la	0	𪇹
cn_dicts/41448.dict.yaml	㚓	lai	0	㚓
cn_dicts/41448.dict.yaml	㠣	lai	0	㠣
cn_dicts/41448.dict.yaml	㥎	lai	0	㥎
cn_dicts/41448.dict.yaml	㸊	lai	0	㸊
cn_dicts/41448.dict.yaml	㾢	lai	0	㾢
cn_dicts/41448.dict.yaml	䀳	lai	0	䀳
cn_dicts/41448.dict.yaml	䂾	lai	0	䂾
cn_dicts/41448.dict.yaml	䄤	lai	0	䄤
cn_dicts/41448.dict.yaml	䅘	lai	0	䅘
cn_dicts/41448.dict.yaml	䋱	lai	0	䋱
cn_dicts/41448.dict.yaml	䓶	lai	0	䓶
cn_dicts/41448.dict.yaml	䚅	lai	0	䚅
cn_dicts/41448.dict.yaml	䠭	lai	0	䠭
cn_dicts/41448.dict.yaml	䧒	lai	0	䧒
cn_dicts/41448.dict.yaml	䲚	lai	0	䲚
cn_dicts/41448.dict.yaml	𠎙	lai	0	𠎙
cn_dicts/41448.dict.yaml	𠘝	lai	0	𠘝
cn_dicts/41448.dict.yaml	𡂖	lai	0	𡂖
cn_dicts/41448.dict.yaml	𡃄	lai	0	𡃄
cn_dicts/41448.dict.yaml	𡓒	lai	0	𡓒
cn_dicts/41448.dict.yaml	𢅭	lai	0	𢅭
cn_dicts/41448.dict.yaml	𢑬	lai	0	𢑬
cn_dicts/41448.dict.yaml	𣖤	lai	0	𣖤
cn_dicts/41448.dict.yaml	𤢗	lai	0	𤢗
cn_dicts/41448.dict.yaml	𤦃	lai	0	𤦃
cn_dicts/41448.dict.yaml	𤲓	lai	0	𤲓
cn_dicts/41448.dict.yaml	𦆋	lai	0	𦆋
cn_dicts/41448.dict.yaml	𦓹	lai	0	𦓹
cn_dicts/41448.dict.yaml	𧯲	lai	0	𧯲
cn_dicts/41448.dict.yaml	𧳕	lai	0	𧳕
cn_dicts/41448.dict.yaml	𧳟	lai	0	𧳟
cn_dicts/41448.dict.yaml	𧵭	lai	0	𧵭
cn_dicts/41448.dict.yaml	𨂐	lai	0	𨂐
cn_dicts/41448.dict.yaml	𨇆	lai	0	𨇆
cn_dicts/41448.dict.yaml	𨦂	lai	0	𨦂
cn_dicts/41448.dict.yaml	𩳆	lai	0	𩳆
cn_dicts/41448.dict.yaml	𪈈	lai	0	𪈈
cn_dicts/41448.dict.yaml	𪑚	lai	0	𪑚
cn_dicts/41448.dict.yaml	㑣	lan	0	㑣
cn_dicts/41448.dict.yaml	㔋	lan	0	㔋
cn_dicts/41448.dict.yaml	㘓	lan	0	㘓
cn_dicts/41448.dict.yaml	㘕	lan	0	㘕
cn_dicts/41448.dict.yaml	㘝	lan	0	㘝
cn_dicts/41448.dict.yaml	㛦	lan	0	㛦
cn_dicts/41448.dict.yaml	㜮	lan	0	㜮
cn_dicts/41448.dict.yaml	㞩	lan	0	㞩
cn_dicts/41448.dict.yaml	㦨	lan	0	㦨
cn_dicts/41448.dict.yaml	㨫	lan	0	㨫
cn_dicts/41448.dict.yaml	㩜	lan	0	㩜
cn_dicts/41448.dict.yaml	㰖	lan	0	㰖
cn_dicts/41448.dict.yaml	㱫	lan	0	㱫
cn_dicts/41448.dict.yaml	㳕	lan	0	㳕
cn_dicts/41448.dict.yaml	䃹	lan	0	䃹
cn_dicts/41448.dict.yaml	䄤	lan	0	䄤
cn_dicts/41448.dict.yaml	䆾	lan	0	䆾
cn_dicts/41448.dict.yaml	䊖	lan	0	䊖
cn_dicts/41448.dict.yaml	䌫	lan	0	䌫
cn_dicts/41448.dict.yaml	䍀	lan	0	䍀
cn_dicts/41448.dict.yaml	䑌	lan	0	䑌
cn_dicts/41448.dict.yaml	䦨	lan	0	䦨
cn_dicts/41448.dict.yaml	䧒	lan	0	䧒
cn_dicts/41448.dict.yaml	䪍	lan	0	䪍
cn_dicts/41448.dict.yaml	䰐	lan	0	䰐
cn_dicts/41448.dict.yaml	䲚	lan	0	䲚
cn_dicts/41448.dict.yaml	䳿	lan	0	䳿
cn_dicts/41448.dict.yaml	𠓖	lan	0	𠓖
cn_dicts/41448.dict.yaml	𠓭	lan	0	𠓭
cn_dicts/41448.dict.yaml	𠼖	lan	0	𠼖
cn_dicts/41448.dict.yaml	𡒄	lan	0	𡒄
cn_dicts/41448.dict.yaml	𡓔	lan	0	𡓔
cn_dicts/41448.dict.yaml	𡮻	lan	0	𡮻
cn_dicts/41448.dict.yaml	𡽳	lan	0	𡽳
cn_dicts/41448.dict.yaml	𢅡	lan	0	𢅡
cn_dicts/41448.dict.yaml	𢉧	lan	0	𢉧
cn_dicts/41448.dict.yaml	𢊓	lan	0	𢊓
cn_dicts/41448.dict.yaml	𢒞	lan	0	𢒞
cn_dicts/41448.dict.yaml	𢛓	lan	0	𢛓
cn_dicts/41448.dict.yaml	𢹙	lan	0	𢹙
cn_dicts/41448.dict.yaml	𣋣	lan	0	𣋣
cn_dicts/41448.dict.yaml	𣛱	lan	0	𣛱
cn_dicts/41448.dict.yaml	𤂺	lan	0	𤂺
cn_dicts/41448.dict.yaml	𤃨	lan	0	𤃨
cn_dicts/41448.dict.yaml	𤑸	lan	0	𤑸
cn_dicts/41448.dict.yaml	𤣟	lan	0	𤣟
cn_dicts/41448.dict.yaml	𥌻	lan	0	𥌻
cn_dicts/41448.dict.yaml	𥗺	lan	0	𥗺
cn_dicts/41448.dict.yaml	𥜓	lan	0	𥜓
cn_dicts/41448.dict.yaml	𥦝	lan	0	𥦝
cn_dicts/41448.dict.yaml	𦧼	lan	0	𦧼
cn_dicts/41448.dict.yaml	𧮤	lan	0	𧮤
cn_dicts/41448.dict.yaml	𧸦	lan	0	𧸦
cn_dicts/41448.dict.yaml	𧼖	lan	0	𧼖
cn_dicts/41448.dict.yaml	𨅏	lan	0	𨅏
cn_dicts/41448.dict.yaml	𨊔	lan	0	𨊔
cn_dicts/41448.dict.yaml	𨎹	lan	0	𨎹
cn_dicts/41448.dict.yaml	𨣨	lan	0	𨣨
cn_dicts/41448.dict.yaml	𨣸	lan	0	𨣸
cn_dicts/41448.dict.yaml	𨬒	lan	0	𨬒
cn_dicts/41448.dict.yaml	𨷻	lan	0	𨷻
cn_dicts/41448.dict.yaml	𩈵	lan	0	𩈵
cn_dicts/41448.dict.yaml	𩉀	lan	0	𩉀
cn_dicts/41448.dict.yaml	𩔵	lan	0	𩔵
cn_dicts/41448.dict.yaml	𩟺	lan	0	𩟺
cn_dicts/41448.dict.yaml	𪇖	lan	0	𪇖
cn_dicts/41448.dict.yaml	㓪	lang	0	㓪
cn_dicts/41448.dict.yaml	㙟	lang	0	㙟
cn_dicts/41448.dict.yaml	㝗	lang	0	㝗
cn_dicts/41448.dict.yaml	㟍	lang	0	㟍
cn_dicts/41448.dict.yaml	㢃	lang	0	㢃
cn_dicts/41448.dict.yaml	㱢	lang	0	㱢
cn_dicts/41448.dict.yaml	㾗	lang	0	㾗
cn_dicts/41448.dict.yaml	㾿	lang	0	㾿
cn_dicts/41448.dict.yaml	䀶	lang	0	䀶
cn_dicts/41448.dict.yaml	䁁	lang	0	䁁
cn_dicts/41448.dict.yaml	䃹	lang	0	䃹
cn_dicts/41448.dict.yaml	䆡	lang	0	䆡
cn_dicts/41448.dict.yaml	䍚	lang	0	䍚
cn_dicts/41448.dict.yaml	䕞	lang	0	䕞
cn_dicts/41448.dict.yaml	䡙	lang	0	䡙
cn_dicts/41448.dict.yaml	䯖	lang	0	䯖
cn_dicts/41448.dict.yaml	䱶	lang	0	䱶
cn_dicts/41448.dict.yaml	𠺘	lang	0	𠺘
cn_dicts/41448.dict.yaml	𠻴	lang	0	𠻴
cn_dicts/41448.dict.yaml	𢳑	lang	0	𢳑
cn_dicts/41448.dict.yaml	𢽂	lang	0	𢽂
cn_dicts/41448.dict.yaml	𣊧	lang	0	𣊧
cn_dicts/41448.dict.yaml	𣻡	lang	0	𣻡
cn_dicts/41448.dict.yaml	𥇑	lang	0	𥇑
cn_dicts/41448.dict.yaml	𥍫	lang	0	𥍫
cn_dicts/41448.dict.yaml	𥧫	lang	0	𥧫
cn_dicts/41448.dict.yaml	𦵧	lang	0	𦵧
cn_dicts/41448.dict.yaml	𦺫	lang	0	𦺫
cn_dicts/41448.dict.yaml	𧚅	lang	0	𧚅
cn_dicts/41448.dict.yaml	𧻴	lang	0	𧻴
cn_dicts/41448.dict.yaml	𨞿	lang	0	𨞿
cn_dicts/41448.dict.yaml	𨶗	lang	0	𨶗
cn_dicts/41448.dict.yaml	𩛡	lang	0	𩛡
cn_dicts/41448.dict.yaml	𩳤	lang	0	𩳤
cn_dicts/41448.dict.yaml	𩷕	lang	0	𩷕
cn_dicts/41448.dict.yaml	𪁜	lang	0	𪁜
cn_dicts/41448.dict.yaml	㗦	lao	0	㗦
cn_dicts/41448.dict.yaml	㞠	lao	0	㞠
cn_dicts/41448.dict.yaml	㟉	lao	0	㟉
cn_dicts/41448.dict.yaml	㟙	lao	0	㟙
cn_dicts/41448.dict.yaml	㟹	lao	0	㟹
cn_dicts/41448.dict.yaml	㧯	lao	0	㧯
cn_dicts/41448.dict.yaml	㨓	lao	0	㨓
cn_dicts/41448.dict.yaml	䃕	lao	0	䃕
cn_dicts/41448.dict.yaml	䇭	lao	0	䇭
cn_dicts/41448.dict.yaml	䕩	lao	0	䕩
cn_dicts/41448.dict.yaml	䜎	lao	0	䜎
cn_dicts/41448.dict.yaml	䝁	lao	0	䝁
cn_dicts/41448.dict.yaml	䝤	lao	0	䝤
cn_dicts/41448.dict.yaml	䲏	lao	0	䲏
cn_dicts/41448.dict.yaml	䳓	lao	0	䳓
cn_dicts/41448.dict.yaml	䵏	lao	0	䵏
cn_dicts/41448.dict.yaml	𠈭	lao	0	𠈭
cn_dicts/41448.dict.yaml	𡂕	lao	0	𡂕
cn_dicts/41448.dict.yaml	𡑍	lao	0	𡑍
cn_dicts/41448.dict.yaml	𡬘	lao	0	𡬘
cn_dicts/41448.dict.yaml	𢚄	lao	0	𢚄
cn_dicts/41448.dict.yaml	𢭂	lao	0	𢭂
cn_dicts/41448.dict.yaml	𣘪	lao	0	𣘪
cn_dicts/41448.dict.yaml	𣟽	lao	0	𣟽
cn_dicts/41448.dict.yaml	𣠼	lao	0	𣠼
cn_dicts/41448.dict.yaml	𤉍	lao	0	𤉍
cn_dicts/41448.dict.yaml	𤎤	lao	0	𤎤
cn_dicts/41448.dict.yaml	𤛮	lao	0	𤛮
cn_dicts/41448.dict.yaml	𤩂	lao	0	𤩂
cn_dicts/41448.dict.yaml	𤶁	lao	0	𤶁
cn_dicts/41448.dict.yaml	𥢒	lao	0	𥢒
cn_dicts/41448.dict.yaml	𦒴	lao	0	𦒴
cn_dicts/41448.dict.yaml	𦺜	lao	0	𦺜
cn_dicts/41448.dict.yaml	𧢋	lao	0	𧢋
cn_dicts/41448.dict.yaml	𧯍	lao	0	𧯍
cn_dicts/41448.dict.yaml	𨡤	lao	0	𨡤
cn_dicts/41448.dict.yaml	𨣃	lao	0	𨣃
cn_dicts/41448.dict.yaml	𨦭	lao	0	𨦭
cn_dicts/41448.dict.yaml	𨲮	lao	0	𨲮
cn_dicts/41448.dict.yaml	𪀧	lao	0	𪀧
cn_dicts/41448.dict.yaml	𪁔	lao	0	𪁔
cn_dicts/41448.dict.yaml	㔹	le	0	㔹
cn_dicts/41448.dict.yaml	㖀	le	0	㖀
cn_dicts/41448.dict.yaml	㦡	le	0	㦡
cn_dicts/41448.dict.yaml	㨋	le	0	㨋
cn_dicts/41448.dict.yaml	𡃖	le	0	𡃖
cn_dicts/41448.dict.yaml	𣂒	le	0	𣂒
cn_dicts/41448.dict.yaml	𣲒	le	0	𣲒
cn_dicts/41448.dict.yaml	𤟓	le	0	𤟓
cn_dicts/41448.dict.yaml	𤨙	le	0	𤨙
cn_dicts/41448.dict.yaml	𥖪	le	0	𥖪
cn_dicts/41448.dict.yaml	𩐾	le	0	𩐾
cn_dicts/41448.dict.yaml	㑍	lei	0	㑍
cn_dicts/41448.dict.yaml	㒍	lei	0	㒍
cn_dicts/41448.dict.yaml	㒦	lei	0	㒦
cn_dicts/41448.dict.yaml	㔣	lei	0	㔣
cn_dicts/41448.dict.yaml	㗊	lei	0	㗊
cn_dicts/41448.dict.yaml	㙼	lei	0	㙼
cn_dicts/41448.dict.yaml	㡞	lei	0	㡞
cn_dicts/41448.dict.yaml	㭩	lei	0	㭩
cn_dicts/41448.dict.yaml	㰐	lei	0	㰐
cn_dicts/41448.dict.yaml	㲕	lei	0	㲕
cn_dicts/41448.dict.yaml	㲺	lei	0	㲺
cn_dicts/41448.dict.yaml	㴃	lei	0	㴃
cn_dicts/41448.dict.yaml	㵢	lei	0	㵢
cn_dicts/41448.dict.yaml	㵽	lei	0	㵽
cn_dicts/41448.dict.yaml	㶟	lei	0	㶟
cn_dicts/41448.dict.yaml	㹎	lei	0	㹎
cn_dicts/41448.dict.yaml	㻋	lei	0	㻋
cn_dicts/41448.dict.yaml	㼍	lei	0	㼍
cn_dicts/41448.dict.yaml	㿔	lei	0	㿔
cn_dicts/41448.dict.yaml	䉂	lei	0	䉂
cn_dicts/41448.dict.yaml	䉓	lei	0	䉓
cn_dicts/41448.dict.yaml	䉪	lei	0	䉪
cn_dicts/41448.dict.yaml	䍣	lei	0	䍣
cn_dicts/41448.dict.yaml	䍥	lei	0	䍥
cn_dicts/41448.dict.yaml	䐯	lei	0	䐯
cn_dicts/41448.dict.yaml	䒹	lei	0	䒹
cn_dicts/41448.dict.yaml	䛶	lei	0	䛶
cn_dicts/41448.dict.yaml	䢮	lei	0	䢮
cn_dicts/41448.dict.yaml	䣂	lei	0	䣂
cn_dicts/41448.dict.yaml	䣦	lei	0	䣦
cn_dicts/41448.dict.yaml	䨓	lei	0	䨓
cn_dicts/41448.dict.yaml	䮑	lei	0	䮑
cn_dicts/41448.dict.yaml	䴎	lei	0	䴎
cn_dicts/41448.dict.yaml	𠱤	lei	0	𠱤
cn_dicts/41448.dict.yaml	𡈶	lei	0	𡈶
cn_dicts/41448.dict.yaml	𡔇	lei	0	𡔇
cn_dicts/41448.dict.yaml	𡚗	lei	0	𡚗
cn_dicts/41448.dict.yaml	𡰠	lei	0	𡰠
cn_dicts/41448.dict.yaml	𡻭	lei	0	𡻭
cn_dicts/41448.dict.yaml	𡻱	lei	0	𡻱
cn_dicts/41448.dict.yaml	𡼊	lei	0	𡼊
cn_dicts/41448.dict.yaml	𡾋	lei	0	𡾋
cn_dicts/41448.dict.yaml	𡾖	lei	0	𡾖
cn_dicts/41448.dict.yaml	𡿉	lei	0	𡿉
cn_dicts/41448.dict.yaml	𡿛	lei	0	𡿛
cn_dicts/41448.dict.yaml	𢴱	lei	0	𢴱
cn_dicts/41448.dict.yaml	𢹮	lei	0	𢹮
cn_dicts/41448.dict.yaml	𣀀	lei	0	𣀀
cn_dicts/41448.dict.yaml	𣀜	lei	0	𣀜
cn_dicts/41448.dict.yaml	𣚎	lei	0	𣚎
cn_dicts/41448.dict.yaml	𣠠	lei	0	𣠠
cn_dicts/41448.dict.yaml	𣡧	lei	0	𣡧
cn_dicts/41448.dict.yaml	𣡺	lei	0	𣡺
cn_dicts/41448.dict.yaml	𣨅	lei	0	𣨅
cn_dicts/41448.dict.yaml	𤃻	lei	0	𤃻
cn_dicts/41448.dict.yaml	𤜖	lei	0	𤜖
cn_dicts/41448.dict.yaml	𤡂	lei	0	𤡂
cn_dicts/41448.dict.yaml	𤢹	lei	0	𤢹
cn_dicts/41448.dict.yaml	𤮎	lei	0	𤮎
cn_dicts/41448.dict.yaml	𤮚	lei	0	𤮚
cn_dicts/41448.dict.yaml	𤮸	lei	0	𤮸
cn_dicts/41448.dict.yaml	𤳴	lei	0	𤳴
cn_dicts/41448.dict.yaml	𤼘	lei	0	𤼘
cn_dicts/41448.dict.yaml	𥅦	lei	0	𥅦
cn_dicts/41448.dict.yaml	𥍔	lei	0	𥍔
cn_dicts/41448.dict.yaml	𥑶	lei	0	𥑶
cn_dicts/41448.dict.yaml	𥗬	lei	0	𥗬
cn_dicts/41448.dict.yaml	𥗶	lei	0	𥗶
cn_dicts/41448.dict.yaml	𥣬	lei	0	𥣬
cn_dicts/41448.dict.yaml	𥤐	lei	0	𥤐
cn_dicts/41448.dict.yaml	𦇄	lei	0	𦇄
cn_dicts/41448.dict.yaml	𦓥	lei	0	𦓥
cn_dicts/41448.dict.yaml	𦢏	lei	0	𦢏
cn_dicts/41448.dict.yaml	𦣄	lei	0	𦣄
cn_dicts/41448.dict.yaml	𧒜	lei	0	𧒜
cn_dicts/41448.dict.yaml	𧒽	lei	0	𧒽
cn_dicts/41448.dict.yaml	𧞭	lei	0	𧞭
cn_dicts/41448.dict.yaml	𨀤	lei	0	𨀤
cn_dicts/41448.dict.yaml	𨄱	lei	0	𨄱
cn_dicts/41448.dict.yaml	𨊚	lei	0	𨊚
cn_dicts/41448.dict.yaml	𨏒	lei	0	𨏒
cn_dicts/41448.dict.yaml	𨞽	lei	0	𨞽
cn_dicts/41448.dict.yaml	𨶺	lei	0	𨶺
cn_dicts/41448.dict.yaml	𨻌	lei	0	𨻌
cn_dicts/41448.dict.yaml	𩑚	lei	0	𩑚
cn_dicts/41448.dict.yaml	𩔗	lei	0	𩔗
cn_dicts/41448.dict.yaml	𩛝	lei	0	𩛝
cn_dicts/41448.dict.yaml	𩴻	lei	0	𩴻
cn_dicts/41448.dict.yaml	𩵓	lei	0	𩵓
cn_dicts/41448.dict.yaml	𪑯	lei	0	𪑯
cn_dicts/41448.dict.yaml	㘄	leng	0	㘄
cn_dicts/41448.dict.yaml	䉄	leng	0	䉄
cn_dicts/41448.dict.yaml	䚏	leng	0	䚏
cn_dicts/41448.dict.yaml	䬋	leng	0	䬋
cn_dicts/41448.dict.yaml	䮚	leng	0	䮚
cn_dicts/41448.dict.yaml	𥈮	leng	0	𥈮
cn_dicts/41448.dict.yaml	𦼊	leng	0	𦼊
cn_dicts/41448.dict.yaml	𧼔	leng	0	𧼔
cn_dicts/41448.dict.yaml	𨈓	leng	0	𨈓
cn_dicts/41448.dict.yaml	𩩡	leng	0	𩩡
cn_dicts/41448.dict.yaml	㑦	li	0	㑦
cn_dicts/41448.dict.yaml	㒧	li	0	㒧
cn_dicts/41448.dict.yaml	㒿	li	0	㒿
cn_dicts/41448.dict.yaml	㓯	li	0	㓯
cn_dicts/41448.dict.yaml	㔏	li	0	㔏
cn_dicts/41448.dict.yaml	㕸	li	0	㕸
cn_dicts/41448.dict.yaml	㗚	li	0	㗚
cn_dicts/41448.dict.yaml	㘑	li	0	㘑
cn_dicts/41448.dict.yaml	㟳	li	0	㟳
cn_dicts/41448.dict.yaml	㠟	li	0	㠟
cn_dicts/41448.dict.yaml	㠣	li	0	㠣
cn_dicts/41448.dict.yaml	㡂	li	0	㡂
cn_dicts/41448.dict.yaml	㤡	li	0	㤡
cn_dicts/41448.dict.yaml	㤦	li	0	㤦
cn_dicts/41448.dict.yaml	㥎	li	0	㥎
cn_dicts/41448.dict.yaml	㦒	li	0	㦒
cn_dicts/41448.dict.yaml	㧰	li	0	㧰
cn_dicts/41448.dict.yaml	㬏	li	0	㬏
cn_dicts/41448.dict.yaml	㮚	li	0	㮚
cn_dicts/41448.dict.yaml	㯤	li	0	㯤
cn_dicts/41448.dict.yaml	㰚	li	0	㰚
cn_dicts/41448.dict.yaml	㱹	li	0	㱹
cn_dicts/41448.dict.yaml	㴃	li	0	㴃
cn_dicts/41448.dict.yaml	㴝	li	0	㴝
cn_dicts/41448.dict.yaml	㷰	li	0	㷰
cn_dicts/41448.dict.yaml	㷴	li	0	㷴
cn_dicts/41448.dict.yaml	㸚	li	0	㸚
cn_dicts/41448.dict.yaml	㹈	li	0	㹈
cn_dicts/41448.dict.yaml	㺡	li	0	㺡
cn_dicts/41448.dict.yaml	㻎	li	0	㻎
cn_dicts/41448.dict.yaml	㻺	li	0	㻺
cn_dicts/41448.dict.yaml	㼖	li	0	㼖
cn_dicts/41448.dict.yaml	㽁	li	0	㽁
cn_dicts/41448.dict.yaml	㽝	li	0	㽝
cn_dicts/41448.dict.yaml	㾐	li	0	㾐
cn_dicts/41448.dict.yaml	㾖	li	0	㾖
cn_dicts/41448.dict.yaml	㿛	li	0	㿛
cn_dicts/41448.dict.yaml	㿨	li	0	㿨
cn_dicts/41448.dict.yaml	䁻	li	0	䁻
cn_dicts/41448.dict.yaml	䃯	li	0	䃯
cn_dicts/41448.dict.yaml	䅄	li	0	䅄
cn_dicts/41448.dict.yaml	䅻	li	0	䅻
cn_dicts/41448.dict.yaml	䇐	li	0	䇐
cn_dicts/41448.dict.yaml	䉫	li	0	䉫
cn_dicts/41448.dict.yaml	䊍	li	0	䊍
cn_dicts/41448.dict.yaml	䊪	li	0	䊪
cn_dicts/41448.dict.yaml	䋥	li	0	䋥
cn_dicts/41448.dict.yaml	䍠	li	0	䍠
cn_dicts/41448.dict.yaml	䍥	li	0	䍥
cn_dicts/41448.dict.yaml	䍦	li	0	䍦
cn_dicts/41448.dict.yaml	䍽	li	0	䍽
cn_dicts/41448.dict.yaml	䓞	li	0	䓞
cn_dicts/41448.dict.yaml	䔁	li	0	䔁
cn_dicts/41448.dict.yaml	䔆	li	0	䔆
cn_dicts/41448.dict.yaml	䔉	li	0	䔉
cn_dicts/41448.dict.yaml	䔣	li	0	䔣
cn_dicts/41448.dict.yaml	䔧	li	0	䔧
cn_dicts/41448.dict.yaml	䕻	li	0	䕻
cn_dicts/41448.dict.yaml	䖽	li	0	䖽
cn_dicts/41448.dict.yaml	䖿	li	0	䖿
cn_dicts/41448.dict.yaml	䗍	li	0	䗍
cn_dicts/41448.dict.yaml	䗶	li	0	䗶
cn_dicts/41448.dict.yaml	䘈	li	0	䘈
cn_dicts/41448.dict.yaml	䙰	li	0	䙰
cn_dicts/41448.dict.yaml	䚏	li	0	䚏
cn_dicts/41448.dict.yaml	䚕	li	0	䚕
cn_dicts/41448.dict.yaml	䟏	li	0	䟏
cn_dicts/41448.dict.yaml	䟐	li	0	䟐
cn_dicts/41448.dict.yaml	䡃	li	0	䡃
cn_dicts/41448.dict.yaml	䣓	li	0	䣓
cn_dicts/41448.dict.yaml	䣫	li	0	䣫
cn_dicts/41448.dict.yaml	䤙	li	0	䤙
cn_dicts/41448.dict.yaml	䤚	li	0	䤚
cn_dicts/41448.dict.yaml	䥶	li	0	䥶
cn_dicts/41448.dict.yaml	䧉	li	0	䧉
cn_dicts/41448.dict.yaml	䬅	li	0	䬅
cn_dicts/41448.dict.yaml	䬆	li	0	䬆
cn_dicts/41448.dict.yaml	䮋	li	0	䮋
cn_dicts/41448.dict.yaml	䮥	li	0	䮥
cn_dicts/41448.dict.yaml	䰛	li	0	䰛
cn_dicts/41448.dict.yaml	䰜	li	0	䰜
cn_dicts/41448.dict.yaml	䱘	li	0	䱘
cn_dicts/41448.dict.yaml	䲞	li	0	䲞
cn_dicts/41448.dict.yaml	䴄	li	0	䴄
cn_dicts/41448.dict.yaml	䴡	li	0	䴡
cn_dicts/41448.dict.yaml	䴻	li	0	䴻
cn_dicts/41448.dict.yaml	䵓	li	0	䵓
cn_dicts/41448.dict.yaml	䵩	li	0	䵩
cn_dicts/41448.dict.yaml	䶘	li	0	䶘
cn_dicts/41448.dict.yaml	𠌯	li	0	𠌯
cn_dicts/41448.dict.yaml	𠘞	li	0	𠘞
cn_dicts/41448.dict.yaml	𠘟	li	0	𠘟
cn_dicts/41448.dict.yaml	𠚄	li	0	𠚄
cn_dicts/41448.dict.yaml	𠛘	li	0	𠛘
cn_dicts/41448.dict.yaml	𠛦	li	0	𠛦
cn_dicts/41448.dict.yaml	𠝄	li	0	𠝄
cn_dicts/41448.dict.yaml	𠞉	li	0	𠞉
cn_dicts/41448.dict.yaml	𠞙	li	0	𠞙
cn_dicts/41448.dict.yaml	𠞤	li	0	𠞤
cn_dicts/41448.dict.yaml	𠠏	li	0	𠠏
cn_dicts/41448.dict.yaml	𠠝	li	0	𠠝
cn_dicts/41448.dict.yaml	𠠵	li	0	𠠵
cn_dicts/41448.dict.yaml	𠢠	li	0	𠢠
cn_dicts/41448.dict.yaml	𠩵	li	0	𠩵
cn_dicts/41448.dict.yaml	𠪄	li	0	𠪄
cn_dicts/41448.dict.yaml	𠪺	li	0	𠪺
cn_dicts/41448.dict.yaml	𠫌	li	0	𠫌
cn_dicts/41448.dict.yaml	𠭰	li	0	𠭰
cn_dicts/41448.dict.yaml	𠻗	li	0	𠻗
cn_dicts/41448.dict.yaml	𠼝	li	0	𠼝
cn_dicts/41448.dict.yaml	𠾆	li	0	𠾆
cn_dicts/41448.dict.yaml	𡃷	li	0	𡃷
cn_dicts/41448.dict.yaml	𡆯	li	0	𡆯
cn_dicts/41448.dict.yaml	𡤌	li	0	𡤌
cn_dicts/41448.dict.yaml	𡥽	li	0	𡥽
cn_dicts/41448.dict.yaml	𡫯	li	0	𡫯
cn_dicts/41448.dict.yaml	𡮰	li	0	𡮰
cn_dicts/41448.dict.yaml	𡯄	li	0	𡯄
cn_dicts/41448.dict.yaml	𡳸	li	0	𡳸
cn_dicts/41448.dict.yaml	𡸉	li	0	𡸉
cn_dicts/41448.dict.yaml	𡾒	li	0	𡾒
cn_dicts/41448.dict.yaml	𡿋	li	0	𡿋
cn_dicts/41448.dict.yaml	𡿎	li	0	𡿎
cn_dicts/41448.dict.yaml	𢄡	li	0	𢄡
cn_dicts/41448.dict.yaml	𢌈	li	0	𢌈
cn_dicts/41448.dict.yaml	𢍼	li	0	𢍼
cn_dicts/41448.dict.yaml	𢏃	li	0	𢏃
cn_dicts/41448.dict.yaml	𢛮	li	0	𢛮
cn_dicts/41448.dict.yaml	𢟢	li	0	𢟢
cn_dicts/41448.dict.yaml	𢟤	li	0	𢟤
cn_dicts/41448.dict.yaml	𢡑	li	0	𢡑
cn_dicts/41448.dict.yaml	𢤂	li	0	𢤂
cn_dicts/41448.dict.yaml	𢤆	li	0	𢤆
cn_dicts/41448.dict.yaml	𢤩	li	0	𢤩
cn_dicts/41448.dict.yaml	𢨨	li	0	𢨨
cn_dicts/41448.dict.yaml	𢩑	li	0	𢩑
cn_dicts/41448.dict.yaml	𢮃	li	0	𢮃
cn_dicts/41448.dict.yaml	𢸀	li	0	𢸀
cn_dicts/41448.dict.yaml	𢻠	li	0	𢻠
cn_dicts/41448.dict.yaml	𣀂	li	0	𣀂
cn_dicts/41448.dict.yaml	𣀥	li	0	𣀥
cn_dicts/41448.dict.yaml	𣀷	li	0	𣀷
cn_dicts/41448.dict.yaml	𣁟	li	0	𣁟
cn_dicts/41448.dict.yaml	𣌅	li	0	𣌅
cn_dicts/41448.dict.yaml	𣌜	li	0	𣌜
cn_dicts/41448.dict.yaml	𣐬	li	0	𣐬
cn_dicts/41448.dict.yaml	𣖊	li	0	𣖊
cn_dicts/41448.dict.yaml	𣘬	li	0	𣘬
cn_dicts/41448.dict.yaml	𣞴	li	0	𣞴
cn_dicts/41448.dict.yaml	𣟌	li	0	𣟌
cn_dicts/41448.dict.yaml	𣦯	li	0	𣦯
cn_dicts/41448.dict.yaml	𣧿	li	0	𣧿
cn_dicts/41448.dict.yaml	𣫥	li	0	𣫥
cn_dicts/41448.dict.yaml	𣫧	li	0	𣫧
cn_dicts/41448.dict.yaml	𣮉	li	0	𣮉
cn_dicts/41448.dict.yaml	𣯤	li	0	𣯤
cn_dicts/41448.dict.yaml	𣲒	li	0	𣲒
cn_dicts/41448.dict.yaml	𣿞	li	0	𣿞
cn_dicts/41448.dict.yaml	𤁼	li	0	𤁼
cn_dicts/41448.dict.yaml	𤃀	li	0	𤃀
cn_dicts/41448.dict.yaml	𤄽	li	0	𤄽
cn_dicts/41448.dict.yaml	𤔨	li	0	𤔨
cn_dicts/41448.dict.yaml	𤖢	li	0	𤖢
cn_dicts/41448.dict.yaml	𤗫	li	0	𤗫
cn_dicts/41448.dict.yaml	𤘃	li	0	𤘃
cn_dicts/41448.dict.yaml	𤚓	li	0	𤚓
cn_dicts/41448.dict.yaml	𤜜	li	0	𤜜
cn_dicts/41448.dict.yaml	𤟑	li	0	𤟑
cn_dicts/41448.dict.yaml	𤠫	li	0	𤠫
cn_dicts/41448.dict.yaml	𤡿	li	0	𤡿
cn_dicts/41448.dict.yaml	𤢴	li	0	𤢴
cn_dicts/41448.dict.yaml	𤩮	li	0	𤩮
cn_dicts/41448.dict.yaml	𤭜	li	0	𤭜
cn_dicts/41448.dict.yaml	𤳓	li	0	𤳓
cn_dicts/41448.dict.yaml	𤹇	li	0	𤹇
cn_dicts/41448.dict.yaml	𤹈	li	0	𤹈
cn_dicts/41448.dict.yaml	𤻤	li	0	𤻤
cn_dicts/41448.dict.yaml	𤼚	li	0	𤼚
cn_dicts/41448.dict.yaml	𥁟	li	0	𥁟
cn_dicts/41448.dict.yaml	𥉆	li	0	𥉆
cn_dicts/41448.dict.yaml	𥊈	li	0	𥊈
cn_dicts/41448.dict.yaml	𥌛	li	0	𥌛
cn_dicts/41448.dict.yaml	𥌤	li	0	𥌤
cn_dicts/41448.dict.yaml	𥌮	li	0	𥌮
cn_dicts/41448.dict.yaml	𥌿	li	0	𥌿
cn_dicts/41448.dict.yaml	𥎓	li	0	𥎓
cn_dicts/41448.dict.yaml	𥎔	li	0	𥎔
cn_dicts/41448.dict.yaml	𥒢	li	0	𥒢
cn_dicts/41448.dict.yaml	𥓃	li	0	𥓃
cn_dicts/41448.dict.yaml	𥝢	li	0	𥝢
cn_dicts/41448.dict.yaml	𥠲	li	0	𥠲
cn_dicts/41448.dict.yaml	𥣥	li	0	𥣥
cn_dicts/41448.dict.yaml	𥨻	li	0	𥨻
cn_dicts/41448.dict.yaml	𥬭	li	0	𥬭
cn_dicts/41448.dict.yaml	𥲧	li	0	𥲧
cn_dicts/41448.dict.yaml	𥲪	li	0	𥲪
cn_dicts/41448.dict.yaml	𥴡	li	0	𥴡
cn_dicts/41448.dict.yaml	𥶗	li	0	𥶗
cn_dicts/41448.dict.yaml	𥷅	li	0	𥷅
cn_dicts/41448.dict.yaml	𥷗	li	0	𥷗
cn_dicts/41448.dict.yaml	𥻑	li	0	𥻑
cn_dicts/41448.dict.yaml	𥻿	li	0	𥻿
cn_dicts/41448.dict.yaml	𥼅	li	0	𥼅
cn_dicts/41448.dict.yaml	𥽈	li	0	𥽈
cn_dicts/41448.dict.yaml	𥽗	li	0	𥽗
cn_dicts/41448.dict.yaml	𦃇	li	0	𦃇
cn_dicts/41448.dict.yaml	𦃊	li	0	𦃊
cn_dicts/41448.dict.yaml	𦅺	li	0	𦅺
cn_dicts/41448.dict.yaml	𦇔	li	0	𦇔
cn_dicts/41448.dict.yaml	𦎐	li	0	𦎐
cn_dicts/41448.dict.yaml	𦔓	li	0	𦔓
cn_dicts/41448.dict.yaml	𦕸	li	0	𦕸
cn_dicts/41448.dict.yaml	𦘊	li	0	𦘊
cn_dicts/41448.dict.yaml	𦜏	li	0	𦜏
cn_dicts/41448.dict.yaml	𦠓	li	0	𦠓
cn_dicts/41448.dict.yaml	𦢱	li	0	𦢱
cn_dicts/41448.dict.yaml	𦪶	li	0	𦪶
cn_dicts/41448.dict.yaml	𦪾	li	0	𦪾
cn_dicts/41448.dict.yaml	𦫈	li	0	𦫈
cn_dicts/41448.dict.yaml	𦺙	li	0	𦺙
cn_dicts/41448.dict.yaml	𧄚	li	0	𧄚
cn_dicts/41448.dict.yaml	𧄻	li	0	𧄻
cn_dicts/41448.dict.yaml	𧅮	li	0	𧅮
cn_dicts/41448.dict.yaml	𧅯	li	0	𧅯
cn_dicts/41448.dict.yaml	𧉲	li	0	𧉲
cn_dicts/41448.dict.yaml	𧋎	li	0	𧋎
cn_dicts/41448.dict.yaml	𧋠	li	0	𧋠
cn_dicts/41448.dict.yaml	𧍀	li	0	𧍀
cn_dicts/41448.dict.yaml	𧑇	li	0	𧑇
cn_dicts/41448.dict.yaml	𧒈	li	0	𧒈
cn_dicts/41448.dict.yaml	𧓽	li	0	𧓽
cn_dicts/41448.dict.yaml	𧔝	li	0	𧔝
cn_dicts/41448.dict.yaml	𧕮	li	0	𧕮
cn_dicts/41448.dict.yaml	𧕯	li	0	𧕯
cn_dicts/41448.dict.yaml	𧘫	li	0	𧘫
cn_dicts/41448.dict.yaml	𧙉	li	0	𧙉
cn_dicts/41448.dict.yaml	𧚩	li	0	𧚩
cn_dicts/41448.dict.yaml	𧢝	li	0	𧢝
cn_dicts/41448.dict.yaml	𧤜	li	0	𧤜
cn_dicts/41448.dict.yaml	𧥖	li	0	𧥖
cn_dicts/41448.dict.yaml	𧧋	li	0	𧧋
cn_dicts/41448.dict.yaml	𧫬	li	0	𧫬
cn_dicts/41448.dict.yaml	𧮛	li	0	𧮛
cn_dicts/41448.dict.yaml	𧯏	li	0	𧯏
cn_dicts/41448.dict.yaml	𧰡	li	0	𧰡
cn_dicts/41448.dict.yaml	𧲡	li	0	𧲡
cn_dicts/41448.dict.yaml	𧴠	li	0	𧴠
cn_dicts/41448.dict.yaml	𧽲	li	0	𧽲
cn_dicts/41448.dict.yaml	𨁸	li	0	𨁸
cn_dicts/41448.dict.yaml	𨃙	li	0	𨃙
cn_dicts/41448.dict.yaml	𨄛	li	0	𨄛
cn_dicts/41448.dict.yaml	𨇎	li	0	𨇎
cn_dicts/41448.dict.yaml	𨇗	li	0	𨇗
cn_dicts/41448.dict.yaml	𨊛	li	0	𨊛
cn_dicts/41448.dict.yaml	𨍫	li	0	𨍫
cn_dicts/41448.dict.yaml	𨍮	li	0	𨍮
cn_dicts/41448.dict.yaml	𨏬	li	0	𨏬
cn_dicts/41448.dict.yaml	𨓦	li	0	𨓦
cn_dicts/41448.dict.yaml	𨘸	li	0	𨘸
cn_dicts/41448.dict.yaml	𨛋	li	0	𨛋
cn_dicts/41448.dict.yaml	𨛫	li	0	𨛫
cn_dicts/41448.dict.yaml	𨜼	li	0	𨜼
cn_dicts/41448.dict.yaml	𨝏	li	0	𨝏
cn_dicts/41448.dict.yaml	𨝖	li	0	𨝖
cn_dicts/41448.dict.yaml	𨝟	li	0	𨝟
cn_dicts/41448.dict.yaml	𨞺	li	0	𨞺
cn_dicts/41448.dict.yaml	𨟑	li	0	𨟑
cn_dicts/41448.dict.yaml	𨢌	li	0	𨢌
cn_dicts/41448.dict.yaml	𨤫	li	0	𨤫
cn_dicts/41448.dict.yaml	𨪹	li	0	𨪹
cn_dicts/41448.dict.yaml	𨬑	li	0	𨬑
cn_dicts/41448.dict.yaml	𨯽	li	0	𨯽
cn_dicts/41448.dict.yaml	𨴻	li	0	𨴻
cn_dicts/41448.dict.yaml	𨷦	li	0	𨷦
cn_dicts/41448.dict.yaml	𨽹	li	0	𨽹
cn_dicts/41448.dict.yaml	𨽻	li	0	𨽻
cn_dicts/41448.dict.yaml	𩁟	li	0	𩁟
cn_dicts/41448.dict.yaml	𩄞	li	0	𩄞
cn_dicts/41448.dict.yaml	𩅩	li	0	𩅩
cn_dicts/41448.dict.yaml	𩆝	li	0	𩆝
cn_dicts/41448.dict.yaml	𩆲	li	0	𩆲
cn_dicts/41448.dict.yaml	𩔗	li	0	𩔗
cn_dicts/41448.dict.yaml	𩗅	li	0	𩗅
cn_dicts/41448.dict.yaml	𩗭	li	0	𩗭
cn_dicts/41448.dict.yaml	𩘟	li	0	𩘟
cn_dicts/41448.dict.yaml	𩘡	li	0	𩘡
cn_dicts/41448.dict.yaml	𩙖	li	0	𩙖
cn_dicts/41448.dict.yaml	𩞨	li	0	𩞨
cn_dicts/41448.dict.yaml	𩣫	li	0	𩣫
cn_dicts/41448.dict.yaml	𩥬	li	0	𩥬
cn_dicts/41448.dict.yaml	𩥴	li	0	𩥴
cn_dicts/41448.dict.yaml	𩧃	li	0	𩧃
cn_dicts/41448.dict.yaml	𩧋	li	0	𩧋
cn_dicts/41448.dict.yaml	𩪸	li	0	𩪸
cn_dicts/41448.dict.yaml	𩭇	li	0	𩭇
cn_dicts/41448.dict.yaml	𩯺	li	0	𩯺
cn_dicts/41448.dict.yaml	𩰲	li	0	𩰲
cn_dicts/41448.dict.yaml	𩱇	li	0	𩱇
cn_dicts/41448.dict.yaml	𩳓	li	0	𩳓
cn_dicts/41448.dict.yaml	𩴣	li	0	𩴣
cn_dicts/41448.dict.yaml	𩶘	li	0	𩶘
cn_dicts/41448.dict.yaml	𩷋	li	0	𩷋
cn_dicts/41448.dict.yaml	𩻌	li	0	𩻌
cn_dicts/41448.dict.yaml	𩽏	li	0	𩽏
cn_dicts/41448.dict.yaml	𩽵	li	0	𩽵
cn_dicts/41448.dict.yaml	𪁐	li	0	𪁐
cn_dicts/41448.dict.yaml	𪅆	li	0	𪅆
cn_dicts/41448.dict.yaml	𪅼	li	0	𪅼
cn_dicts/41448.dict.yaml	𪌱	li	0	𪌱
cn_dicts/41448.dict.yaml	𪏵	li	0	𪏵
cn_dicts/41448.dict.yaml	𪏼	li	0	𪏼
cn_dicts/41448.dict.yaml	𪐅	li	0	𪐅
cn_dicts/41448.dict.yaml	𪑚	li	0	𪑚
cn_dicts/41448.dict.yaml	𪒔	li	0	𪒔
cn_dicts/41448.dict.yaml	𪓀	li	0	𪓀
cn_dicts/41448.dict.yaml	𪕴	li	0	𪕴
cn_dicts/41448.dict.yaml	𪖂	li	0	𪖂
cn_dicts/41448.dict.yaml	𪖍	li	0	𪖍
cn_dicts/41448.dict.yaml	𪗁	li	0	𪗁
cn_dicts/41448.dict.yaml	𪙺	li	0	𪙺
cn_dicts/41448.dict.yaml	𪙽	li	0	𪙽
cn_dicts/41448.dict.yaml	𫐆	li	0	𫐆
cn_dicts/41448.dict.yaml	𫟷	li	0	𫟷
cn_dicts/41448.dict.yaml	㜃	lian	0	㜃
cn_dicts/41448.dict.yaml	㜕	lian	0	㜕
cn_dicts/41448.dict.yaml	㜻	lian	0	㜻
cn_dicts/41448.dict.yaml	㝺	lian	0	㝺
cn_dicts/41448.dict.yaml	㟀	lian	0	㟀
cn_dicts/41448.dict.yaml	㡘	lian	0	㡘
cn_dicts/41448.dict.yaml	㢘	lian	0	㢘
cn_dicts/41448.dict.yaml	㥕	lian	0	㥕
cn_dicts/41448.dict.yaml	㦁	lian	0	㦁
cn_dicts/41448.dict.yaml	㦑	lian	0	㦑
cn_dicts/41448.dict.yaml	㪘	lian	0	㪘
cn_dicts/41448.dict.yaml	㪝	lian	0	㪝
cn_dicts/41448.dict.yaml	㯬	lian	0	㯬
cn_dicts/41448.dict.yaml	㰈	lian	0	㰈
cn_dicts/41448.dict.yaml	㰸	lian	0	㰸
cn_dicts/41448.dict.yaml	㱨	lian	0	㱨
cn_dicts/41448.dict.yaml	㶌	lian	0	㶌
cn_dicts/41448.dict.yaml	㶑	lian	0	㶑
cn_dicts/41448.dict.yaml	㺦	lian	0	㺦
cn_dicts/41448.dict.yaml	㼑	lian	0	㼑
cn_dicts/41448.dict.yaml	㼓	lian	0	㼓
cn_dicts/41448.dict.yaml	㾾	lian	0	㾾
cn_dicts/41448.dict.yaml	䁠	lian	0	䁠
cn_dicts/41448.dict.yaml	䃛	lian	0	䃛
cn_dicts/41448.dict.yaml	䆂	lian	0	䆂
cn_dicts/41448.dict.yaml	䇜	lian	0	䇜
cn_dicts/41448.dict.yaml	䌞	lian	0	䌞
cn_dicts/41448.dict.yaml	䏈	lian	0	䏈
cn_dicts/41448.dict.yaml	䐄	lian	0	䐄
cn_dicts/41448.dict.yaml	䙺	lian	0	䙺
cn_dicts/41448.dict.yaml	䥥	lian	0	䥥
cn_dicts/41448.dict.yaml	䨬	lian	0	䨬
cn_dicts/41448.dict.yaml	䭑	lian	0	䭑
cn_dicts/41448.dict.yaml	𠋖	lian	0	𠋖
cn_dicts/41448.dict.yaml	𠒵	lian	0	𠒵
cn_dicts/41448.dict.yaml	𠔨	lian	0	𠔨
cn_dicts/41448.dict.yaml	𠗳	lian	0	𠗳
cn_dicts/41448.dict.yaml	𡆕	lian	0	𡆕
cn_dicts/41448.dict.yaml	𡟤	lian	0	𡟤
cn_dicts/41448.dict.yaml	𢅏	lian	0	𢅏
cn_dicts/41448.dict.yaml	𢉧	lian	0	𢉧
cn_dicts/41448.dict.yaml	𣀃	lian	0	𣀃
cn_dicts/41448.dict.yaml	𣝈	lian	0	𣝈
cn_dicts/41448.dict.yaml	𣞰	lian	0	𣞰
cn_dicts/41448.dict.yaml	𣟺	lian	0	𣟺
cn_dicts/41448.dict.yaml	𣿊	lian	0	𣿊
cn_dicts/41448.dict.yaml	𤑿	lian	0	𤑿
cn_dicts/41448.dict.yaml	𤒦	lian	0	𤒦
cn_dicts/41448.dict.yaml	𤗛	lian	0	𤗛
cn_dicts/41448.dict.yaml	𤣆	lian	0	𤣆
cn_dicts/41448.dict.yaml	𤬓	lian	0	𤬓
cn_dicts/41448.dict.yaml	𤹨	lian	0	𤹨
cn_dicts/41448.dict.yaml	𤼏	lian	0	𤼏
cn_dicts/41448.dict.yaml	𤾲	lian	0	𤾲
cn_dicts/41448.dict.yaml	𥖝	lian	0	𥖝
cn_dicts/41448.dict.yaml	𥲥	lian	0	𥲥
cn_dicts/41448.dict.yaml	𥽸	lian	0	𥽸
cn_dicts/41448.dict.yaml	𦆆	lian	0	𦆆
cn_dicts/41448.dict.yaml	𦔖	lian	0	𦔖
cn_dicts/41448.dict.yaml	𦖾	lian	0	𦖾
cn_dicts/41448.dict.yaml	𦣸	lian	0	𦣸
cn_dicts/41448.dict.yaml	𧍴	lian	0	𧍴
cn_dicts/41448.dict.yaml	𧐖	lian	0	𧐖
cn_dicts/41448.dict.yaml	𧡙	lian	0	𧡙
cn_dicts/41448.dict.yaml	𧡴	lian	0	𧡴
cn_dicts/41448.dict.yaml	𧸖	lian	0	𧸖
cn_dicts/41448.dict.yaml	𧸘	lian	0	𧸘
cn_dicts/41448.dict.yaml	𧽫	lian	0	𧽫
cn_dicts/41448.dict.yaml	𨎷	lian	0	𨎷
cn_dicts/41448.dict.yaml	𨏩	lian	0	𨏩
cn_dicts/41448.dict.yaml	𨏶	lian	0	𨏶
cn_dicts/41448.dict.yaml	𨬁	lian	0	𨬁
cn_dicts/41448.dict.yaml	𨽷	lian	0	𨽷
cn_dicts/41448.dict.yaml	𩄡	lian	0	𩄡
cn_dicts/41448.dict.yaml	𩞙	lian	0	𩞙
cn_dicts/41448.dict.yaml	𩟅	lian	0	𩟅
cn_dicts/41448.dict.yaml	𪍦	lian	0	𪍦
cn_dicts/41448.dict.yaml	𪍴	lian	0	𪍴
cn_dicts/41448.dict.yaml	𪐋	lian	0	𪐋
cn_dicts/41448.dict.yaml	𪐍	lian	0	𪐍
cn_dicts/41448.dict.yaml	𪖳	lian	0	𪖳
cn_dicts/41448.dict.yaml	𪚁	lian	0	𪚁
cn_dicts/41448.dict.yaml	𪛒	lian	0	𪛒
cn_dicts/41448.dict.yaml	㒳	liang	0	㒳
cn_dicts/41448.dict.yaml	㔝	liang	0	㔝
cn_dicts/41448.dict.yaml	㹁	liang	0	㹁
cn_dicts/41448.dict.yaml	㾗	liang	0	㾗
cn_dicts/41448.dict.yaml	䀶	liang	0	䀶
cn_dicts/41448.dict.yaml	䁁	liang	0	䁁
cn_dicts/41448.dict.yaml	䓣	liang	0	䓣
cn_dicts/41448.dict.yaml	䝶	liang	0	䝶
cn_dicts/41448.dict.yaml	䠃	liang	0	䠃
cn_dicts/41448.dict.yaml	䣼	liang	0	䣼
cn_dicts/41448.dict.yaml	䩫	liang	0	䩫
cn_dicts/41448.dict.yaml	䭪	liang	0	䭪
cn_dicts/41448.dict.yaml	鿄	liang	0	鿄
cn_dicts/41448.dict.yaml	鿌	liang	0	鿌
cn_dicts/41448.dict.yaml	𠓜	liang	0	𠓜
cn_dicts/41448.dict.yaml	𠯱	liang	0	𠯱
cn_dicts/41448.dict.yaml	𡑆	liang	0	𡑆
cn_dicts/41448.dict.yaml	𡮎	liang	0	𡮎
cn_dicts/41448.dict.yaml	𣄴	liang	0	𣄴
cn_dicts/41448.dict.yaml	𣓈	liang	0	𣓈
cn_dicts/41448.dict.yaml	𤙝	liang	0	𤙝
cn_dicts/41448.dict.yaml	𥈘	liang	0	𥈘
cn_dicts/41448.dict.yaml	𥛫	liang	0	𥛫
cn_dicts/41448.dict.yaml	𨄈	liang	0	𨄈
cn_dicts/41448.dict.yaml	𨎍	liang	0	𨎍
cn_dicts/41448.dict.yaml	𨎛	liang	0	𨎛
cn_dicts/41448.dict.yaml	𨵶	liang	0	𨵶
cn_dicts/41448.dict.yaml	𩗾	liang	0	𩗾
cn_dicts/41448.dict.yaml	𩘁	liang	0	𩘁
cn_dicts/41448.dict.yaml	㙩	liao	0	㙩
cn_dicts/41448.dict.yaml	㜃	liao	0	㜃
cn_dicts/41448.dict.yaml	㝋	liao	0	㝋
cn_dicts/41448.dict.yaml	㞠	liao	0	㞠
cn_dicts/41448.dict.yaml	㡻	liao	0	㡻
cn_dicts/41448.dict.yaml	㨓	liao	0	㨓
cn_dicts/41448.dict.yaml	㵳	liao	0	㵳
cn_dicts/41448.dict.yaml	㶫	liao	0	㶫
cn_dicts/41448.dict.yaml	㺒	liao	0	㺒
cn_dicts/41448.dict.yaml	䄦	liao	0	䄦
cn_dicts/41448.dict.yaml	䉼	liao	0	䉼
cn_dicts/41448.dict.yaml	䍡	liao	0	䍡
cn_dicts/41448.dict.yaml	䎆	liao	0	䎆
cn_dicts/41448.dict.yaml	䑠	liao	0	䑠
cn_dicts/41448.dict.yaml	䒿	liao	0	䒿
cn_dicts/41448.dict.yaml	䕞	liao	0	䕞
cn_dicts/41448.dict.yaml	䜍	liao	0	䜍
cn_dicts/41448.dict.yaml	䜮	liao	0	䜮
cn_dicts/41448.dict.yaml	䝀	liao	0	䝀
cn_dicts/41448.dict.yaml	䝤	liao	0	䝤
cn_dicts/41448.dict.yaml	䢧	liao	0	䢧
cn_dicts/41448.dict.yaml	䣈	liao	0	䣈
cn_dicts/41448.dict.yaml	䨅	liao	0	䨅
cn_dicts/41448.dict.yaml	䩍	liao	0	䩍
cn_dicts/41448.dict.yaml	𠐋	liao	0	𠐋
cn_dicts/41448.dict.yaml	𠖂	liao	0	𠖂
cn_dicts/41448.dict.yaml	𠨥	liao	0	𠨥
cn_dicts/41448.dict.yaml	𠺕	liao	0	𠺕
cn_dicts/41448.dict.yaml	𡻪	liao	0	𡻪
cn_dicts/41448.dict.yaml	𢄷	liao	0	𢄷
cn_dicts/41448.dict.yaml	𢊻	liao	0	𢊻
cn_dicts/41448.dict.yaml	𢨺	liao	0	𢨺
cn_dicts/41448.dict.yaml	𢸘	liao	0	𢸘
cn_dicts/41448.dict.yaml	𢻢	liao	0	𢻢
cn_dicts/41448.dict.yaml	𢼙	liao	0	𢼙
cn_dicts/41448.dict.yaml	𢿞	liao	0	𢿞
cn_dicts/41448.dict.yaml	𣁰	liao	0	𣁰
cn_dicts/41448.dict.yaml	𣎸	liao	0	𣎸
cn_dicts/41448.dict.yaml	𣟆	liao	0	𣟆
cn_dicts/41448.dict.yaml	𣩢	liao	0	𣩢
cn_dicts/41448.dict.yaml	𤊽	liao	0	𤊽
cn_dicts/41448.dict.yaml	𤑗	liao	0	𤑗
cn_dicts/41448.dict.yaml	𤵠	liao	0	𤵠
cn_dicts/41448.dict.yaml	𥗀	liao	0	𥗀
cn_dicts/41448.dict.yaml	𥛰	liao	0	𥛰
cn_dicts/41448.dict.yaml	𥲊	liao	0	𥲊
cn_dicts/41448.dict.yaml	𦌒	liao	0	𦌒
cn_dicts/41448.dict.yaml	𦕵	liao	0	𦕵
cn_dicts/41448.dict.yaml	𦗖	liao	0	𦗖
cn_dicts/41448.dict.yaml	𦪕	liao	0	𦪕
cn_dicts/41448.dict.yaml	𦺹	liao	0	𦺹
cn_dicts/41448.dict.yaml	𧂏	liao	0	𧂏
cn_dicts/41448.dict.yaml	𧘈	liao	0	𧘈
cn_dicts/41448.dict.yaml	𧝜	liao	0	𧝜
cn_dicts/41448.dict.yaml	𧡜	liao	0	𧡜
cn_dicts/41448.dict.yaml	𧽽	liao	0	𧽽
cn_dicts/41448.dict.yaml	𨖚	liao	0	𨖚
cn_dicts/41448.dict.yaml	𨣀	liao	0	𨣀
cn_dicts/41448.dict.yaml	𩕐	liao	0	𩕐
cn_dicts/41448.dict.yaml	𩖝	liao	0	𩖝
cn_dicts/41448.dict.yaml	𩯊	liao	0	𩯊
cn_dicts/41448.dict.yaml	𩴤	liao	0	𩴤
cn_dicts/41448.dict.yaml	𪌀	liao	0	𪌀
cn_dicts/41448.dict.yaml	𪌵	liao	0	𪌵
cn_dicts/41448.dict.yaml	𪖷	liao	0	𪖷
cn_dicts/41448.dict.yaml	㤠	lie	0	㤠
cn_dicts/41448.dict.yaml	㧜	lie	0	㧜
cn_dicts/41448.dict.yaml	㬯	lie	0	㬯
cn_dicts/41448.dict.yaml	㭞	lie	0	㭞
cn_dicts/41448.dict.yaml	㭩	lie	0	㭩
cn_dicts/41448.dict.yaml	㯿	lie	0	㯿
cn_dicts/41448.dict.yaml	㲱	lie	0	㲱
cn_dicts/41448.dict.yaml	㸊	lie	0	㸊
cn_dicts/41448.dict.yaml	㸹	lie	0	㸹
cn_dicts/41448.dict.yaml	㻺	lie	0	㻺
cn_dicts/41448.dict.yaml	㼲	lie	0	㼲
cn_dicts/41448.dict.yaml	㽟	lie	0	㽟
cn_dicts/41448.dict.yaml	䁽	lie	0	䁽
cn_dicts/41448.dict.yaml	䅀	lie	0	䅀
cn_dicts/41448.dict.yaml	䉭	lie	0	䉭
cn_dicts/41448.dict.yaml	䓟	lie	0	䓟
cn_dicts/41448.dict.yaml	䜲	lie	0	䜲
cn_dicts/41448.dict.yaml	䝓	lie	0	䝓
cn_dicts/41448.dict.yaml	䟩	lie	0	䟩
cn_dicts/41448.dict.yaml	䟹	lie	0	䟹
cn_dicts/41448.dict.yaml	䪉	lie	0	䪉
cn_dicts/41448.dict.yaml	䬅	lie	0	䬅
cn_dicts/41448.dict.yaml	䮋	lie	0	䮋
cn_dicts/41448.dict.yaml	䶛	lie	0	䶛
cn_dicts/41448.dict.yaml	𠛱	lie	0	𠛱
cn_dicts/41448.dict.yaml	𠠗	lie	0	𠠗
cn_dicts/41448.dict.yaml	𠷈	lie	0	𠷈
cn_dicts/41448.dict.yaml	𡁓	lie	0	𡁓
cn_dicts/41448.dict.yaml	𡂏	lie	0	𡂏
cn_dicts/41448.dict.yaml	𡂩	lie	0	𡂩
cn_dicts/41448.dict.yaml	𡊻	lie	0	𡊻
cn_dicts/41448.dict.yaml	𡏵	lie	0	𡏵
cn_dicts/41448.dict.yaml	𡒏	lie	0	𡒏
cn_dicts/41448.dict.yaml	𡓍	lie	0	𡓍
cn_dicts/41448.dict.yaml	𡭣	lie	0	𡭣
cn_dicts/41448.dict.yaml	𡿩	lie	0	𡿩
cn_dicts/41448.dict.yaml	𢣓	lie	0	𢣓
cn_dicts/41448.dict.yaml	𣁷	lie	0	𣁷
cn_dicts/41448.dict.yaml	𣁻	lie	0	𣁻
cn_dicts/41448.dict.yaml	𣋲	lie	0	𣋲
cn_dicts/41448.dict.yaml	𣖊	lie	0	𣖊
cn_dicts/41448.dict.yaml	𣝚	lie	0	𣝚
cn_dicts/41448.dict.yaml	𣰌	lie	0	𣰌
cn_dicts/41448.dict.yaml	𤁯	lie	0	𤁯
cn_dicts/41448.dict.yaml	𤐱	lie	0	𤐱
cn_dicts/41448.dict.yaml	𤓿	lie	0	𤓿
cn_dicts/41448.dict.yaml	𤖺	lie	0	𤖺
cn_dicts/41448.dict.yaml	𤜓	lie	0	𤜓
cn_dicts/41448.dict.yaml	𤞊	lie	0	𤞊
cn_dicts/41448.dict.yaml	𤡕	lie	0	𤡕
cn_dicts/41448.dict.yaml	𤢪	lie	0	𤢪
cn_dicts/41448.dict.yaml	𤱃	lie	0	𤱃
cn_dicts/41448.dict.yaml	𤱛	lie	0	𤱛
cn_dicts/41448.dict.yaml	𥪂	lie	0	𥪂
cn_dicts/41448.dict.yaml	𥬭	lie	0	𥬭
cn_dicts/41448.dict.yaml	𥲁	lie	0	𥲁
cn_dicts/41448.dict.yaml	𥶢	lie	0	𥶢
cn_dicts/41448.dict.yaml	𥷨	lie	0	𥷨
cn_dicts/41448.dict.yaml	𥸸	lie	0	𥸸
cn_dicts/41448.dict.yaml	𦅶	lie	0	𦅶
cn_dicts/41448.dict.yaml	𦓓	lie	0	𦓓
cn_dicts/41448.dict.yaml	𦓤	lie	0	𦓤
cn_dicts/41448.dict.yaml	𦖩	lie	0	𦖩
cn_dicts/41448.dict.yaml	𦾳	lie	0	𦾳
cn_dicts/41448.dict.yaml	𧀨	lie	0	𧀨
cn_dicts/41448.dict.yaml	𧓐	lie	0	𧓐
cn_dicts/41448.dict.yaml	𧞕	lie	0	𧞕
cn_dicts/41448.dict.yaml	𧭌	lie	0	𧭌
cn_dicts/41448.dict.yaml	𧭞	lie	0	𧭞
cn_dicts/41448.dict.yaml	𧰠	lie	0	𧰠
cn_dicts/41448.dict.yaml	𨆍	lie	0	𨆍
cn_dicts/41448.dict.yaml	𨕜	lie	0	𨕜
cn_dicts/41448.dict.yaml	𨤤	lie	0	𨤤
cn_dicts/41448.dict.yaml	𩆣	lie	0	𩆣
cn_dicts/41448.dict.yaml	𩙑	lie	0	𩙑
cn_dicts/41448.dict.yaml	𩢾	lie	0	𩢾
cn_dicts/41448.dict.yaml	𩧆	lie	0	𩧆
cn_dicts/41448.dict.yaml	𩭌	lie	0	𩭌
cn_dicts/41448.dict.yaml	𩼭	lie	0	𩼭
cn_dicts/41448.dict.yaml	㐭	lin	0	㐭
cn_dicts/41448.dict.yaml	㔂	lin	0	㔂
cn_dicts/41448.dict.yaml	㖁	lin	0	㖁
cn_dicts/41448.dict.yaml	㖼	lin	0	㖼
cn_dicts/41448.dict.yaml	㝝	lin	0	㝝
cn_dicts/41448.dict.yaml	㝺	lin	0	㝺
cn_dicts/41448.dict.yaml	㨆	lin	0	㨆
cn_dicts/41448.dict.yaml	㷠	lin	0	㷠
cn_dicts/41448.dict.yaml	䉮	lin	0	䉮
cn_dicts/41448.dict.yaml	䕲	lin	0	䕲
cn_dicts/41448.dict.yaml	䗲	lin	0	䗲
cn_dicts/41448.dict.yaml	䚏	lin	0	䚏
cn_dicts/41448.dict.yaml	䚬	lin	0	䚬
cn_dicts/41448.dict.yaml	䟹	lin	0	䟹
cn_dicts/41448.dict.yaml	䢧	lin	0	䢧
cn_dicts/41448.dict.yaml	䢯	lin	0	䢯
cn_dicts/41448.dict.yaml	䫐	lin	0	䫐
cn_dicts/41448.dict.yaml	䫰	lin	0	䫰
cn_dicts/41448.dict.yaml	䮼	lin	0	䮼
cn_dicts/41448.dict.yaml	𠐼	lin	0	𠐼
cn_dicts/41448.dict.yaml	𠓮	lin	0	𠓮
cn_dicts/41448.dict.yaml	𡃦	lin	0	𡃦
cn_dicts/41448.dict.yaml	𡬜	lin	0	𡬜
cn_dicts/41448.dict.yaml	𡰚	lin	0	𡰚
cn_dicts/41448.dict.yaml	𡳞	lin	0	𡳞
cn_dicts/41448.dict.yaml	𡶱	lin	0	𡶱
cn_dicts/41448.dict.yaml	𡹇	lin	0	𡹇
cn_dicts/41448.dict.yaml	𡻫	lin	0	𡻫
cn_dicts/41448.dict.yaml	𡿠	lin	0	𡿠
cn_dicts/41448.dict.yaml	𣇰	lin	0	𣇰
cn_dicts/41448.dict.yaml	𤂶	lin	0	𤂶
cn_dicts/41448.dict.yaml	𤌎	lin	0	𤌎
cn_dicts/41448.dict.yaml	𤎭	lin	0	𤎭
cn_dicts/41448.dict.yaml	𤗷	lin	0	𤗷
cn_dicts/41448.dict.yaml	𥓆	lin	0	𥓆
cn_dicts/41448.dict.yaml	𥳞	lin	0	𥳞
cn_dicts/41448.dict.yaml	𥶒	lin	0	𥶒
cn_dicts/41448.dict.yaml	𥷖	lin	0	𥷖
cn_dicts/41448.dict.yaml	𥻋	lin	0	𥻋
cn_dicts/41448.dict.yaml	𥼭	lin	0	𥼭
cn_dicts/41448.dict.yaml	𦺸	lin	0	𦺸
cn_dicts/41448.dict.yaml	𧃮	lin	0	𧃮
cn_dicts/41448.dict.yaml	𧖔	lin	0	𧖔
cn_dicts/41448.dict.yaml	𧲂	lin	0	𧲂
cn_dicts/41448.dict.yaml	𧵧	lin	0	𧵧
cn_dicts/41448.dict.yaml	𧶆	lin	0	𧶆
cn_dicts/41448.dict.yaml	𧹩	lin	0	𧹩
cn_dicts/41448.dict.yaml	𨏨	lin	0	𨏨
cn_dicts/41448.dict.yaml	𨸻	lin	0	𨸻
cn_dicts/41448.dict.yaml	𩞻	lin	0	𩞻
cn_dicts/41448.dict.yaml	𩣖	lin	0	𩣖
cn_dicts/41448.dict.yaml	𩱬	lin	0	𩱬
cn_dicts/41448.dict.yaml	𩴠	lin	0	𩴠
cn_dicts/41448.dict.yaml	𩻜	lin	0	𩻜
cn_dicts/41448.dict.yaml	㖫	ling	0	㖫
cn_dicts/41448.dict.yaml	㡵	ling	0	㡵
cn_dicts/41448.dict.yaml	㦭	ling	0	㦭
cn_dicts/41448.dict.yaml	㪮	ling	0	㪮
cn_dicts/41448.dict.yaml	㬡	ling	0	㬡
cn_dicts/41448.dict.yaml	㭩	ling	0	㭩
cn_dicts/41448.dict.yaml	㯪	ling	0	㯪
cn_dicts/41448.dict.yaml	㱥	ling	0	㱥
cn_dicts/41448.dict.yaml	㲆	ling	0	㲆
cn_dicts/41448.dict.yaml	㸳	ling	0	㸳
cn_dicts/41448.dict.yaml	㻏	ling	0	㻏
cn_dicts/41448.dict.yaml	㾉	ling	0	㾉
cn_dicts/41448.dict.yaml	䄥	ling	0	䄥
cn_dicts/41448.dict.yaml	䈊	ling	0	䈊
cn_dicts/41448.dict.yaml	䉁	ling	0	䉁
cn_dicts/41448.dict.yaml	䉖	ling	0	䉖
cn_dicts/41448.dict.yaml	䉹	ling	0	䉹
cn_dicts/41448.dict.yaml	䌢	ling	0	䌢
cn_dicts/41448.dict.yaml	䍅	ling	0	䍅
cn_dicts/41448.dict.yaml	䔖	ling	0	䔖
cn_dicts/41448.dict.yaml	䕘	ling	0	䕘
cn_dicts/41448.dict.yaml	䖅	ling	0	䖅
cn_dicts/41448.dict.yaml	䙥	ling	0	䙥
cn_dicts/41448.dict.yaml	䚖	ling	0	䚖
cn_dicts/41448.dict.yaml	䠲	ling	0	䠲
cn_dicts/41448.dict.yaml	䡼	ling	0	䡼
cn_dicts/41448.dict.yaml	䡿	ling	0	䡿
cn_dicts/41448.dict.yaml	䧙	ling	0	䧙
cn_dicts/41448.dict.yaml	䨩	ling	0	䨩
cn_dicts/41448.dict.yaml	䯍	ling	0	䯍
cn_dicts/41448.dict.yaml	䰱	ling	0	䰱
cn_dicts/41448.dict.yaml	䴇	ling	0	䴇
cn_dicts/41448.dict.yaml	䴒	ling	0	䴒
cn_dicts/41448.dict.yaml	䴫	ling	0	䴫
cn_dicts/41448.dict.yaml	𠄖	ling	0	𠄖
cn_dicts/41448.dict.yaml	𠏡	ling	0	𠏡
cn_dicts/41448.dict.yaml	𠟨	ling	0	𠟨
cn_dicts/41448.dict.yaml	𠠢	ling	0	𠠢
cn_dicts/41448.dict.yaml	𠡭	ling	0	𠡭
cn_dicts/41448.dict.yaml	𠱠	ling	0	𠱠
cn_dicts/41448.dict.yaml	𠻠	ling	0	𠻠
cn_dicts/41448.dict.yaml	𠻱	ling	0	𠻱
cn_dicts/41448.dict.yaml	𠾥	ling	0	𠾥
cn_dicts/41448.dict.yaml	𡈍	ling	0	𡈍
cn_dicts/41448.dict.yaml	𡕮	ling	0	𡕮
cn_dicts/41448.dict.yaml	𡿡	ling	0	𡿡
cn_dicts/41448.dict.yaml	𢌔	ling	0	𢌔
cn_dicts/41448.dict.yaml	𢔁	ling	0	𢔁
cn_dicts/41448.dict.yaml	𢩗	ling	0	𢩗
cn_dicts/41448.dict.yaml	𢹝	ling	0	𢹝
cn_dicts/41448.dict.yaml	𢺰	ling	0	𢺰
cn_dicts/41448.dict.yaml	𣌟	ling	0	𣌟
cn_dicts/41448.dict.yaml	𣣋	ling	0	𣣋
cn_dicts/41448.dict.yaml	𣬹	ling	0	𣬹
cn_dicts/41448.dict.yaml	𤃩	ling	0	𤃩
cn_dicts/41448.dict.yaml	𤖦	ling	0	𤖦
cn_dicts/41448.dict.yaml	𤜙	ling	0	𤜙
cn_dicts/41448.dict.yaml	𤣘	ling	0	𤣘
cn_dicts/41448.dict.yaml	𤧘	ling	0	𤧘
cn_dicts/41448.dict.yaml	𤨻	ling	0	𤨻
cn_dicts/41448.dict.yaml	𤫲	ling	0	𤫲
cn_dicts/41448.dict.yaml	𤷖	ling	0	𤷖
cn_dicts/41448.dict.yaml	𤿅	ling	0	𤿅
cn_dicts/41448.dict.yaml	𥌼	ling	0	𥌼
cn_dicts/41448.dict.yaml	𥤜	ling	0	𥤜
cn_dicts/41448.dict.yaml	𥤞	ling	0	𥤞
cn_dicts/41448.dict.yaml	𥥋	ling	0	𥥋
cn_dicts/41448.dict.yaml	𥩔	ling	0	𥩔
cn_dicts/41448.dict.yaml	𥵝	ling	0	𥵝
cn_dicts/41448.dict.yaml	𥺙	ling	0	𥺙
cn_dicts/41448.dict.yaml	𥾂	ling	0	𥾂
cn_dicts/41448.dict.yaml	𦉢	ling	0	𦉢
cn_dicts/41448.dict.yaml	𦊓	ling	0	𦊓
cn_dicts/41448.dict.yaml	𦐽	ling	0	𦐽
cn_dicts/41448.dict.yaml	𦫃	ling	0	𦫃
cn_dicts/41448.dict.yaml	𦫊	ling	0	𦫊
cn_dicts/41448.dict.yaml	𧆺	ling	0	𧆺
cn_dicts/41448.dict.yaml	𧕅	ling	0	𧕅
cn_dicts/41448.dict.yaml	𧖜	ling	0	𧖜
cn_dicts/41448.dict.yaml	𧟙	ling	0	𧟙
cn_dicts/41448.dict.yaml	𧨈	ling	0	𧨈
cn_dicts/41448.dict.yaml	𧰻	ling	0	𧰻
cn_dicts/41448.dict.yaml	𧱢	ling	0	𧱢
cn_dicts/41448.dict.yaml	𧲙	ling	0	𧲙
cn_dicts/41448.dict.yaml	𧾇	ling	0	𧾇
cn_dicts/41448.dict.yaml	𧾮	ling	0	𧾮
cn_dicts/41448.dict.yaml	𨞎	ling	0	𨞎
cn_dicts/41448.dict.yaml	𨠎	ling	0	𨠎
cn_dicts/41448.dict.yaml	𨽲	ling	0	𨽲
cn_dicts/41448.dict.yaml	𩂙	ling	0	𩂙
cn_dicts/41448.dict.yaml	𩃞	ling	0	𩃞
cn_dicts/41448.dict.yaml	𩄊	ling	0	𩄊
cn_dicts/41448.dict.yaml	𩆒	ling	0	𩆒
cn_dicts/41448.dict.yaml	𩆚	ling	0	𩆚
cn_dicts/41448.dict.yaml	𩆮	ling	0	𩆮
cn_dicts/41448.dict.yaml	𩆻	ling	0	𩆻
cn_dicts/41448.dict.yaml	𩆼	ling	0	𩆼
cn_dicts/41448.dict.yaml	𩇄	ling	0	𩇄
cn_dicts/41448.dict.yaml	𩇎	ling	0	𩇎
cn_dicts/41448.dict.yaml	𩊂	ling	0	𩊂
cn_dicts/41448.dict.yaml	𩑊	ling	0	𩑊
cn_dicts/41448.dict.yaml	𩖊	ling	0	𩖊
cn_dicts/41448.dict.yaml	𩖵	ling	0	𩖵
cn_dicts/41448.dict.yaml	𩚹	ling	0	𩚹
cn_dicts/41448.dict.yaml	𩜁	ling	0	𩜁
cn_dicts/41448.dict.yaml	𩟃	ling	0	𩟃
cn_dicts/41448.dict.yaml	𩪥	ling	0	𩪥
cn_dicts/41448.dict.yaml	𩬔	ling	0	𩬔
cn_dicts/41448.dict.yaml	𩲩	ling	0	𩲩
cn_dicts/41448.dict.yaml	𩵀	ling	0	𩵀
cn_dicts/41448.dict.yaml	𪅋	ling	0	𪅋
cn_dicts/41448.dict.yaml	𪋳	ling	0	𪋳
cn_dicts/41448.dict.yaml	𪋾	ling	0	𪋾
cn_dicts/41448.dict.yaml	𪌏	ling	0	𪌏
cn_dicts/41448.dict.yaml	𪕌	ling	0	𪕌
cn_dicts/41448.dict.yaml	𪛈	ling	0	𪛈
cn_dicts/41448.dict.yaml	㐬	liu	0	㐬
cn_dicts/41448.dict.yaml	㙀	liu	0	㙀
cn_dicts/41448.dict.yaml	㝋	liu	0	㝋
cn_dicts/41448.dict.yaml	㧕	liu	0	㧕
cn_dicts/41448.dict.yaml	㨨	liu	0	㨨
cn_dicts/41448.dict.yaml	㳅	liu	0	㳅
cn_dicts/41448.dict.yaml	㵳	liu	0	㵳
cn_dicts/41448.dict.yaml	㶯	liu	0	㶯
cn_dicts/41448.dict.yaml	㽌	liu	0	㽌
cn_dicts/41448.dict.yaml	㽞	liu	0	㽞
cn_dicts/41448.dict.yaml	䄂	liu	0	䄂
cn_dicts/41448.dict.yaml	䉧	liu	0	䉧
cn_dicts/41448.dict.yaml	䉹	liu	0	䉹
cn_dicts/41448.dict.yaml	䋷	liu	0	䋷
cn_dicts/41448.dict.yaml	䒥	liu	0	䒥
cn_dicts/41448.dict.yaml	䗜	liu	0	䗜
cn_dicts/41448.dict.yaml	䚧	liu	0	䚧
cn_dicts/41448.dict.yaml	䝀	liu	0	䝀
cn_dicts/41448.dict.yaml	䬟	liu	0	䬟
cn_dicts/41448.dict.yaml	䭷	liu	0	䭷
cn_dicts/41448.dict.yaml	䰘	liu	0	䰘
cn_dicts/41448.dict.yaml	䱖	liu	0	䱖
cn_dicts/41448.dict.yaml	䱞	liu	0	䱞
cn_dicts/41448.dict.yaml	䶉	liu	0	䶉
cn_dicts/41448.dict.yaml	𠗽	liu	0	𠗽
cn_dicts/41448.dict.yaml	𠛓	liu	0	𠛓
cn_dicts/41448.dict.yaml	𠪐	liu	0	𠪐
cn_dicts/41448.dict.yaml	𠺕	liu	0	𠺕
cn_dicts/41448.dict.yaml	𡻪	liu	0	𡻪
cn_dicts/41448.dict.yaml	𢏭	liu	0	𢏭
cn_dicts/41448.dict.yaml	𢔲	liu	0	𢔲
cn_dicts/41448.dict.yaml	𢞭	liu	0	𢞭
cn_dicts/41448.dict.yaml	𢣠	liu	0	𢣠
cn_dicts/41448.dict.yaml	𢤐	liu	0	𢤐
cn_dicts/41448.dict.yaml	𢷶	liu	0	𢷶
cn_dicts/41448.dict.yaml	𣞗	liu	0	𣞗
cn_dicts/41448.dict.yaml	𣟑	liu	0	𣟑
cn_dicts/41448.dict.yaml	𣠚	liu	0	𣠚
cn_dicts/41448.dict.yaml	𣱳	liu	0	𣱳
cn_dicts/41448.dict.yaml	𣲖	liu	0	𣲖
cn_dicts/41448.dict.yaml	𤥗	liu	0	𤥗
cn_dicts/41448.dict.yaml	𤮷	liu	0	𤮷
cn_dicts/41448.dict.yaml	𥀓	liu	0	𥀓
cn_dicts/41448.dict.yaml	𥆦	liu	0	𥆦
cn_dicts/41448.dict.yaml	𥌐	liu	0	𥌐
cn_dicts/41448.dict.yaml	𥛅	liu	0	𥛅
cn_dicts/41448.dict.yaml	𥠷	liu	0	𥠷
cn_dicts/41448.dict.yaml	𥥹	liu	0	𥥹
cn_dicts/41448.dict.yaml	𥧕	liu	0	𥧕
cn_dicts/41448.dict.yaml	𥨌	liu	0	𥨌
cn_dicts/41448.dict.yaml	𥰣	liu	0	𥰣
cn_dicts/41448.dict.yaml	𥶅	liu	0	𥶅
cn_dicts/41448.dict.yaml	𥹷	liu	0	𥹷
cn_dicts/41448.dict.yaml	𦀠	liu	0	𦀠
cn_dicts/41448.dict.yaml	𦃓	liu	0	𦃓
cn_dicts/41448.dict.yaml	𦉉	liu	0	𦉉
cn_dicts/41448.dict.yaml	𦊗	liu	0	𦊗
cn_dicts/41448.dict.yaml	𦊿	liu	0	𦊿
cn_dicts/41448.dict.yaml	𦌁	liu	0	𦌁
cn_dicts/41448.dict.yaml	𦑾	liu	0	𦑾
cn_dicts/41448.dict.yaml	𧏓	liu	0	𧏓
cn_dicts/41448.dict.yaml	𧮗	liu	0	𧮗
cn_dicts/41448.dict.yaml	𨋖	liu	0	𨋖
cn_dicts/41448.dict.yaml	𨍸	liu	0	𨍸
cn_dicts/41448.dict.yaml	𨢇	liu	0	𨢇
cn_dicts/41448.dict.yaml	𨦰	liu	0	𨦰
cn_dicts/41448.dict.yaml	𨪕	liu	0	𨪕
cn_dicts/41448.dict.yaml	𨶪	liu	0	𨶪
cn_dicts/41448.dict.yaml	𨻧	liu	0	𨻧
cn_dicts/41448.dict.yaml	𩆎	liu	0	𩆎
cn_dicts/41448.dict.yaml	𩖴	liu	0	𩖴
cn_dicts/41448.dict.yaml	𩗩	liu	0	𩗩
cn_dicts/41448.dict.yaml	𩙄	liu	0	𩙄
cn_dicts/41448.dict.yaml	𩢞	liu	0	𩢞
cn_dicts/41448.dict.yaml	𪃂	liu	0	𪃂
cn_dicts/41448.dict.yaml	𪆱	liu	0	𪆱
cn_dicts/41448.dict.yaml	𪇯	liu	0	𪇯
cn_dicts/41448.dict.yaml	𪎣	liu	0	𪎣
cn_dicts/41448.dict.yaml	㑝	long	0	㑝
cn_dicts/41448.dict.yaml	㙙	long	0	㙙
cn_dicts/41448.dict.yaml	㚅	long	0	㚅
cn_dicts/41448.dict.yaml	㛞	long	0	㛞
cn_dicts/41448.dict.yaml	㝫	long	0	㝫
cn_dicts/41448.dict.yaml	㟖	long	0	㟖
cn_dicts/41448.dict.yaml	㡣	long	0	㡣
cn_dicts/41448.dict.yaml	㢅	long	0	㢅
cn_dicts/41448.dict.yaml	㦕	long	0	㦕
cn_dicts/41448.dict.yaml	㰍	long	0	㰍
cn_dicts/41448.dict.yaml	㳥	long	0	㳥
cn_dicts/41448.dict.yaml	㴳	long	0	㴳
cn_dicts/41448.dict.yaml	䃧	long	0	䃧
cn_dicts/41448.dict.yaml	䆍	long	0	䆍
cn_dicts/41448.dict.yaml	䏊	long	0	䏊
cn_dicts/41448.dict.yaml	䙪	long	0	䙪
cn_dicts/41448.dict.yaml	䡁	long	0	䡁
cn_dicts/41448.dict.yaml	䥢	long	0	䥢
cn_dicts/41448.dict.yaml	䪊	long	0	䪊
cn_dicts/41448.dict.yaml	𠮽	long	0	𠮽
cn_dicts/41448.dict.yaml	𠱚	long	0	𠱚
cn_dicts/41448.dict.yaml	𠾐	long	0	𠾐
cn_dicts/41448.dict.yaml	𡃡	long	0	𡃡
cn_dicts/41448.dict.yaml	𡬍	long	0	𡬍
cn_dicts/41448.dict.yaml	𡱯	long	0	𡱯
cn_dicts/41448.dict.yaml	𢙱	long	0	𢙱
cn_dicts/41448.dict.yaml	𢤱	long	0	𢤱
cn_dicts/41448.dict.yaml	𢤲	long	0	𢤲
cn_dicts/41448.dict.yaml	𢸭	long	0	𢸭
cn_dicts/41448.dict.yaml	𣫣	long	0	𣫣
cn_dicts/41448.dict.yaml	𤵸	long	0	𤵸
cn_dicts/41448.dict.yaml	𤼃	long	0	𤼃
cn_dicts/41448.dict.yaml	𤾭	long	0	𤾭
cn_dicts/41448.dict.yaml	𥦌	long	0	𥦌
cn_dicts/41448.dict.yaml	𥪢	long	0	𥪢
cn_dicts/41448.dict.yaml	𥪻	long	0	𥪻
cn_dicts/41448.dict.yaml	𥬆	long	0	𥬆
cn_dicts/41448.dict.yaml	𥰟	long	0	𥰟
cn_dicts/41448.dict.yaml	𥳌	long	0	𥳌
cn_dicts/41448.dict.yaml	𥸉	long	0	𥸉
cn_dicts/41448.dict.yaml	𦪽	long	0	𦪽
cn_dicts/41448.dict.yaml	𧍰	long	0	𧍰
cn_dicts/41448.dict.yaml	𧙥	long	0	𧙥
cn_dicts/41448.dict.yaml	𧚂	long	0	𧚂
cn_dicts/41448.dict.yaml	𨇘	long	0	𨇘
cn_dicts/41448.dict.yaml	𨏠	long	0	𨏠
cn_dicts/41448.dict.yaml	𨛓	long	0	𨛓
cn_dicts/41448.dict.yaml	𨺚	long	0	𨺚
cn_dicts/41448.dict.yaml	𩂽	long	0	𩂽
cn_dicts/41448.dict.yaml	𩄺	long	0	𩄺
cn_dicts/41448.dict.yaml	𩙘	long	0	𩙘
cn_dicts/41448.dict.yaml	𩙠	long	0	𩙠
cn_dicts/41448.dict.yaml	𩟭	long	0	𩟭
cn_dicts/41448.dict.yaml	𪐖	long	0	𪐖
cn_dicts/41448.dict.yaml	𪔕	long	0	𪔕
cn_dicts/41448.dict.yaml	𪔳	long	0	𪔳
cn_dicts/41448.dict.yaml	𪔷	long	0	𪔷
cn_dicts/41448.dict.yaml	𪚑	long	0	𪚑
cn_dicts/41448.dict.yaml	𪚓	long	0	𪚓
cn_dicts/41448.dict.yaml	𪚘	long	0	𪚘
cn_dicts/41448.dict.yaml	𪚝	long	0	𪚝
cn_dicts/41448.dict.yaml	𪚠	long	0	𪚠
cn_dicts/41448.dict.yaml	㔷	lou	0	㔷
cn_dicts/41448.dict.yaml	㟺	lou	0	㟺
cn_dicts/41448.dict.yaml	㡞	lou	0	㡞
cn_dicts/41448.dict.yaml	㥪	lou	0	㥪
cn_dicts/41448.dict.yaml	㪹	lou	0	㪹
cn_dicts/41448.dict.yaml	㲎	lou	0	㲎
cn_dicts/41448.dict.yaml	㺏	lou	0	㺏
cn_dicts/41448.dict.yaml	䄛	lou	0	䄛
cn_dicts/41448.dict.yaml	䅹	lou	0	䅹
cn_dicts/41448.dict.yaml	䝏	lou	0	䝏
cn_dicts/41448.dict.yaml	䣚	lou	0	䣚
cn_dicts/41448.dict.yaml	䫫	lou	0	䫫
cn_dicts/41448.dict.yaml	䮫	lou	0	䮫
cn_dicts/41448.dict.yaml	䱾	lou	0	䱾
cn_dicts/41448.dict.yaml	𠖛	lou	0	𠖛
cn_dicts/41448.dict.yaml	𠗩	lou	0	𠗩
cn_dicts/41448.dict.yaml	𠞭	lou	0	𠞭
cn_dicts/41448.dict.yaml	𠳴	lou	0	𠳴
cn_dicts/41448.dict.yaml	𡀔	lou	0	𡀔
cn_dicts/41448.dict.yaml	𡇭	lou	0	𡇭
cn_dicts/41448.dict.yaml	𡗆	lou	0	𡗆
cn_dicts/41448.dict.yaml	𡡎	lou	0	𡡎
cn_dicts/41448.dict.yaml	𡪅	lou	0	𡪅
cn_dicts/41448.dict.yaml	𡰌	lou	0	𡰌
cn_dicts/41448.dict.yaml	𢈢	lou	0	𢈢
cn_dicts/41448.dict.yaml	𣤋	lou	0	𣤋
cn_dicts/41448.dict.yaml	𣫻	lou	0	𣫻
cn_dicts/41448.dict.yaml	𤬏	lou	0	𤬏
cn_dicts/41448.dict.yaml	𥕍	lou	0	𥕍
cn_dicts/41448.dict.yaml	𦌁	lou	0	𦌁
cn_dicts/41448.dict.yaml	𦎹	lou	0	𦎹
cn_dicts/41448.dict.yaml	𦭯	lou	0	𦭯
cn_dicts/41448.dict.yaml	𦸢	lou	0	𦸢
cn_dicts/41448.dict.yaml	𧁾	lou	0	𧁾
cn_dicts/41448.dict.yaml	𧢃	lou	0	𧢃
cn_dicts/41448.dict.yaml	𧫞	lou	0	𧫞
cn_dicts/41448.dict.yaml	𧯨	lou	0	𧯨
cn_dicts/41448.dict.yaml	𧰃	lou	0	𧰃
cn_dicts/41448.dict.yaml	𧷡	lou	0	𧷡
cn_dicts/41448.dict.yaml	𨄋	lou	0	𨄋
cn_dicts/41448.dict.yaml	𨝢	lou	0	𨝢
cn_dicts/41448.dict.yaml	𨦖	lou	0	𨦖
cn_dicts/41448.dict.yaml	𨫒	lou	0	𨫒
cn_dicts/41448.dict.yaml	𨱐	lou	0	𨱐
cn_dicts/41448.dict.yaml	𨻻	lou	0	𨻻
cn_dicts/41448.dict.yaml	𩏝	lou	0	𩏝
cn_dicts/41448.dict.yaml	𪍣	lou	0	𪍣
cn_dicts/41448.dict.yaml	㓐	lu	0	㓐
cn_dicts/41448.dict.yaml	㔪	lu	0	㔪
cn_dicts/41448.dict.yaml	㖨	lu	0	㖨
cn_dicts/41448.dict.yaml	㛬	lu	0	㛬
cn_dicts/41448.dict.yaml	㜙	lu	0	㜙
cn_dicts/41448.dict.yaml	㟤	lu	0	㟤
cn_dicts/41448.dict.yaml	㠠	lu	0	㠠
cn_dicts/41448.dict.yaml	㢚	lu	0	㢚
cn_dicts/41448.dict.yaml	㢳	lu	0	㢳
cn_dicts/41448.dict.yaml	㦇	lu	0	㦇
cn_dicts/41448.dict.yaml	㪐	lu	0	㪐
cn_dicts/41448.dict.yaml	㪖	lu	0	㪖
cn_dicts/41448.dict.yaml	㪭	lu	0	㪭
cn_dicts/41448.dict.yaml	㫽	lu	0	㫽
cn_dicts/41448.dict.yaml	㭔	lu	0	㭔
cn_dicts/41448.dict.yaml	㯝	lu	0	㯝
cn_dicts/41448.dict.yaml	㯟	lu	0	㯟
cn_dicts/41448.dict.yaml	㯭	lu	0	㯭
cn_dicts/41448.dict.yaml	㱺	lu	0	㱺
cn_dicts/41448.dict.yaml	㼾	lu	0	㼾
cn_dicts/41448.dict.yaml	㿖	lu	0	㿖
cn_dicts/41448.dict.yaml	䃙	lu	0	䃙
cn_dicts/41448.dict.yaml	䌒	lu	0	䌒
cn_dicts/41448.dict.yaml	䍡	lu	0	䍡
cn_dicts/41448.dict.yaml	䎑	lu	0	䎑
cn_dicts/41448.dict.yaml	䎼	lu	0	䎼
cn_dicts/41448.dict.yaml	䐂	lu	0	䐂
cn_dicts/41448.dict.yaml	䘵	lu	0	䘵
cn_dicts/41448.dict.yaml	䚄	lu	0	䚄
cn_dicts/41448.dict.yaml	䟿	lu	0	䟿
cn_dicts/41448.dict.yaml	䡎	lu	0	䡎
cn_dicts/41448.dict.yaml	䡜	lu	0	䡜
cn_dicts/41448.dict.yaml	䣚	lu	0	䣚
cn_dicts/41448.dict.yaml	䩮	lu	0	䩮
cn_dicts/41448.dict.yaml	䮉	lu	0	䮉
cn_dicts/41448.dict.yaml	䰕	lu	0	䰕
cn_dicts/41448.dict.yaml	䱚	lu	0	䱚
cn_dicts/41448.dict.yaml	䲐	lu	0	䲐
cn_dicts/41448.dict.yaml	䴪	lu	0	䴪
cn_dicts/41448.dict.yaml	𠀽	lu	0	𠀽
cn_dicts/41448.dict.yaml	𠿛	lu	0	𠿛
cn_dicts/41448.dict.yaml	𡀔	lu	0	𡀔
cn_dicts/41448.dict.yaml	𡉴	lu	0	𡉴
cn_dicts/41448.dict.yaml	𡳴	lu	0	𡳴
cn_dicts/41448.dict.yaml	𡴆	lu	0	𡴆
cn_dicts/41448.dict.yaml	𡷏	lu	0	𡷏
cn_dicts/41448.dict.yaml	𢂤	lu	0	𢂤
cn_dicts/41448.dict.yaml	𢊩	lu	0	𢊩
cn_dicts/41448.dict.yaml	𢋡	lu	0	𢋡
cn_dicts/41448.dict.yaml	𢟧	lu	0	𢟧
cn_dicts/41448.dict.yaml	𢫫	lu	0	𢫫
cn_dicts/41448.dict.yaml	𢯅	lu	0	𢯅
cn_dicts/41448.dict.yaml	𢲸	lu	0	𢲸
cn_dicts/41448.dict.yaml	𢵮	lu	0	𢵮
cn_dicts/41448.dict.yaml	𢻵	lu	0	𢻵
cn_dicts/41448.dict.yaml	𢾬	lu	0	𢾬
cn_dicts/41448.dict.yaml	𣞓	lu	0	𣞓
cn_dicts/41448.dict.yaml	𣥐	lu	0	𣥐
cn_dicts/41448.dict.yaml	𣩏	lu	0	𣩏
cn_dicts/41448.dict.yaml	𣱀	lu	0	𣱀
cn_dicts/41448.dict.yaml	𣼟	lu	0	𣼟
cn_dicts/41448.dict.yaml	𤝮	lu	0	𤝮
cn_dicts/41448.dict.yaml	𤟘	lu	0	𤟘
cn_dicts/41448.dict.yaml	𤢊	lu	0	𤢊
cn_dicts/41448.dict.yaml	𤣃	lu	0	𤣃
cn_dicts/41448.dict.yaml	𤨍	lu	0	𤨍
cn_dicts/41448.dict.yaml	𤬛	lu	0	𤬛
cn_dicts/41448.dict.yaml	𤮧	lu	0	𤮧
cn_dicts/41448.dict.yaml	𤺼	lu	0	𤺼
cn_dicts/41448.dict.yaml	𤻱	lu	0	𤻱
cn_dicts/41448.dict.yaml	𤽺	lu	0	𤽺
cn_dicts/41448.dict.yaml	𤿴	lu	0	𤿴
cn_dicts/41448.dict.yaml	𥀔	lu	0	𥀔
cn_dicts/41448.dict.yaml	𥀵	lu	0	𥀵
cn_dicts/41448.dict.yaml	𥈛	lu	0	𥈛
cn_dicts/41448.dict.yaml	𥉶	lu	0	𥉶
cn_dicts/41448.dict.yaml	𥒨	lu	0	𥒨
cn_dicts/41448.dict.yaml	𥚊	lu	0	𥚊
cn_dicts/41448.dict.yaml	𥛞	lu	0	𥛞
cn_dicts/41448.dict.yaml	𥛪	lu	0	𥛪
cn_dicts/41448.dict.yaml	𥣤	lu	0	𥣤
cn_dicts/41448.dict.yaml	𥫰	lu	0	𥫰
cn_dicts/41448.dict.yaml	𥲎	lu	0	𥲎
cn_dicts/41448.dict.yaml	𥶇	lu	0	𥶇
cn_dicts/41448.dict.yaml	𦋔	lu	0	𦋔
cn_dicts/41448.dict.yaml	𦌕	lu	0	𦌕
cn_dicts/41448.dict.yaml	𦌟	lu	0	𦌟
cn_dicts/41448.dict.yaml	𦗓	lu	0	𦗓
cn_dicts/41448.dict.yaml	𦪇	lu	0	𦪇
cn_dicts/41448.dict.yaml	𦸐	lu	0	𦸐
cn_dicts/41448.dict.yaml	𦼋	lu	0	𦼋
cn_dicts/41448.dict.yaml	𦽂	lu	0	𦽂
cn_dicts/41448.dict.yaml	𦽎	lu	0	𦽎
cn_dicts/41448.dict.yaml	𦾞	lu	0	𦾞
cn_dicts/41448.dict.yaml	𦾷	lu	0	𦾷
cn_dicts/41448.dict.yaml	𦿊	lu	0	𦿊
cn_dicts/41448.dict.yaml	𦿖	lu	0	𦿖
cn_dicts/41448.dict.yaml	𧀦	lu	0	𧀦
cn_dicts/41448.dict.yaml	𧆣	lu	0	𧆣
cn_dicts/41448.dict.yaml	𧇄	lu	0	𧇄
cn_dicts/41448.dict.yaml	𧌉	lu	0	𧌉
cn_dicts/41448.dict.yaml	𧌍	lu	0	𧌍
cn_dicts/41448.dict.yaml	𧐳	lu	0	𧐳
cn_dicts/41448.dict.yaml	𧨹	lu	0	𧨹
cn_dicts/41448.dict.yaml	𧫓	lu	0	𧫓
cn_dicts/41448.dict.yaml	𧽥	lu	0	𧽥
cn_dicts/41448.dict.yaml	𨁸	lu	0	𨁸
cn_dicts/41448.dict.yaml	𨇖	lu	0	𨇖
cn_dicts/41448.dict.yaml	𨌠	lu	0	𨌠
cn_dicts/41448.dict.yaml	𨏔	lu	0	𨏔
cn_dicts/41448.dict.yaml	𨽐	lu	0	𨽐
cn_dicts/41448.dict.yaml	𩄅	lu	0	𩄅
cn_dicts/41448.dict.yaml	𩅄	lu	0	𩅄
cn_dicts/41448.dict.yaml	𩌫	lu	0	𩌫
cn_dicts/41448.dict.yaml	𩍼	lu	0	𩍼
cn_dicts/41448.dict.yaml	𩓪	lu	0	𩓪
cn_dicts/41448.dict.yaml	𩛼	lu	0	𩛼
cn_dicts/41448.dict.yaml	𩣱	lu	0	𩣱
cn_dicts/41448.dict.yaml	𩯜	lu	0	𩯜
cn_dicts/41448.dict.yaml	𪉖	lu	0	𪉖
cn_dicts/41448.dict.yaml	𪉣	lu	0	𪉣
cn_dicts/41448.dict.yaml	𪍄	lu	0	𪍄
cn_dicts/41448.dict.yaml	𪑄	lu	0	𪑄
cn_dicts/41448.dict.yaml	𪒏	lu	0	𪒏
cn_dicts/41448.dict.yaml	𪖌	lu	0	𪖌
cn_dicts/41448.dict.yaml	㝈	luan	0	㝈
cn_dicts/41448.dict.yaml	㡩	luan	0	㡩
cn_dicts/41448.dict.yaml	㰸	luan	0	㰸
cn_dicts/41448.dict.yaml	㱍	luan	0	㱍
cn_dicts/41448.dict.yaml	㼑	luan	0	㼑
cn_dicts/41448.dict.yaml	䖂	luan	0	䖂
cn_dicts/41448.dict.yaml	䚕	luan	0	䚕
cn_dicts/41448.dict.yaml	䜌	luan	0	䜌
cn_dicts/41448.dict.yaml	龻	luan	0	龻
cn_dicts/41448.dict.yaml	𠦨	luan	0	𠦨
cn_dicts/41448.dict.yaml	𡄹	luan	0	𡄹
cn_dicts/41448.dict.yaml	𡡗	luan	0	𡡗
cn_dicts/41448.dict.yaml	𡭸	luan	0	𡭸
cn_dicts/41448.dict.yaml	𡰠	luan	0	𡰠
cn_dicts/41448.dict.yaml	𢌕	luan	0	𢌕
cn_dicts/41448.dict.yaml	𢺈	luan	0	𢺈
cn_dicts/41448.dict.yaml	𢿢	luan	0	𢿢
cn_dicts/41448.dict.yaml	𣨀	luan	0	𣨀
cn_dicts/41448.dict.yaml	𤔔	luan	0	𤔔
cn_dicts/41448.dict.yaml	𤲶	luan	0	𤲶
cn_dicts/41448.dict.yaml	𤼙	luan	0	𤼙
cn_dicts/41448.dict.yaml	𦣋	luan	0	𦣋
cn_dicts/41448.dict.yaml	𦣏	luan	0	𦣏
cn_dicts/41448.dict.yaml	𧖘	luan	0	𧖘
cn_dicts/41448.dict.yaml	𨇼	luan	0	𨇼
cn_dicts/41448.dict.yaml	𨈌	luan	0	𨈌
cn_dicts/41448.dict.yaml	𨈎	luan	0	𨈎
cn_dicts/41448.dict.yaml	𨊟	luan	0	𨊟
cn_dicts/41448.dict.yaml	𩪾	luan	0	𩪾
cn_dicts/41448.dict.yaml	㕢	lun	0	㕢
cn_dicts/41448.dict.yaml	㖮	lun	0	㖮
cn_dicts/41448.dict.yaml	㷍	lun	0	㷍
cn_dicts/41448.dict.yaml	䈁	lun	0	䈁
cn_dicts/41448.dict.yaml	䑳	lun	0	䑳
cn_dicts/41448.dict.yaml	𠔕	lun	0	𠔕
cn_dicts/41448.dict.yaml	𠼩	lun	0	𠼩
cn_dicts/41448.dict.yaml	𡃝	lun	0	𡃝
cn_dicts/41448.dict.yaml	𤲕	lun	0	𤲕
cn_dicts/41448.dict.yaml	𤷔	lun	0	𤷔
cn_dicts/41448.dict.yaml	𥿑	lun	0	𥿑
cn_dicts/41448.dict.yaml	𦓾	lun	0	𦓾
cn_dicts/41448.dict.yaml	𧣵	lun	0	𧣵
cn_dicts/41448.dict.yaml	𧱜	lun	0	𧱜
cn_dicts/41448.dict.yaml	㑩	luo	0	㑩
cn_dicts/41448.dict.yaml	㒩	luo	0	㒩
cn_dicts/41448.dict.yaml	㓢	luo	0	㓢
cn_dicts/41448.dict.yaml	㕵	luo	0	㕵
cn_dicts/41448.dict.yaml	㖀	luo	0	㖀
cn_dicts/41448.dict.yaml	㦬	luo	0	㦬
cn_dicts/41448.dict.yaml	㩡	luo	0	㩡
cn_dicts/41448.dict.yaml	㪾	luo	0	㪾
cn_dicts/41448.dict.yaml	㮝	luo	0	㮝
cn_dicts/41448.dict.yaml	㰁	luo	0	㰁
cn_dicts/41448.dict.yaml	㱻	luo	0	㱻
cn_dicts/41448.dict.yaml	㴖	luo	0	㴖
cn_dicts/41448.dict.yaml	㵣	luo	0	㵣
cn_dicts/41448.dict.yaml	㼈	luo	0	㼈
cn_dicts/41448.dict.yaml	㽋	luo	0	㽋
cn_dicts/41448.dict.yaml	㾖	luo	0	㾖
cn_dicts/41448.dict.yaml	㿚	luo	0	㿚
cn_dicts/41448.dict.yaml	䀩	luo	0	䀩
cn_dicts/41448.dict.yaml	䃕	luo	0	䃕
cn_dicts/41448.dict.yaml	䇔	luo	0	䇔
cn_dicts/41448.dict.yaml	䈁	luo	0	䈁
cn_dicts/41448.dict.yaml	䈷	luo	0	䈷
cn_dicts/41448.dict.yaml	䉓	luo	0	䉓
cn_dicts/41448.dict.yaml	䉿	luo	0	䉿
cn_dicts/41448.dict.yaml	䊨	luo	0	䊨
cn_dicts/41448.dict.yaml	䌱	luo	0	䌱
cn_dicts/41448.dict.yaml	䌴	luo	0	䌴
cn_dicts/41448.dict.yaml	䎅	luo	0	䎅
cn_dicts/41448.dict.yaml	䙨	luo	0	䙨
cn_dicts/41448.dict.yaml	䯁	luo	0	䯁
cn_dicts/41448.dict.yaml	䲞	luo	0	䲞
cn_dicts/41448.dict.yaml	𠏢	luo	0	𠏢
cn_dicts/41448.dict.yaml	𠜖	luo	0	𠜖
cn_dicts/41448.dict.yaml	𠶱	luo	0	𠶱
cn_dicts/41448.dict.yaml	𠻐	luo	0	𠻐
cn_dicts/41448.dict.yaml	𠻡	luo	0	𠻡
cn_dicts/41448.dict.yaml	𡁆	luo	0	𡁆
cn_dicts/41448.dict.yaml	𡆆	luo	0	𡆆
cn_dicts/41448.dict.yaml	𡤢	luo	0	𡤢
cn_dicts/41448.dict.yaml	𡿏	luo	0	𡿏
cn_dicts/41448.dict.yaml	𢅾	luo	0	𢅾
cn_dicts/41448.dict.yaml	𢺆	luo	0	𢺆
cn_dicts/41448.dict.yaml	𢺑	luo	0	𢺑
cn_dicts/41448.dict.yaml	𣁻	luo	0	𣁻
cn_dicts/41448.dict.yaml	𣂞	luo	0	𣂞
cn_dicts/41448.dict.yaml	𣛗	luo	0	𣛗
cn_dicts/41448.dict.yaml	𣜄	luo	0	𣜄
cn_dicts/41448.dict.yaml	𣜢	luo	0	𣜢
cn_dicts/41448.dict.yaml	𣧳	luo	0	𣧳
cn_dicts/41448.dict.yaml	𣨪	luo	0	𣨪
cn_dicts/41448.dict.yaml	𣵟	luo	0	𣵟
cn_dicts/41448.dict.yaml	𤄷	luo	0	𤄷
cn_dicts/41448.dict.yaml	𤔖	luo	0	𤔖
cn_dicts/41448.dict.yaml	𤔝	luo	0	𤔝
cn_dicts/41448.dict.yaml	𤗀	luo	0	𤗀
cn_dicts/41448.dict.yaml	𤨗	luo	0	𤨗
cn_dicts/41448.dict.yaml	𤬁	luo	0	𤬁
cn_dicts/41448.dict.yaml	𤽥	luo	0	𤽥
cn_dicts/41448.dict.yaml	𤽼	luo	0	𤽼
cn_dicts/41448.dict.yaml	𥡜	luo	0	𥡜
cn_dicts/41448.dict.yaml	𥯛	luo	0	𥯛
cn_dicts/41448.dict.yaml	𦆁	luo	0	𦆁
cn_dicts/41448.dict.yaml	𦣇	luo	0	𦣇
cn_dicts/41448.dict.yaml	𦣖	luo	0	𦣖
cn_dicts/41448.dict.yaml	𦣛	luo	0	𦣛
cn_dicts/41448.dict.yaml	𦿌	luo	0	𦿌
cn_dicts/41448.dict.yaml	𧄿	luo	0	𧄿
cn_dicts/41448.dict.yaml	𧈦	luo	0	𧈦
cn_dicts/41448.dict.yaml	𧟌	luo	0	𧟌
cn_dicts/41448.dict.yaml	𧭥	luo	0	𧭥
cn_dicts/41448.dict.yaml	𧷳	luo	0	𧷳
cn_dicts/41448.dict.yaml	𧹐	luo	0	𧹐
cn_dicts/41448.dict.yaml	𨇽	luo	0	𨇽
cn_dicts/41448.dict.yaml	𨏒	luo	0	𨏒
cn_dicts/41448.dict.yaml	𨟥	luo	0	𨟥
cn_dicts/41448.dict.yaml	𨬅	luo	0	𨬅
cn_dicts/41448.dict.yaml	𨰠	luo	0	𨰠
cn_dicts/41448.dict.yaml	𩂣	luo	0	𩂣
cn_dicts/41448.dict.yaml	𩉙	luo	0	𩉙
cn_dicts/41448.dict.yaml	𩊚	luo	0	𩊚
cn_dicts/41448.dict.yaml	𩌭	luo	0	𩌭
cn_dicts/41448.dict.yaml	𩍪	luo	0	𩍪
cn_dicts/41448.dict.yaml	𩎊	luo	0	𩎊
cn_dicts/41448.dict.yaml	𩮹	luo	0	𩮹
cn_dicts/41448.dict.yaml	𩵇	luo	0	𩵇
cn_dicts/41448.dict.yaml	𩼊	luo	0	𩼊
cn_dicts/41448.dict.yaml	𩽰	luo	0	𩽰
cn_dicts/41448.dict.yaml	𪇱	luo	0	𪇱
cn_dicts/41448.dict.yaml	𪈰	luo	0	𪈰
cn_dicts/41448.dict.yaml	𪌳	luo	0	𪌳
cn_dicts/41448.dict.yaml	𪎆	luo	0	𪎆
cn_dicts/41448.dict.yaml	𪑋	luo	0	𪑋
cn_dicts/41448.dict.yaml	㠥	lv	0	㠥
cn_dicts/41448.dict.yaml	㲶	lv	0	㲶
cn_dicts/41448.dict.yaml	䕡	lv	0	䕡
cn_dicts/41448.dict.yaml	𠜈	lv	0	𠜈
cn_dicts/41448.dict.yaml	𠣊	lv	0	𠣊
cn_dicts/41448.dict.yaml	𠷈	lv	0	𠷈
cn_dicts/41448.dict.yaml	𠻜	lv	0	𠻜
cn_dicts/41448.dict.yaml	𡀿	lv	0	𡀿
cn_dicts/41448.dict.yaml	𡡎	lv	0	𡡎
cn_dicts/41448.dict.yaml	𡾅	lv	0	𡾅
cn_dicts/41448.dict.yaml	𢅞	lv	0	𢅞
cn_dicts/41448.dict.yaml	𢈚	lv	0	𢈚
cn_dicts/41448.dict.yaml	𢙲	lv	0	𢙲
cn_dicts/41448.dict.yaml	𢟳	lv	0	𢟳
cn_dicts/41448.dict.yaml	𢣻	lv	0	𢣻
cn_dicts/41448.dict.yaml	𢯰	lv	0	𢯰
cn_dicts/41448.dict.yaml	𣀞	lv	0	𣀞
cn_dicts/41448.dict.yaml	𣥐	lv	0	𣥐
cn_dicts/41448.dict.yaml	𣭇	lv	0	𣭇
cn_dicts/41448.dict.yaml	𤁵	lv	0	𤁵
cn_dicts/41448.dict.yaml	𤗬	lv	0	𤗬
cn_dicts/41448.dict.yaml	𤾺	lv	0	𤾺
cn_dicts/41448.dict.yaml	𥖼	lv	0	𥖼
cn_dicts/41448.dict.yaml	𥡢	lv	0	𥡢
cn_dicts/41448.dict.yaml	𥭐	lv	0	𥭐
cn_dicts/41448.dict.yaml	𥰠	lv	0	𥰠
cn_dicts/41448.dict.yaml	𥶆	lv	0	𥶆
cn_dicts/41448.dict.yaml	𥶌	lv	0	𥶌
cn_dicts/41448.dict.yaml	𦆾	lv	0	𦆾
cn_dicts/41448.dict.yaml	𦊼	lv	0	𦊼
cn_dicts/41448.dict.yaml	𦛗	lv	0	𦛗
cn_dicts/41448.dict.yaml	𦭯	lv	0	𦭯
cn_dicts/41448.dict.yaml	𦳭	lv	0	𦳭
cn_dicts/41448.dict.yaml	𧃒	lv	0	𧃒
cn_dicts/41448.dict.yaml	𧈔	lv	0	𧈔
cn_dicts/41448.dict.yaml	𧍶	lv	0	𧍶
cn_dicts/41448.dict.yaml	𧓻	lv	0	𧓻
cn_dicts/41448.dict.yaml	𧜊	lv	0	𧜊
cn_dicts/41448.dict.yaml	𧭜	lv	0	𧭜
cn_dicts/41448.dict.yaml	𨂠	lv	0	𨂠
cn_dicts/41448.dict.yaml	𩄽	lv	0	𩄽
cn_dicts/41448.dict.yaml	𩥆	lv	0	𩥆
cn_dicts/41448.dict.yaml	𩲦	lv	0	𩲦
cn_dicts/41448.dict.yaml	𩳡	lv	0	𩳡
cn_dicts/41448.dict.yaml	𩴐	lv	0	𩴐
cn_dicts/41448.dict.yaml	𪈜	lv	0	𪈜
cn_dicts/41448.dict.yaml	㔀	lve	0	㔀
cn_dicts/41448.dict.yaml	㗉	lve	0	㗉
cn_dicts/41448.dict.yaml	㨼	lve	0	㨼
cn_dicts/41448.dict.yaml	䤚	lve	0	䤚
cn_dicts/41448.dict.yaml	𠢌	lve	0	𠢌
cn_dicts/41448.dict.yaml	𠼟	lve	0	𠼟
cn_dicts/41448.dict.yaml	𦊹	lve	0	𦊹
cn_dicts/41448.dict.yaml	𧎾	lve	0	𧎾
cn_dicts/41448.dict.yaml	𧐋	lve	0	𧐋
cn_dicts/41448.dict.yaml	𧐯	lve	0	𧐯
cn_dicts/41448.dict.yaml	𧑀	lve	0	𧑀
cn_dicts/41448.dict.yaml	𧕌	lve	0	𧕌
cn_dicts/41448.dict.yaml	𪅅	lve	0	𪅅
cn_dicts/41448.dict.yaml	㐷	ma	0	㐷
cn_dicts/41448.dict.yaml	㑻	ma	0	㑻
cn_dicts/41448.dict.yaml	㜫	ma	0	㜫
cn_dicts/41448.dict.yaml	㦄	ma	0	㦄
cn_dicts/41448.dict.yaml	㨸	ma	0	㨸
cn_dicts/41448.dict.yaml	㾺	ma	0	㾺
cn_dicts/41448.dict.yaml	䀣	ma	0	䀣
cn_dicts/41448.dict.yaml	䗫	ma	0	䗫
cn_dicts/41448.dict.yaml	䠋	ma	0	䠋
cn_dicts/41448.dict.yaml	䠨	ma	0	䠨
cn_dicts/41448.dict.yaml	䣕	ma	0	䣕
cn_dicts/41448.dict.yaml	䣖	ma	0	䣖
cn_dicts/41448.dict.yaml	䧞	ma	0	䧞
cn_dicts/41448.dict.yaml	䯦	ma	0	䯦
cn_dicts/41448.dict.yaml	䳸	ma	0	䳸
cn_dicts/41448.dict.yaml	𡻤	ma	0	𡻤
cn_dicts/41448.dict.yaml	𢉿	ma	0	𢉿
cn_dicts/41448.dict.yaml	𢊀	ma	0	𢊀
cn_dicts/41448.dict.yaml	𢋚	ma	0	𢋚
cn_dicts/41448.dict.yaml	𢳀	ma	0	𢳀
cn_dicts/41448.dict.yaml	𣨜	ma	0	𣨜
cn_dicts/41448.dict.yaml	𤳂	ma	0	𤳂
cn_dicts/41448.dict.yaml	𥀏	ma	0	𥀏
cn_dicts/41448.dict.yaml	𥉊	ma	0	𥉊
cn_dicts/41448.dict.yaml	𥉵	ma	0	𥉵
cn_dicts/41448.dict.yaml	𥧓	ma	0	𥧓
cn_dicts/41448.dict.yaml	𧪨	ma	0	𧪨
cn_dicts/41448.dict.yaml	𨰾	ma	0	𨰾
cn_dicts/41448.dict.yaml	𨳿	ma	0	𨳿
cn_dicts/41448.dict.yaml	𩀪	ma	0	𩀪
cn_dicts/41448.dict.yaml	𩊃	ma	0	𩊃
cn_dicts/41448.dict.yaml	𩔶	ma	0	𩔶
cn_dicts/41448.dict.yaml	𩔷	ma	0	𩔷
cn_dicts/41448.dict.yaml	𩨲	ma	0	𩨲
cn_dicts/41448.dict.yaml	𩶞	ma	0	𩶞
cn_dicts/41448.dict.yaml	𪐎	ma	0	𪐎
cn_dicts/41448.dict.yaml	𪒜	ma	0	𪒜
cn_dicts/41448.dict.yaml	𪓹	ma	0	𪓹
cn_dicts/41448.dict.yaml	㜥	mai	0	㜥
cn_dicts/41448.dict.yaml	㦟	mai	0	㦟
cn_dicts/41448.dict.yaml	䁲	mai	0	䁲
cn_dicts/41448.dict.yaml	䈿	mai	0	䈿
cn_dicts/41448.dict.yaml	䘑	mai	0	䘑
cn_dicts/41448.dict.yaml	䚑	mai	0	䚑
cn_dicts/41448.dict.yaml	䜕	mai	0	䜕
cn_dicts/41448.dict.yaml	䨪	mai	0	䨪
cn_dicts/41448.dict.yaml	䨫	mai	0	䨫
cn_dicts/41448.dict.yaml	䮮	mai	0	䮮
cn_dicts/41448.dict.yaml	䳸	mai	0	䳸
cn_dicts/41448.dict.yaml	𠿆	mai	0	𠿆
cn_dicts/41448.dict.yaml	𢠼	mai	0	𢠼
cn_dicts/41448.dict.yaml	𥇯	mai	0	𥇯
cn_dicts/41448.dict.yaml	𥌚	mai	0	𥌚
cn_dicts/41448.dict.yaml	𦏢	mai	0	𦏢
cn_dicts/41448.dict.yaml	𦙻	mai	0	𦙻
cn_dicts/41448.dict.yaml	𦚡	mai	0	𦚡
cn_dicts/41448.dict.yaml	𧱘	mai	0	𧱘
cn_dicts/41448.dict.yaml	𨤢	mai	0	𨤢
cn_dicts/41448.dict.yaml	𩈗	mai	0	𩈗
cn_dicts/41448.dict.yaml	𩊍	mai	0	𩊍
cn_dicts/41448.dict.yaml	𩍃	mai	0	𩍃
cn_dicts/41448.dict.yaml	𪄳	mai	0	𪄳
cn_dicts/41448.dict.yaml	𪒪	mai	0	𪒪
cn_dicts/41448.dict.yaml	㒼	man	0	㒼
cn_dicts/41448.dict.yaml	㗄	man	0	㗄
cn_dicts/41448.dict.yaml	㗈	man	0	㗈
cn_dicts/41448.dict.yaml	㙢	man	0	㙢
cn_dicts/41448.dict.yaml	㛧	man	0	㛧
cn_dicts/41448.dict.yaml	㡢	man	0	㡢
cn_dicts/41448.dict.yaml	㬅	man	0	㬅
cn_dicts/41448.dict.yaml	㵘	man	0	㵘
cn_dicts/41448.dict.yaml	㿸	man	0	㿸
cn_dicts/41448.dict.yaml	䅼	man	0	䅼
cn_dicts/41448.dict.yaml	䊡	man	0	䊡
cn_dicts/41448.dict.yaml	䐽	man	0	䐽
cn_dicts/41448.dict.yaml	䑱	man	0	䑱
cn_dicts/41448.dict.yaml	䒥	man	0	䒥
cn_dicts/41448.dict.yaml	䕕	man	0	䕕
cn_dicts/41448.dict.yaml	䛲	man	0	䛲
cn_dicts/41448.dict.yaml	䜱	man	0	䜱
cn_dicts/41448.dict.yaml	䝡	man	0	䝡
cn_dicts/41448.dict.yaml	䝢	man	0	䝢
cn_dicts/41448.dict.yaml	䟂	man	0	䟂
cn_dicts/41448.dict.yaml	䡬	man	0	䡬
cn_dicts/41448.dict.yaml	䨫	man	0	䨫
cn_dicts/41448.dict.yaml	䯶	man	0	䯶
cn_dicts/41448.dict.yaml	䰋	man	0	䰋
cn_dicts/41448.dict.yaml	𡕢	man	0	𡕢
cn_dicts/41448.dict.yaml	𡢚	man	0	𡢚
cn_dicts/41448.dict.yaml	𡻩	man	0	𡻩
cn_dicts/41448.dict.yaml	𢦈	man	0	𢦈
cn_dicts/41448.dict.yaml	𢿜	man	0	𢿜
cn_dicts/41448.dict.yaml	𣁜	man	0	𣁜
cn_dicts/41448.dict.yaml	𤅎	man	0	𤅎
cn_dicts/41448.dict.yaml	𤜘	man	0	𤜘
cn_dicts/41448.dict.yaml	𥊑	man	0	𥊑
cn_dicts/41448.dict.yaml	𥧭	man	0	𥧭
cn_dicts/41448.dict.yaml	𥬈	man	0	𥬈
cn_dicts/41448.dict.yaml	𥲈	man	0	𥲈
cn_dicts/41448.dict.yaml	𥲑	man	0	𥲑
cn_dicts/41448.dict.yaml	𦎌	man	0	𦎌
cn_dicts/41448.dict.yaml	𦔔	man	0	𦔔
cn_dicts/41448.dict.yaml	𧆏	man	0	𧆏
cn_dicts/41448.dict.yaml	𧖵	man	0	𧖵
cn_dicts/41448.dict.yaml	𧜞	man	0	𧜞
cn_dicts/41448.dict.yaml	𧱼	man	0	𧱼
cn_dicts/41448.dict.yaml	𨲛	man	0	𨲛
cn_dicts/41448.dict.yaml	𨲾	man	0	𨲾
cn_dicts/41448.dict.yaml	𩅍	man	0	𩅍
cn_dicts/41448.dict.yaml	𩆓	man	0	𩆓
cn_dicts/41448.dict.yaml	𩈦	man	0	𩈦
cn_dicts/41448.dict.yaml	𩛎	man	0	𩛎
cn_dicts/41448.dict.yaml	𩛟	man	0	𩛟
cn_dicts/41448.dict.yaml	𩬞	man	0	𩬞
cn_dicts/41448.dict.yaml	𩮉	man	0	𩮉
cn_dicts/41448.dict.yaml	𪈿	man	0	𪈿
cn_dicts/41448.dict.yaml	𪍩	man	0	𪍩
cn_dicts/41448.dict.yaml	𪑪	man	0	𪑪
cn_dicts/41448.dict.yaml	㙁	mang	0	㙁
cn_dicts/41448.dict.yaml	㜃	mang	0	㜃
cn_dicts/41448.dict.yaml	㝑	mang	0	㝑
cn_dicts/41448.dict.yaml	㟌	mang	0	㟌
cn_dicts/41448.dict.yaml	㟐	mang	0	㟐
cn_dicts/41448.dict.yaml	㟿	mang	0	㟿
cn_dicts/41448.dict.yaml	㡛	mang	0	㡛
cn_dicts/41448.dict.yaml	㬒	mang	0	㬒
cn_dicts/41448.dict.yaml	㻊	mang	0	㻊
cn_dicts/41448.dict.yaml	䀮	mang	0	䀮
cn_dicts/41448.dict.yaml	䁳	mang	0	䁳
cn_dicts/41448.dict.yaml	䅒	mang	0	䅒
cn_dicts/41448.dict.yaml	䈍	mang	0	䈍
cn_dicts/41448.dict.yaml	䒎	mang	0	䒎
cn_dicts/41448.dict.yaml	䓼	mang	0	䓼
cn_dicts/41448.dict.yaml	䖟	mang	0	䖟
cn_dicts/41448.dict.yaml	䙪	mang	0	䙪
cn_dicts/41448.dict.yaml	䟥	mang	0	䟥
cn_dicts/41448.dict.yaml	䵨	mang	0	䵨
cn_dicts/41448.dict.yaml	𠈵	mang	0	𠈵
cn_dicts/41448.dict.yaml	𠮵	mang	0	𠮵
cn_dicts/41448.dict.yaml	𡅖	mang	0	𡅖
cn_dicts/41448.dict.yaml	𡘪	mang	0	𡘪
cn_dicts/41448.dict.yaml	𡩩	mang	0	𡩩
cn_dicts/41448.dict.yaml	𡩽	mang	0	𡩽
cn_dicts/41448.dict.yaml	𡵀	mang	0	𡵀
cn_dicts/41448.dict.yaml	𣙷	mang	0	𣙷
cn_dicts/41448.dict.yaml	𣯬	mang	0	𣯬
cn_dicts/41448.dict.yaml	𣶈	mang	0	𣶈
cn_dicts/41448.dict.yaml	𤰡	mang	0	𤰡
cn_dicts/41448.dict.yaml	𥁃	mang	0	𥁃
cn_dicts/41448.dict.yaml	𥆙	mang	0	𥆙
cn_dicts/41448.dict.yaml	𥐞	mang	0	𥐞
cn_dicts/41448.dict.yaml	𥝕	mang	0	𥝕
cn_dicts/41448.dict.yaml	𥤩	mang	0	𥤩
cn_dicts/41448.dict.yaml	𥭚	mang	0	𥭚
cn_dicts/41448.dict.yaml	𥮎	mang	0	𥮎
cn_dicts/41448.dict.yaml	𦎨	mang	0	𦎨
cn_dicts/41448.dict.yaml	𦜭	mang	0	𦜭
cn_dicts/41448.dict.yaml	𨛌	mang	0	𨛌
cn_dicts/41448.dict.yaml	𩅁	mang	0	𩅁
cn_dicts/41448.dict.yaml	𩒿	mang	0	𩒿
cn_dicts/41448.dict.yaml	𩙸	mang	0	𩙸
cn_dicts/41448.dict.yaml	𩛲	mang	0	𩛲
cn_dicts/41448.dict.yaml	𩪎	mang	0	𩪎
cn_dicts/41448.dict.yaml	𩭒	mang	0	𩭒
cn_dicts/41448.dict.yaml	𩷶	mang	0	𩷶
cn_dicts/41448.dict.yaml	𪁪	mang	0	𪁪
cn_dicts/41448.dict.yaml	𪚢	mang	0	𪚢
cn_dicts/41448.dict.yaml	㒵	mao	0	㒵
cn_dicts/41448.dict.yaml	㒻	mao	0	㒻
cn_dicts/41448.dict.yaml	㚹	mao	0	㚹
cn_dicts/41448.dict.yaml	㝟	mao	0	㝟
cn_dicts/41448.dict.yaml	㡌	mao	0	㡌
cn_dicts/41448.dict.yaml	㧇	mao	0	㧇
cn_dicts/41448.dict.yaml	㧌	mao	0	㧌
cn_dicts/41448.dict.yaml	㪞	mao	0	㪞
cn_dicts/41448.dict.yaml	㫯	mao	0	㫯
cn_dicts/41448.dict.yaml	㬒	mao	0	㬒
cn_dicts/41448.dict.yaml	㮘	mao	0	㮘
cn_dicts/41448.dict.yaml	㲠	mao	0	㲠
cn_dicts/41448.dict.yaml	㴘	mao	0	㴘
cn_dicts/41448.dict.yaml	㹈	mao	0	㹈
cn_dicts/41448.dict.yaml	㺺	mao	0	㺺
cn_dicts/41448.dict.yaml	㿞	mao	0	㿞
cn_dicts/41448.dict.yaml	䀤	mao	0	䀤
cn_dicts/41448.dict.yaml	䅦	mao	0	䅦
cn_dicts/41448.dict.yaml	䋃	mao	0	䋃
cn_dicts/41448.dict.yaml	䓮	mao	0	䓮
cn_dicts/41448.dict.yaml	䖥	mao	0	䖥
cn_dicts/41448.dict.yaml	䡚	mao	0	䡚
cn_dicts/41448.dict.yaml	䫉	mao	0	䫉
cn_dicts/41448.dict.yaml	䭷	mao	0	䭷
cn_dicts/41448.dict.yaml	𠔼	mao	0	𠔼
cn_dicts/41448.dict.yaml	𠤝	mao	0	𠤝
cn_dicts/41448.dict.yaml	𡜢	mao	0	𡜢
cn_dicts/41448.dict.yaml	𡹰	mao	0	𡹰
cn_dicts/41448.dict.yaml	𢂹	mao	0	𢂹
cn_dicts/41448.dict.yaml	𢅉	mao	0	𢅉
cn_dicts/41448.dict.yaml	𢘅	mao	0	𢘅
cn_dicts/41448.dict.yaml	𢝌	mao	0	𢝌
cn_dicts/41448.dict.yaml	𢨯	mao	0	𢨯
cn_dicts/41448.dict.yaml	𢯾	mao	0	𢯾
cn_dicts/41448.dict.yaml	𢽢	mao	0	𢽢
cn_dicts/41448.dict.yaml	𣊃	mao	0	𣊃
cn_dicts/41448.dict.yaml	𣔺	mao	0	𣔺
cn_dicts/41448.dict.yaml	𣨇	mao	0	𣨇
cn_dicts/41448.dict.yaml	𣬵	mao	0	𣬵
cn_dicts/41448.dict.yaml	𣭮	mao	0	𣭮
cn_dicts/41448.dict.yaml	𣯀	mao	0	𣯀
cn_dicts/41448.dict.yaml	𣴟	mao	0	𣴟
cn_dicts/41448.dict.yaml	𣴼	mao	0	𣴼
cn_dicts/41448.dict.yaml	𣹪	mao	0	𣹪
cn_dicts/41448.dict.yaml	𤚜	mao	0	𤚜
cn_dicts/41448.dict.yaml	𤛖	mao	0	𤛖
cn_dicts/41448.dict.yaml	𤝄	mao	0	𤝄
cn_dicts/41448.dict.yaml	𤥰	mao	0	𤥰
cn_dicts/41448.dict.yaml	𤲰	mao	0	𤲰
cn_dicts/41448.dict.yaml	𥄸	mao	0	𥄸
cn_dicts/41448.dict.yaml	𥈆	mao	0	𥈆
cn_dicts/41448.dict.yaml	𥎟	mao	0	𥎟
cn_dicts/41448.dict.yaml	𥟪	mao	0	𥟪
cn_dicts/41448.dict.yaml	𦀸	mao	0	𦀸
cn_dicts/41448.dict.yaml	𦳁	mao	0	𦳁
cn_dicts/41448.dict.yaml	𦼪	mao	0	𦼪
cn_dicts/41448.dict.yaml	𧍟	mao	0	𧍟
cn_dicts/41448.dict.yaml	𧐟	mao	0	𧐟
cn_dicts/41448.dict.yaml	𧒚	mao	0	𧒚
cn_dicts/41448.dict.yaml	𧓿	mao	0	𧓿
cn_dicts/41448.dict.yaml	𧔨	mao	0	𧔨
cn_dicts/41448.dict.yaml	𧠊	mao	0	𧠊
cn_dicts/41448.dict.yaml	𨈥	mao	0	𨈥
cn_dicts/41448.dict.yaml	𨥨	mao	0	𨥨
cn_dicts/41448.dict.yaml	𨦜	mao	0	𨦜
cn_dicts/41448.dict.yaml	𨩩	mao	0	𨩩
cn_dicts/41448.dict.yaml	𨺸	mao	0	𨺸
cn_dicts/41448.dict.yaml	𩛨	mao	0	𩛨
cn_dicts/41448.dict.yaml	𩫁	mao	0	𩫁
cn_dicts/41448.dict.yaml	𩬞	mao	0	𩬞
cn_dicts/41448.dict.yaml	𩭾	mao	0	𩭾
cn_dicts/41448.dict.yaml	𩿂	mao	0	𩿂
cn_dicts/41448.dict.yaml	𪃑	mao	0	𪃑
cn_dicts/41448.dict.yaml	㙁	mei	0	㙁
cn_dicts/41448.dict.yaml	㜫	mei	0	㜫
cn_dicts/41448.dict.yaml	㡌	mei	0	㡌
cn_dicts/41448.dict.yaml	㭑	mei	0	㭑
cn_dicts/41448.dict.yaml	㶬	mei	0	㶬
cn_dicts/41448.dict.yaml	㺳	mei	0	㺳
cn_dicts/41448.dict.yaml	䀛	mei	0	䀛
cn_dicts/41448.dict.yaml	䀜	mei	0	䀜
cn_dicts/41448.dict.yaml	䆀	mei	0	䆀
cn_dicts/41448.dict.yaml	䉋	mei	0	䉋
cn_dicts/41448.dict.yaml	䊈	mei	0	䊈
cn_dicts/41448.dict.yaml	䊊	mei	0	䊊
cn_dicts/41448.dict.yaml	䍙	mei	0	䍙
cn_dicts/41448.dict.yaml	䒽	mei	0	䒽
cn_dicts/41448.dict.yaml	䓺	mei	0	䓺
cn_dicts/41448.dict.yaml	䜸	mei	0	䜸
cn_dicts/41448.dict.yaml	䞼	mei	0	䞼
cn_dicts/41448.dict.yaml	䤂	mei	0	䤂
cn_dicts/41448.dict.yaml	䰨	mei	0	䰨
cn_dicts/41448.dict.yaml	䰪	mei	0	䰪
cn_dicts/41448.dict.yaml	䵢	mei	0	䵢
cn_dicts/41448.dict.yaml	𠊉	mei	0	𠊉
cn_dicts/41448.dict.yaml	𠍨	mei	0	𠍨
cn_dicts/41448.dict.yaml	𠪃	mei	0	𠪃
cn_dicts/41448.dict.yaml	𡲭	mei	0	𡲭
cn_dicts/41448.dict.yaml	𢮇	mei	0	𢮇
cn_dicts/41448.dict.yaml	𣟸	mei	0	𣟸
cn_dicts/41448.dict.yaml	𤈦	mei	0	𤈦
cn_dicts/41448.dict.yaml	𤚤	mei	0	𤚤
cn_dicts/41448.dict.yaml	𤽃	mei	0	𤽃
cn_dicts/41448.dict.yaml	𥞊	mei	0	𥞊
cn_dicts/41448.dict.yaml	𥧴	mei	0	𥧴
cn_dicts/41448.dict.yaml	𦼻	mei	0	𦼻
cn_dicts/41448.dict.yaml	𧭵	mei	0	𧭵
cn_dicts/41448.dict.yaml	𧳬	mei	0	𧳬
cn_dicts/41448.dict.yaml	𨉭	mei	0	𨉭
cn_dicts/41448.dict.yaml	𨜘	mei	0	𨜘
cn_dicts/41448.dict.yaml	𩈐	mei	0	𩈐
cn_dicts/41448.dict.yaml	𩋿	mei	0	𩋿
cn_dicts/41448.dict.yaml	𩎟	mei	0	𩎟
cn_dicts/41448.dict.yaml	𩫍	mei	0	𩫍
cn_dicts/41448.dict.yaml	𩲈	mei	0	𩲈
cn_dicts/41448.dict.yaml	𩲢	mei	0	𩲢
cn_dicts/41448.dict.yaml	𩴈	mei	0	𩴈
cn_dicts/41448.dict.yaml	𪂜	mei	0	𪂜
cn_dicts/41448.dict.yaml	𪃏	mei	0	𪃏
cn_dicts/41448.dict.yaml	𪎦	mei	0	𪎦
cn_dicts/41448.dict.yaml	𪎭	mei	0	𪎭
cn_dicts/41448.dict.yaml	㙢	men	0	㙢
cn_dicts/41448.dict.yaml	㡈	men	0	㡈
cn_dicts/41448.dict.yaml	㥃	men	0	㥃
cn_dicts/41448.dict.yaml	㦖	men	0	㦖
cn_dicts/41448.dict.yaml	㨺	men	0	㨺
cn_dicts/41448.dict.yaml	㱪	men	0	㱪
cn_dicts/41448.dict.yaml	㵍	men	0	㵍
cn_dicts/41448.dict.yaml	㻊	men	0	㻊
cn_dicts/41448.dict.yaml	䊟	men	0	䊟
cn_dicts/41448.dict.yaml	䝧	men	0	䝧
cn_dicts/41448.dict.yaml	䫒	men	0	䫒
cn_dicts/41448.dict.yaml	𣯩	men	0	𣯩
cn_dicts/41448.dict.yaml	𤅣	men	0	𤅣
cn_dicts/41448.dict.yaml	𧄸	men	0	𧄸
cn_dicts/41448.dict.yaml	𧴺	men	0	𧴺
cn_dicts/41448.dict.yaml	𨳔	men	0	𨳔
cn_dicts/41448.dict.yaml	𨴺	men	0	𨴺
cn_dicts/41448.dict.yaml	𩑥	men	0	𩑥
cn_dicts/41448.dict.yaml	𩔉	men	0	𩔉
cn_dicts/41448.dict.yaml	㙹	meng	0	㙹
cn_dicts/41448.dict.yaml	㚞	meng	0	㚞
cn_dicts/41448.dict.yaml	㜴	meng	0	㜴
cn_dicts/41448.dict.yaml	㝱	meng	0	㝱
cn_dicts/41448.dict.yaml	㩚	meng	0	㩚
cn_dicts/41448.dict.yaml	㻊	meng	0	㻊
cn_dicts/41448.dict.yaml	㽇	meng	0	㽇
cn_dicts/41448.dict.yaml	䀄	meng	0	䀄
cn_dicts/41448.dict.yaml	䁅	meng	0	䁅
cn_dicts/41448.dict.yaml	䇇	meng	0	䇇
cn_dicts/41448.dict.yaml	䉚	meng	0	䉚
cn_dicts/41448.dict.yaml	䏵	meng	0	䏵
cn_dicts/41448.dict.yaml	䑃	meng	0	䑃
cn_dicts/41448.dict.yaml	䑅	meng	0	䑅
cn_dicts/41448.dict.yaml	䒐	meng	0	䒐
cn_dicts/41448.dict.yaml	䓝	meng	0	䓝
cn_dicts/41448.dict.yaml	䖟	meng	0	䖟
cn_dicts/41448.dict.yaml	䗈	meng	0	䗈
cn_dicts/41448.dict.yaml	䙦	meng	0	䙦
cn_dicts/41448.dict.yaml	䙩	meng	0	䙩
cn_dicts/41448.dict.yaml	䝢	meng	0	䝢
cn_dicts/41448.dict.yaml	䟥	meng	0	䟥
cn_dicts/41448.dict.yaml	䠢	meng	0	䠢
cn_dicts/41448.dict.yaml	䤓	meng	0	䤓
cn_dicts/41448.dict.yaml	䥂	meng	0	䥂
cn_dicts/41448.dict.yaml	䥰	meng	0	䥰
cn_dicts/41448.dict.yaml	䰒	meng	0	䰒
cn_dicts/41448.dict.yaml	䲛	meng	0	䲛
cn_dicts/41448.dict.yaml	䴌	meng	0	䴌
cn_dicts/41448.dict.yaml	䴿	meng	0	䴿
cn_dicts/41448.dict.yaml	䵆	meng	0	䵆
cn_dicts/41448.dict.yaml	𠐁	meng	0	𠐁
cn_dicts/41448.dict.yaml	𠐧	meng	0	𠐧
cn_dicts/41448.dict.yaml	𠖆	meng	0	𠖆
cn_dicts/41448.dict.yaml	𠵼	meng	0	𠵼
cn_dicts/41448.dict.yaml	𡒯	meng	0	𡒯
cn_dicts/41448.dict.yaml	𡚔	meng	0	𡚔
cn_dicts/41448.dict.yaml	𡬆	meng	0	𡬆
cn_dicts/41448.dict.yaml	𡬌	meng	0	𡬌
cn_dicts/41448.dict.yaml	𢄐	meng	0	𢄐
cn_dicts/41448.dict.yaml	𢕙	meng	0	𢕙
cn_dicts/41448.dict.yaml	𢤘	meng	0	𢤘
cn_dicts/41448.dict.yaml	𢿂	meng	0	𢿂
cn_dicts/41448.dict.yaml	𣊔	meng	0	𣊔
cn_dicts/41448.dict.yaml	𣓝	meng	0	𣓝
cn_dicts/41448.dict.yaml	𣞑	meng	0	𣞑
cn_dicts/41448.dict.yaml	𣰥	meng	0	𣰥
cn_dicts/41448.dict.yaml	𣽭	meng	0	𣽭
cn_dicts/41448.dict.yaml	𤯻	meng	0	𤯻
cn_dicts/41448.dict.yaml	𤱴	meng	0	𤱴
cn_dicts/41448.dict.yaml	𤼁	meng	0	𤼁
cn_dicts/41448.dict.yaml	𤾬	meng	0	𤾬
cn_dicts/41448.dict.yaml	𥂂	meng	0	𥂂
cn_dicts/41448.dict.yaml	𥄁	meng	0	𥄁
cn_dicts/41448.dict.yaml	𥉕	meng	0	𥉕
cn_dicts/41448.dict.yaml	𥋝	meng	0	𥋝
cn_dicts/41448.dict.yaml	𥌯	meng	0	𥌯
cn_dicts/41448.dict.yaml	𥌱	meng	0	𥌱
cn_dicts/41448.dict.yaml	𥣛	meng	0	𥣛
cn_dicts/41448.dict.yaml	𥭮	meng	0	𥭮
cn_dicts/41448.dict.yaml	𦆟	meng	0	𦆟
cn_dicts/41448.dict.yaml	𦊽	meng	0	𦊽
cn_dicts/41448.dict.yaml	𦢧	meng	0	𦢧
cn_dicts/41448.dict.yaml	𦫰	meng	0	𦫰
cn_dicts/41448.dict.yaml	𦱋	meng	0	𦱋
cn_dicts/41448.dict.yaml	𦳶	meng	0	𦳶
cn_dicts/41448.dict.yaml	𦴔	meng	0	𦴔
cn_dicts/41448.dict.yaml	𦷹	meng	0	𦷹
cn_dicts/41448.dict.yaml	𦿏	meng	0	𦿏
cn_dicts/41448.dict.yaml	𧀆	meng	0	𧀆
cn_dicts/41448.dict.yaml	𧀧	meng	0	𧀧
cn_dicts/41448.dict.yaml	𧁊	meng	0	𧁊
cn_dicts/41448.dict.yaml	𧂛	meng	0	𧂛
cn_dicts/41448.dict.yaml	𧂡	meng	0	𧂡
cn_dicts/41448.dict.yaml	𧈧	meng	0	𧈧
cn_dicts/41448.dict.yaml	𧓨	meng	0	𧓨
cn_dicts/41448.dict.yaml	𧞑	meng	0	𧞑
cn_dicts/41448.dict.yaml	𧭊	meng	0	𧭊
cn_dicts/41448.dict.yaml	𧲍	meng	0	𧲍
cn_dicts/41448.dict.yaml	𨞫	meng	0	𨞫
cn_dicts/41448.dict.yaml	𨢊	meng	0	𨢊
cn_dicts/41448.dict.yaml	𨢠	meng	0	𨢠
cn_dicts/41448.dict.yaml	𨣘	meng	0	𨣘
cn_dicts/41448.dict.yaml	𨨸	meng	0	𨨸
cn_dicts/41448.dict.yaml	𨮒	meng	0	𨮒
cn_dicts/41448.dict.yaml	𨼿	meng	0	𨼿
cn_dicts/41448.dict.yaml	𩄖	meng	0	𩄖
cn_dicts/41448.dict.yaml	𩆽	meng	0	𩆽
cn_dicts/41448.dict.yaml	𩕱	meng	0	𩕱
cn_dicts/41448.dict.yaml	𩟞	meng	0	𩟞
cn_dicts/41448.dict.yaml	𩦺	meng	0	𩦺
cn_dicts/41448.dict.yaml	𩴲	meng	0	𩴲
cn_dicts/41448.dict.yaml	𩶡	meng	0	𩶡
cn_dicts/41448.dict.yaml	𪅇	meng	0	𪅇
cn_dicts/41448.dict.yaml	𪇓	meng	0	𪇓
cn_dicts/41448.dict.yaml	𪈆	meng	0	𪈆
cn_dicts/41448.dict.yaml	㘠	mi	0	㘠
cn_dicts/41448.dict.yaml	㜆	mi	0	㜆
cn_dicts/41448.dict.yaml	㜷	mi	0	㜷
cn_dicts/41448.dict.yaml	㝥	mi	0	㝥
cn_dicts/41448.dict.yaml	㟜	mi	0	㟜
cn_dicts/41448.dict.yaml	㠧	mi	0	㠧
cn_dicts/41448.dict.yaml	㣆	mi	0	㣆
cn_dicts/41448.dict.yaml	㥝	mi	0	㥝
cn_dicts/41448.dict.yaml	㦄	mi	0	㦄
cn_dicts/41448.dict.yaml	㨠	mi	0	㨠
cn_dicts/41448.dict.yaml	㨺	mi	0	㨺
cn_dicts/41448.dict.yaml	㩢	mi	0	㩢
cn_dicts/41448.dict.yaml	㫘	mi	0	㫘
cn_dicts/41448.dict.yaml	㰽	mi	0	㰽
cn_dicts/41448.dict.yaml	㳴	mi	0	㳴
cn_dicts/41448.dict.yaml	㳽	mi	0	㳽
cn_dicts/41448.dict.yaml	㴵	mi	0	㴵
cn_dicts/41448.dict.yaml	㵋	mi	0	㵋
cn_dicts/41448.dict.yaml	㵥	mi	0	㵥
cn_dicts/41448.dict.yaml	㸏	mi	0	㸏
cn_dicts/41448.dict.yaml	㸓	mi	0	㸓
cn_dicts/41448.dict.yaml	䁇	mi	0	䁇
cn_dicts/41448.dict.yaml	䈼	mi	0	䈼
cn_dicts/41448.dict.yaml	䈿	mi	0	䈿
cn_dicts/41448.dict.yaml	䉲	mi	0	䉲
cn_dicts/41448.dict.yaml	䉾	mi	0	䉾
cn_dicts/41448.dict.yaml	䊫	mi	0	䊫
cn_dicts/41448.dict.yaml	䊳	mi	0	䊳
cn_dicts/41448.dict.yaml	䋛	mi	0	䋛
cn_dicts/41448.dict.yaml	䋳	mi	0	䋳
cn_dicts/41448.dict.yaml	䌏	mi	0	䌏
cn_dicts/41448.dict.yaml	䌐	mi	0	䌐
cn_dicts/41448.dict.yaml	䌕	mi	0	䌕
cn_dicts/41448.dict.yaml	䌘	mi	0	䌘
cn_dicts/41448.dict.yaml	䌩	mi	0	䌩
cn_dicts/41448.dict.yaml	䍘	mi	0	䍘
cn_dicts/41448.dict.yaml	䕳	mi	0	䕳
cn_dicts/41448.dict.yaml	䕷	mi	0	䕷
cn_dicts/41448.dict.yaml	䖑	mi	0	䖑
cn_dicts/41448.dict.yaml	䛉	mi	0	䛉
cn_dicts/41448.dict.yaml	䛑	mi	0	䛑
cn_dicts/41448.dict.yaml	䛧	mi	0	䛧
cn_dicts/41448.dict.yaml	䣥	mi	0	䣥
cn_dicts/41448.dict.yaml	䣾	mi	0	䣾
cn_dicts/41448.dict.yaml	䤉	mi	0	䤉
cn_dicts/41448.dict.yaml	䤍	mi	0	䤍
cn_dicts/41448.dict.yaml	䥸	mi	0	䥸
cn_dicts/41448.dict.yaml	䪾	mi	0	䪾
cn_dicts/41448.dict.yaml	䭧	mi	0	䭧
cn_dicts/41448.dict.yaml	䭩	mi	0	䭩
cn_dicts/41448.dict.yaml	䮭	mi	0	䮭
cn_dicts/41448.dict.yaml	䱊	mi	0	䱊
cn_dicts/41448.dict.yaml	䴢	mi	0	䴢
cn_dicts/41448.dict.yaml	𠞧	mi	0	𠞧
cn_dicts/41448.dict.yaml	𠵸	mi	0	𠵸
cn_dicts/41448.dict.yaml	𡄣	mi	0	𡄣
cn_dicts/41448.dict.yaml	𡇒	mi	0	𡇒
cn_dicts/41448.dict.yaml	𡊭	mi	0	𡊭
cn_dicts/41448.dict.yaml	𡓭	mi	0	𡓭
cn_dicts/41448.dict.yaml	𡬐	mi	0	𡬐
cn_dicts/41448.dict.yaml	𡲼	mi	0	𡲼
cn_dicts/41448.dict.yaml	𡾱	mi	0	𡾱
cn_dicts/41448.dict.yaml	𢆯	mi	0	𢆯
cn_dicts/41448.dict.yaml	𢇲	mi	0	𢇲
cn_dicts/41448.dict.yaml	𢘺	mi	0	𢘺
cn_dicts/41448.dict.yaml	𢞞	mi	0	𢞞
cn_dicts/41448.dict.yaml	𢱮	mi	0	𢱮
cn_dicts/41448.dict.yaml	𣓔	mi	0	𣓔
cn_dicts/41448.dict.yaml	𣧲	mi	0	𣧲
cn_dicts/41448.dict.yaml	𤛬	mi	0	𤛬
cn_dicts/41448.dict.yaml	𥁑	mi	0	𥁑
cn_dicts/41448.dict.yaml	𥅘	mi	0	𥅘
cn_dicts/41448.dict.yaml	𥇆	mi	0	𥇆
cn_dicts/41448.dict.yaml	𥇎	mi	0	𥇎
cn_dicts/41448.dict.yaml	𥈕	mi	0	𥈕
cn_dicts/41448.dict.yaml	𥉴	mi	0	𥉴
cn_dicts/41448.dict.yaml	𥉿	mi	0	𥉿
cn_dicts/41448.dict.yaml	𥎖	mi	0	𥎖
cn_dicts/41448.dict.yaml	𥞪	mi	0	𥞪
cn_dicts/41448.dict.yaml	𥦀	mi	0	𥦀
cn_dicts/41448.dict.yaml	𥧧	mi	0	𥧧
cn_dicts/41448.dict.yaml	𥭫	mi	0	𥭫
cn_dicts/41448.dict.yaml	𥵨	mi	0	𥵨
cn_dicts/41448.dict.yaml	𥹄	mi	0	𥹄
cn_dicts/41448.dict.yaml	𥹫	mi	0	𥹫
cn_dicts/41448.dict.yaml	𥻒	mi	0	𥻒
cn_dicts/41448.dict.yaml	𥽰	mi	0	𥽰
cn_dicts/41448.dict.yaml	𥿫	mi	0	𥿫
cn_dicts/41448.dict.yaml	𦄐	mi	0	𦄐
cn_dicts/41448.dict.yaml	𦖬	mi	0	𦖬
cn_dicts/41448.dict.yaml	𦗕	mi	0	𦗕
cn_dicts/41448.dict.yaml	𦞟	mi	0	𦞟
cn_dicts/41448.dict.yaml	𦟂	mi	0	𦟂
cn_dicts/41448.dict.yaml	𦣥	mi	0	𦣥
cn_dicts/41448.dict.yaml	𦸡	mi	0	𦸡
cn_dicts/41448.dict.yaml	𧐎	mi	0	𧐎
cn_dicts/41448.dict.yaml	𧕵	mi	0	𧕵
cn_dicts/41448.dict.yaml	𧠟	mi	0	𧠟
cn_dicts/41448.dict.yaml	𧱻	mi	0	𧱻
cn_dicts/41448.dict.yaml	𧵬	mi	0	𧵬
cn_dicts/41448.dict.yaml	𧶡	mi	0	𧶡
cn_dicts/41448.dict.yaml	𧷦	mi	0	𧷦
cn_dicts/41448.dict.yaml	𧼊	mi	0	𧼊
cn_dicts/41448.dict.yaml	𧽨	mi	0	𧽨
cn_dicts/41448.dict.yaml	𨇻	mi	0	𨇻
cn_dicts/41448.dict.yaml	𨒲	mi	0	𨒲
cn_dicts/41448.dict.yaml	𨢎	mi	0	𨢎
cn_dicts/41448.dict.yaml	𨢥	mi	0	𨢥
cn_dicts/41448.dict.yaml	𨣯	mi	0	𨣯
cn_dicts/41448.dict.yaml	𨣾	mi	0	𨣾
cn_dicts/41448.dict.yaml	𨷬	mi	0	𨷬
cn_dicts/41448.dict.yaml	𩀶	mi	0	𩀶
cn_dicts/41448.dict.yaml	𩔢	mi	0	𩔢
cn_dicts/41448.dict.yaml	𩞁	mi	0	𩞁
cn_dicts/41448.dict.yaml	𩞇	mi	0	𩞇
cn_dicts/41448.dict.yaml	𩸹	mi	0	𩸹
cn_dicts/41448.dict.yaml	𪀿	mi	0	𪀿
cn_dicts/41448.dict.yaml	𪅮	mi	0	𪅮
cn_dicts/41448.dict.yaml	𪋗	mi	0	𪋗
cn_dicts/41448.dict.yaml	𪋢	mi	0	𪋢
cn_dicts/41448.dict.yaml	𪎔	mi	0	𪎔
cn_dicts/41448.dict.yaml	𪎗	mi	0	𪎗
cn_dicts/41448.dict.yaml	𪑸	mi	0	𪑸
cn_dicts/41448.dict.yaml	𪒄	mi	0	𪒄
cn_dicts/41448.dict.yaml	𪓬	mi	0	𪓬
cn_dicts/41448.dict.yaml	𪕈	mi	0	𪕈
cn_dicts/41448.dict.yaml	㐷	mian	0	㐷
cn_dicts/41448.dict.yaml	㒙	mian	0	㒙
cn_dicts/41448.dict.yaml	㛯	mian	0	㛯
cn_dicts/41448.dict.yaml	㝃	mian	0	㝃
cn_dicts/41448.dict.yaml	㝰	mian	0	㝰
cn_dicts/41448.dict.yaml	㤁	mian	0	㤁
cn_dicts/41448.dict.yaml	㥝	mian	0	㥝
cn_dicts/41448.dict.yaml	㨺	mian	0	㨺
cn_dicts/41448.dict.yaml	㫘	mian	0	㫘
cn_dicts/41448.dict.yaml	㬆	mian	0	㬆
cn_dicts/41448.dict.yaml	㮌	mian	0	㮌
cn_dicts/41448.dict.yaml	㰃	mian	0	㰃
cn_dicts/41448.dict.yaml	㴐	mian	0	㴐
cn_dicts/41448.dict.yaml	㻰	mian	0	㻰
cn_dicts/41448.dict.yaml	䀎	mian	0	䀎
cn_dicts/41448.dict.yaml	䃇	mian	0	䃇
cn_dicts/41448.dict.yaml	䌏	mian	0	䌏
cn_dicts/41448.dict.yaml	䏃	mian	0	䏃
cn_dicts/41448.dict.yaml	䛉	mian	0	䛉
cn_dicts/41448.dict.yaml	䤄	mian	0	䤄
cn_dicts/41448.dict.yaml	䫵	mian	0	䫵
cn_dicts/41448.dict.yaml	䰓	mian	0	䰓
cn_dicts/41448.dict.yaml	𡒳	mian	0	𡒳
cn_dicts/41448.dict.yaml	𡕢	mian	0	𡕢
cn_dicts/41448.dict.yaml	𡧍	mian	0	𡧍
cn_dicts/41448.dict.yaml	𡧒	mian	0	𡧒
cn_dicts/41448.dict.yaml	𡯫	mian	0	𡯫
cn_dicts/41448.dict.yaml	𢃮	mian	0	𢃮
cn_dicts/41448.dict.yaml	𢣔	mian	0	𢣔
cn_dicts/41448.dict.yaml	𣅍	mian	0	𣅍
cn_dicts/41448.dict.yaml	𣡠	mian	0	𣡠
cn_dicts/41448.dict.yaml	𣧾	mian	0	𣧾
cn_dicts/41448.dict.yaml	𥄝	mian	0	𥄝
cn_dicts/41448.dict.yaml	𥊿	mian	0	𥊿
cn_dicts/41448.dict.yaml	𥌂	mian	0	𥌂
cn_dicts/41448.dict.yaml	𥤵	mian	0	𥤵
cn_dicts/41448.dict.yaml	𥻩	mian	0	𥻩
cn_dicts/41448.dict.yaml	𥾝	mian	0	𥾝
cn_dicts/41448.dict.yaml	𦬛	mian	0	𦬛
cn_dicts/41448.dict.yaml	𦽃	mian	0	𦽃
cn_dicts/41448.dict.yaml	𧭇	mian	0	𧭇
cn_dicts/41448.dict.yaml	𧸨	mian	0	𧸨
cn_dicts/41448.dict.yaml	𨉥	mian	0	𨉥
cn_dicts/41448.dict.yaml	𨟺	mian	0	𨟺
cn_dicts/41448.dict.yaml	𨡞	mian	0	𨡞
cn_dicts/41448.dict.yaml	𨲛	mian	0	𨲛
cn_dicts/41448.dict.yaml	𨲾	mian	0	𨲾
cn_dicts/41448.dict.yaml	𩈹	mian	0	𩈹
cn_dicts/41448.dict.yaml	𩋠	mian	0	𩋠
cn_dicts/41448.dict.yaml	𩬞	mian	0	𩬞
cn_dicts/41448.dict.yaml	𩮉	mian	0	𩮉
cn_dicts/41448.dict.yaml	𪁼	mian	0	𪁼
cn_dicts/41448.dict.yaml	𪏊	mian	0	𪏊
cn_dicts/41448.dict.yaml	㑤	miao	0	㑤
cn_dicts/41448.dict.yaml	㠺	miao	0	㠺
cn_dicts/41448.dict.yaml	㦝	miao	0	㦝
cn_dicts/41448.dict.yaml	㷅	miao	0	㷅
cn_dicts/41448.dict.yaml	䁧	miao	0	䁧
cn_dicts/41448.dict.yaml	䅺	miao	0	䅺
cn_dicts/41448.dict.yaml	䏚	miao	0	䏚
cn_dicts/41448.dict.yaml	䖢	miao	0	䖢
cn_dicts/41448.dict.yaml	𠋝	miao	0	𠋝
cn_dicts/41448.dict.yaml	𡙎	miao	0	𡙎
cn_dicts/41448.dict.yaml	𡡺	miao	0	𡡺
cn_dicts/41448.dict.yaml	𢆷	miao	0	𢆷
cn_dicts/41448.dict.yaml	𢚋	miao	0	𢚋
cn_dicts/41448.dict.yaml	𢤧	miao	0	𢤧
cn_dicts/41448.dict.yaml	𢷕	miao	0	𢷕
cn_dicts/41448.dict.yaml	𤾛	miao	0	𤾛
cn_dicts/41448.dict.yaml	𥭝	miao	0	𥭝
cn_dicts/41448.dict.yaml	𦳥	miao	0	𦳥
cn_dicts/41448.dict.yaml	𩳸	miao	0	𩳸
cn_dicts/41448.dict.yaml	𪃐	miao	0	𪃐
cn_dicts/41448.dict.yaml	𪃦	miao	0	𪃦
cn_dicts/41448.dict.yaml	㒝	mie	0	㒝
cn_dicts/41448.dict.yaml	㩢	mie	0	㩢
cn_dicts/41448.dict.yaml	䁾	mie	0	䁾
cn_dicts/41448.dict.yaml	䈼	mie	0	䈼
cn_dicts/41448.dict.yaml	䌩	mie	0	䌩
cn_dicts/41448.dict.yaml	䘊	mie	0	䘊
cn_dicts/41448.dict.yaml	䩏	mie	0	䩏
cn_dicts/41448.dict.yaml	𠺗	mie	0	𠺗
cn_dicts/41448.dict.yaml	𡖺	mie	0	𡖺
cn_dicts/41448.dict.yaml	𡞙	mie	0	𡞙
cn_dicts/41448.dict.yaml	𡟬	mie	0	𡟬
cn_dicts/41448.dict.yaml	𢦼	mie	0	𢦼
cn_dicts/41448.dict.yaml	𢧞	mie	0	𢧞
cn_dicts/41448.dict.yaml	𢨖	mie	0	𢨖
cn_dicts/41448.dict.yaml	𤊾	mie	0	𤊾
cn_dicts/41448.dict.yaml	𤏿	mie	0	𤏿
cn_dicts/41448.dict.yaml	𥄲	mie	0	𥄲
cn_dicts/41448.dict.yaml	𥉓	mie	0	𥉓
cn_dicts/41448.dict.yaml	𥋚	mie	0	𥋚
cn_dicts/41448.dict.yaml	𥌨	mie	0	𥌨
cn_dicts/41448.dict.yaml	𥣫	mie	0	𥣫
cn_dicts/41448.dict.yaml	𥵒	mie	0	𥵒
cn_dicts/41448.dict.yaml	𥸴	mie	0	𥸴
cn_dicts/41448.dict.yaml	𥽘	mie	0	𥽘
cn_dicts/41448.dict.yaml	𥾝	mie	0	𥾝
cn_dicts/41448.dict.yaml	𦇪	mie	0	𦇪
cn_dicts/41448.dict.yaml	𧀅	mie	0	𧀅
cn_dicts/41448.dict.yaml	𧂝	mie	0	𧂝
cn_dicts/41448.dict.yaml	𨣱	mie	0	𨣱
cn_dicts/41448.dict.yaml	𩔠	mie	0	𩔠
cn_dicts/41448.dict.yaml	𩱷	mie	0	𩱷
cn_dicts/41448.dict.yaml	𪇴	mie	0	𪇴
cn_dicts/41448.dict.yaml	𪌺	mie	0	𪌺
cn_dicts/41448.dict.yaml	𪒍	mie	0	𪒍
cn_dicts/41448.dict.yaml	㞶	min	0	㞶
cn_dicts/41448.dict.yaml	㟩	min	0	㟩
cn_dicts/41448.dict.yaml	㟭	min	0	㟭
cn_dicts/41448.dict.yaml	㢯	min	0	㢯
cn_dicts/41448.dict.yaml	㥸	min	0	㥸
cn_dicts/41448.dict.yaml	㨉	min	0	㨉
cn_dicts/41448.dict.yaml	㬆	min	0	㬆
cn_dicts/41448.dict.yaml	㮌	min	0	㮌
cn_dicts/41448.dict.yaml	䁕	min	0	䁕
cn_dicts/41448.dict.yaml	䂥	min	0	䂥
cn_dicts/41448.dict.yaml	䃉	min	0	䃉
cn_dicts/41448.dict.yaml	䋋	min	0	䋋
cn_dicts/41448.dict.yaml	䝧	min	0	䝧
cn_dicts/41448.dict.yaml	䞀	min	0	䞀
cn_dicts/41448.dict.yaml	䟨	min	0	䟨
cn_dicts/41448.dict.yaml	䡅	min	0	䡅
cn_dicts/41448.dict.yaml	䡑	min	0	䡑
cn_dicts/41448.dict.yaml	䡻	min	0	䡻
cn_dicts/41448.dict.yaml	䪸	min	0	䪸
cn_dicts/41448.dict.yaml	䲄	min	0	䲄
cn_dicts/41448.dict.yaml	䶔	min	0	䶔
cn_dicts/41448.dict.yaml	𢼖	min	0	𢼖
cn_dicts/41448.dict.yaml	𢽹	min	0	𢽹
cn_dicts/41448.dict.yaml	𣱈	min	0	𣱈
cn_dicts/41448.dict.yaml	𣱉	min	0	𣱉
cn_dicts/41448.dict.yaml	𣹒	min	0	𣹒
cn_dicts/41448.dict.yaml	𤇜	min	0	𤇜
cn_dicts/41448.dict.yaml	𤛎	min	0	𤛎
cn_dicts/41448.dict.yaml	𤸅	min	0	𤸅
cn_dicts/41448.dict.yaml	𤺖	min	0	𤺖
cn_dicts/41448.dict.yaml	𤿕	min	0	𤿕
cn_dicts/41448.dict.yaml	𥜐	min	0	𥜐
cn_dicts/41448.dict.yaml	𦌡	min	0	𦌡
cn_dicts/41448.dict.yaml	𦫮	min	0	𦫮
cn_dicts/41448.dict.yaml	𦳜	min	0	𦳜
cn_dicts/41448.dict.yaml	𧁋	min	0	𧁋
cn_dicts/41448.dict.yaml	𧌙	min	0	𧌙
cn_dicts/41448.dict.yaml	𧲃	min	0	𧲃
cn_dicts/41448.dict.yaml	𧵣	min	0	𧵣
cn_dicts/41448.dict.yaml	𨏵	min	0	𨏵
cn_dicts/41448.dict.yaml	𩔉	min	0	𩔉
cn_dicts/41448.dict.yaml	𩭷	min	0	𩭷
cn_dicts/41448.dict.yaml	𪂆	min	0	𪂆
cn_dicts/41448.dict.yaml	𪄴	min	0	𪄴
cn_dicts/41448.dict.yaml	㝠	ming	0	㝠
cn_dicts/41448.dict.yaml	㟰	ming	0	㟰
cn_dicts/41448.dict.yaml	㫥	ming	0	㫥
cn_dicts/41448.dict.yaml	䄙	ming	0	䄙
cn_dicts/41448.dict.yaml	䆨	ming	0	䆨
cn_dicts/41448.dict.yaml	䆩	ming	0	䆩
cn_dicts/41448.dict.yaml	䊅	ming	0	䊅
cn_dicts/41448.dict.yaml	䒌	ming	0	䒌
cn_dicts/41448.dict.yaml	䤉	ming	0	䤉
cn_dicts/41448.dict.yaml	䫤	ming	0	䫤
cn_dicts/41448.dict.yaml	䳟	ming	0	䳟
cn_dicts/41448.dict.yaml	𠋶	ming	0	𠋶
cn_dicts/41448.dict.yaml	𡥸	ming	0	𡥸
cn_dicts/41448.dict.yaml	𣷠	ming	0	𣷠
cn_dicts/41448.dict.yaml	𥌏	ming	0	𥌏
cn_dicts/41448.dict.yaml	𥥊	ming	0	𥥊
cn_dicts/41448.dict.yaml	𥹆	ming	0	𥹆
cn_dicts/41448.dict.yaml	𥿨	ming	0	𥿨
cn_dicts/41448.dict.yaml	𦡉	ming	0	𦡉
cn_dicts/41448.dict.yaml	𦫭	ming	0	𦫭
cn_dicts/41448.dict.yaml	𧟠	ming	0	𧟠
cn_dicts/41448.dict.yaml	𧱴	ming	0	𧱴
cn_dicts/41448.dict.yaml	𩣶	ming	0	𩣶
cn_dicts/41448.dict.yaml	𪂤	ming	0	𪂤
cn_dicts/41448.dict.yaml	𪗸	ming	0	𪗸
cn_dicts/41448.dict.yaml	𨱯	miu	0	𨱯
cn_dicts/41448.dict.yaml	㜥	mo	0	㜥
cn_dicts/41448.dict.yaml	㱄	mo	0	㱄
cn_dicts/41448.dict.yaml	㱳	mo	0	㱳
cn_dicts/41448.dict.yaml	㶬	mo	0	㶬
cn_dicts/41448.dict.yaml	㷬	mo	0	㷬
cn_dicts/41448.dict.yaml	㷵	mo	0	㷵
cn_dicts/41448.dict.yaml	㹮	mo	0	㹮
cn_dicts/41448.dict.yaml	㾺	mo	0	㾺
cn_dicts/41448.dict.yaml	䁼	mo	0	䁼
cn_dicts/41448.dict.yaml	䁿	mo	0	䁿
cn_dicts/41448.dict.yaml	䃺	mo	0	䃺
cn_dicts/41448.dict.yaml	䉑	mo	0	䉑
cn_dicts/41448.dict.yaml	䌕	mo	0	䌕
cn_dicts/41448.dict.yaml	䏞	mo	0	䏞
cn_dicts/41448.dict.yaml	䒬	mo	0	䒬
cn_dicts/41448.dict.yaml	䘃	mo	0	䘃
cn_dicts/41448.dict.yaml	䘑	mo	0	䘑
cn_dicts/41448.dict.yaml	䜆	mo	0	䜆
cn_dicts/41448.dict.yaml	䤉	mo	0	䤉
cn_dicts/41448.dict.yaml	䩋	mo	0	䩋
cn_dicts/41448.dict.yaml	䬴	mo	0	䬴
cn_dicts/41448.dict.yaml	䭩	mo	0	䭩
cn_dicts/41448.dict.yaml	䮬	mo	0	䮬
cn_dicts/41448.dict.yaml	䯢	mo	0	䯢
cn_dicts/41448.dict.yaml	䱅	mo	0	䱅
cn_dicts/41448.dict.yaml	䳟	mo	0	䳟
cn_dicts/41448.dict.yaml	䳮	mo	0	䳮
cn_dicts/41448.dict.yaml	䴲	mo	0	䴲
cn_dicts/41448.dict.yaml	𠄮	mo	0	𠄮
cn_dicts/41448.dict.yaml	𠆮	mo	0	𠆮
cn_dicts/41448.dict.yaml	𠇱	mo	0	𠇱
cn_dicts/41448.dict.yaml	𠡞	mo	0	𠡞
cn_dicts/41448.dict.yaml	𠢓	mo	0	𠢓
cn_dicts/41448.dict.yaml	𠬛	mo	0	𠬛
cn_dicts/41448.dict.yaml	𠻚	mo	0	𠻚
cn_dicts/41448.dict.yaml	𡈗	mo	0	𡈗
cn_dicts/41448.dict.yaml	𡊉	mo	0	𡊉
cn_dicts/41448.dict.yaml	𡠜	mo	0	𡠜
cn_dicts/41448.dict.yaml	𡡉	mo	0	𡡉
cn_dicts/41448.dict.yaml	𡢜	mo	0	𡢜
cn_dicts/41448.dict.yaml	𡻟	mo	0	𡻟
cn_dicts/41448.dict.yaml	𡾉	mo	0	𡾉
cn_dicts/41448.dict.yaml	𢄏	mo	0	𢄏
cn_dicts/41448.dict.yaml	𢊗	mo	0	𢊗
cn_dicts/41448.dict.yaml	𢐖	mo	0	𢐖
cn_dicts/41448.dict.yaml	𢗿	mo	0	𢗿
cn_dicts/41448.dict.yaml	𢣗	mo	0	𢣗
cn_dicts/41448.dict.yaml	𢳀	mo	0	𢳀
cn_dicts/41448.dict.yaml	𣋟	mo	0	𣋟
cn_dicts/41448.dict.yaml	𣧒	mo	0	𣧒
cn_dicts/41448.dict.yaml	𣧣	mo	0	𣧣
cn_dicts/41448.dict.yaml	𣶊	mo	0	𣶊
cn_dicts/41448.dict.yaml	𣻕	mo	0	𣻕
cn_dicts/41448.dict.yaml	𤋂	mo	0	𤋂
cn_dicts/41448.dict.yaml	𤣻	mo	0	𤣻
cn_dicts/41448.dict.yaml	𤹴	mo	0	𤹴
cn_dicts/41448.dict.yaml	𤿖	mo	0	𤿖
cn_dicts/41448.dict.yaml	𥂓	mo	0	𥂓
cn_dicts/41448.dict.yaml	𥄕	mo	0	𥄕
cn_dicts/41448.dict.yaml	𥕓	mo	0	𥕓
cn_dicts/41448.dict.yaml	𥙎	mo	0	𥙎
cn_dicts/41448.dict.yaml	𥞪	mo	0	𥞪
cn_dicts/41448.dict.yaml	𥬎	mo	0	𥬎
cn_dicts/41448.dict.yaml	𥱹	mo	0	𥱹
cn_dicts/41448.dict.yaml	𥽘	mo	0	𥽘
cn_dicts/41448.dict.yaml	𥿉	mo	0	𥿉
cn_dicts/41448.dict.yaml	𦅔	mo	0	𦅔
cn_dicts/41448.dict.yaml	𦔭	mo	0	𦔭
cn_dicts/41448.dict.yaml	𦟟	mo	0	𦟟
cn_dicts/41448.dict.yaml	𦥦	mo	0	𦥦
cn_dicts/41448.dict.yaml	𦫕	mo	0	𦫕
cn_dicts/41448.dict.yaml	𦮅	mo	0	𦮅
cn_dicts/41448.dict.yaml	𧀅	mo	0	𧀅
cn_dicts/41448.dict.yaml	𧕤	mo	0	𧕤
cn_dicts/41448.dict.yaml	𧕥	mo	0	𧕥
cn_dicts/41448.dict.yaml	𧠓	mo	0	𧠓
cn_dicts/41448.dict.yaml	𧥟	mo	0	𧥟
cn_dicts/41448.dict.yaml	𧰱	mo	0	𧰱
cn_dicts/41448.dict.yaml	𧻙	mo	0	𧻙
cn_dicts/41448.dict.yaml	𧼟	mo	0	𧼟
cn_dicts/41448.dict.yaml	𧿴	mo	0	𧿴
cn_dicts/41448.dict.yaml	𨆽	mo	0	𨆽
cn_dicts/41448.dict.yaml	𨟖	mo	0	𨟖
cn_dicts/41448.dict.yaml	𨰞	mo	0	𨰞
cn_dicts/41448.dict.yaml	𨱱	mo	0	𨱱
cn_dicts/41448.dict.yaml	𩃁	mo	0	𩃁
cn_dicts/41448.dict.yaml	𩄻	mo	0	𩄻
cn_dicts/41448.dict.yaml	𩌧	mo	0	𩌧
cn_dicts/41448.dict.yaml	𩎟	mo	0	𩎟
cn_dicts/41448.dict.yaml	𩐻	mo	0	𩐻
cn_dicts/41448.dict.yaml	𩑦	mo	0	𩑦
cn_dicts/41448.dict.yaml	𩑷	mo	0	𩑷
cn_dicts/41448.dict.yaml	𩞁	mo	0	𩞁
cn_dicts/41448.dict.yaml	𩟠	mo	0	𩟠
cn_dicts/41448.dict.yaml	𩢖	mo	0	𩢖
cn_dicts/41448.dict.yaml	𩢷	mo	0	𩢷
cn_dicts/41448.dict.yaml	𩥔	mo	0	𩥔
cn_dicts/41448.dict.yaml	𩪮	mo	0	𩪮
cn_dicts/41448.dict.yaml	𩿣	mo	0	𩿣
cn_dicts/41448.dict.yaml	𪍇	mo	0	𪍇
cn_dicts/41448.dict.yaml	𪍤	mo	0	𪍤
cn_dicts/41448.dict.yaml	𪎠	mo	0	𪎠
cn_dicts/41448.dict.yaml	𪏟	mo	0	𪏟
cn_dicts/41448.dict.yaml	𪒂	mo	0	𪒂
cn_dicts/41448.dict.yaml	𪒇	mo	0	𪒇
cn_dicts/41448.dict.yaml	㖼	mou	0	㖼
cn_dicts/41448.dict.yaml	㭌	mou	0	㭌
cn_dicts/41448.dict.yaml	㼋	mou	0	㼋
cn_dicts/41448.dict.yaml	䋷	mou	0	䋷
cn_dicts/41448.dict.yaml	䍒	mou	0	䍒
cn_dicts/41448.dict.yaml	䏬	mou	0	䏬
cn_dicts/41448.dict.yaml	䗋	mou	0	䗋
cn_dicts/41448.dict.yaml	䥐	mou	0	䥐
cn_dicts/41448.dict.yaml	䦈	mou	0	䦈
cn_dicts/41448.dict.yaml	䱕	mou	0	䱕
cn_dicts/41448.dict.yaml	𠀱	mou	0	𠀱
cn_dicts/41448.dict.yaml	𠥨	mou	0	𠥨
cn_dicts/41448.dict.yaml	𢃱	mou	0	𢃱
cn_dicts/41448.dict.yaml	𢜯	mou	0	𢜯
cn_dicts/41448.dict.yaml	𣫬	mou	0	𣫬
cn_dicts/41448.dict.yaml	𥆆	mou	0	𥆆
cn_dicts/41448.dict.yaml	𥿵	mou	0	𥿵
cn_dicts/41448.dict.yaml	𦊋	mou	0	𦊋
cn_dicts/41448.dict.yaml	𦊎	mou	0	𦊎
cn_dicts/41448.dict.yaml	𦋡	mou	0	𦋡
cn_dicts/41448.dict.yaml	𦭷	mou	0	𦭷
cn_dicts/41448.dict.yaml	𦳑	mou	0	𦳑
cn_dicts/41448.dict.yaml	𦺒	mou	0	𦺒
cn_dicts/41448.dict.yaml	𧎄	mou	0	𧎄
cn_dicts/41448.dict.yaml	𧎻	mou	0	𧎻
cn_dicts/41448.dict.yaml	𨴍	mou	0	𨴍
cn_dicts/41448.dict.yaml	𩢫	mou	0	𩢫
cn_dicts/41448.dict.yaml	𩶢	mou	0	𩶢
cn_dicts/41448.dict.yaml	㒇	mu	0	㒇
cn_dicts/41448.dict.yaml	㙁	mu	0	㙁
cn_dicts/41448.dict.yaml	㜈	mu	0	㜈
cn_dicts/41448.dict.yaml	㟂	mu	0	㟂
cn_dicts/41448.dict.yaml	㡔	mu	0	㡔
cn_dicts/41448.dict.yaml	㣎	mu	0	㣎
cn_dicts/41448.dict.yaml	㧅	mu	0	㧅
cn_dicts/41448.dict.yaml	㫛	mu	0	㫛
cn_dicts/41448.dict.yaml	㾇	mu	0	㾇
cn_dicts/41448.dict.yaml	䀲	mu	0	䀲
cn_dicts/41448.dict.yaml	䁼	mu	0	䁼
cn_dicts/41448.dict.yaml	䊾	mu	0	䊾
cn_dicts/41448.dict.yaml	䑵	mu	0	䑵
cn_dicts/41448.dict.yaml	䥈	mu	0	䥈
cn_dicts/41448.dict.yaml	䧔	mu	0	䧔
cn_dicts/41448.dict.yaml	䮸	mu	0	䮸
cn_dicts/41448.dict.yaml	䱯	mu	0	䱯
cn_dicts/41448.dict.yaml	𠺖	mu	0	𠺖
cn_dicts/41448.dict.yaml	𡵬	mu	0	𡵬
cn_dicts/41448.dict.yaml	𢘃	mu	0	𢘃
cn_dicts/41448.dict.yaml	𢜯	mu	0	𢜯
cn_dicts/41448.dict.yaml	𢟨	mu	0	𢟨
cn_dicts/41448.dict.yaml	𣈊	mu	0	𣈊
cn_dicts/41448.dict.yaml	𣳠	mu	0	𣳠
cn_dicts/41448.dict.yaml	𤚅	mu	0	𤚅
cn_dicts/41448.dict.yaml	𤝂	mu	0	𤝂
cn_dicts/41448.dict.yaml	𤝕	mu	0	𤝕
cn_dicts/41448.dict.yaml	𤵝	mu	0	𤵝
cn_dicts/41448.dict.yaml	𥄈	mu	0	𥄈
cn_dicts/41448.dict.yaml	𥣸	mu	0	𥣸
cn_dicts/41448.dict.yaml	𥰻	mu	0	𥰻
cn_dicts/41448.dict.yaml	𦃤	mu	0	𦃤
cn_dicts/41448.dict.yaml	𦱒	mu	0	𦱒
cn_dicts/41448.dict.yaml	𧚀	mu	0	𧚀
cn_dicts/41448.dict.yaml	𧩒	mu	0	𧩒
cn_dicts/41448.dict.yaml	𧬏	mu	0	𧬏
cn_dicts/41448.dict.yaml	𧰷	mu	0	𧰷
cn_dicts/41448.dict.yaml	𨈶	mu	0	𨈶
cn_dicts/41448.dict.yaml	𨍎	mu	0	𨍎
cn_dicts/41448.dict.yaml	𨎸	mu	0	𨎸
cn_dicts/41448.dict.yaml	𨡭	mu	0	𨡭
cn_dicts/41448.dict.yaml	𨢢	mu	0	𨢢
cn_dicts/41448.dict.yaml	𩡨	mu	0	𩡨
cn_dicts/41448.dict.yaml	𩬍	mu	0	𩬍
cn_dicts/41448.dict.yaml	𩵦	mu	0	𩵦
cn_dicts/41448.dict.yaml	𩶖	mu	0	𩶖
cn_dicts/41448.dict.yaml	𩶩	mu	0	𩶩
cn_dicts/41448.dict.yaml	𪎫	mu	0	𪎫
cn_dicts/41448.dict.yaml	㗙	na	0	㗙
cn_dicts/41448.dict.yaml	㘝	na	0	㘝
cn_dicts/41448.dict.yaml	㙁	na	0	㙁
cn_dicts/41448.dict.yaml	㧱	na	0	㧱
cn_dicts/41448.dict.yaml	㨥	na	0	㨥
cn_dicts/41448.dict.yaml	㭯	na	0	㭯
cn_dicts/41448.dict.yaml	㴸	na	0	㴸
cn_dicts/41448.dict.yaml	䀑	na	0	䀑
cn_dicts/41448.dict.yaml	䅞	na	0	䅞
cn_dicts/41448.dict.yaml	䇣	na	0	䇣
cn_dicts/41448.dict.yaml	䇱	na	0	䇱
cn_dicts/41448.dict.yaml	䈫	na	0	䈫
cn_dicts/41448.dict.yaml	䎎	na	0	䎎
cn_dicts/41448.dict.yaml	䏧	na	0	䏧
cn_dicts/41448.dict.yaml	䖓	na	0	䖓
cn_dicts/41448.dict.yaml	䖧	na	0	䖧
cn_dicts/41448.dict.yaml	䛔	na	0	䛔
cn_dicts/41448.dict.yaml	䞕	na	0	䞕
cn_dicts/41448.dict.yaml	䟜	na	0	䟜
cn_dicts/41448.dict.yaml	䪏	na	0	䪏
cn_dicts/41448.dict.yaml	䫱	na	0	䫱
cn_dicts/41448.dict.yaml	䱹	na	0	䱹
cn_dicts/41448.dict.yaml	𠕄	na	0	𠕄
cn_dicts/41448.dict.yaml	𠱲	na	0	𠱲
cn_dicts/41448.dict.yaml	𠴾	na	0	𠴾
cn_dicts/41448.dict.yaml	𡤙	na	0	𡤙
cn_dicts/41448.dict.yaml	𡰀	na	0	𡰀
cn_dicts/41448.dict.yaml	𡷝	na	0	𡷝
cn_dicts/41448.dict.yaml	𢇵	na	0	𢇵
cn_dicts/41448.dict.yaml	𢓇	na	0	𢓇
cn_dicts/41448.dict.yaml	𢜲	na	0	𢜲
cn_dicts/41448.dict.yaml	𢡏	na	0	𢡏
cn_dicts/41448.dict.yaml	𣅚	na	0	𣅚
cn_dicts/41448.dict.yaml	𣡰	na	0	𣡰
cn_dicts/41448.dict.yaml	𣸏	na	0	𣸏
cn_dicts/41448.dict.yaml	𣹵	na	0	𣹵
cn_dicts/41448.dict.yaml	𤓷	na	0	𤓷
cn_dicts/41448.dict.yaml	𤔀	na	0	𤔀
cn_dicts/41448.dict.yaml	𤝒	na	0	𤝒
cn_dicts/41448.dict.yaml	𤡤	na	0	𤡤
cn_dicts/41448.dict.yaml	𤬷	na	0	𤬷
cn_dicts/41448.dict.yaml	𤭠	na	0	𤭠
cn_dicts/41448.dict.yaml	𤱅	na	0	𤱅
cn_dicts/41448.dict.yaml	𤱆	na	0	𤱆
cn_dicts/41448.dict.yaml	𤷈	na	0	𤷈
cn_dicts/41448.dict.yaml	𤸏	na	0	𤸏
cn_dicts/41448.dict.yaml	𤸻	na	0	𤸻
cn_dicts/41448.dict.yaml	𥍲	na	0	𥍲
cn_dicts/41448.dict.yaml	𥑒	na	0	𥑒
cn_dicts/41448.dict.yaml	𥹉	na	0	𥹉
cn_dicts/41448.dict.yaml	𥿃	na	0	𥿃
cn_dicts/41448.dict.yaml	𦙜	na	0	𦙜
cn_dicts/41448.dict.yaml	𦛐	na	0	𦛐
cn_dicts/41448.dict.yaml	𦣀	na	0	𦣀
cn_dicts/41448.dict.yaml	𦬻	na	0	𦬻
cn_dicts/41448.dict.yaml	𦳐	na	0	𦳐
cn_dicts/41448.dict.yaml	𧋡	na	0	𧋡
cn_dicts/41448.dict.yaml	𧘽	na	0	𧘽
cn_dicts/41448.dict.yaml	𧤣	na	0	𧤣
cn_dicts/41448.dict.yaml	𧦮	na	0	𧦮
cn_dicts/41448.dict.yaml	𧰹	na	0	𧰹
cn_dicts/41448.dict.yaml	𩏼	na	0	𩏼
cn_dicts/41448.dict.yaml	𩚛	na	0	𩚛
cn_dicts/41448.dict.yaml	𩮅	na	0	𩮅
cn_dicts/41448.dict.yaml	𩮸	na	0	𩮸
cn_dicts/41448.dict.yaml	𩹾	na	0	𩹾
cn_dicts/41448.dict.yaml	𪌅	na	0	𪌅
cn_dicts/41448.dict.yaml	𪐀	na	0	𪐀
cn_dicts/41448.dict.yaml	𪗝	na	0	𪗝
cn_dicts/41448.dict.yaml	㚷	nai	0	㚷
cn_dicts/41448.dict.yaml	㜨	nai	0	㜨
cn_dicts/41448.dict.yaml	㜷	nai	0	㜷
cn_dicts/41448.dict.yaml	㮈	nai	0	㮈
cn_dicts/41448.dict.yaml	㮏	nai	0	㮏
cn_dicts/41448.dict.yaml	㲡	nai	0	㲡
cn_dicts/41448.dict.yaml	㾍	nai	0	㾍
cn_dicts/41448.dict.yaml	䅞	nai	0	䅞
cn_dicts/41448.dict.yaml	䍲	nai	0	䍲
cn_dicts/41448.dict.yaml	䘅	nai	0	䘅
cn_dicts/41448.dict.yaml	䯮	nai	0	䯮
cn_dicts/41448.dict.yaml	䱞	nai	0	䱞
cn_dicts/41448.dict.yaml	𠧟	nai	0	𠧟
cn_dicts/41448.dict.yaml	𠧤	nai	0	𠧤
cn_dicts/41448.dict.yaml	𡞫	nai	0	𡞫
cn_dicts/41448.dict.yaml	𡨵	nai	0	𡨵
cn_dicts/41448.dict.yaml	𡮙	nai	0	𡮙
cn_dicts/41448.dict.yaml	𢉓	nai	0	𢉓
cn_dicts/41448.dict.yaml	𣉘	nai	0	𣉘
cn_dicts/41448.dict.yaml	𣮦	nai	0	𣮦
cn_dicts/41448.dict.yaml	𥄗	nai	0	𥄗
cn_dicts/41448.dict.yaml	𥉃	nai	0	𥉃
cn_dicts/41448.dict.yaml	𦓎	nai	0	𦓎
cn_dicts/41448.dict.yaml	𦔹	nai	0	𦔹
cn_dicts/41448.dict.yaml	𦠸	nai	0	𦠸
cn_dicts/41448.dict.yaml	𦳐	nai	0	𦳐
cn_dicts/41448.dict.yaml	𦶅	nai	0	𦶅
cn_dicts/41448.dict.yaml	𨎡	nai	0	𨎡
cn_dicts/41448.dict.yaml	𨒨	nai	0	𨒨
cn_dicts/41448.dict.yaml	𩹟	nai	0	𩹟
cn_dicts/41448.dict.yaml	𪌞	nai	0	𪌞
cn_dicts/41448.dict.yaml	㓓	nan	0	㓓
cn_dicts/41448.dict.yaml	㫱	nan	0	㫱
cn_dicts/41448.dict.yaml	㬮	nan	0	㬮
cn_dicts/41448.dict.yaml	㽖	nan	0	㽖
cn_dicts/41448.dict.yaml	䁪	nan	0	䁪
cn_dicts/41448.dict.yaml	䈒	nan	0	䈒
cn_dicts/41448.dict.yaml	䊖	nan	0	䊖
cn_dicts/41448.dict.yaml	䔜	nan	0	䔜
cn_dicts/41448.dict.yaml	䔳	nan	0	䔳
cn_dicts/41448.dict.yaml	䕼	nan	0	䕼
cn_dicts/41448.dict.yaml	䛁	nan	0	䛁
cn_dicts/41448.dict.yaml	䶲	nan	0	䶲
cn_dicts/41448.dict.yaml	𡆤	nan	0	𡆤
cn_dicts/41448.dict.yaml	𡆱	nan	0	𡆱
cn_dicts/41448.dict.yaml	𡆲	nan	0	𡆲
cn_dicts/41448.dict.yaml	𢪈	nan	0	𢪈
cn_dicts/41448.dict.yaml	𢬷	nan	0	𢬷
cn_dicts/41448.dict.yaml	𤌔	nan	0	𤌔
cn_dicts/41448.dict.yaml	𤱣	nan	0	𤱣
cn_dicts/41448.dict.yaml	𤽲	nan	0	𤽲
cn_dicts/41448.dict.yaml	𤿏	nan	0	𤿏
cn_dicts/41448.dict.yaml	𦍀	nan	0	𦍀
cn_dicts/41448.dict.yaml	𦛚	nan	0	𦛚
cn_dicts/41448.dict.yaml	𦝧	nan	0	𦝧
cn_dicts/41448.dict.yaml	𦶈	nan	0	𦶈
cn_dicts/41448.dict.yaml	𧇙	nan	0	𧇙
cn_dicts/41448.dict.yaml	𧕴	nan	0	𧕴
cn_dicts/41448.dict.yaml	𧹞	nan	0	𧹞
cn_dicts/41448.dict.yaml	𨠹	nan	0	𨠹
cn_dicts/41448.dict.yaml	𨦳	nan	0	𨦳
cn_dicts/41448.dict.yaml	𨴌	nan	0	𨴌
cn_dicts/41448.dict.yaml	𨴘	nan	0	𨴘
cn_dicts/41448.dict.yaml	𨵴	nan	0	𨵴
cn_dicts/41448.dict.yaml	𩅠	nan	0	𩅠
cn_dicts/41448.dict.yaml	𩈑	nan	0	𩈑
cn_dicts/41448.dict.yaml	𩈶	nan	0	𩈶
cn_dicts/41448.dict.yaml	𩹞	nan	0	𩹞
cn_dicts/41448.dict.yaml	㒄	nang	0	㒄
cn_dicts/41448.dict.yaml	㶞	nang	0	㶞
cn_dicts/41448.dict.yaml	䂇	nang	0	䂇
cn_dicts/41448.dict.yaml	𠶬	nang	0	𠶬
cn_dicts/41448.dict.yaml	𡿝	nang	0	𡿝
cn_dicts/41448.dict.yaml	𢖧	nang	0	𢖧
cn_dicts/41448.dict.yaml	𣰶	nang	0	𣰶
cn_dicts/41448.dict.yaml	𦈃	nang	0	𦈃
cn_dicts/41448.dict.yaml	𦗳	nang	0	𦗳
cn_dicts/41448.dict.yaml	𦣘	nang	0	𦣘
cn_dicts/41448.dict.yaml	𧅺	nang	0	𧅺
cn_dicts/41448.dict.yaml	𧖒	nang	0	𧖒
cn_dicts/41448.dict.yaml	𧟘	nang	0	𧟘
cn_dicts/41448.dict.yaml	𨳆	nang	0	𨳆
cn_dicts/41448.dict.yaml	𩛡	nang	0	𩛡
cn_dicts/41448.dict.yaml	𩜒	nang	0	𩜒
cn_dicts/41448.dict.yaml	㑎	nao	0	㑎
cn_dicts/41448.dict.yaml	㛴	nao	0	㛴
cn_dicts/41448.dict.yaml	㞪	nao	0	㞪
cn_dicts/41448.dict.yaml	㧘	nao	0	㧘
cn_dicts/41448.dict.yaml	㺀	nao	0	㺀
cn_dicts/41448.dict.yaml	㺁	nao	0	㺁
cn_dicts/41448.dict.yaml	䃩	nao	0	䃩
cn_dicts/41448.dict.yaml	䄩	nao	0	䄩
cn_dicts/41448.dict.yaml	䑋	nao	0	䑋
cn_dicts/41448.dict.yaml	䙹	nao	0	䙹
cn_dicts/41448.dict.yaml	䛝	nao	0	䛝
cn_dicts/41448.dict.yaml	䜀	nao	0	䜀
cn_dicts/41448.dict.yaml	䜧	nao	0	䜧
cn_dicts/41448.dict.yaml	䫸	nao	0	䫸
cn_dicts/41448.dict.yaml	䴃	nao	0	䴃
cn_dicts/41448.dict.yaml	𠊦	nao	0	𠊦
cn_dicts/41448.dict.yaml	𠡷	nao	0	𠡷
cn_dicts/41448.dict.yaml	𡍍	nao	0	𡍍
cn_dicts/41448.dict.yaml	𡽧	nao	0	𡽧
cn_dicts/41448.dict.yaml	𡾂	nao	0	𡾂
cn_dicts/41448.dict.yaml	𡿺	nao	0	𡿺
cn_dicts/41448.dict.yaml	𢅈	nao	0	𢅈
cn_dicts/41448.dict.yaml	𢉵	nao	0	𢉵
cn_dicts/41448.dict.yaml	𢙐	nao	0	𢙐
cn_dicts/41448.dict.yaml	𢜸	nao	0	𢜸
cn_dicts/41448.dict.yaml	𢪼	nao	0	𢪼
cn_dicts/41448.dict.yaml	𣧽	nao	0	𣧽
cn_dicts/41448.dict.yaml	𣭺	nao	0	𣭺
cn_dicts/41448.dict.yaml	𣳦	nao	0	𣳦
cn_dicts/41448.dict.yaml	𤊲	nao	0	𤊲
cn_dicts/41448.dict.yaml	𤋫	nao	0	𤋫
cn_dicts/41448.dict.yaml	𤞍	nao	0	𤞍
cn_dicts/41448.dict.yaml	𤡤	nao	0	𤡤
cn_dicts/41448.dict.yaml	𤫕	nao	0	𤫕
cn_dicts/41448.dict.yaml	𤷻	nao	0	𤷻
cn_dicts/41448.dict.yaml	𥀮	nao	0	𥀮
cn_dicts/41448.dict.yaml	𥆲	nao	0	𥆲
cn_dicts/41448.dict.yaml	𥑪	nao	0	𥑪
cn_dicts/41448.dict.yaml	𥒢	nao	0	𥒢
cn_dicts/41448.dict.yaml	𦗮	nao	0	𦗮
cn_dicts/41448.dict.yaml	𧩣	nao	0	𧩣
cn_dicts/41448.dict.yaml	𧳀	nao	0	𧳀
cn_dicts/41448.dict.yaml	𧳦	nao	0	𧳦
cn_dicts/41448.dict.yaml	𧴓	nao	0	𧴓
cn_dicts/41448.dict.yaml	𧴙	nao	0	𧴙
cn_dicts/41448.dict.yaml	𨥸	nao	0	𨥸
cn_dicts/41448.dict.yaml	𨱵	nao	0	𨱵
cn_dicts/41448.dict.yaml	𩋈	nao	0	𩋈
cn_dicts/41448.dict.yaml	𩖯	nao	0	𩖯
cn_dicts/41448.dict.yaml	𩛋	nao	0	𩛋
cn_dicts/41448.dict.yaml	𩤘	nao	0	𩤘
cn_dicts/41448.dict.yaml	𩩀	nao	0	𩩀
cn_dicts/41448.dict.yaml	𩫔	nao	0	𩫔
cn_dicts/41448.dict.yaml	𩫺	nao	0	𩫺
cn_dicts/41448.dict.yaml	𩬷	nao	0	𩬷
cn_dicts/41448.dict.yaml	𩯆	nao	0	𩯆
cn_dicts/41448.dict.yaml	㕯	ne	0	㕯
cn_dicts/41448.dict.yaml	䅞	ne	0	䅞
cn_dicts/41448.dict.yaml	䎪	ne	0	䎪
cn_dicts/41448.dict.yaml	䭆	ne	0	䭆
cn_dicts/41448.dict.yaml	䭚	ne	0	䭚
cn_dicts/41448.dict.yaml	𢗉	ne	0	𢗉
cn_dicts/41448.dict.yaml	𣧍	ne	0	𣧍
cn_dicts/41448.dict.yaml	𧤜	ne	0	𧤜
cn_dicts/41448.dict.yaml	㐻	nei	0	㐻
cn_dicts/41448.dict.yaml	㖏	nei	0	㖏
cn_dicts/41448.dict.yaml	㘨	nei	0	㘨
cn_dicts/41448.dict.yaml	㨅	nei	0	㨅
cn_dicts/41448.dict.yaml	㼏	nei	0	㼏
cn_dicts/41448.dict.yaml	䇣	nei	0	䇣
cn_dicts/41448.dict.yaml	䜆	nei	0	䜆
cn_dicts/41448.dict.yaml	䡾	nei	0	䡾
cn_dicts/41448.dict.yaml	䲎	nei	0	䲎
cn_dicts/41448.dict.yaml	䳖	nei	0	䳖
cn_dicts/41448.dict.yaml	𠑚	nei	0	𠑚
cn_dicts/41448.dict.yaml	𠑛	nei	0	𠑛
cn_dicts/41448.dict.yaml	𡣢	nei	0	𡣢
cn_dicts/41448.dict.yaml	𢁩	nei	0	𢁩
cn_dicts/41448.dict.yaml	𢅼	nei	0	𢅼
cn_dicts/41448.dict.yaml	𢛉	nei	0	𢛉
cn_dicts/41448.dict.yaml	𣓃	nei	0	𣓃
cn_dicts/41448.dict.yaml	𥡭	nei	0	𥡭
cn_dicts/41448.dict.yaml	𨡌	nei	0	𨡌
cn_dicts/41448.dict.yaml	𩗔	nei	0	𩗔
cn_dicts/41448.dict.yaml	𩛞	nei	0	𩛞
cn_dicts/41448.dict.yaml	𩬀	nei	0	𩬀
cn_dicts/41448.dict.yaml	㒄	nen	0	㒄
cn_dicts/41448.dict.yaml	㜛	nen	0	㜛
cn_dicts/41448.dict.yaml	㯎	nen	0	㯎
cn_dicts/41448.dict.yaml	㶧	nen	0	㶧
cn_dicts/41448.dict.yaml	𡞾	nen	0	𡞾
cn_dicts/41448.dict.yaml	𧮠	nen	0	𧮠
cn_dicts/41448.dict.yaml	𨈗	nen	0	𨈗
cn_dicts/41448.dict.yaml	㲌	neng	0	㲌
cn_dicts/41448.dict.yaml	㴰	neng	0	㴰
cn_dicts/41448.dict.yaml	䏻	neng	0	䏻
cn_dicts/41448.dict.yaml	䘅	neng	0	䘅
cn_dicts/41448.dict.yaml	𠹌	neng	0	𠹌
cn_dicts/41448.dict.yaml	𢆂	neng	0	𢆂
cn_dicts/41448.dict.yaml	𨃳	neng	0	𨃳
cn_dicts/41448.dict.yaml	𨶙	neng	0	𨶙
cn_dicts/41448.dict.yaml	㞾	ni	0	㞾
cn_dicts/41448.dict.yaml	㠜	ni	0	㠜
cn_dicts/41448.dict.yaml	㣇	ni	0	㣇
cn_dicts/41448.dict.yaml	㥾	ni	0	㥾
cn_dicts/41448.dict.yaml	㦐	ni	0	㦐
cn_dicts/41448.dict.yaml	㧱	ni	0	㧱
cn_dicts/41448.dict.yaml	㪒	ni	0	㪒
cn_dicts/41448.dict.yaml	㮞	ni	0	㮞
cn_dicts/41448.dict.yaml	㲡	ni	0	㲡
cn_dicts/41448.dict.yaml	㲻	ni	0	㲻
cn_dicts/41448.dict.yaml	㵫	ni	0	㵫
cn_dicts/41448.dict.yaml	㹸	ni	0	㹸
cn_dicts/41448.dict.yaml	䀑	ni	0	䀑
cn_dicts/41448.dict.yaml	䁥	ni	0	䁥
cn_dicts/41448.dict.yaml	䍲	ni	0	䍲
cn_dicts/41448.dict.yaml	䕥	ni	0	䕥
cn_dicts/41448.dict.yaml	䘌	ni	0	䘌
cn_dicts/41448.dict.yaml	䘦	ni	0	䘦
cn_dicts/41448.dict.yaml	䘽	ni	0	䘽
cn_dicts/41448.dict.yaml	䛏	ni	0	䛏
cn_dicts/41448.dict.yaml	䝚	ni	0	䝚
cn_dicts/41448.dict.yaml	䦵	ni	0	䦵
cn_dicts/41448.dict.yaml	䧇	ni	0	䧇
cn_dicts/41448.dict.yaml	䭲	ni	0	䭲
cn_dicts/41448.dict.yaml	䮘	ni	0	䮘
cn_dicts/41448.dict.yaml	䰯	ni	0	䰯
cn_dicts/41448.dict.yaml	䵑	ni	0	䵑
cn_dicts/41448.dict.yaml	䵒	ni	0	䵒
cn_dicts/41448.dict.yaml	𠆵	ni	0	𠆵
cn_dicts/41448.dict.yaml	𠒰	ni	0	𠒰
cn_dicts/41448.dict.yaml	𠱘	ni	0	𠱘
cn_dicts/41448.dict.yaml	𠸺	ni	0	𠸺
cn_dicts/41448.dict.yaml	𠽬	ni	0	𠽬
cn_dicts/41448.dict.yaml	𡎳	ni	0	𡎳
cn_dicts/41448.dict.yaml	𡎿	ni	0	𡎿
cn_dicts/41448.dict.yaml	𡞭	ni	0	𡞭
cn_dicts/41448.dict.yaml	𡣁	ni	0	𡣁
cn_dicts/41448.dict.yaml	𡥦	ni	0	𡥦
cn_dicts/41448.dict.yaml	𡥨	ni	0	𡥨
cn_dicts/41448.dict.yaml	𡫸	ni	0	𡫸
cn_dicts/41448.dict.yaml	𡬗	ni	0	𡬗
cn_dicts/41448.dict.yaml	𢅟	ni	0	𢅟
cn_dicts/41448.dict.yaml	𢚮	ni	0	𢚮
cn_dicts/41448.dict.yaml	𢛜	ni	0	𢛜
cn_dicts/41448.dict.yaml	𢣚	ni	0	𢣚
cn_dicts/41448.dict.yaml	𢦱	ni	0	𢦱
cn_dicts/41448.dict.yaml	𣘗	ni	0	𣘗
cn_dicts/41448.dict.yaml	𣡋	ni	0	𣡋
cn_dicts/41448.dict.yaml	𣢞	ni	0	𣢞
cn_dicts/41448.dict.yaml	𣭙	ni	0	𣭙
cn_dicts/41448.dict.yaml	𣲷	ni	0	𣲷
cn_dicts/41448.dict.yaml	𤙌	ni	0	𤙌
cn_dicts/41448.dict.yaml	𤦤	ni	0	𤦤
cn_dicts/41448.dict.yaml	𥄽	ni	0	𥄽
cn_dicts/41448.dict.yaml	𥇄	ni	0	𥇄
cn_dicts/41448.dict.yaml	𥜦	ni	0	𥜦
cn_dicts/41448.dict.yaml	𥜬	ni	0	𥜬
cn_dicts/41448.dict.yaml	𥷄	ni	0	𥷄
cn_dicts/41448.dict.yaml	𥺜	ni	0	𥺜
cn_dicts/41448.dict.yaml	𦆦	ni	0	𦆦
cn_dicts/41448.dict.yaml	𦤽	ni	0	𦤽
cn_dicts/41448.dict.yaml	𦦃	ni	0	𦦃
cn_dicts/41448.dict.yaml	𦮾	ni	0	𦮾
cn_dicts/41448.dict.yaml	𦰫	ni	0	𦰫
cn_dicts/41448.dict.yaml	𧃩	ni	0	𧃩
cn_dicts/41448.dict.yaml	𧈞	ni	0	𧈞
cn_dicts/41448.dict.yaml	𧏾	ni	0	𧏾
cn_dicts/41448.dict.yaml	𧖷	ni	0	𧖷
cn_dicts/41448.dict.yaml	𧵼	ni	0	𧵼
cn_dicts/41448.dict.yaml	𧺰	ni	0	𧺰
cn_dicts/41448.dict.yaml	𨀀	ni	0	𨀀
cn_dicts/41448.dict.yaml	𨋗	ni	0	𨋗
cn_dicts/41448.dict.yaml	𨒫	ni	0	𨒫
cn_dicts/41448.dict.yaml	𨽦	ni	0	𨽦
cn_dicts/41448.dict.yaml	𩈢	ni	0	𩈢
cn_dicts/41448.dict.yaml	𩉹	ni	0	𩉹
cn_dicts/41448.dict.yaml	𩋪	ni	0	𩋪
cn_dicts/41448.dict.yaml	𩍦	ni	0	𩍦
cn_dicts/41448.dict.yaml	𩚮	ni	0	𩚮
cn_dicts/41448.dict.yaml	𩚯	ni	0	𩚯
cn_dicts/41448.dict.yaml	𩩢	ni	0	𩩢
cn_dicts/41448.dict.yaml	𩯨	ni	0	𩯨
cn_dicts/41448.dict.yaml	𩰞	ni	0	𩰞
cn_dicts/41448.dict.yaml	𩱄	ni	0	𩱄
cn_dicts/41448.dict.yaml	𩸦	ni	0	𩸦
cn_dicts/41448.dict.yaml	𩸧	ni	0	𩸧
cn_dicts/41448.dict.yaml	𩺝	ni	0	𩺝
cn_dicts/41448.dict.yaml	𩺱	ni	0	𩺱
cn_dicts/41448.dict.yaml	𪏵	ni	0	𪏵
cn_dicts/41448.dict.yaml	𪏸	ni	0	𪏸
cn_dicts/41448.dict.yaml	𪐌	ni	0	𪐌
cn_dicts/41448.dict.yaml	𪙛	ni	0	𪙛
cn_dicts/41448.dict.yaml	㘝	nian	0	㘝
cn_dicts/41448.dict.yaml	㜣	nian	0	㜣
cn_dicts/41448.dict.yaml	㜤	nian	0	㜤
cn_dicts/41448.dict.yaml	㞋	nian	0	㞋
cn_dicts/41448.dict.yaml	㮟	nian	0	㮟
cn_dicts/41448.dict.yaml	㲽	nian	0	㲽
cn_dicts/41448.dict.yaml	䄭	nian	0	䄭
cn_dicts/41448.dict.yaml	䄹	nian	0	䄹
cn_dicts/41448.dict.yaml	䚓	nian	0	䚓
cn_dicts/41448.dict.yaml	䟢	nian	0	䟢
cn_dicts/41448.dict.yaml	䧔	nian	0	䧔
cn_dicts/41448.dict.yaml	䩞	nian	0	䩞
cn_dicts/41448.dict.yaml	䬯	nian	0	䬯
cn_dicts/41448.dict.yaml	䴴	nian	0	䴴
cn_dicts/41448.dict.yaml	𠕟	nian	0	𠕟
cn_dicts/41448.dict.yaml	𠗋	nian	0	𠗋
cn_dicts/41448.dict.yaml	𠣇	nian	0	𠣇
cn_dicts/41448.dict.yaml	𠫺	nian	0	𠫺
cn_dicts/41448.dict.yaml	𠬋	nian	0	𠬋
cn_dicts/41448.dict.yaml	𡝟	nian	0	𡝟
cn_dicts/41448.dict.yaml	𡰫	nian	0	𡰫
cn_dicts/41448.dict.yaml	𣎔	nian	0	𣎔
cn_dicts/41448.dict.yaml	𣐏	nian	0	𣐏
cn_dicts/41448.dict.yaml	𤁥	nian	0	𤁥
cn_dicts/41448.dict.yaml	𤽿	nian	0	𤽿
cn_dicts/41448.dict.yaml	𥮘	nian	0	𥮘
cn_dicts/41448.dict.yaml	𥺴	nian	0	𥺴
cn_dicts/41448.dict.yaml	𦁇	nian	0	𦁇
cn_dicts/41448.dict.yaml	𦭁	nian	0	𦭁
cn_dicts/41448.dict.yaml	𦷙	nian	0	𦷙
cn_dicts/41448.dict.yaml	𧹞	nian	0	𧹞
cn_dicts/41448.dict.yaml	𨀀	nian	0	𨀀
cn_dicts/41448.dict.yaml	𨇍	nian	0	𨇍
cn_dicts/41448.dict.yaml	𨋚	nian	0	𨋚
cn_dicts/41448.dict.yaml	𨏛	nian	0	𨏛
cn_dicts/41448.dict.yaml	𨚶	nian	0	𨚶
cn_dicts/41448.dict.yaml	𨢯	nian	0	𨢯
cn_dicts/41448.dict.yaml	𨴞	nian	0	𨴞
cn_dicts/41448.dict.yaml	𨸱	nian	0	𨸱
cn_dicts/41448.dict.yaml	𩉄	nian	0	𩉄
cn_dicts/41448.dict.yaml	𩊫	nian	0	𩊫
cn_dicts/41448.dict.yaml	𩽴	nian	0	𩽴
cn_dicts/41448.dict.yaml	𪐇	nian	0	𪐇
cn_dicts/41448.dict.yaml	𪑮	nian	0	𪑮
cn_dicts/41448.dict.yaml	䖆	niang	0	䖆
cn_dicts/41448.dict.yaml	𥽬	niang	0	𥽬
cn_dicts/41448.dict.yaml	𪓃	niang	0	𪓃
cn_dicts/41448.dict.yaml	㒟	niao	0	㒟
cn_dicts/41448.dict.yaml	㜵	niao	0	㜵
cn_dicts/41448.dict.yaml	㞙	niao	0	㞙
cn_dicts/41448.dict.yaml	㠡	niao	0	㠡
cn_dicts/41448.dict.yaml	㭤	niao	0	㭤
cn_dicts/41448.dict.yaml	㳮	niao	0	㳮
cn_dicts/41448.dict.yaml	㼭	niao	0	㼭
cn_dicts/41448.dict.yaml	䃵	niao	0	䃵
cn_dicts/41448.dict.yaml	䐁	niao	0	䐁
cn_dicts/41448.dict.yaml	䙚	niao	0	䙚
cn_dicts/41448.dict.yaml	䦊	niao	0	䦊
cn_dicts/41448.dict.yaml	䮍	niao	0	䮍
cn_dicts/41448.dict.yaml	𠒰	niao	0	𠒰
cn_dicts/41448.dict.yaml	𡘏	niao	0	𡘏
cn_dicts/41448.dict.yaml	𡝋	niao	0	𡝋
cn_dicts/41448.dict.yaml	𡝒	niao	0	𡝒
cn_dicts/41448.dict.yaml	𡠿	niao	0	𡠿
cn_dicts/41448.dict.yaml	𢶑	niao	0	𢶑
cn_dicts/41448.dict.yaml	𢸣	niao	0	𢸣
cn_dicts/41448.dict.yaml	𣟊	niao	0	𣟊
cn_dicts/41448.dict.yaml	𤲶	niao	0	𤲶
cn_dicts/41448.dict.yaml	𥤂	niao	0	𥤂
cn_dicts/41448.dict.yaml	𥾇	niao	0	𥾇
cn_dicts/41448.dict.yaml	𨳀	niao	0	𨳀
cn_dicts/41448.dict.yaml	𨽖	niao	0	𨽖
cn_dicts/41448.dict.yaml	𩖔	niao	0	𩖔
cn_dicts/41448.dict.yaml	𩭑	niao	0	𩭑
cn_dicts/41448.dict.yaml	𪅝	niao	0	𪅝
cn_dicts/41448.dict.yaml	𪈼	niao	0	𪈼
cn_dicts/41448.dict.yaml	㖕	nie	0	㖕
cn_dicts/41448.dict.yaml	㖖	nie	0	㖖
cn_dicts/41448.dict.yaml	㘝	nie	0	㘝
cn_dicts/41448.dict.yaml	㘿	nie	0	㘿
cn_dicts/41448.dict.yaml	㙞	nie	0	㙞
cn_dicts/41448.dict.yaml	㚔	nie	0	㚔
cn_dicts/41448.dict.yaml	㜦	nie	0	㜦
cn_dicts/41448.dict.yaml	㜸	nie	0	㜸
cn_dicts/41448.dict.yaml	㟧	nie	0	㟧
cn_dicts/41448.dict.yaml	㡪	nie	0	㡪
cn_dicts/41448.dict.yaml	㩶	nie	0	㩶
cn_dicts/41448.dict.yaml	㮆	nie	0	㮆
cn_dicts/41448.dict.yaml	㴪	nie	0	㴪
cn_dicts/41448.dict.yaml	㸎	nie	0	㸎
cn_dicts/41448.dict.yaml	䂼	nie	0	䂼
cn_dicts/41448.dict.yaml	䄒	nie	0	䄒
cn_dicts/41448.dict.yaml	䌜	nie	0	䌜
cn_dicts/41448.dict.yaml	䜓	nie	0	䜓
cn_dicts/41448.dict.yaml	䞕	nie	0	䞕
cn_dicts/41448.dict.yaml	䡾	nie	0	䡾
cn_dicts/41448.dict.yaml	䯀	nie	0	䯀
cn_dicts/41448.dict.yaml	䯅	nie	0	䯅
cn_dicts/41448.dict.yaml	䯵	nie	0	䯵
cn_dicts/41448.dict.yaml	𠈊	nie	0	𠈊
cn_dicts/41448.dict.yaml	𠶿	nie	0	𠶿
cn_dicts/41448.dict.yaml	𡆣	nie	0	𡆣
cn_dicts/41448.dict.yaml	𡇄	nie	0	𡇄
cn_dicts/41448.dict.yaml	𡍤	nie	0	𡍤
cn_dicts/41448.dict.yaml	𡰆	nie	0	𡰆
cn_dicts/41448.dict.yaml	𡴎	nie	0	𡴎
cn_dicts/41448.dict.yaml	𡶫	nie	0	𡶫
cn_dicts/41448.dict.yaml	𡸣	nie	0	𡸣
cn_dicts/41448.dict.yaml	𡾦	nie	0	𡾦
cn_dicts/41448.dict.yaml	𡾲	nie	0	𡾲
cn_dicts/41448.dict.yaml	𡿖	nie	0	𡿖
cn_dicts/41448.dict.yaml	𡿗	nie	0	𡿗
cn_dicts/41448.dict.yaml	𢈸	nie	0	𢈸
cn_dicts/41448.dict.yaml	𢫻	nie	0	𢫻
cn_dicts/41448.dict.yaml	𢬴	nie	0	𢬴
cn_dicts/41448.dict.yaml	𣀳	nie	0	𣀳
cn_dicts/41448.dict.yaml	𣌍	nie	0	𣌍
cn_dicts/41448.dict.yaml	𣙗	nie	0	𣙗
cn_dicts/41448.dict.yaml	𣯭	nie	0	𣯭
cn_dicts/41448.dict.yaml	𣰼	nie	0	𣰼
cn_dicts/41448.dict.yaml	𤭂	nie	0	𤭂
cn_dicts/41448.dict.yaml	𤴘	nie	0	𤴘
cn_dicts/41448.dict.yaml	𤶚	nie	0	𤶚
cn_dicts/41448.dict.yaml	𤷈	nie	0	𤷈
cn_dicts/41448.dict.yaml	𤸏	nie	0	𤸏
cn_dicts/41448.dict.yaml	𤺐	nie	0	𤺐
cn_dicts/41448.dict.yaml	𥔄	nie	0	𥔄
cn_dicts/41448.dict.yaml	𥬬	nie	0	𥬬
cn_dicts/41448.dict.yaml	𥭙	nie	0	𥭙
cn_dicts/41448.dict.yaml	𥮤	nie	0	𥮤
cn_dicts/41448.dict.yaml	𦄌	nie	0	𦄌
cn_dicts/41448.dict.yaml	𦘒	nie	0	𦘒
cn_dicts/41448.dict.yaml	𦛠	nie	0	𦛠
cn_dicts/41448.dict.yaml	𦞆	nie	0	𦞆
cn_dicts/41448.dict.yaml	𦡃	nie	0	𦡃
cn_dicts/41448.dict.yaml	𦣀	nie	0	𦣀
cn_dicts/41448.dict.yaml	𦯖	nie	0	𦯖
cn_dicts/41448.dict.yaml	𦵐	nie	0	𦵐
cn_dicts/41448.dict.yaml	𧁈	nie	0	𧁈
cn_dicts/41448.dict.yaml	𧋖	nie	0	𧋖
cn_dicts/41448.dict.yaml	𧞍	nie	0	𧞍
cn_dicts/41448.dict.yaml	𧻼	nie	0	𧻼
cn_dicts/41448.dict.yaml	𨊞	nie	0	𨊞
cn_dicts/41448.dict.yaml	𨙓	nie	0	𨙓
cn_dicts/41448.dict.yaml	𨱺	nie	0	𨱺
cn_dicts/41448.dict.yaml	𨲀	nie	0	𨲀
cn_dicts/41448.dict.yaml	𨶠	nie	0	𨶠
cn_dicts/41448.dict.yaml	𨻄	nie	0	𨻄
cn_dicts/41448.dict.yaml	𩋏	nie	0	𩋏
cn_dicts/41448.dict.yaml	𩐭	nie	0	𩐭
cn_dicts/41448.dict.yaml	𩒕	nie	0	𩒕
cn_dicts/41448.dict.yaml	𩖁	nie	0	𩖁
cn_dicts/41448.dict.yaml	𩣘	nie	0	𩣘
cn_dicts/41448.dict.yaml	𪌊	nie	0	𪌊
cn_dicts/41448.dict.yaml	𪌿	nie	0	𪌿
cn_dicts/41448.dict.yaml	𪎃	nie	0	𪎃
cn_dicts/41448.dict.yaml	𪎅	nie	0	𪎅
cn_dicts/41448.dict.yaml	𪘎	nie	0	𪘎
cn_dicts/41448.dict.yaml	㤛	nin	0	㤛
cn_dicts/41448.dict.yaml	䋻	nin	0	䋻
cn_dicts/41448.dict.yaml	䚾	nin	0	䚾
cn_dicts/41448.dict.yaml	䛘	nin	0	䛘
cn_dicts/41448.dict.yaml	𠽝	nin	0	𠽝
cn_dicts/41448.dict.yaml	㝕	ning	0	㝕
cn_dicts/41448.dict.yaml	㣷	ning	0	㣷
cn_dicts/41448.dict.yaml	㩶	ning	0	㩶
cn_dicts/41448.dict.yaml	㲰	ning	0	㲰
cn_dicts/41448.dict.yaml	㿦	ning	0	㿦
cn_dicts/41448.dict.yaml	䔭	ning	0	䔭
cn_dicts/41448.dict.yaml	䗿	ning	0	䗿
cn_dicts/41448.dict.yaml	䭢	ning	0	䭢
cn_dicts/41448.dict.yaml	𡫃	ning	0	𡫃
cn_dicts/41448.dict.yaml	𡷪	ning	0	𡷪
cn_dicts/41448.dict.yaml	𣍆	ning	0	𣍆
cn_dicts/41448.dict.yaml	𤕦	ning	0	𤕦
cn_dicts/41448.dict.yaml	𤹧	ning	0	𤹧
cn_dicts/41448.dict.yaml	𤻝	ning	0	𤻝
cn_dicts/41448.dict.yaml	𥣗	ning	0	𥣗
cn_dicts/41448.dict.yaml	𥧤	ning	0	𥧤
cn_dicts/41448.dict.yaml	𥳥	ning	0	𥳥
cn_dicts/41448.dict.yaml	𦡲	ning	0	𦡲
cn_dicts/41448.dict.yaml	𦡼	ning	0	𦡼
cn_dicts/41448.dict.yaml	𧃱	ning	0	𧃱
cn_dicts/41448.dict.yaml	𧍖	ning	0	𧍖
cn_dicts/41448.dict.yaml	𧑗	ning	0	𧑗
cn_dicts/41448.dict.yaml	𧕝	ning	0	𧕝
cn_dicts/41448.dict.yaml	𧭈	ning	0	𧭈
cn_dicts/41448.dict.yaml	𩕳	ning	0	𩕳
cn_dicts/41448.dict.yaml	㺲	niu	0	㺲
cn_dicts/41448.dict.yaml	㽱	niu	0	㽱
cn_dicts/41448.dict.yaml	䀔	niu	0	䀔
cn_dicts/41448.dict.yaml	䂇	niu	0	䂇
cn_dicts/41448.dict.yaml	䋴	niu	0	䋴
cn_dicts/41448.dict.yaml	䏔	niu	0	䏔
cn_dicts/41448.dict.yaml	䒜	niu	0	䒜
cn_dicts/41448.dict.yaml	䤔	niu	0	䤔
cn_dicts/41448.dict.yaml	䮗	niu	0	䮗
cn_dicts/41448.dict.yaml	𢔟	niu	0	𢔟
cn_dicts/41448.dict.yaml	𣅚	niu	0	𣅚
cn_dicts/41448.dict.yaml	𣧊	niu	0	𣧊
cn_dicts/41448.dict.yaml	𣲶	niu	0	𣲶
cn_dicts/41448.dict.yaml	𥀝	niu	0	𥀝
cn_dicts/41448.dict.yaml	𥍳	niu	0	𥍳
cn_dicts/41448.dict.yaml	𥝦	niu	0	𥝦
cn_dicts/41448.dict.yaml	𧘥	niu	0	𧘥
cn_dicts/41448.dict.yaml	𨋀	niu	0	𨋀
cn_dicts/41448.dict.yaml	𨙺	niu	0	𨙺
cn_dicts/41448.dict.yaml	𨳞	niu	0	𨳞
cn_dicts/41448.dict.yaml	𨷁	niu	0	𨷁
cn_dicts/41448.dict.yaml	𩈇	niu	0	𩈇
cn_dicts/41448.dict.yaml	𩙷	niu	0	𩙷
cn_dicts/41448.dict.yaml	𩚖	niu	0	𩚖
cn_dicts/41448.dict.yaml	𩜷	niu	0	𩜷
cn_dicts/41448.dict.yaml	𩲍	niu	0	𩲍
cn_dicts/41448.dict.yaml	𩵠	niu	0	𩵠
cn_dicts/41448.dict.yaml	𪏲	niu	0	𪏲
cn_dicts/41448.dict.yaml	㶶	nong	0	㶶
cn_dicts/41448.dict.yaml	㺜	nong	0	㺜
cn_dicts/41448.dict.yaml	䁸	nong	0	䁸
cn_dicts/41448.dict.yaml	䂇	nong	0	䂇
cn_dicts/41448.dict.yaml	䢉	nong	0	䢉
cn_dicts/41448.dict.yaml	䵜	nong	0	䵜
cn_dicts/41448.dict.yaml	𠘊	nong	0	𠘊
cn_dicts/41448.dict.yaml	𥂒	nong	0	𥂒
cn_dicts/41448.dict.yaml	𨑊	nong	0	𨑊
cn_dicts/41448.dict.yaml	𨠤	nong	0	𨠤
cn_dicts/41448.dict.yaml	𨲳	nong	0	𨲳
cn_dicts/41448.dict.yaml	𩅽	nong	0	𩅽
cn_dicts/41448.dict.yaml	𩇔	nong	0	𩇔
cn_dicts/41448.dict.yaml	𩟊	nong	0	𩟊
cn_dicts/41448.dict.yaml	𪆯	nong	0	𪆯
cn_dicts/41448.dict.yaml	𪒬	nong	0	𪒬
cn_dicts/41448.dict.yaml	㕢	nou	0	㕢
cn_dicts/41448.dict.yaml	㝹	nou	0	㝹
cn_dicts/41448.dict.yaml	㳶	nou	0	㳶
cn_dicts/41448.dict.yaml	䅶	nou	0	䅶
cn_dicts/41448.dict.yaml	䔈	nou	0	䔈
cn_dicts/41448.dict.yaml	䘫	nou	0	䘫
cn_dicts/41448.dict.yaml	䨲	nou	0	䨲
cn_dicts/41448.dict.yaml	䫖	nou	0	䫖
cn_dicts/41448.dict.yaml	䰭	nou	0	䰭
cn_dicts/41448.dict.yaml	𠲴	nou	0	𠲴
cn_dicts/41448.dict.yaml	𡝦	nou	0	𡝦
cn_dicts/41448.dict.yaml	𡨻	nou	0	𡨻
cn_dicts/41448.dict.yaml	𡭾	nou	0	𡭾
cn_dicts/41448.dict.yaml	𢉕	nou	0	𢉕
cn_dicts/41448.dict.yaml	𢉚	nou	0	𢉚
cn_dicts/41448.dict.yaml	𣻖	nou	0	𣻖
cn_dicts/41448.dict.yaml	𤟦	nou	0	𤟦
cn_dicts/41448.dict.yaml	𥀫	nou	0	𥀫
cn_dicts/41448.dict.yaml	𧂦	nou	0	𧂦
cn_dicts/41448.dict.yaml	𧃨	nou	0	𧃨
cn_dicts/41448.dict.yaml	𧅘	nou	0	𧅘
cn_dicts/41448.dict.yaml	𩆟	nou	0	𩆟
cn_dicts/41448.dict.yaml	𩒔	nou	0	𩒔
cn_dicts/41448.dict.yaml	𪋺	nou	0	𪋺
cn_dicts/41448.dict.yaml	㚢	nu	0	㚢
cn_dicts/41448.dict.yaml	䢞	nu	0	䢞
cn_dicts/41448.dict.yaml	䢪	nu	0	䢪
cn_dicts/41448.dict.yaml	𠴂	nu	0	𠴂
cn_dicts/41448.dict.yaml	𢪦	nu	0	𢪦
cn_dicts/41448.dict.yaml	𢫓	nu	0	𢫓
cn_dicts/41448.dict.yaml	𢫭	nu	0	𢫭
cn_dicts/41448.dict.yaml	𥅄	nu	0	𥅄
cn_dicts/41448.dict.yaml	𥛑	nu	0	𥛑
cn_dicts/41448.dict.yaml	𥤨	nu	0	𥤨
cn_dicts/41448.dict.yaml	𥱂	nu	0	𥱂
cn_dicts/41448.dict.yaml	𧉭	nu	0	𧉭
cn_dicts/41448.dict.yaml	𧪅	nu	0	𧪅
cn_dicts/41448.dict.yaml	𧿔	nu	0	𧿔
cn_dicts/41448.dict.yaml	㬉	nuan	0	㬉
cn_dicts/41448.dict.yaml	䎡	nuan	0	䎡
cn_dicts/41448.dict.yaml	䙇	nuan	0	䙇
cn_dicts/41448.dict.yaml	𪋐	nuan	0	𪋐
cn_dicts/41448.dict.yaml	㐡	nuo	0	㐡
cn_dicts/41448.dict.yaml	㑚	nuo	0	㑚
cn_dicts/41448.dict.yaml	㔮	nuo	0	㔮
cn_dicts/41448.dict.yaml	㖠	nuo	0	㖠
cn_dicts/41448.dict.yaml	㛂	nuo	0	㛂
cn_dicts/41448.dict.yaml	㡅	nuo	0	㡅
cn_dicts/41448.dict.yaml	㰙	nuo	0	㰙
cn_dicts/41448.dict.yaml	䇔	nuo	0	䇔
cn_dicts/41448.dict.yaml	䎟	nuo	0	䎟
cn_dicts/41448.dict.yaml	䎠	nuo	0	䎠
cn_dicts/41448.dict.yaml	䚥	nuo	0	䚥
cn_dicts/41448.dict.yaml	𠸱	nuo	0	𠸱
cn_dicts/41448.dict.yaml	𠹈	nuo	0	𠹈
cn_dicts/41448.dict.yaml	𡖔	nuo	0	𡖔
cn_dicts/41448.dict.yaml	𡖫	nuo	0	𡖫
cn_dicts/41448.dict.yaml	𡬥	nuo	0	𡬥
cn_dicts/41448.dict.yaml	𡿊	nuo	0	𡿊
cn_dicts/41448.dict.yaml	𢜪	nuo	0	𢜪
cn_dicts/41448.dict.yaml	𢰜	nuo	0	𢰜
cn_dicts/41448.dict.yaml	𢾲	nuo	0	𢾲
cn_dicts/41448.dict.yaml	𣃽	nuo	0	𣃽
cn_dicts/41448.dict.yaml	𣆚	nuo	0	𣆚
cn_dicts/41448.dict.yaml	𤘟	nuo	0	𤘟
cn_dicts/41448.dict.yaml	𥑽	nuo	0	𥑽
cn_dicts/41448.dict.yaml	𥻾	nuo	0	𥻾
cn_dicts/41448.dict.yaml	𦀨	nuo	0	𦀨
cn_dicts/41448.dict.yaml	𦂍	nuo	0	𦂍
cn_dicts/41448.dict.yaml	𦓢	nuo	0	𦓢
cn_dicts/41448.dict.yaml	𦡃	nuo	0	𦡃
cn_dicts/41448.dict.yaml	𦩜	nuo	0	𦩜
cn_dicts/41448.dict.yaml	𧣚	nuo	0	𧣚
cn_dicts/41448.dict.yaml	𧣺	nuo	0	𧣺
cn_dicts/41448.dict.yaml	𨁌	nuo	0	𨁌
cn_dicts/41448.dict.yaml	𨎭	nuo	0	𨎭
cn_dicts/41448.dict.yaml	𨙻	nuo	0	𨙻
cn_dicts/41448.dict.yaml	𩈺	nuo	0	𩈺
cn_dicts/41448.dict.yaml	𩴓	nuo	0	𩴓
cn_dicts/41448.dict.yaml	𩷁	nuo	0	𩷁
cn_dicts/41448.dict.yaml	𥄋	nv	0	𥄋
cn_dicts/41448.dict.yaml	𥍞	nv	0	𥍞
cn_dicts/41448.dict.yaml	𦓕	nv	0	𦓕
cn_dicts/41448.dict.yaml	𦓖	nv	0	𦓖
cn_dicts/41448.dict.yaml	𧖷	nv	0	𧖷
cn_dicts/41448.dict.yaml	𩈢	nv	0	𩈢
cn_dicts/41448.dict.yaml	䖈	nve	0	䖈
cn_dicts/41448.dict.yaml	䖋	nve	0	䖋
cn_dicts/41448.dict.yaml	𤷡	nve	0	𤷡
cn_dicts/41448.dict.yaml	𨵫	nve	0	𨵫
cn_dicts/41448.dict.yaml	㒖	ou	0	㒖
cn_dicts/41448.dict.yaml	㛏	ou	0	㛏
cn_dicts/41448.dict.yaml	㸸	ou	0	㸸
cn_dicts/41448.dict.yaml	㼴	ou	0	㼴
cn_dicts/41448.dict.yaml	䌂	ou	0	䌂
cn_dicts/41448.dict.yaml	䌔	ou	0	䌔
cn_dicts/41448.dict.yaml	䚆	ou	0	䚆
cn_dicts/41448.dict.yaml	䥲	ou	0	䥲
cn_dicts/41448.dict.yaml	䯚	ou	0	䯚
cn_dicts/41448.dict.yaml	𠢔	ou	0	𠢔
cn_dicts/41448.dict.yaml	𠥝	ou	0	𠥝
cn_dicts/41448.dict.yaml	𠴰	ou	0	𠴰
cn_dicts/41448.dict.yaml	𡂿	ou	0	𡂿
cn_dicts/41448.dict.yaml	𡈆	ou	0	𡈆
cn_dicts/41448.dict.yaml	𡩾	ou	0	𡩾
cn_dicts/41448.dict.yaml	𣂻	ou	0	𣂻
cn_dicts/41448.dict.yaml	𣉾	ou	0	𣉾
cn_dicts/41448.dict.yaml	𣓕	ou	0	𣓕
cn_dicts/41448.dict.yaml	𣢨	ou	0	𣢨
cn_dicts/41448.dict.yaml	𣽕	ou	0	𣽕
cn_dicts/41448.dict.yaml	𤁮	ou	0	𤁮
cn_dicts/41448.dict.yaml	𤛐	ou	0	𤛐
cn_dicts/41448.dict.yaml	𤵎	ou	0	𤵎
cn_dicts/41448.dict.yaml	𥈬	ou	0	𥈬
cn_dicts/41448.dict.yaml	𥐂	ou	0	𥐂
cn_dicts/41448.dict.yaml	𥧆	ou	0	𥧆
cn_dicts/41448.dict.yaml	𥱸	ou	0	𥱸
cn_dicts/41448.dict.yaml	𥻑	ou	0	𥻑
cn_dicts/41448.dict.yaml	𦂕	ou	0	𦂕
cn_dicts/41448.dict.yaml	𧏺	ou	0	𧏺
cn_dicts/41448.dict.yaml	𧖼	ou	0	𧖼
cn_dicts/41448.dict.yaml	𧪓	ou	0	𧪓
cn_dicts/41448.dict.yaml	𩀫	ou	0	𩀫
cn_dicts/41448.dict.yaml	𩔸	ou	0	𩔸
cn_dicts/41448.dict.yaml	𩥋	ou	0	𩥋
cn_dicts/41448.dict.yaml	𪊪	ou	0	𪊪
cn_dicts/41448.dict.yaml	𪙃	ou	0	𪙃
cn_dicts/41448.dict.yaml	㞎	pa	0	㞎
cn_dicts/41448.dict.yaml	䔤	pa	0	䔤
cn_dicts/41448.dict.yaml	䯲	pa	0	䯲
cn_dicts/41448.dict.yaml	䶕	pa	0	䶕
cn_dicts/41448.dict.yaml	𣚒	pa	0	𣚒
cn_dicts/41448.dict.yaml	𣧜	pa	0	𣧜
cn_dicts/41448.dict.yaml	𣱺	pa	0	𣱺
cn_dicts/41448.dict.yaml	𤆵	pa	0	𤆵
cn_dicts/41448.dict.yaml	𤽉	pa	0	𤽉
cn_dicts/41448.dict.yaml	𥐙	pa	0	𥐙
cn_dicts/41448.dict.yaml	𥩙	pa	0	𥩙
cn_dicts/41448.dict.yaml	𦐆	pa	0	𦐆
cn_dicts/41448.dict.yaml	𧑡	pa	0	𧑡
cn_dicts/41448.dict.yaml	𧣃	pa	0	𧣃
cn_dicts/41448.dict.yaml	𧣣	pa	0	𧣣
cn_dicts/41448.dict.yaml	𨋐	pa	0	𨋐
cn_dicts/41448.dict.yaml	𩈆	pa	0	𩈆
cn_dicts/41448.dict.yaml	𪗔	pa	0	𪗔
cn_dicts/41448.dict.yaml	㭛	pai	0	㭛
cn_dicts/41448.dict.yaml	㵺	pai	0	㵺
cn_dicts/41448.dict.yaml	䃻	pai	0	䃻
cn_dicts/41448.dict.yaml	䖰	pai	0	䖰
cn_dicts/41448.dict.yaml	䮘	pai	0	䮘
cn_dicts/41448.dict.yaml	䱝	pai	0	䱝
cn_dicts/41448.dict.yaml	𠂢	pai	0	𠂢
cn_dicts/41448.dict.yaml	𠸁	pai	0	𠸁
cn_dicts/41448.dict.yaml	𣏟	pai	0	𣏟
cn_dicts/41448.dict.yaml	𣖐	pai	0	𣖐
cn_dicts/41448.dict.yaml	𣝁	pai	0	𣝁
cn_dicts/41448.dict.yaml	𣲖	pai	0	𣲖
cn_dicts/41448.dict.yaml	𣴪	pai	0	𣴪
cn_dicts/41448.dict.yaml	𥯟	pai	0	𥯟
cn_dicts/41448.dict.yaml	𥱼	pai	0	𥱼
cn_dicts/41448.dict.yaml	𥴖	pai	0	𥴖
cn_dicts/41448.dict.yaml	𥿯	pai	0	𥿯
cn_dicts/41448.dict.yaml	𦔠	pai	0	𦔠
cn_dicts/41448.dict.yaml	𦩯	pai	0	𦩯
cn_dicts/41448.dict.yaml	𦫖	pai	0	𦫖
cn_dicts/41448.dict.yaml	𧵠	pai	0	𧵠
cn_dicts/41448.dict.yaml	𩛇	pai	0	𩛇
cn_dicts/41448.dict.yaml	㩯	pan	0	㩯
cn_dicts/41448.dict.yaml	㳪	pan	0	㳪
cn_dicts/41448.dict.yaml	㵗	pan	0	㵗
cn_dicts/41448.dict.yaml	䃑	pan	0	䃑
cn_dicts/41448.dict.yaml	䃲	pan	0	䃲
cn_dicts/41448.dict.yaml	䈲	pan	0	䈲
cn_dicts/41448.dict.yaml	䋣	pan	0	䋣
cn_dicts/41448.dict.yaml	䙃	pan	0	䙃
cn_dicts/41448.dict.yaml	䙪	pan	0	䙪
cn_dicts/41448.dict.yaml	䰉	pan	0	䰉
cn_dicts/41448.dict.yaml	䰔	pan	0	䰔
cn_dicts/41448.dict.yaml	𠽲	pan	0	𠽲
cn_dicts/41448.dict.yaml	𡞟	pan	0	𡞟
cn_dicts/41448.dict.yaml	𢬵	pan	0	𢬵
cn_dicts/41448.dict.yaml	𢰿	pan	0	𢰿
cn_dicts/41448.dict.yaml	𢲔	pan	0	𢲔
cn_dicts/41448.dict.yaml	𣁦	pan	0	𣁦
cn_dicts/41448.dict.yaml	𣔚	pan	0	𣔚
cn_dicts/41448.dict.yaml	𤄜	pan	0	𤄜
cn_dicts/41448.dict.yaml	𤄧	pan	0	𤄧
cn_dicts/41448.dict.yaml	𤖭	pan	0	𤖭
cn_dicts/41448.dict.yaml	𤠍	pan	0	𤠍
cn_dicts/41448.dict.yaml	𤺏	pan	0	𤺏
cn_dicts/41448.dict.yaml	𤻷	pan	0	𤻷
cn_dicts/41448.dict.yaml	𥈼	pan	0	𥈼
cn_dicts/41448.dict.yaml	𥉟	pan	0	𥉟
cn_dicts/41448.dict.yaml	𥌊	pan	0	𥌊
cn_dicts/41448.dict.yaml	𥕿	pan	0	𥕿
cn_dicts/41448.dict.yaml	𦙀	pan	0	𦙀
cn_dicts/41448.dict.yaml	𦪹	pan	0	𦪹
cn_dicts/41448.dict.yaml	𧺾	pan	0	𧺾
cn_dicts/41448.dict.yaml	𨂝	pan	0	𨂝
cn_dicts/41448.dict.yaml	𨃞	pan	0	𨃞
cn_dicts/41448.dict.yaml	𨃟	pan	0	𨃟
cn_dicts/41448.dict.yaml	𨒃	pan	0	𨒃
cn_dicts/41448.dict.yaml	𪄀	pan	0	𪄀
cn_dicts/41448.dict.yaml	𪒀	pan	0	𪒀
cn_dicts/41448.dict.yaml	𪒋	pan	0	𪒋
cn_dicts/41448.dict.yaml	㑂	pang	0	㑂
cn_dicts/41448.dict.yaml	㜊	pang	0	㜊
cn_dicts/41448.dict.yaml	㝑	pang	0	㝑
cn_dicts/41448.dict.yaml	㤶	pang	0	㤶
cn_dicts/41448.dict.yaml	㥬	pang	0	㥬
cn_dicts/41448.dict.yaml	㫄	pang	0	㫄
cn_dicts/41448.dict.yaml	䂇	pang	0	䂇
cn_dicts/41448.dict.yaml	䅭	pang	0	䅭
cn_dicts/41448.dict.yaml	䒍	pang	0	䒍
cn_dicts/41448.dict.yaml	䠙	pang	0	䠙
cn_dicts/41448.dict.yaml	䨦	pang	0	䨦
cn_dicts/41448.dict.yaml	䮾	pang	0	䮾
cn_dicts/41448.dict.yaml	𠗵	pang	0	𠗵
cn_dicts/41448.dict.yaml	𠦲	pang	0	𠦲
cn_dicts/41448.dict.yaml	𡅃	pang	0	𡅃
cn_dicts/41448.dict.yaml	𢐊	pang	0	𢐊
cn_dicts/41448.dict.yaml	𣂆	pang	0	𣂆
cn_dicts/41448.dict.yaml	𤧭	pang	0	𤧭
cn_dicts/41448.dict.yaml	𤵸	pang	0	𤵸
cn_dicts/41448.dict.yaml	𥪴	pang	0	𥪴
cn_dicts/41448.dict.yaml	𦜍	pang	0	𦜍
cn_dicts/41448.dict.yaml	𦣂	pang	0	𦣂
cn_dicts/41448.dict.yaml	𧔧	pang	0	𧔧
cn_dicts/41448.dict.yaml	𧿆	pang	0	𧿆
cn_dicts/41448.dict.yaml	𨜷	pang	0	𨜷
cn_dicts/41448.dict.yaml	𩃎	pang	0	𩃎
cn_dicts/41448.dict.yaml	𩅅	pang	0	𩅅
cn_dicts/41448.dict.yaml	𩈈	pang	0	𩈈
cn_dicts/41448.dict.yaml	𩐨	pang	0	𩐨
cn_dicts/41448.dict.yaml	𪐿	pang	0	𪐿
cn_dicts/41448.dict.yaml	𪔔	pang	0	𪔔
cn_dicts/41448.dict.yaml	㘐	pao	0	㘐
cn_dicts/41448.dict.yaml	㚿	pao	0	㚿
cn_dicts/41448.dict.yaml	㯡	pao	0	㯡
cn_dicts/41448.dict.yaml	㯱	pao	0	㯱
cn_dicts/41448.dict.yaml	䛌	pao	0	䛌
cn_dicts/41448.dict.yaml	䠙	pao	0	䠙
cn_dicts/41448.dict.yaml	䩝	pao	0	䩝
cn_dicts/41448.dict.yaml	䶌	pao	0	䶌
cn_dicts/41448.dict.yaml	𠣳	pao	0	𠣳
cn_dicts/41448.dict.yaml	𡂘	pao	0	𡂘
cn_dicts/41448.dict.yaml	𡧙	pao	0	𡧙
cn_dicts/41448.dict.yaml	𡯈	pao	0	𡯈
cn_dicts/41448.dict.yaml	𡾌	pao	0	𡾌
cn_dicts/41448.dict.yaml	𢾳	pao	0	𢾳
cn_dicts/41448.dict.yaml	𢿏	pao	0	𢿏
cn_dicts/41448.dict.yaml	𣕅	pao	0	𣕅
cn_dicts/41448.dict.yaml	𣚇	pao	0	𣚇
cn_dicts/41448.dict.yaml	𣟏	pao	0	𣟏
cn_dicts/41448.dict.yaml	𣮃	pao	0	𣮃
cn_dicts/41448.dict.yaml	𣶐	pao	0	𣶐
cn_dicts/41448.dict.yaml	𤔉	pao	0	𤔉
cn_dicts/41448.dict.yaml	𥶔	pao	0	𥶔
cn_dicts/41448.dict.yaml	𦐸	pao	0	𦐸
cn_dicts/41448.dict.yaml	𦔩	pao	0	𦔩
cn_dicts/41448.dict.yaml	𦠖	pao	0	𦠖
cn_dicts/41448.dict.yaml	𧙌	pao	0	𧙌
cn_dicts/41448.dict.yaml	𨋛	pao	0	𨋛
cn_dicts/41448.dict.yaml	𨣙	pao	0	𨣙
cn_dicts/41448.dict.yaml	𩂞	pao	0	𩂞
cn_dicts/41448.dict.yaml	𩆘	pao	0	𩆘
cn_dicts/41448.dict.yaml	𩎘	pao	0	𩎘
cn_dicts/41448.dict.yaml	𩎾	pao	0	𩎾
cn_dicts/41448.dict.yaml	𩐜	pao	0	𩐜
cn_dicts/41448.dict.yaml	𩗥	pao	0	𩗥
cn_dicts/41448.dict.yaml	𪊳	pao	0	𪊳
cn_dicts/41448.dict.yaml	㟝	pei	0	㟝
cn_dicts/41448.dict.yaml	㣆	pei	0	㣆
cn_dicts/41448.dict.yaml	㤄	pei	0	㤄
cn_dicts/41448.dict.yaml	㧩	pei	0	㧩
cn_dicts/41448.dict.yaml	㨐	pei	0	㨐
cn_dicts/41448.dict.yaml	㫲	pei	0	㫲
cn_dicts/41448.dict.yaml	㳈	pei	0	㳈
cn_dicts/41448.dict.yaml	㸬	pei	0	㸬
cn_dicts/41448.dict.yaml	㾦	pei	0	㾦
cn_dicts/41448.dict.yaml	䂜	pei	0	䂜
cn_dicts/41448.dict.yaml	䊃	pei	0	䊃
cn_dicts/41448.dict.yaml	䕗	pei	0	䕗
cn_dicts/41448.dict.yaml	䟺	pei	0	䟺
cn_dicts/41448.dict.yaml	䡊	pei	0	䡊
cn_dicts/41448.dict.yaml	䣙	pei	0	䣙
cn_dicts/41448.dict.yaml	䪹	pei	0	䪹
cn_dicts/41448.dict.yaml	䫊	pei	0	䫊
cn_dicts/41448.dict.yaml	䫠	pei	0	䫠
cn_dicts/41448.dict.yaml	䯱	pei	0	䯱
cn_dicts/41448.dict.yaml	䲹	pei	0	䲹
cn_dicts/41448.dict.yaml	𢁖	pei	0	𢁖
cn_dicts/41448.dict.yaml	𢘀	pei	0	𢘀
cn_dicts/41448.dict.yaml	𢥐	pei	0	𢥐
cn_dicts/41448.dict.yaml	𣍺	pei	0	𣍺
cn_dicts/41448.dict.yaml	𣬆	pei	0	𣬆
cn_dicts/41448.dict.yaml	𣯱	pei	0	𣯱
cn_dicts/41448.dict.yaml	𤗏	pei	0	𤗏
cn_dicts/41448.dict.yaml	𤜲	pei	0	𤜲
cn_dicts/41448.dict.yaml	𤬃	pei	0	𤬃
cn_dicts/41448.dict.yaml	𥄔	pei	0	𥄔
cn_dicts/41448.dict.yaml	𥹂	pei	0	𥹂
cn_dicts/41448.dict.yaml	𦙂	pei	0	𦙂
cn_dicts/41448.dict.yaml	𦸪	pei	0	𦸪
cn_dicts/41448.dict.yaml	𧳏	pei	0	𧳏
cn_dicts/41448.dict.yaml	𧴥	pei	0	𧴥
cn_dicts/41448.dict.yaml	𨓿	pei	0	𨓿
cn_dicts/41448.dict.yaml	𨙶	pei	0	𨙶
cn_dicts/41448.dict.yaml	𨛬	pei	0	𨛬
cn_dicts/41448.dict.yaml	𩎜	pei	0	𩎜
cn_dicts/41448.dict.yaml	𩑢	pei	0	𩑢
cn_dicts/41448.dict.yaml	𩖭	pei	0	𩖭
cn_dicts/41448.dict.yaml	𩵣	pei	0	𩵣
cn_dicts/41448.dict.yaml	㾦	pen	0	㾦
cn_dicts/41448.dict.yaml	𠺔	pen	0	𠺔
cn_dicts/41448.dict.yaml	𠽾	pen	0	𠽾
cn_dicts/41448.dict.yaml	𡺜	pen	0	𡺜
cn_dicts/41448.dict.yaml	𩸂	pen	0	𩸂
cn_dicts/41448.dict.yaml	𪂽	pen	0	𪂽
cn_dicts/41448.dict.yaml	㑟	peng	0	㑟
cn_dicts/41448.dict.yaml	㔙	peng	0	㔙
cn_dicts/41448.dict.yaml	㘐	peng	0	㘐
cn_dicts/41448.dict.yaml	㛁	peng	0	㛁
cn_dicts/41448.dict.yaml	㛔	peng	0	㛔
cn_dicts/41448.dict.yaml	㥊	peng	0	㥊
cn_dicts/41448.dict.yaml	㧸	peng	0	㧸
cn_dicts/41448.dict.yaml	㮄	peng	0	㮄
cn_dicts/41448.dict.yaml	㮟	peng	0	㮟
cn_dicts/41448.dict.yaml	㱶	peng	0	㱶
cn_dicts/41448.dict.yaml	㼞	peng	0	㼞
cn_dicts/41448.dict.yaml	䄘	peng	0	䄘
cn_dicts/41448.dict.yaml	䋽	peng	0	䋽
cn_dicts/41448.dict.yaml	䡫	peng	0	䡫
cn_dicts/41448.dict.yaml	䰃	peng	0	䰃
cn_dicts/41448.dict.yaml	䴶	peng	0	䴶
cn_dicts/41448.dict.yaml	䵄	peng	0	䵄
cn_dicts/41448.dict.yaml	𡂫	peng	0	𡂫
cn_dicts/41448.dict.yaml	𡗗	peng	0	𡗗
cn_dicts/41448.dict.yaml	𡼜	peng	0	𡼜
cn_dicts/41448.dict.yaml	𢏳	peng	0	𢏳
cn_dicts/41448.dict.yaml	𢪋	peng	0	𢪋
cn_dicts/41448.dict.yaml	𢼩	peng	0	𢼩
cn_dicts/41448.dict.yaml	𢽩	peng	0	𢽩
cn_dicts/41448.dict.yaml	𣟀	peng	0	𣟀
cn_dicts/41448.dict.yaml	𣨞	peng	0	𣨞
cn_dicts/41448.dict.yaml	𤖳	peng	0	𤖳
cn_dicts/41448.dict.yaml	𤘾	peng	0	𤘾
cn_dicts/41448.dict.yaml	𤡭	peng	0	𤡭
cn_dicts/41448.dict.yaml	𥕱	peng	0	𥕱
cn_dicts/41448.dict.yaml	𥕽	peng	0	𥕽
cn_dicts/41448.dict.yaml	𦚝	peng	0	𦚝
cn_dicts/41448.dict.yaml	𦪪	peng	0	𦪪
cn_dicts/41448.dict.yaml	𦯰	peng	0	𦯰
cn_dicts/41448.dict.yaml	𧌇	peng	0	𧌇
cn_dicts/41448.dict.yaml	𧚋	peng	0	𧚋
cn_dicts/41448.dict.yaml	𧴂	peng	0	𧴂
cn_dicts/41448.dict.yaml	𨂃	peng	0	𨂃
cn_dicts/41448.dict.yaml	𨅘	peng	0	𨅘
cn_dicts/41448.dict.yaml	𨍩	peng	0	𨍩
cn_dicts/41448.dict.yaml	𨎧	peng	0	𨎧
cn_dicts/41448.dict.yaml	𨎳	peng	0	𨎳
cn_dicts/41448.dict.yaml	𨑎	peng	0	𨑎
cn_dicts/41448.dict.yaml	𨠟	peng	0	𨠟
cn_dicts/41448.dict.yaml	𨲰	peng	0	𨲰
cn_dicts/41448.dict.yaml	𨺀	peng	0	𨺀
cn_dicts/41448.dict.yaml	𩄦	peng	0	𩄦
cn_dicts/41448.dict.yaml	𩐛	peng	0	𩐛
cn_dicts/41448.dict.yaml	𩖛	peng	0	𩖛
cn_dicts/41448.dict.yaml	𩡕	peng	0	𩡕
cn_dicts/41448.dict.yaml	𩮗	peng	0	𩮗
cn_dicts/41448.dict.yaml	𩱀	peng	0	𩱀
cn_dicts/41448.dict.yaml	𩱋	peng	0	𩱋
cn_dicts/41448.dict.yaml	𩸀	peng	0	𩸀
cn_dicts/41448.dict.yaml	𪔍	peng	0	𪔍
cn_dicts/41448.dict.yaml	𪔔	peng	0	𪔔
cn_dicts/41448.dict.yaml	㓟	pi	0	㓟
cn_dicts/41448.dict.yaml	㔃	pi	0	㔃
cn_dicts/41448.dict.yaml	㔥	pi	0	㔥
cn_dicts/41448.dict.yaml	㡙	pi	0	㡙
cn_dicts/41448.dict.yaml	㨽	pi	0	㨽
cn_dicts/41448.dict.yaml	㮰	pi	0	㮰
cn_dicts/41448.dict.yaml	㯅	pi	0	㯅
cn_dicts/41448.dict.yaml	㱟	pi	0	㱟
cn_dicts/41448.dict.yaml	㳪	pi	0	㳪
cn_dicts/41448.dict.yaml	㵨	pi	0	㵨
cn_dicts/41448.dict.yaml	㼰	pi	0	㼰
cn_dicts/41448.dict.yaml	㿙	pi	0	㿙
cn_dicts/41448.dict.yaml	䏘	pi	0	䏘
cn_dicts/41448.dict.yaml	䑀	pi	0	䑀
cn_dicts/41448.dict.yaml	䑄	pi	0	䑄
cn_dicts/41448.dict.yaml	䖩	pi	0	䖩
cn_dicts/41448.dict.yaml	䗄	pi	0	䗄
cn_dicts/41448.dict.yaml	䚰	pi	0	䚰
cn_dicts/41448.dict.yaml	䚹	pi	0	䚹
cn_dicts/41448.dict.yaml	䠘	pi	0	䠘
cn_dicts/41448.dict.yaml	䡟	pi	0	䡟
cn_dicts/41448.dict.yaml	䡶	pi	0	䡶
cn_dicts/41448.dict.yaml	䤏	pi	0	䤏
cn_dicts/41448.dict.yaml	䤨	pi	0	䤨
cn_dicts/41448.dict.yaml	䪐	pi	0	䪐
cn_dicts/41448.dict.yaml	䫌	pi	0	䫌
cn_dicts/41448.dict.yaml	䫠	pi	0	䫠
cn_dicts/41448.dict.yaml	䯱	pi	0	䯱
cn_dicts/41448.dict.yaml	䰦	pi	0	䰦
cn_dicts/41448.dict.yaml	䴽	pi	0	䴽
cn_dicts/41448.dict.yaml	𠜱	pi	0	𠜱
cn_dicts/41448.dict.yaml	𠡄	pi	0	𠡄
cn_dicts/41448.dict.yaml	𠨸	pi	0	𠨸
cn_dicts/41448.dict.yaml	𠪮	pi	0	𠪮
cn_dicts/41448.dict.yaml	𠯔	pi	0	𠯔
cn_dicts/41448.dict.yaml	𠯭	pi	0	𠯭
cn_dicts/41448.dict.yaml	𠵬	pi	0	𠵬
cn_dicts/41448.dict.yaml	𠹦	pi	0	𠹦
cn_dicts/41448.dict.yaml	𡊝	pi	0	𡊝
cn_dicts/41448.dict.yaml	𡛘	pi	0	𡛘
cn_dicts/41448.dict.yaml	𡛡	pi	0	𡛡
cn_dicts/41448.dict.yaml	𡦟	pi	0	𡦟
cn_dicts/41448.dict.yaml	𡲮	pi	0	𡲮
cn_dicts/41448.dict.yaml	𡶌	pi	0	𡶌
cn_dicts/41448.dict.yaml	𡺮	pi	0	𡺮
cn_dicts/41448.dict.yaml	𢇳	pi	0	𢇳
cn_dicts/41448.dict.yaml	𢓖	pi	0	𢓖
cn_dicts/41448.dict.yaml	𢞗	pi	0	𢞗
cn_dicts/41448.dict.yaml	𢰘	pi	0	𢰘
cn_dicts/41448.dict.yaml	𢱧	pi	0	𢱧
cn_dicts/41448.dict.yaml	𢻹	pi	0	𢻹
cn_dicts/41448.dict.yaml	𢾇	pi	0	𢾇
cn_dicts/41448.dict.yaml	𢾱	pi	0	𢾱
cn_dicts/41448.dict.yaml	𣓋	pi	0	𣓋
cn_dicts/41448.dict.yaml	𣔬	pi	0	𣔬
cn_dicts/41448.dict.yaml	𣖰	pi	0	𣖰
cn_dicts/41448.dict.yaml	𣢋	pi	0	𣢋
cn_dicts/41448.dict.yaml	𣪉	pi	0	𣪉
cn_dicts/41448.dict.yaml	𣬉	pi	0	𣬉
cn_dicts/41448.dict.yaml	𣬮	pi	0	𣬮
cn_dicts/41448.dict.yaml	𣬼	pi	0	𣬼
cn_dicts/41448.dict.yaml	𣴪	pi	0	𣴪
cn_dicts/41448.dict.yaml	𣹚	pi	0	𣹚
cn_dicts/41448.dict.yaml	𣹮	pi	0	𣹮
cn_dicts/41448.dict.yaml	𤂃	pi	0	𤂃
cn_dicts/41448.dict.yaml	𤖿	pi	0	𤖿
cn_dicts/41448.dict.yaml	𤘢	pi	0	𤘢
cn_dicts/41448.dict.yaml	𤘤	pi	0	𤘤
cn_dicts/41448.dict.yaml	𤘹	pi	0	𤘹
cn_dicts/41448.dict.yaml	𤚪	pi	0	𤚪
cn_dicts/41448.dict.yaml	𤜻	pi	0	𤜻
cn_dicts/41448.dict.yaml	𤬭	pi	0	𤬭
cn_dicts/41448.dict.yaml	𤱍	pi	0	𤱍
cn_dicts/41448.dict.yaml	𤴣	pi	0	𤴣
cn_dicts/41448.dict.yaml	𤷒	pi	0	𤷒
cn_dicts/41448.dict.yaml	𤼜	pi	0	𤼜
cn_dicts/41448.dict.yaml	𤿇	pi	0	𤿇
cn_dicts/41448.dict.yaml	𤿎	pi	0	𤿎
cn_dicts/41448.dict.yaml	𤿐	pi	0	𤿐
cn_dicts/41448.dict.yaml	𤿙	pi	0	𤿙
cn_dicts/41448.dict.yaml	𥀘	pi	0	𥀘
cn_dicts/41448.dict.yaml	𥔁	pi	0	𥔁
cn_dicts/41448.dict.yaml	𥤻	pi	0	𥤻
cn_dicts/41448.dict.yaml	𥯡	pi	0	𥯡
cn_dicts/41448.dict.yaml	𥱼	pi	0	𥱼
cn_dicts/41448.dict.yaml	𦀘	pi	0	𦀘
cn_dicts/41448.dict.yaml	𦃋	pi	0	𦃋
cn_dicts/41448.dict.yaml	𦊁	pi	0	𦊁
cn_dicts/41448.dict.yaml	𦘩	pi	0	𦘩
cn_dicts/41448.dict.yaml	𦘲	pi	0	𦘲
cn_dicts/41448.dict.yaml	𦤢	pi	0	𦤢
cn_dicts/41448.dict.yaml	𦨭	pi	0	𦨭
cn_dicts/41448.dict.yaml	𦰽	pi	0	𦰽
cn_dicts/41448.dict.yaml	𦳈	pi	0	𦳈
cn_dicts/41448.dict.yaml	𦹽	pi	0	𦹽
cn_dicts/41448.dict.yaml	𧑜	pi	0	𧑜
cn_dicts/41448.dict.yaml	𧓎	pi	0	𧓎
cn_dicts/41448.dict.yaml	𧙁	pi	0	𧙁
cn_dicts/41448.dict.yaml	𧧺	pi	0	𧧺
cn_dicts/41448.dict.yaml	𧪫	pi	0	𧪫
cn_dicts/41448.dict.yaml	𧲺	pi	0	𧲺
cn_dicts/41448.dict.yaml	𧳼	pi	0	𧳼
cn_dicts/41448.dict.yaml	𧴉	pi	0	𧴉
cn_dicts/41448.dict.yaml	𧾑	pi	0	𧾑
cn_dicts/41448.dict.yaml	𨈚	pi	0	𨈚
cn_dicts/41448.dict.yaml	𨐴	pi	0	𨐴
cn_dicts/41448.dict.yaml	𨑜	pi	0	𨑜
cn_dicts/41448.dict.yaml	𨤽	pi	0	𨤽
cn_dicts/41448.dict.yaml	𨧦	pi	0	𨧦
cn_dicts/41448.dict.yaml	𨲐	pi	0	𨲐
cn_dicts/41448.dict.yaml	𨵡	pi	0	𨵡
cn_dicts/41448.dict.yaml	𨵩	pi	0	𨵩
cn_dicts/41448.dict.yaml	𨺤	pi	0	𨺤
cn_dicts/41448.dict.yaml	𨻀	pi	0	𨻀
cn_dicts/41448.dict.yaml	𩔙	pi	0	𩔙
cn_dicts/41448.dict.yaml	𩗫	pi	0	𩗫
cn_dicts/41448.dict.yaml	𩜰	pi	0	𩜰
cn_dicts/41448.dict.yaml	𩣚	pi	0	𩣚
cn_dicts/41448.dict.yaml	𩫫	pi	0	𩫫
cn_dicts/41448.dict.yaml	𪄆	pi	0	𪄆
cn_dicts/41448.dict.yaml	𪇊	pi	0	𪇊
cn_dicts/41448.dict.yaml	𪊕	pi	0	𪊕
cn_dicts/41448.dict.yaml	𪌈	pi	0	𪌈
cn_dicts/41448.dict.yaml	𪖞	pi	0	𪖞
cn_dicts/41448.dict.yaml	𪛎	pi	0	𪛎
cn_dicts/41448.dict.yaml	㓲	pian	0	㓲
cn_dicts/41448.dict.yaml	㸤	pian	0	㸤
cn_dicts/41448.dict.yaml	㼐	pian	0	㼐
cn_dicts/41448.dict.yaml	㾫	pian	0	㾫
cn_dicts/41448.dict.yaml	䏒	pian	0	䏒
cn_dicts/41448.dict.yaml	䮁	pian	0	䮁
cn_dicts/41448.dict.yaml	𠐈	pian	0	𠐈
cn_dicts/41448.dict.yaml	𠑟	pian	0	𠑟
cn_dicts/41448.dict.yaml	𠯯	pian	0	𠯯
cn_dicts/41448.dict.yaml	𠷊	pian	0	𠷊
cn_dicts/41448.dict.yaml	𢉞	pian	0	𢉞
cn_dicts/41448.dict.yaml	𢐃	pian	0	𢐃
cn_dicts/41448.dict.yaml	𢕨	pian	0	𢕨
cn_dicts/41448.dict.yaml	𦳄	pian	0	𦳄
cn_dicts/41448.dict.yaml	𧍲	pian	0	𧍲
cn_dicts/41448.dict.yaml	𧡤	pian	0	𧡤
cn_dicts/41448.dict.yaml	𧱩	pian	0	𧱩
cn_dicts/41448.dict.yaml	𨂯	pian	0	𨂯
cn_dicts/41448.dict.yaml	𨲜	pian	0	𨲜
cn_dicts/41448.dict.yaml	𨵸	pian	0	𨵸
cn_dicts/41448.dict.yaml	𪘀	pian	0	𪘀
cn_dicts/41448.dict.yaml	㩠	piao	0	㩠
cn_dicts/41448.dict.yaml	㬓	piao	0	㬓
cn_dicts/41448.dict.yaml	㯱	piao	0	㯱
cn_dicts/41448.dict.yaml	㲏	piao	0	㲏
cn_dicts/41448.dict.yaml	㵱	piao	0	㵱
cn_dicts/41448.dict.yaml	㹾	piao	0	㹾
cn_dicts/41448.dict.yaml	㺓	piao	0	㺓
cn_dicts/41448.dict.yaml	㼼	piao	0	㼼
cn_dicts/41448.dict.yaml	䏇	piao	0	䏇
cn_dicts/41448.dict.yaml	䕯	piao	0	䕯
cn_dicts/41448.dict.yaml	䴩	piao	0	䴩
cn_dicts/41448.dict.yaml	𠷻	piao	0	𠷻
cn_dicts/41448.dict.yaml	𡢱	piao	0	𡢱
cn_dicts/41448.dict.yaml	𡣋	piao	0	𡣋
cn_dicts/41448.dict.yaml	𣋳	piao	0	𣋳
cn_dicts/41448.dict.yaml	𣝐	piao	0	𣝐
cn_dicts/41448.dict.yaml	𣳭	piao	0	𣳭
cn_dicts/41448.dict.yaml	𦭼	piao	0	𦭼
cn_dicts/41448.dict.yaml	𧌠	piao	0	𧌠
cn_dicts/41448.dict.yaml	𧽤	piao	0	𧽤
cn_dicts/41448.dict.yaml	𨝓	piao	0	𨝓
cn_dicts/41448.dict.yaml	𨮬	piao	0	𨮬
cn_dicts/41448.dict.yaml	𩄷	piao	0	𩄷
cn_dicts/41448.dict.yaml	𩗏	piao	0	𩗏
cn_dicts/41448.dict.yaml	𩙒	piao	0	𩙒
cn_dicts/41448.dict.yaml	𩛞	piao	0	𩛞
cn_dicts/41448.dict.yaml	𩡦	piao	0	𩡦
cn_dicts/41448.dict.yaml	𩮳	piao	0	𩮳
cn_dicts/41448.dict.yaml	𪅃	piao	0	𪅃
cn_dicts/41448.dict.yaml	𪋖	piao	0	𪋖
cn_dicts/41448.dict.yaml	𪏫	piao	0	𪏫
cn_dicts/41448.dict.yaml	䥕	pie	0	䥕
cn_dicts/41448.dict.yaml	𠟈	pie	0	𠟈
cn_dicts/41448.dict.yaml	𠢪	pie	0	𠢪
cn_dicts/41448.dict.yaml	𢳂	pie	0	𢳂
cn_dicts/41448.dict.yaml	𤮕	pie	0	𤮕
cn_dicts/41448.dict.yaml	𦒐	pie	0	𦒐
cn_dicts/41448.dict.yaml	𦗥	pie	0	𦗥
cn_dicts/41448.dict.yaml	𩓼	pie	0	𩓼
cn_dicts/41448.dict.yaml	𩠿	pie	0	𩠿
cn_dicts/41448.dict.yaml	𩮳	pie	0	𩮳
cn_dicts/41448.dict.yaml	㰋	pin	0	㰋
cn_dicts/41448.dict.yaml	㲏	pin	0	㲏
cn_dicts/41448.dict.yaml	䀻	pin	0	䀻
cn_dicts/41448.dict.yaml	𠐺	pin	0	𠐺
cn_dicts/41448.dict.yaml	𠮰	pin	0	𠮰
cn_dicts/41448.dict.yaml	𡛞	pin	0	𡛞
cn_dicts/41448.dict.yaml	𢣐	pin	0	𢣐
cn_dicts/41448.dict.yaml	𢬵	pin	0	𢬵
cn_dicts/41448.dict.yaml	𢶳	pin	0	𢶳
cn_dicts/41448.dict.yaml	𣎳	pin	0	𣎳
cn_dicts/41448.dict.yaml	𥑓	pin	0	𥑓
cn_dicts/41448.dict.yaml	𥖶	pin	0	𥖶
cn_dicts/41448.dict.yaml	𦇖	pin	0	𦇖
cn_dicts/41448.dict.yaml	𧔪	pin	0	𧔪
cn_dicts/41448.dict.yaml	𧭹	pin	0	𧭹
cn_dicts/41448.dict.yaml	𧮝	pin	0	𧮝
cn_dicts/41448.dict.yaml	𨏞	pin	0	𨏞
cn_dicts/41448.dict.yaml	𨽗	pin	0	𨽗
cn_dicts/41448.dict.yaml	𩕵	pin	0	𩕵
cn_dicts/41448.dict.yaml	𩰗	pin	0	𩰗
cn_dicts/41448.dict.yaml	㲏	ping	0	㲏
cn_dicts/41448.dict.yaml	㵗	ping	0	㵗
cn_dicts/41448.dict.yaml	㺸	ping	0	㺸
cn_dicts/41448.dict.yaml	㻂	ping	0	㻂
cn_dicts/41448.dict.yaml	䈂	ping	0	䈂
cn_dicts/41448.dict.yaml	䍈	ping	0	䍈
cn_dicts/41448.dict.yaml	䓑	ping	0	䓑
cn_dicts/41448.dict.yaml	䶄	ping	0	䶄
cn_dicts/41448.dict.yaml	𠗥	ping	0	𠗥
cn_dicts/41448.dict.yaml	𠗦	ping	0	𠗦
cn_dicts/41448.dict.yaml	𡊞	ping	0	𡊞
cn_dicts/41448.dict.yaml	𢆟	ping	0	𢆟
cn_dicts/41448.dict.yaml	𢖊	ping	0	𢖊
cn_dicts/41448.dict.yaml	𤭔	ping	0	𤭔
cn_dicts/41448.dict.yaml	𤳊	ping	0	𤳊
cn_dicts/41448.dict.yaml	𥪁	ping	0	𥪁
cn_dicts/41448.dict.yaml	𥭢	ping	0	𥭢
cn_dicts/41448.dict.yaml	𥵪	ping	0	𥵪
cn_dicts/41448.dict.yaml	𦀔	ping	0	𦀔
cn_dicts/41448.dict.yaml	𦚓	ping	0	𦚓
cn_dicts/41448.dict.yaml	𦥚	ping	0	𦥚
cn_dicts/41448.dict.yaml	𦥤	ping	0	𦥤
cn_dicts/41448.dict.yaml	𦶊	ping	0	𦶊
cn_dicts/41448.dict.yaml	𧂋	ping	0	𧂋
cn_dicts/41448.dict.yaml	𧏑	ping	0	𧏑
cn_dicts/41448.dict.yaml	𨂲	ping	0	𨂲
cn_dicts/41448.dict.yaml	𩂾	ping	0	𩂾
cn_dicts/41448.dict.yaml	𩈚	ping	0	𩈚
cn_dicts/41448.dict.yaml	𩩍	ping	0	𩩍
cn_dicts/41448.dict.yaml	𪋋	ping	0	𪋋
cn_dicts/41448.dict.yaml	𪔾	ping	0	𪔾
cn_dicts/41448.dict.yaml	𪕒	ping	0	𪕒
cn_dicts/41448.dict.yaml	㛘	po	0	㛘
cn_dicts/41448.dict.yaml	㜑	po	0	㜑
cn_dicts/41448.dict.yaml	㧊	po	0	㧊
cn_dicts/41448.dict.yaml	㨇	po	0	㨇
cn_dicts/41448.dict.yaml	㩯	po	0	㩯
cn_dicts/41448.dict.yaml	㰴	po	0	㰴
cn_dicts/41448.dict.yaml	䄸	po	0	䄸
cn_dicts/41448.dict.yaml	䎅	po	0	䎅
cn_dicts/41448.dict.yaml	䎊	po	0	䎊
cn_dicts/41448.dict.yaml	䘠	po	0	䘠
cn_dicts/41448.dict.yaml	䞟	po	0	䞟
cn_dicts/41448.dict.yaml	䣪	po	0	䣪
cn_dicts/41448.dict.yaml	䣮	po	0	䣮
cn_dicts/41448.dict.yaml	䦌	po	0	䦌
cn_dicts/41448.dict.yaml	䨰	po	0	䨰
cn_dicts/41448.dict.yaml	䪖	po	0	䪖
cn_dicts/41448.dict.yaml	䪙	po	0	䪙
cn_dicts/41448.dict.yaml	䮘	po	0	䮘
cn_dicts/41448.dict.yaml	䯙	po	0	䯙
cn_dicts/41448.dict.yaml	𠰐	po	0	𠰐
cn_dicts/41448.dict.yaml	𠰼	po	0	𠰼
cn_dicts/41448.dict.yaml	𠵳	po	0	𠵳
cn_dicts/41448.dict.yaml	𠷑	po	0	𠷑
cn_dicts/41448.dict.yaml	𠾌	po	0	𠾌
cn_dicts/41448.dict.yaml	𡊟	po	0	𡊟
cn_dicts/41448.dict.yaml	𡶆	po	0	𡶆
cn_dicts/41448.dict.yaml	𡼃	po	0	𡼃
cn_dicts/41448.dict.yaml	𡽠	po	0	𡽠
cn_dicts/41448.dict.yaml	𢂤	po	0	𢂤
cn_dicts/41448.dict.yaml	𢱨	po	0	𢱨
cn_dicts/41448.dict.yaml	𢶉	po	0	𢶉
cn_dicts/41448.dict.yaml	𣍸	po	0	𣍸
cn_dicts/41448.dict.yaml	𣎵	po	0	𣎵
cn_dicts/41448.dict.yaml	𣬚	po	0	𣬚
cn_dicts/41448.dict.yaml	𣲳	po	0	𣲳
cn_dicts/41448.dict.yaml	𤀪	po	0	𤀪
cn_dicts/41448.dict.yaml	𤖼	po	0	𤖼
cn_dicts/41448.dict.yaml	𤝯	po	0	𤝯
cn_dicts/41448.dict.yaml	𤱍	po	0	𤱍
cn_dicts/41448.dict.yaml	𤽌	po	0	𤽌
cn_dicts/41448.dict.yaml	𥄔	po	0	𥄔
cn_dicts/41448.dict.yaml	𥗟	po	0	𥗟
cn_dicts/41448.dict.yaml	𥬒	po	0	𥬒
cn_dicts/41448.dict.yaml	𥵜	po	0	𥵜
cn_dicts/41448.dict.yaml	𥹖	po	0	𥹖
cn_dicts/41448.dict.yaml	𦃡	po	0	𦃡
cn_dicts/41448.dict.yaml	𦍁	po	0	𦍁
cn_dicts/41448.dict.yaml	𦐦	po	0	𦐦
cn_dicts/41448.dict.yaml	𦑀	po	0	𦑀
cn_dicts/41448.dict.yaml	𦑵	po	0	𦑵
cn_dicts/41448.dict.yaml	𦒟	po	0	𦒟
cn_dicts/41448.dict.yaml	𦥭	po	0	𦥭
cn_dicts/41448.dict.yaml	𦥲	po	0	𦥲
cn_dicts/41448.dict.yaml	𦫔	po	0	𦫔
cn_dicts/41448.dict.yaml	𦾕	po	0	𦾕
cn_dicts/41448.dict.yaml	𦿍	po	0	𦿍
cn_dicts/41448.dict.yaml	𧂉	po	0	𧂉
cn_dicts/41448.dict.yaml	𧘟	po	0	𧘟
cn_dicts/41448.dict.yaml	𧙅	po	0	𧙅
cn_dicts/41448.dict.yaml	𧴤	po	0	𧴤
cn_dicts/41448.dict.yaml	𧻙	po	0	𧻙
cn_dicts/41448.dict.yaml	𧿽	po	0	𧿽
cn_dicts/41448.dict.yaml	𨂩	po	0	𨂩
cn_dicts/41448.dict.yaml	𨅅	po	0	𨅅
cn_dicts/41448.dict.yaml	𨆵	po	0	𨆵
cn_dicts/41448.dict.yaml	𨍭	po	0	𨍭
cn_dicts/41448.dict.yaml	𨑝	po	0	𨑝
cn_dicts/41448.dict.yaml	𨠓	po	0	𨠓
cn_dicts/41448.dict.yaml	𨡩	po	0	𨡩
cn_dicts/41448.dict.yaml	𨫁	po	0	𨫁
cn_dicts/41448.dict.yaml	𨸭	po	0	𨸭
cn_dicts/41448.dict.yaml	𩊀	po	0	𩊀
cn_dicts/41448.dict.yaml	𩑻	po	0	𩑻
cn_dicts/41448.dict.yaml	𩑼	po	0	𩑼
cn_dicts/41448.dict.yaml	𩒕	po	0	𩒕
cn_dicts/41448.dict.yaml	𩔈	po	0	𩔈
cn_dicts/41448.dict.yaml	𩕏	po	0	𩕏
cn_dicts/41448.dict.yaml	𩢘	po	0	𩢘
cn_dicts/41448.dict.yaml	𩸿	po	0	𩸿
cn_dicts/41448.dict.yaml	㟝	pou	0	㟝
cn_dicts/41448.dict.yaml	㧵	pou	0	㧵
cn_dicts/41448.dict.yaml	㰴	pou	0	㰴
cn_dicts/41448.dict.yaml	㼜	pou	0	㼜
cn_dicts/41448.dict.yaml	䎧	pou	0	䎧
cn_dicts/41448.dict.yaml	䯽	pou	0	䯽
cn_dicts/41448.dict.yaml	䳝	pou	0	䳝
cn_dicts/41448.dict.yaml	𠟌	pou	0	𠟌
cn_dicts/41448.dict.yaml	𢒷	pou	0	𢒷
cn_dicts/41448.dict.yaml	𦵿	pou	0	𦵿
cn_dicts/41448.dict.yaml	𦺎	pou	0	𦺎
cn_dicts/41448.dict.yaml	𧠾	pou	0	𧠾
cn_dicts/41448.dict.yaml	𩔻	pou	0	𩔻
cn_dicts/41448.dict.yaml	𩚭	pou	0	𩚭
cn_dicts/41448.dict.yaml	㒒	pu	0	㒒
cn_dicts/41448.dict.yaml	㙸	pu	0	㙸
cn_dicts/41448.dict.yaml	㬥	pu	0	㬥
cn_dicts/41448.dict.yaml	㯷	pu	0	㯷
cn_dicts/41448.dict.yaml	㲫	pu	0	㲫
cn_dicts/41448.dict.yaml	㹒	pu	0	㹒
cn_dicts/41448.dict.yaml	㺪	pu	0	㺪
cn_dicts/41448.dict.yaml	䈬	pu	0	䈬
cn_dicts/41448.dict.yaml	䈻	pu	0	䈻
cn_dicts/41448.dict.yaml	䑑	pu	0	䑑
cn_dicts/41448.dict.yaml	䔕	pu	0	䔕
cn_dicts/41448.dict.yaml	䗱	pu	0	䗱
cn_dicts/41448.dict.yaml	䧤	pu	0	䧤
cn_dicts/41448.dict.yaml	䪬	pu	0	䪬
cn_dicts/41448.dict.yaml	䲕	pu	0	䲕
cn_dicts/41448.dict.yaml	䴆	pu	0	䴆
cn_dicts/41448.dict.yaml	𠽾	pu	0	𠽾
cn_dicts/41448.dict.yaml	𡜵	pu	0	𡜵
cn_dicts/41448.dict.yaml	𡰿	pu	0	𡰿
cn_dicts/41448.dict.yaml	𢈲	pu	0	𢈲
cn_dicts/41448.dict.yaml	𢼹	pu	0	𢼹
cn_dicts/41448.dict.yaml	𣋏	pu	0	𣋏
cn_dicts/41448.dict.yaml	𤆝	pu	0	𤆝
cn_dicts/41448.dict.yaml	𤗵	pu	0	𤗵
cn_dicts/41448.dict.yaml	𤰑	pu	0	𤰑
cn_dicts/41448.dict.yaml	𤾣	pu	0	𤾣
cn_dicts/41448.dict.yaml	𥐁	pu	0	𥐁
cn_dicts/41448.dict.yaml	𥐚	pu	0	𥐚
cn_dicts/41448.dict.yaml	𥛟	pu	0	𥛟
cn_dicts/41448.dict.yaml	𥣈	pu	0	𥣈
cn_dicts/41448.dict.yaml	𥼜	pu	0	𥼜
cn_dicts/41448.dict.yaml	𦬙	pu	0	𦬙
cn_dicts/41448.dict.yaml	𦮑	pu	0	𦮑
cn_dicts/41448.dict.yaml	𧙛	pu	0	𧙛
cn_dicts/41448.dict.yaml	𧦞	pu	0	𧦞
cn_dicts/41448.dict.yaml	𧭎	pu	0	𧭎
cn_dicts/41448.dict.yaml	𧱹	pu	0	𧱹
cn_dicts/41448.dict.yaml	𨁏	pu	0	𨁏
cn_dicts/41448.dict.yaml	𨛥	pu	0	𨛥
cn_dicts/41448.dict.yaml	𨽂	pu	0	𨽂
cn_dicts/41448.dict.yaml	𩂗	pu	0	𩂗
cn_dicts/41448.dict.yaml	𩑀	pu	0	𩑀
cn_dicts/41448.dict.yaml	𩪛	pu	0	𩪛
cn_dicts/41448.dict.yaml	𩯱	pu	0	𩯱
cn_dicts/41448.dict.yaml	𪋡	pu	0	𪋡
cn_dicts/41448.dict.yaml	𪒢	pu	0	𪒢
cn_dicts/41448.dict.yaml	𪔿	pu	0	𪔿
cn_dicts/41448.dict.yaml	𪖈	pu	0	𪖈
cn_dicts/41448.dict.yaml	㒅	qi	0	㒅
cn_dicts/41448.dict.yaml	㓗	qi	0	㓗
cn_dicts/41448.dict.yaml	㓞	qi	0	㓞
cn_dicts/41448.dict.yaml	㔑	qi	0	㔑
cn_dicts/41448.dict.yaml	㖢	qi	0	㖢
cn_dicts/41448.dict.yaml	㗊	qi	0	㗊
cn_dicts/41448.dict.yaml	㘍	qi	0	㘍
cn_dicts/41448.dict.yaml	㙨	qi	0	㙨
cn_dicts/41448.dict.yaml	㝄	qi	0	㝄
cn_dicts/41448.dict.yaml	㞓	qi	0	㞓
cn_dicts/41448.dict.yaml	㞚	qi	0	㞚
cn_dicts/41448.dict.yaml	㞿	qi	0	㞿
cn_dicts/41448.dict.yaml	㟓	qi	0	㟓
cn_dicts/41448.dict.yaml	㟚	qi	0	㟚
cn_dicts/41448.dict.yaml	㟢	qi	0	㟢
cn_dicts/41448.dict.yaml	㠍	qi	0	㠍
cn_dicts/41448.dict.yaml	㠎	qi	0	㠎
cn_dicts/41448.dict.yaml	㠱	qi	0	㠱
cn_dicts/41448.dict.yaml	㣬	qi	0	㣬
cn_dicts/41448.dict.yaml	㥓	qi	0	㥓
cn_dicts/41448.dict.yaml	㦢	qi	0	㦢
cn_dicts/41448.dict.yaml	㩩	qi	0	㩩
cn_dicts/41448.dict.yaml	㩻	qi	0	㩻
cn_dicts/41448.dict.yaml	㩽	qi	0	㩽
cn_dicts/41448.dict.yaml	㫅	qi	0	㫅
cn_dicts/41448.dict.yaml	㫓	qi	0	㫓
cn_dicts/41448.dict.yaml	㮑	qi	0	㮑
cn_dicts/41448.dict.yaml	㯦	qi	0	㯦
cn_dicts/41448.dict.yaml	㰟	qi	0	㰟
cn_dicts/41448.dict.yaml	㱦	qi	0	㱦
cn_dicts/41448.dict.yaml	㹄	qi	0	㹄
cn_dicts/41448.dict.yaml	㼤	qi	0	㼤
cn_dicts/41448.dict.yaml	㼮	qi	0	㼮
cn_dicts/41448.dict.yaml	㾨	qi	0	㾨
cn_dicts/41448.dict.yaml	䀈	qi	0	䀈
cn_dicts/41448.dict.yaml	䀙	qi	0	䀙
cn_dicts/41448.dict.yaml	䁈	qi	0	䁈
cn_dicts/41448.dict.yaml	䁉	qi	0	䁉
cn_dicts/41448.dict.yaml	䄎	qi	0	䄎
cn_dicts/41448.dict.yaml	䄢	qi	0	䄢
cn_dicts/41448.dict.yaml	䄫	qi	0	䄫
cn_dicts/41448.dict.yaml	䅤	qi	0	䅤
cn_dicts/41448.dict.yaml	䅲	qi	0	䅲
cn_dicts/41448.dict.yaml	䉝	qi	0	䉝
cn_dicts/41448.dict.yaml	䉻	qi	0	䉻
cn_dicts/41448.dict.yaml	䋯	qi	0	䋯
cn_dicts/41448.dict.yaml	䌌	qi	0	䌌
cn_dicts/41448.dict.yaml	䎢	qi	0	䎢
cn_dicts/41448.dict.yaml	䏅	qi	0	䏅
cn_dicts/41448.dict.yaml	䏌	qi	0	䏌
cn_dicts/41448.dict.yaml	䏠	qi	0	䏠
cn_dicts/41448.dict.yaml	䏿	qi	0	䏿
cn_dicts/41448.dict.yaml	䐡	qi	0	䐡
cn_dicts/41448.dict.yaml	䐤	qi	0	䐤
cn_dicts/41448.dict.yaml	䑴	qi	0	䑴
cn_dicts/41448.dict.yaml	䒗	qi	0	䒗
cn_dicts/41448.dict.yaml	䒻	qi	0	䒻
cn_dicts/41448.dict.yaml	䓅	qi	0	䓅
cn_dicts/41448.dict.yaml	䔇	qi	0	䔇
cn_dicts/41448.dict.yaml	䔾	qi	0	䔾
cn_dicts/41448.dict.yaml	䕤	qi	0	䕤
cn_dicts/41448.dict.yaml	䗁	qi	0	䗁
cn_dicts/41448.dict.yaml	䗩	qi	0	䗩
cn_dicts/41448.dict.yaml	䙄	qi	0	䙄
cn_dicts/41448.dict.yaml	䚉	qi	0	䚉
cn_dicts/41448.dict.yaml	䚍	qi	0	䚍
cn_dicts/41448.dict.yaml	䛛	qi	0	䛛
cn_dicts/41448.dict.yaml	䛴	qi	0	䛴
cn_dicts/41448.dict.yaml	䞚	qi	0	䞚
cn_dicts/41448.dict.yaml	䟄	qi	0	䟄
cn_dicts/41448.dict.yaml	䟚	qi	0	䟚
cn_dicts/41448.dict.yaml	䟷	qi	0	䟷
cn_dicts/41448.dict.yaml	䠞	qi	0	䠞
cn_dicts/41448.dict.yaml	䡋	qi	0	䡋
cn_dicts/41448.dict.yaml	䡔	qi	0	䡔
cn_dicts/41448.dict.yaml	䢀	qi	0	䢀
cn_dicts/41448.dict.yaml	䣛	qi	0	䣛
cn_dicts/41448.dict.yaml	䧘	qi	0	䧘
cn_dicts/41448.dict.yaml	䧵	qi	0	䧵
cn_dicts/41448.dict.yaml	䩓	qi	0	䩓
cn_dicts/41448.dict.yaml	䫏	qi	0	䫏
cn_dicts/41448.dict.yaml	䫔	qi	0	䫔
cn_dicts/41448.dict.yaml	䬣	qi	0	䬣
cn_dicts/41448.dict.yaml	䭫	qi	0	䭫
cn_dicts/41448.dict.yaml	䭬	qi	0	䭬
cn_dicts/41448.dict.yaml	䭶	qi	0	䭶
cn_dicts/41448.dict.yaml	䭼	qi	0	䭼
cn_dicts/41448.dict.yaml	䯥	qi	0	䯥
cn_dicts/41448.dict.yaml	䰇	qi	0	䰇
cn_dicts/41448.dict.yaml	䰍	qi	0	䰍
cn_dicts/41448.dict.yaml	䰴	qi	0	䰴
cn_dicts/41448.dict.yaml	䱈	qi	0	䱈
cn_dicts/41448.dict.yaml	䲬	qi	0	䲬
cn_dicts/41448.dict.yaml	䳢	qi	0	䳢
cn_dicts/41448.dict.yaml	䶒	qi	0	䶒
cn_dicts/41448.dict.yaml	䶓	qi	0	䶓
cn_dicts/41448.dict.yaml	䶞	qi	0	䶞
cn_dicts/41448.dict.yaml	𠀁	qi	0	𠀁
cn_dicts/41448.dict.yaml	𠁭	qi	0	𠁭
cn_dicts/41448.dict.yaml	𠅚	qi	0	𠅚
cn_dicts/41448.dict.yaml	𠊔	qi	0	𠊔
cn_dicts/41448.dict.yaml	𠎰	qi	0	𠎰
cn_dicts/41448.dict.yaml	𠐾	qi	0	𠐾
cn_dicts/41448.dict.yaml	𠓪	qi	0	𠓪
cn_dicts/41448.dict.yaml	𠔶	qi	0	𠔶
cn_dicts/41448.dict.yaml	𠧒	qi	0	𠧒
cn_dicts/41448.dict.yaml	𠫸	qi	0	𠫸
cn_dicts/41448.dict.yaml	𠴩	qi	0	𠴩
cn_dicts/41448.dict.yaml	𠴹	qi	0	𠴹
cn_dicts/41448.dict.yaml	𡍪	qi	0	𡍪
cn_dicts/41448.dict.yaml	𡎫	qi	0	𡎫
cn_dicts/41448.dict.yaml	𡖾	qi	0	𡖾
cn_dicts/41448.dict.yaml	𡢖	qi	0	𡢖
cn_dicts/41448.dict.yaml	𡦍	qi	0	𡦍
cn_dicts/41448.dict.yaml	𡪵	qi	0	𡪵
cn_dicts/41448.dict.yaml	𡫁	qi	0	𡫁
cn_dicts/41448.dict.yaml	𡱔	qi	0	𡱔
cn_dicts/41448.dict.yaml	𡵒	qi	0	𡵒
cn_dicts/41448.dict.yaml	𡷞	qi	0	𡷞
cn_dicts/41448.dict.yaml	𡹉	qi	0	𡹉
cn_dicts/41448.dict.yaml	𡹓	qi	0	𡹓
cn_dicts/41448.dict.yaml	𡹘	qi	0	𡹘
cn_dicts/41448.dict.yaml	𡹩	qi	0	𡹩
cn_dicts/41448.dict.yaml	𡺓	qi	0	𡺓
cn_dicts/41448.dict.yaml	𡺸	qi	0	𡺸
cn_dicts/41448.dict.yaml	𡻧	qi	0	𡻧
cn_dicts/41448.dict.yaml	𡻰	qi	0	𡻰
cn_dicts/41448.dict.yaml	𡽼	qi	0	𡽼
cn_dicts/41448.dict.yaml	𢁒	qi	0	𢁒
cn_dicts/41448.dict.yaml	𢍁	qi	0	𢍁
cn_dicts/41448.dict.yaml	𢍆	qi	0	𢍆
cn_dicts/41448.dict.yaml	𢍑	qi	0	𢍑
cn_dicts/41448.dict.yaml	𢔆	qi	0	𢔆
cn_dicts/41448.dict.yaml	𢔠	qi	0	𢔠
cn_dicts/41448.dict.yaml	𢜱	qi	0	𢜱
cn_dicts/41448.dict.yaml	𢞒	qi	0	𢞒
cn_dicts/41448.dict.yaml	𢢖	qi	0	𢢖
cn_dicts/41448.dict.yaml	𢢞	qi	0	𢢞
cn_dicts/41448.dict.yaml	𢦽	qi	0	𢦽
cn_dicts/41448.dict.yaml	𢩡	qi	0	𢩡
cn_dicts/41448.dict.yaml	𢴰	qi	0	𢴰
cn_dicts/41448.dict.yaml	𢺵	qi	0	𢺵
cn_dicts/41448.dict.yaml	𢺷	qi	0	𢺷
cn_dicts/41448.dict.yaml	𢻋	qi	0	𢻋
cn_dicts/41448.dict.yaml	𢻚	qi	0	𢻚
cn_dicts/41448.dict.yaml	𢻪	qi	0	𢻪
cn_dicts/41448.dict.yaml	𢾦	qi	0	𢾦
cn_dicts/41448.dict.yaml	𢾪	qi	0	𢾪
cn_dicts/41448.dict.yaml	𣉓	qi	0	𣉓
cn_dicts/41448.dict.yaml	𣏶	qi	0	𣏶
cn_dicts/41448.dict.yaml	𣔘	qi	0	𣔘
cn_dicts/41448.dict.yaml	𣛺	qi	0	𣛺
cn_dicts/41448.dict.yaml	𣪠	qi	0	𣪠
cn_dicts/41448.dict.yaml	𣫱	qi	0	𣫱
cn_dicts/41448.dict.yaml	𣯆	qi	0	𣯆
cn_dicts/41448.dict.yaml	𣶠	qi	0	𣶠
cn_dicts/41448.dict.yaml	𣾤	qi	0	𣾤
cn_dicts/41448.dict.yaml	𤘌	qi	0	𤘌
cn_dicts/41448.dict.yaml	𤪌	qi	0	𤪌
cn_dicts/41448.dict.yaml	𤳃	qi	0	𤳃
cn_dicts/41448.dict.yaml	𤳤	qi	0	𤳤
cn_dicts/41448.dict.yaml	𤷍	qi	0	𤷍
cn_dicts/41448.dict.yaml	𤹸	qi	0	𤹸
cn_dicts/41448.dict.yaml	𤺗	qi	0	𤺗
cn_dicts/41448.dict.yaml	𤼅	qi	0	𤼅
cn_dicts/41448.dict.yaml	𤿡	qi	0	𤿡
cn_dicts/41448.dict.yaml	𥀻	qi	0	𥀻
cn_dicts/41448.dict.yaml	𥄜	qi	0	𥄜
cn_dicts/41448.dict.yaml	𥇚	qi	0	𥇚
cn_dicts/41448.dict.yaml	𥉐	qi	0	𥉐
cn_dicts/41448.dict.yaml	𥉙	qi	0	𥉙
cn_dicts/41448.dict.yaml	𥉷	qi	0	𥉷
cn_dicts/41448.dict.yaml	𥉻	qi	0	𥉻
cn_dicts/41448.dict.yaml	𥌁	qi	0	𥌁
cn_dicts/41448.dict.yaml	𥓾	qi	0	𥓾
cn_dicts/41448.dict.yaml	𥔩	qi	0	𥔩
cn_dicts/41448.dict.yaml	𥖫	qi	0	𥖫
cn_dicts/41448.dict.yaml	𥤥	qi	0	𥤥
cn_dicts/41448.dict.yaml	𥫟	qi	0	𥫟
cn_dicts/41448.dict.yaml	𥷇	qi	0	𥷇
cn_dicts/41448.dict.yaml	𥼘	qi	0	𥼘
cn_dicts/41448.dict.yaml	𥽳	qi	0	𥽳
cn_dicts/41448.dict.yaml	𦄊	qi	0	𦄊
cn_dicts/41448.dict.yaml	𦈦	qi	0	𦈦
cn_dicts/41448.dict.yaml	𦔌	qi	0	𦔌
cn_dicts/41448.dict.yaml	𦖊	qi	0	𦖊
cn_dicts/41448.dict.yaml	𦘸	qi	0	𦘸
cn_dicts/41448.dict.yaml	𦙊	qi	0	𦙊
cn_dicts/41448.dict.yaml	𦚊	qi	0	𦚊
cn_dicts/41448.dict.yaml	𦛰	qi	0	𦛰
cn_dicts/41448.dict.yaml	𦡹	qi	0	𦡹
cn_dicts/41448.dict.yaml	𦧉	qi	0	𦧉
cn_dicts/41448.dict.yaml	𦧯	qi	0	𦧯
cn_dicts/41448.dict.yaml	𦩣	qi	0	𦩣
cn_dicts/41448.dict.yaml	𦪊	qi	0	𦪊
cn_dicts/41448.dict.yaml	𦫡	qi	0	𦫡
cn_dicts/41448.dict.yaml	𦭲	qi	0	𦭲
cn_dicts/41448.dict.yaml	𦮼	qi	0	𦮼
cn_dicts/41448.dict.yaml	𦸆	qi	0	𦸆
cn_dicts/41448.dict.yaml	𦸓	qi	0	𦸓
cn_dicts/41448.dict.yaml	𦸗	qi	0	𦸗
cn_dicts/41448.dict.yaml	𧇜	qi	0	𧇜
cn_dicts/41448.dict.yaml	𧋉	qi	0	𧋉
cn_dicts/41448.dict.yaml	𧌞	qi	0	𧌞
cn_dicts/41448.dict.yaml	𧎪	qi	0	𧎪
cn_dicts/41448.dict.yaml	𧒕	qi	0	𧒕
cn_dicts/41448.dict.yaml	𧓑	qi	0	𧓑
cn_dicts/41448.dict.yaml	𧕉	qi	0	𧕉
cn_dicts/41448.dict.yaml	𧘗	qi	0	𧘗
cn_dicts/41448.dict.yaml	𧘧	qi	0	𧘧
cn_dicts/41448.dict.yaml	𧙞	qi	0	𧙞
cn_dicts/41448.dict.yaml	𧙾	qi	0	𧙾
cn_dicts/41448.dict.yaml	𧚨	qi	0	𧚨
cn_dicts/41448.dict.yaml	𧠪	qi	0	𧠪
cn_dicts/41448.dict.yaml	𧡘	qi	0	𧡘
cn_dicts/41448.dict.yaml	𧡺	qi	0	𧡺
cn_dicts/41448.dict.yaml	𧯯	qi	0	𧯯
cn_dicts/41448.dict.yaml	𧰙	qi	0	𧰙
cn_dicts/41448.dict.yaml	𧻕	qi	0	𧻕
cn_dicts/41448.dict.yaml	𧼕	qi	0	𧼕
cn_dicts/41448.dict.yaml	𧼘	qi	0	𧼘
cn_dicts/41448.dict.yaml	𧽓	qi	0	𧽓
cn_dicts/41448.dict.yaml	𨁐	qi	0	𨁐
cn_dicts/41448.dict.yaml	𨉸	qi	0	𨉸
cn_dicts/41448.dict.yaml	𨊰	qi	0	𨊰
cn_dicts/41448.dict.yaml	𨑤	qi	0	𨑤
cn_dicts/41448.dict.yaml	𨒅	qi	0	𨒅
cn_dicts/41448.dict.yaml	𨙬	qi	0	𨙬
cn_dicts/41448.dict.yaml	𨞢	qi	0	𨞢
cn_dicts/41448.dict.yaml	𨥦	qi	0	𨥦
cn_dicts/41448.dict.yaml	𨪌	qi	0	𨪌
cn_dicts/41448.dict.yaml	𨱜	qi	0	𨱜
cn_dicts/41448.dict.yaml	𨵆	qi	0	𨵆
cn_dicts/41448.dict.yaml	𨵎	qi	0	𨵎
cn_dicts/41448.dict.yaml	𨸒	qi	0	𨸒
cn_dicts/41448.dict.yaml	𨸔	qi	0	𨸔
cn_dicts/41448.dict.yaml	𨾛	qi	0	𨾛
cn_dicts/41448.dict.yaml	𩉬	qi	0	𩉬
cn_dicts/41448.dict.yaml	𩒛	qi	0	𩒛
cn_dicts/41448.dict.yaml	𩒨	qi	0	𩒨
cn_dicts/41448.dict.yaml	𩠦	qi	0	𩠦
cn_dicts/41448.dict.yaml	𩠨	qi	0	𩠨
cn_dicts/41448.dict.yaml	𩥂	qi	0	𩥂
cn_dicts/41448.dict.yaml	𩦋	qi	0	𩦋
cn_dicts/41448.dict.yaml	𩧌	qi	0	𩧌
cn_dicts/41448.dict.yaml	𩨘	qi	0	𩨘
cn_dicts/41448.dict.yaml	𩨝	qi	0	𩨝
cn_dicts/41448.dict.yaml	𩲪	qi	0	𩲪
cn_dicts/41448.dict.yaml	𩳣	qi	0	𩳣
cn_dicts/41448.dict.yaml	𩴪	qi	0	𩴪
cn_dicts/41448.dict.yaml	𩷾	qi	0	𩷾
cn_dicts/41448.dict.yaml	𩸞	qi	0	𩸞
cn_dicts/41448.dict.yaml	𩹵	qi	0	𩹵
cn_dicts/41448.dict.yaml	𩺲	qi	0	𩺲
cn_dicts/41448.dict.yaml	𪀩	qi	0	𪀩
cn_dicts/41448.dict.yaml	𪂛	qi	0	𪂛
cn_dicts/41448.dict.yaml	𪄖	qi	0	𪄖
cn_dicts/41448.dict.yaml	𪄭	qi	0	𪄭
cn_dicts/41448.dict.yaml	𪅾	qi	0	𪅾
cn_dicts/41448.dict.yaml	𪒆	qi	0	𪒆
cn_dicts/41448.dict.yaml	𪒑	qi	0	𪒑
cn_dicts/41448.dict.yaml	𪔪	qi	0	𪔪
cn_dicts/41448.dict.yaml	𪗅	qi	0	𪗅
cn_dicts/41448.dict.yaml	𪗆	qi	0	𪗆
cn_dicts/41448.dict.yaml	𪗍	qi	0	𪗍
cn_dicts/41448.dict.yaml	𪗏	qi	0	𪗏
cn_dicts/41448.dict.yaml	𪙧	qi	0	𪙧
cn_dicts/41448.dict.yaml	㓞	qia	0	㓞
cn_dicts/41448.dict.yaml	㓣	qia	0	㓣
cn_dicts/41448.dict.yaml	㓤	qia	0	㓤
cn_dicts/41448.dict.yaml	㡊	qia	0	㡊
cn_dicts/41448.dict.yaml	㤉	qia	0	㤉
cn_dicts/41448.dict.yaml	㦴	qia	0	㦴
cn_dicts/41448.dict.yaml	㧎	qia	0	㧎
cn_dicts/41448.dict.yaml	㵄	qia	0	㵄
cn_dicts/41448.dict.yaml	䁍	qia	0	䁍
cn_dicts/41448.dict.yaml	䂒	qia	0	䂒
cn_dicts/41448.dict.yaml	䜑	qia	0	䜑
cn_dicts/41448.dict.yaml	䠍	qia	0	䠍
cn_dicts/41448.dict.yaml	䨐	qia	0	䨐
cn_dicts/41448.dict.yaml	䯊	qia	0	䯊
cn_dicts/41448.dict.yaml	䶗	qia	0	䶗
cn_dicts/41448.dict.yaml	䶝	qia	0	䶝
cn_dicts/41448.dict.yaml	𠕣	qia	0	𠕣
cn_dicts/41448.dict.yaml	𠜤	qia	0	𠜤
cn_dicts/41448.dict.yaml	𠜼	qia	0	𠜼
cn_dicts/41448.dict.yaml	𠝘	qia	0	𠝘
cn_dicts/41448.dict.yaml	𠝛	qia	0	𠝛
cn_dicts/41448.dict.yaml	𠳌	qia	0	𠳌
cn_dicts/41448.dict.yaml	𡘧	qia	0	𡘧
cn_dicts/41448.dict.yaml	𡤫	qia	0	𡤫
cn_dicts/41448.dict.yaml	𢮌	qia	0	𢮌
cn_dicts/41448.dict.yaml	𢼣	qia	0	𢼣
cn_dicts/41448.dict.yaml	𣁴	qia	0	𣁴
cn_dicts/41448.dict.yaml	𣘟	qia	0	𣘟
cn_dicts/41448.dict.yaml	𣣟	qia	0	𣣟
cn_dicts/41448.dict.yaml	𣨄	qia	0	𣨄
cn_dicts/41448.dict.yaml	𤫶	qia	0	𤫶
cn_dicts/41448.dict.yaml	𤵹	qia	0	𤵹
cn_dicts/41448.dict.yaml	𥇌	qia	0	𥇌
cn_dicts/41448.dict.yaml	𥉰	qia	0	𥉰
cn_dicts/41448.dict.yaml	𥎸	qia	0	𥎸
cn_dicts/41448.dict.yaml	𥦞	qia	0	𥦞
cn_dicts/41448.dict.yaml	𥴭	qia	0	𥴭
cn_dicts/41448.dict.yaml	𦝣	qia	0	𦝣
cn_dicts/41448.dict.yaml	𦸉	qia	0	𦸉
cn_dicts/41448.dict.yaml	𧩶	qia	0	𧩶
cn_dicts/41448.dict.yaml	𩥌	qia	0	𩥌
cn_dicts/41448.dict.yaml	𩩱	qia	0	𩩱
cn_dicts/41448.dict.yaml	𩮁	qia	0	𩮁
cn_dicts/41448.dict.yaml	𩷻	qia	0	𩷻
cn_dicts/41448.dict.yaml	𪘺	qia	0	𪘺
cn_dicts/41448.dict.yaml	㐸	qian	0	㐸
cn_dicts/41448.dict.yaml	㜞	qian	0	㜞
cn_dicts/41448.dict.yaml	㝿	qian	0	㝿
cn_dicts/41448.dict.yaml	㟻	qian	0	㟻
cn_dicts/41448.dict.yaml	㡊	qian	0	㡊
cn_dicts/41448.dict.yaml	㡨	qian	0	㡨
cn_dicts/41448.dict.yaml	㥞	qian	0	㥞
cn_dicts/41448.dict.yaml	㦮	qian	0	㦮
cn_dicts/41448.dict.yaml	㧄	qian	0	㧄
cn_dicts/41448.dict.yaml	㨜	qian	0	㨜
cn_dicts/41448.dict.yaml	㩃	qian	0	㩃
cn_dicts/41448.dict.yaml	㩮	qian	0	㩮
cn_dicts/41448.dict.yaml	㪠	qian	0	㪠
cn_dicts/41448.dict.yaml	㯠	qian	0	㯠
cn_dicts/41448.dict.yaml	㸫	qian	0	㸫
cn_dicts/41448.dict.yaml	㹂	qian	0	㹂
cn_dicts/41448.dict.yaml	䁮	qian	0	䁮
cn_dicts/41448.dict.yaml	䃛	qian	0	䃛
cn_dicts/41448.dict.yaml	䅐	qian	0	䅐
cn_dicts/41448.dict.yaml	䅾	qian	0	䅾
cn_dicts/41448.dict.yaml	䆂	qian	0	䆂
cn_dicts/41448.dict.yaml	䇂	qian	0	䇂
cn_dicts/41448.dict.yaml	䈤	qian	0	䈤
cn_dicts/41448.dict.yaml	䈴	qian	0	䈴
cn_dicts/41448.dict.yaml	䊴	qian	0	䊴
cn_dicts/41448.dict.yaml	䋮	qian	0	䋮
cn_dicts/41448.dict.yaml	䍉	qian	0	䍉
cn_dicts/41448.dict.yaml	䑶	qian	0	䑶
cn_dicts/41448.dict.yaml	䔔	qian	0	䔔
cn_dicts/41448.dict.yaml	䕭	qian	0	䕭
cn_dicts/41448.dict.yaml	䖍	qian	0	䖍
cn_dicts/41448.dict.yaml	䙺	qian	0	䙺
cn_dicts/41448.dict.yaml	䞿	qian	0	䞿
cn_dicts/41448.dict.yaml	䢪	qian	0	䢪
cn_dicts/41448.dict.yaml	䤘	qian	0	䤘
cn_dicts/41448.dict.yaml	䥅	qian	0	䥅
cn_dicts/41448.dict.yaml	䦲	qian	0	䦲
cn_dicts/41448.dict.yaml	䨿	qian	0	䨿
cn_dicts/41448.dict.yaml	䪈	qian	0	䪈
cn_dicts/41448.dict.yaml	䫡	qian	0	䫡
cn_dicts/41448.dict.yaml	䭑	qian	0	䭑
cn_dicts/41448.dict.yaml	䭠	qian	0	䭠
cn_dicts/41448.dict.yaml	䭤	qian	0	䭤
cn_dicts/41448.dict.yaml	䯡	qian	0	䯡
cn_dicts/41448.dict.yaml	䵖	qian	0	䵖
cn_dicts/41448.dict.yaml	𠀼	qian	0	𠀼
cn_dicts/41448.dict.yaml	𠊭	qian	0	𠊭
cn_dicts/41448.dict.yaml	𠋵	qian	0	𠋵
cn_dicts/41448.dict.yaml	𠑲	qian	0	𠑲
cn_dicts/41448.dict.yaml	𠔺	qian	0	𠔺
cn_dicts/41448.dict.yaml	𠠃	qian	0	𠠃
cn_dicts/41448.dict.yaml	𠢍	qian	0	𠢍
cn_dicts/41448.dict.yaml	𠬾	qian	0	𠬾
cn_dicts/41448.dict.yaml	𠳋	qian	0	𠳋
cn_dicts/41448.dict.yaml	𠷁	qian	0	𠷁
cn_dicts/41448.dict.yaml	𡒌	qian	0	𡒌
cn_dicts/41448.dict.yaml	𢁮	qian	0	𢁮
cn_dicts/41448.dict.yaml	𢂺	qian	0	𢂺
cn_dicts/41448.dict.yaml	𢃘	qian	0	𢃘
cn_dicts/41448.dict.yaml	𢃥	qian	0	𢃥
cn_dicts/41448.dict.yaml	𢋔	qian	0	𢋔
cn_dicts/41448.dict.yaml	𢌍	qian	0	𢌍
cn_dicts/41448.dict.yaml	𢍱	qian	0	𢍱
cn_dicts/41448.dict.yaml	𢜩	qian	0	𢜩
cn_dicts/41448.dict.yaml	𢧥	qian	0	𢧥
cn_dicts/41448.dict.yaml	𢮄	qian	0	𢮄
cn_dicts/41448.dict.yaml	𣓅	qian	0	𣓅
cn_dicts/41448.dict.yaml	𣖳	qian	0	𣖳
cn_dicts/41448.dict.yaml	𣘝	qian	0	𣘝
cn_dicts/41448.dict.yaml	𣟋	qian	0	𣟋
cn_dicts/41448.dict.yaml	𣢖	qian	0	𣢖
cn_dicts/41448.dict.yaml	𣢬	qian	0	𣢬
cn_dicts/41448.dict.yaml	𣢲	qian	0	𣢲
cn_dicts/41448.dict.yaml	𣹥	qian	0	𣹥
cn_dicts/41448.dict.yaml	𤠿	qian	0	𤠿
cn_dicts/41448.dict.yaml	𤬯	qian	0	𤬯
cn_dicts/41448.dict.yaml	𤿷	qian	0	𤿷
cn_dicts/41448.dict.yaml	𥏥	qian	0	𥏥
cn_dicts/41448.dict.yaml	𥔮	qian	0	𥔮
cn_dicts/41448.dict.yaml	𥜴	qian	0	𥜴
cn_dicts/41448.dict.yaml	𥡝	qian	0	𥡝
cn_dicts/41448.dict.yaml	𥦃	qian	0	𥦃
cn_dicts/41448.dict.yaml	𥧬	qian	0	𥧬
cn_dicts/41448.dict.yaml	𥮒	qian	0	𥮒
cn_dicts/41448.dict.yaml	𥱺	qian	0	𥱺
cn_dicts/41448.dict.yaml	𥲢	qian	0	𥲢
cn_dicts/41448.dict.yaml	𥳐	qian	0	𥳐
cn_dicts/41448.dict.yaml	𥴤	qian	0	𥴤
cn_dicts/41448.dict.yaml	𥷪	qian	0	𥷪
cn_dicts/41448.dict.yaml	𦂒	qian	0	𦂒
cn_dicts/41448.dict.yaml	𦅋	qian	0	𦅋
cn_dicts/41448.dict.yaml	𦖎	qian	0	𦖎
cn_dicts/41448.dict.yaml	𦢙	qian	0	𦢙
cn_dicts/41448.dict.yaml	𦴑	qian	0	𦴑
cn_dicts/41448.dict.yaml	𦼓	qian	0	𦼓
cn_dicts/41448.dict.yaml	𧃑	qian	0	𧃑
cn_dicts/41448.dict.yaml	𧘜	qian	0	𧘜
cn_dicts/41448.dict.yaml	𧚫	qian	0	𧚫
cn_dicts/41448.dict.yaml	𧛓	qian	0	𧛓
cn_dicts/41448.dict.yaml	𧟑	qian	0	𧟑
cn_dicts/41448.dict.yaml	𧢞	qian	0	𧢞
cn_dicts/41448.dict.yaml	𧣑	qian	0	𧣑
cn_dicts/41448.dict.yaml	𧥛	qian	0	𧥛
cn_dicts/41448.dict.yaml	𧪯	qian	0	𧪯
cn_dicts/41448.dict.yaml	𧮮	qian	0	𧮮
cn_dicts/41448.dict.yaml	𧮽	qian	0	𧮽
cn_dicts/41448.dict.yaml	𧲀	qian	0	𧲀
cn_dicts/41448.dict.yaml	𧽐	qian	0	𧽐
cn_dicts/41448.dict.yaml	𨐋	qian	0	𨐋
cn_dicts/41448.dict.yaml	𨐩	qian	0	𨐩
cn_dicts/41448.dict.yaml	𨓲	qian	0	𨓲
cn_dicts/41448.dict.yaml	𨗦	qian	0	𨗦
cn_dicts/41448.dict.yaml	𨜻	qian	0	𨜻
cn_dicts/41448.dict.yaml	𨝍	qian	0	𨝍
cn_dicts/41448.dict.yaml	𨥞	qian	0	𨥞
cn_dicts/41448.dict.yaml	𨦄	qian	0	𨦄
cn_dicts/41448.dict.yaml	𨨘	qian	0	𨨘
cn_dicts/41448.dict.yaml	𨰂	qian	0	𨰂
cn_dicts/41448.dict.yaml	𨱫	qian	0	𨱫
cn_dicts/41448.dict.yaml	𨺩	qian	0	𨺩
cn_dicts/41448.dict.yaml	𨺫	qian	0	𨺫
cn_dicts/41448.dict.yaml	𨽨	qian	0	𨽨
cn_dicts/41448.dict.yaml	𩋆	qian	0	𩋆
cn_dicts/41448.dict.yaml	𩎖	qian	0	𩎖
cn_dicts/41448.dict.yaml	𩑟	qian	0	𩑟
cn_dicts/41448.dict.yaml	𩑳	qian	0	𩑳
cn_dicts/41448.dict.yaml	𩒣	qian	0	𩒣
cn_dicts/41448.dict.yaml	𩦊	qian	0	𩦊
cn_dicts/41448.dict.yaml	𩨓	qian	0	𩨓
cn_dicts/41448.dict.yaml	𩪢	qian	0	𩪢
cn_dicts/41448.dict.yaml	𩬚	qian	0	𩬚
cn_dicts/41448.dict.yaml	𪇇	qian	0	𪇇
cn_dicts/41448.dict.yaml	𪈇	qian	0	𪈇
cn_dicts/41448.dict.yaml	𪉻	qian	0	𪉻
cn_dicts/41448.dict.yaml	𪑙	qian	0	𪑙
cn_dicts/41448.dict.yaml	𪘦	qian	0	𪘦
cn_dicts/41448.dict.yaml	㛨	qiang	0	㛨
cn_dicts/41448.dict.yaml	㩖	qiang	0	㩖
cn_dicts/41448.dict.yaml	䅚	qiang	0	䅚
cn_dicts/41448.dict.yaml	䵁	qiang	0	䵁
cn_dicts/41448.dict.yaml	𠼢	qiang	0	𠼢
cn_dicts/41448.dict.yaml	𡠥	qiang	0	𡠥
cn_dicts/41448.dict.yaml	𡬎	qiang	0	𡬎
cn_dicts/41448.dict.yaml	𡸤	qiang	0	𡸤
cn_dicts/41448.dict.yaml	𡺛	qiang	0	𡺛
cn_dicts/41448.dict.yaml	𢈵	qiang	0	𢈵
cn_dicts/41448.dict.yaml	𢏄	qiang	0	𢏄
cn_dicts/41448.dict.yaml	𢐩	qiang	0	𢐩
cn_dicts/41448.dict.yaml	𢧅	qiang	0	𢧅
cn_dicts/41448.dict.yaml	𣫝	qiang	0	𣫝
cn_dicts/41448.dict.yaml	𤕭	qiang	0	𤕭
cn_dicts/41448.dict.yaml	𤕽	qiang	0	𤕽
cn_dicts/41448.dict.yaml	𥇉	qiang	0	𥇉
cn_dicts/41448.dict.yaml	𥓌	qiang	0	𥓌
cn_dicts/41448.dict.yaml	𥴻	qiang	0	𥴻
cn_dicts/41448.dict.yaml	𥶑	qiang	0	𥶑
cn_dicts/41448.dict.yaml	𦯤	qiang	0	𦯤
cn_dicts/41448.dict.yaml	𦳟	qiang	0	𦳟
cn_dicts/41448.dict.yaml	𦷦	qiang	0	𦷦
cn_dicts/41448.dict.yaml	𧇞	qiang	0	𧇞
cn_dicts/41448.dict.yaml	𧖑	qiang	0	𧖑
cn_dicts/41448.dict.yaml	𧭚	qiang	0	𧭚
cn_dicts/41448.dict.yaml	𧱡	qiang	0	𧱡
cn_dicts/41448.dict.yaml	𧽩	qiang	0	𧽩
cn_dicts/41448.dict.yaml	𨄚	qiang	0	𨄚
cn_dicts/41448.dict.yaml	𨶆	qiang	0	𨶆
cn_dicts/41448.dict.yaml	𩚕	qiang	0	𩚕
cn_dicts/41448.dict.yaml	𩣼	qiang	0	𩣼
cn_dicts/41448.dict.yaml	𩩝	qiang	0	𩩝
cn_dicts/41448.dict.yaml	𩼒	qiang	0	𩼒
cn_dicts/41448.dict.yaml	𩿄	qiang	0	𩿄
cn_dicts/41448.dict.yaml	𪁸	qiang	0	𪁸
cn_dicts/41448.dict.yaml	𪎞	qiang	0	𪎞
cn_dicts/41448.dict.yaml	𪙎	qiang	0	𪙎
cn_dicts/41448.dict.yaml	㚁	qiao	0	㚁
cn_dicts/41448.dict.yaml	㚽	qiao	0	㚽
cn_dicts/41448.dict.yaml	㝯	qiao	0	㝯
cn_dicts/41448.dict.yaml	㡑	qiao	0	㡑
cn_dicts/41448.dict.yaml	㢗	qiao	0	㢗
cn_dicts/41448.dict.yaml	㤍	qiao	0	㤍
cn_dicts/41448.dict.yaml	㨽	qiao	0	㨽
cn_dicts/41448.dict.yaml	㩰	qiao	0	㩰
cn_dicts/41448.dict.yaml	㪣	qiao	0	㪣
cn_dicts/41448.dict.yaml	㱶	qiao	0	㱶
cn_dicts/41448.dict.yaml	㴥	qiao	0	㴥
cn_dicts/41448.dict.yaml	䀉	qiao	0	䀉
cn_dicts/41448.dict.yaml	䂭	qiao	0	䂭
cn_dicts/41448.dict.yaml	䃝	qiao	0	䃝
cn_dicts/41448.dict.yaml	䆻	qiao	0	䆻
cn_dicts/41448.dict.yaml	䇌	qiao	0	䇌
cn_dicts/41448.dict.yaml	䎗	qiao	0	䎗
cn_dicts/41448.dict.yaml	䩌	qiao	0	䩌
cn_dicts/41448.dict.yaml	䫞	qiao	0	䫞
cn_dicts/41448.dict.yaml	䱁	qiao	0	䱁
cn_dicts/41448.dict.yaml	䲾	qiao	0	䲾
cn_dicts/41448.dict.yaml	𠏖	qiao	0	𠏖
cn_dicts/41448.dict.yaml	𠿕	qiao	0	𠿕
cn_dicts/41448.dict.yaml	𡌔	qiao	0	𡌔
cn_dicts/41448.dict.yaml	𡩇	qiao	0	𡩇
cn_dicts/41448.dict.yaml	𡰐	qiao	0	𡰐
cn_dicts/41448.dict.yaml	𡰑	qiao	0	𡰑
cn_dicts/41448.dict.yaml	𡺘	qiao	0	𡺘
cn_dicts/41448.dict.yaml	𢄹	qiao	0	𢄹
cn_dicts/41448.dict.yaml	𢐟	qiao	0	𢐟
cn_dicts/41448.dict.yaml	𢘟	qiao	0	𢘟
cn_dicts/41448.dict.yaml	𢩨	qiao	0	𢩨
cn_dicts/41448.dict.yaml	𢮉	qiao	0	𢮉
cn_dicts/41448.dict.yaml	𢶡	qiao	0	𢶡
cn_dicts/41448.dict.yaml	𢻤	qiao	0	𢻤
cn_dicts/41448.dict.yaml	𢿣	qiao	0	𢿣
cn_dicts/41448.dict.yaml	𣂁	qiao	0	𣂁
cn_dicts/41448.dict.yaml	𣂇	qiao	0	𣂇
cn_dicts/41448.dict.yaml	𣂥	qiao	0	𣂥
cn_dicts/41448.dict.yaml	𣒆	qiao	0	𣒆
cn_dicts/41448.dict.yaml	𣖄	qiao	0	𣖄
cn_dicts/41448.dict.yaml	𣜽	qiao	0	𣜽
cn_dicts/41448.dict.yaml	𣟼	qiao	0	𣟼
cn_dicts/41448.dict.yaml	𣦜	qiao	0	𣦜
cn_dicts/41448.dict.yaml	𣯹	qiao	0	𣯹
cn_dicts/41448.dict.yaml	𣹝	qiao	0	𣹝
cn_dicts/41448.dict.yaml	𣺰	qiao	0	𣺰
cn_dicts/41448.dict.yaml	𤴀	qiao	0	𤴀
cn_dicts/41448.dict.yaml	𥀣	qiao	0	𥀣
cn_dicts/41448.dict.yaml	𥉾	qiao	0	𥉾
cn_dicts/41448.dict.yaml	𥟅	qiao	0	𥟅
cn_dicts/41448.dict.yaml	𥪯	qiao	0	𥪯
cn_dicts/41448.dict.yaml	𥹶	qiao	0	𥹶
cn_dicts/41448.dict.yaml	𦅃	qiao	0	𦅃
cn_dicts/41448.dict.yaml	𦢺	qiao	0	𦢺
cn_dicts/41448.dict.yaml	𧄍	qiao	0	𧄍
cn_dicts/41448.dict.yaml	𧣌	qiao	0	𧣌
cn_dicts/41448.dict.yaml	𨃤	qiao	0	𨃤
cn_dicts/41448.dict.yaml	𨅣	qiao	0	𨅣
cn_dicts/41448.dict.yaml	𨜍	qiao	0	𨜍
cn_dicts/41448.dict.yaml	𨜑	qiao	0	𨜑
cn_dicts/41448.dict.yaml	𨝱	qiao	0	𨝱
cn_dicts/41448.dict.yaml	𨞶	qiao	0	𨞶
cn_dicts/41448.dict.yaml	𨸑	qiao	0	𨸑
cn_dicts/41448.dict.yaml	𩖇	qiao	0	𩖇
cn_dicts/41448.dict.yaml	𩨟	qiao	0	𩨟
cn_dicts/41448.dict.yaml	𪑊	qiao	0	𪑊
cn_dicts/41448.dict.yaml	㓶	qie	0	㓶
cn_dicts/41448.dict.yaml	㗫	qie	0	㗫
cn_dicts/41448.dict.yaml	㙻	qie	0	㙻
cn_dicts/41448.dict.yaml	㚗	qie	0	㚗
cn_dicts/41448.dict.yaml	㛍	qie	0	㛍
cn_dicts/41448.dict.yaml	㛗	qie	0	㛗
cn_dicts/41448.dict.yaml	㛙	qie	0	㛙
cn_dicts/41448.dict.yaml	㤲	qie	0	㤲
cn_dicts/41448.dict.yaml	㥦	qie	0	㥦
cn_dicts/41448.dict.yaml	㫸	qie	0	㫸
cn_dicts/41448.dict.yaml	㰤	qie	0	㰤
cn_dicts/41448.dict.yaml	㰰	qie	0	㰰
cn_dicts/41448.dict.yaml	㰼	qie	0	㰼
cn_dicts/41448.dict.yaml	㹤	qie	0	㹤
cn_dicts/41448.dict.yaml	㼤	qie	0	㼤
cn_dicts/41448.dict.yaml	㾀	qie	0	㾀
cn_dicts/41448.dict.yaml	㾜	qie	0	㾜
cn_dicts/41448.dict.yaml	䌌	qie	0	䌌
cn_dicts/41448.dict.yaml	䞣	qie	0	䞣
cn_dicts/41448.dict.yaml	䟙	qie	0	䟙
cn_dicts/41448.dict.yaml	䤿	qie	0	䤿
cn_dicts/41448.dict.yaml	䦧	qie	0	䦧
cn_dicts/41448.dict.yaml	䫔	qie	0	䫔
cn_dicts/41448.dict.yaml	䬊	qie	0	䬊
cn_dicts/41448.dict.yaml	𠀃	qie	0	𠀃
cn_dicts/41448.dict.yaml	𠁠	qie	0	𠁠
cn_dicts/41448.dict.yaml	𠋧	qie	0	𠋧
cn_dicts/41448.dict.yaml	𠩂	qie	0	𠩂
cn_dicts/41448.dict.yaml	𠲵	qie	0	𠲵
cn_dicts/41448.dict.yaml	𡂠	qie	0	𡂠
cn_dicts/41448.dict.yaml	𡐤	qie	0	𡐤
cn_dicts/41448.dict.yaml	𡔣	qie	0	𡔣
cn_dicts/41448.dict.yaml	𡘍	qie	0	𡘍
cn_dicts/41448.dict.yaml	𡛠	qie	0	𡛠
cn_dicts/41448.dict.yaml	𡝍	qie	0	𡝍
cn_dicts/41448.dict.yaml	𡶐	qie	0	𡶐
cn_dicts/41448.dict.yaml	𢍆	qie	0	𢍆
cn_dicts/41448.dict.yaml	𢲶	qie	0	𢲶
cn_dicts/41448.dict.yaml	𢺅	qie	0	𢺅
cn_dicts/41448.dict.yaml	𣠺	qie	0	𣠺
cn_dicts/41448.dict.yaml	𤴼	qie	0	𤴼
cn_dicts/41448.dict.yaml	𤷾	qie	0	𤷾
cn_dicts/41448.dict.yaml	𥕑	qie	0	𥕑
cn_dicts/41448.dict.yaml	𥪵	qie	0	𥪵
cn_dicts/41448.dict.yaml	𥿚	qie	0	𥿚
cn_dicts/41448.dict.yaml	𦆍	qie	0	𦆍
cn_dicts/41448.dict.yaml	𦼰	qie	0	𦼰
cn_dicts/41448.dict.yaml	𦿋	qie	0	𦿋
cn_dicts/41448.dict.yaml	𧑨	qie	0	𧑨
cn_dicts/41448.dict.yaml	𧚨	qie	0	𧚨
cn_dicts/41448.dict.yaml	𧚪	qie	0	𧚪
cn_dicts/41448.dict.yaml	𧫕	qie	0	𧫕
cn_dicts/41448.dict.yaml	𧻘	qie	0	𧻘
cn_dicts/41448.dict.yaml	𧻧	qie	0	𧻧
cn_dicts/41448.dict.yaml	𨄊	qie	0	𨄊
cn_dicts/41448.dict.yaml	𨉪	qie	0	𨉪
cn_dicts/41448.dict.yaml	𨖰	qie	0	𨖰
cn_dicts/41448.dict.yaml	𨚧	qie	0	𨚧
cn_dicts/41448.dict.yaml	𩣴	qie	0	𩣴
cn_dicts/41448.dict.yaml	𪑗	qie	0	𪑗
cn_dicts/41448.dict.yaml	𪙌	qie	0	𪙌
cn_dicts/41448.dict.yaml	㓎	qin	0	㓎
cn_dicts/41448.dict.yaml	㕋	qin	0	㕋
cn_dicts/41448.dict.yaml	㘦	qin	0	㘦
cn_dicts/41448.dict.yaml	㛙	qin	0	㛙
cn_dicts/41448.dict.yaml	㝲	qin	0	㝲
cn_dicts/41448.dict.yaml	㞬	qin	0	㞬
cn_dicts/41448.dict.yaml	㢙	qin	0	㢙
cn_dicts/41448.dict.yaml	㤈	qin	0	㤈
cn_dicts/41448.dict.yaml	㩒	qin	0	㩒
cn_dicts/41448.dict.yaml	㪁	qin	0	㪁
cn_dicts/41448.dict.yaml	㮗	qin	0	㮗
cn_dicts/41448.dict.yaml	㱽	qin	0	㱽
cn_dicts/41448.dict.yaml	㾛	qin	0	㾛
cn_dicts/41448.dict.yaml	䅾	qin	0	䅾
cn_dicts/41448.dict.yaml	䇒	qin	0	䇒
cn_dicts/41448.dict.yaml	䈜	qin	0	䈜
cn_dicts/41448.dict.yaml	䔷	qin	0	䔷
cn_dicts/41448.dict.yaml	䖌	qin	0	䖌
cn_dicts/41448.dict.yaml	䠴	qin	0	䠴
cn_dicts/41448.dict.yaml	䢈	qin	0	䢈
cn_dicts/41448.dict.yaml	䥅	qin	0	䥅
cn_dicts/41448.dict.yaml	䥆	qin	0	䥆
cn_dicts/41448.dict.yaml	䦦	qin	0	䦦
cn_dicts/41448.dict.yaml	䰼	qin	0	䰼
cn_dicts/41448.dict.yaml	䶖	qin	0	䶖
cn_dicts/41448.dict.yaml	𠓿	qin	0	𠓿
cn_dicts/41448.dict.yaml	𠔎	qin	0	𠔎
cn_dicts/41448.dict.yaml	𠖶	qin	0	𠖶
cn_dicts/41448.dict.yaml	𠘅	qin	0	𠘅
cn_dicts/41448.dict.yaml	𠜘	qin	0	𠜘
cn_dicts/41448.dict.yaml	𠦎	qin	0	𠦎
cn_dicts/41448.dict.yaml	𠻨	qin	0	𠻨
cn_dicts/41448.dict.yaml	𡫧	qin	0	𡫧
cn_dicts/41448.dict.yaml	𡵑	qin	0	𡵑
cn_dicts/41448.dict.yaml	𡹢	qin	0	𡹢
cn_dicts/41448.dict.yaml	𢫲	qin	0	𢫲
cn_dicts/41448.dict.yaml	𢱶	qin	0	𢱶
cn_dicts/41448.dict.yaml	𣆲	qin	0	𣆲
cn_dicts/41448.dict.yaml	𣖯	qin	0	𣖯
cn_dicts/41448.dict.yaml	𣜣	qin	0	𣜣
cn_dicts/41448.dict.yaml	𣢐	qin	0	𣢐
cn_dicts/41448.dict.yaml	𣨠	qin	0	𣨠
cn_dicts/41448.dict.yaml	𣪄	qin	0	𣪄
cn_dicts/41448.dict.yaml	𤙋	qin	0	𤙋
cn_dicts/41448.dict.yaml	𤚩	qin	0	𤚩
cn_dicts/41448.dict.yaml	𤥓	qin	0	𤥓
cn_dicts/41448.dict.yaml	𤴽	qin	0	𤴽
cn_dicts/41448.dict.yaml	𤵂	qin	0	𤵂
cn_dicts/41448.dict.yaml	𤿳	qin	0	𤿳
cn_dicts/41448.dict.yaml	𥍯	qin	0	𥍯
cn_dicts/41448.dict.yaml	𥎊	qin	0	𥎊
cn_dicts/41448.dict.yaml	𥎡	qin	0	𥎡
cn_dicts/41448.dict.yaml	𥘋	qin	0	𥘋
cn_dicts/41448.dict.yaml	𥱧	qin	0	𥱧
cn_dicts/41448.dict.yaml	𥵧	qin	0	𥵧
cn_dicts/41448.dict.yaml	𦧋	qin	0	𦧋
cn_dicts/41448.dict.yaml	𦯈	qin	0	𦯈
cn_dicts/41448.dict.yaml	𧡘	qin	0	𧡘
cn_dicts/41448.dict.yaml	𧯃	qin	0	𧯃
cn_dicts/41448.dict.yaml	𧼒	qin	0	𧼒
cn_dicts/41448.dict.yaml	𧾏	qin	0	𧾏
cn_dicts/41448.dict.yaml	𨙽	qin	0	𨙽
cn_dicts/41448.dict.yaml	𨛣	qin	0	𨛣
cn_dicts/41448.dict.yaml	𨾰	qin	0	𨾰
cn_dicts/41448.dict.yaml	𩂈	qin	0	𩂈
cn_dicts/41448.dict.yaml	𩎖	qin	0	𩎖
cn_dicts/41448.dict.yaml	𩐙	qin	0	𩐙
cn_dicts/41448.dict.yaml	𩓒	qin	0	𩓒
cn_dicts/41448.dict.yaml	𩔝	qin	0	𩔝
cn_dicts/41448.dict.yaml	𩔟	qin	0	𩔟
cn_dicts/41448.dict.yaml	𪒭	qin	0	𪒭
cn_dicts/41448.dict.yaml	𪒯	qin	0	𪒯
cn_dicts/41448.dict.yaml	𪙟	qin	0	𪙟
cn_dicts/41448.dict.yaml	㔀	qing	0	㔀
cn_dicts/41448.dict.yaml	㢣	qing	0	㢣
cn_dicts/41448.dict.yaml	㩩	qing	0	㩩
cn_dicts/41448.dict.yaml	㯳	qing	0	㯳
cn_dicts/41448.dict.yaml	㵾	qing	0	㵾
cn_dicts/41448.dict.yaml	㷫	qing	0	㷫
cn_dicts/41448.dict.yaml	䋜	qing	0	䋜
cn_dicts/41448.dict.yaml	䋯	qing	0	䋯
cn_dicts/41448.dict.yaml	䌠	qing	0	䌠
cn_dicts/41448.dict.yaml	䔛	qing	0	䔛
cn_dicts/41448.dict.yaml	䝼	qing	0	䝼
cn_dicts/41448.dict.yaml	䞍	qing	0	䞍
cn_dicts/41448.dict.yaml	䨝	qing	0	䨝
cn_dicts/41448.dict.yaml	䯧	qing	0	䯧
cn_dicts/41448.dict.yaml	䲔	qing	0	䲔
cn_dicts/41448.dict.yaml	䵞	qing	0	䵞
cn_dicts/41448.dict.yaml	𠑴	qing	0	𠑴
cn_dicts/41448.dict.yaml	𠗝	qing	0	𠗝
cn_dicts/41448.dict.yaml	𠨍	qing	0	𠨍
cn_dicts/41448.dict.yaml	𡄇	qing	0	𡄇
cn_dicts/41448.dict.yaml	𡄔	qing	0	𡄔
cn_dicts/41448.dict.yaml	𡲀	qing	0	𡲀
cn_dicts/41448.dict.yaml	𢹃	qing	0	𢹃
cn_dicts/41448.dict.yaml	𣩜	qing	0	𣩜
cn_dicts/41448.dict.yaml	𣫨	qing	0	𣫨
cn_dicts/41448.dict.yaml	𤭩	qing	0	𤭩
cn_dicts/41448.dict.yaml	𥃟	qing	0	𥃟
cn_dicts/41448.dict.yaml	𥱨	qing	0	𥱨
cn_dicts/41448.dict.yaml	𧕙	qing	0	𧕙
cn_dicts/41448.dict.yaml	𧖪	qing	0	𧖪
cn_dicts/41448.dict.yaml	𨆪	qing	0	𨆪
cn_dicts/41448.dict.yaml	𨓷	qing	0	𨓷
cn_dicts/41448.dict.yaml	𨻺	qing	0	𨻺
cn_dicts/41448.dict.yaml	𩇝	qing	0	𩇝
cn_dicts/41448.dict.yaml	𩇟	qing	0	𩇟
cn_dicts/41448.dict.yaml	𩑭	qing	0	𩑭
cn_dicts/41448.dict.yaml	𩒵	qing	0	𩒵
cn_dicts/41448.dict.yaml	𩔥	qing	0	𩔥
cn_dicts/41448.dict.yaml	𩗼	qing	0	𩗼
cn_dicts/41448.dict.yaml	𩷏	qing	0	𩷏
cn_dicts/41448.dict.yaml	𩽡	qing	0	𩽡
cn_dicts/41448.dict.yaml	𪄈	qing	0	𪄈
cn_dicts/41448.dict.yaml	𪏅	qing	0	𪏅
cn_dicts/41448.dict.yaml	㑋	qiong	0	㑋
cn_dicts/41448.dict.yaml	㒌	qiong	0	㒌
cn_dicts/41448.dict.yaml	㤨	qiong	0	㤨
cn_dicts/41448.dict.yaml	㧭	qiong	0	㧭
cn_dicts/41448.dict.yaml	㮪	qiong	0	㮪
cn_dicts/41448.dict.yaml	㵌	qiong	0	㵌
cn_dicts/41448.dict.yaml	㷀	qiong	0	㷀
cn_dicts/41448.dict.yaml	㼇	qiong	0	㼇
cn_dicts/41448.dict.yaml	䅃	qiong	0	䅃
cn_dicts/41448.dict.yaml	䆳	qiong	0	䆳
cn_dicts/41448.dict.yaml	䊄	qiong	0	䊄
cn_dicts/41448.dict.yaml	䛪	qiong	0	䛪
cn_dicts/41448.dict.yaml	䠻	qiong	0	䠻
cn_dicts/41448.dict.yaml	䧆	qiong	0	䧆
cn_dicts/41448.dict.yaml	𠊫	qiong	0	𠊫
cn_dicts/41448.dict.yaml	𠌖	qiong	0	𠌖
cn_dicts/41448.dict.yaml	𠤊	qiong	0	𠤊
cn_dicts/41448.dict.yaml	𡊼	qiong	0	𡊼
cn_dicts/41448.dict.yaml	𡞦	qiong	0	𡞦
cn_dicts/41448.dict.yaml	𡦃	qiong	0	𡦃
cn_dicts/41448.dict.yaml	𡸕	qiong	0	𡸕
cn_dicts/41448.dict.yaml	𡺺	qiong	0	𡺺
cn_dicts/41448.dict.yaml	𢞏	qiong	0	𢞏
cn_dicts/41448.dict.yaml	𢮍	qiong	0	𢮍
cn_dicts/41448.dict.yaml	𢶇	qiong	0	𢶇
cn_dicts/41448.dict.yaml	𣇬	qiong	0	𣇬
cn_dicts/41448.dict.yaml	𣋶	qiong	0	𣋶
cn_dicts/41448.dict.yaml	𣑦	qiong	0	𣑦
cn_dicts/41448.dict.yaml	𣜧	qiong	0	𣜧
cn_dicts/41448.dict.yaml	𣶆	qiong	0	𣶆
cn_dicts/41448.dict.yaml	𤢶	qiong	0	𤢶
cn_dicts/41448.dict.yaml	𤤑	qiong	0	𤤑
cn_dicts/41448.dict.yaml	𤤶	qiong	0	𤤶
cn_dicts/41448.dict.yaml	𥑎	qiong	0	𥑎
cn_dicts/41448.dict.yaml	𥑱	qiong	0	𥑱
cn_dicts/41448.dict.yaml	𥨪	qiong	0	𥨪
cn_dicts/41448.dict.yaml	𥳎	qiong	0	𥳎
cn_dicts/41448.dict.yaml	𦦧	qiong	0	𦦧
cn_dicts/41448.dict.yaml	𦨰	qiong	0	𦨰
cn_dicts/41448.dict.yaml	𦭭	qiong	0	𦭭
cn_dicts/41448.dict.yaml	𦾵	qiong	0	𦾵
cn_dicts/41448.dict.yaml	𨀯	qiong	0	𨀯
cn_dicts/41448.dict.yaml	𨉫	qiong	0	𨉫
cn_dicts/41448.dict.yaml	𨍶	qiong	0	𨍶
cn_dicts/41448.dict.yaml	𩑓	qiong	0	𩑓
cn_dicts/41448.dict.yaml	𩢽	qiong	0	𩢽
cn_dicts/41448.dict.yaml	𩨯	qiong	0	𩨯
cn_dicts/41448.dict.yaml	𩬛	qiong	0	𩬛
cn_dicts/41448.dict.yaml	𩬰	qiong	0	𩬰
cn_dicts/41448.dict.yaml	𪀛	qiong	0	𪀛
cn_dicts/41448.dict.yaml	㐀	qiu	0	㐀
cn_dicts/41448.dict.yaml	㐤	qiu	0	㐤
cn_dicts/41448.dict.yaml	㕤	qiu	0	㕤
cn_dicts/41448.dict.yaml	㚱	qiu	0	㚱
cn_dicts/41448.dict.yaml	㛏	qiu	0	㛏
cn_dicts/41448.dict.yaml	㞗	qiu	0	㞗
cn_dicts/41448.dict.yaml	㟈	qiu	0	㟈
cn_dicts/41448.dict.yaml	㤹	qiu	0	㤹
cn_dicts/41448.dict.yaml	㥢	qiu	0	㥢
cn_dicts/41448.dict.yaml	㧄	qiu	0	㧄
cn_dicts/41448.dict.yaml	㧨	qiu	0	㧨
cn_dicts/41448.dict.yaml	㭝	qiu	0	㭝
cn_dicts/41448.dict.yaml	㲹	qiu	0	㲹
cn_dicts/41448.dict.yaml	㳋	qiu	0	㳋
cn_dicts/41448.dict.yaml	㷕	qiu	0	㷕
cn_dicts/41448.dict.yaml	㺫	qiu	0	㺫
cn_dicts/41448.dict.yaml	㼒	qiu	0	㼒
cn_dicts/41448.dict.yaml	䊆	qiu	0	䊆
cn_dicts/41448.dict.yaml	䊵	qiu	0	䊵
cn_dicts/41448.dict.yaml	䎿	qiu	0	䎿
cn_dicts/41448.dict.yaml	䔔	qiu	0	䔔
cn_dicts/41448.dict.yaml	䜪	qiu	0	䜪
cn_dicts/41448.dict.yaml	䞭	qiu	0	䞭
cn_dicts/41448.dict.yaml	䟬	qiu	0	䟬
cn_dicts/41448.dict.yaml	䟵	qiu	0	䟵
cn_dicts/41448.dict.yaml	䠗	qiu	0	䠗
cn_dicts/41448.dict.yaml	䣇	qiu	0	䣇
cn_dicts/41448.dict.yaml	䤛	qiu	0	䤛
cn_dicts/41448.dict.yaml	䱸	qiu	0	䱸
cn_dicts/41448.dict.yaml	䲡	qiu	0	䲡
cn_dicts/41448.dict.yaml	𠀉	qiu	0	𠀉
cn_dicts/41448.dict.yaml	𠗈	qiu	0	𠗈
cn_dicts/41448.dict.yaml	𠰋	qiu	0	𠰋
cn_dicts/41448.dict.yaml	𡊣	qiu	0	𡊣
cn_dicts/41448.dict.yaml	𡲚	qiu	0	𡲚
cn_dicts/41448.dict.yaml	𢈝	qiu	0	𢈝
cn_dicts/41448.dict.yaml	𢘄	qiu	0	𢘄
cn_dicts/41448.dict.yaml	𢛃	qiu	0	𢛃
cn_dicts/41448.dict.yaml	𢦎	qiu	0	𢦎
cn_dicts/41448.dict.yaml	𣧝	qiu	0	𣧝
cn_dicts/41448.dict.yaml	𣭳	qiu	0	𣭳
cn_dicts/41448.dict.yaml	𤕾	qiu	0	𤕾
cn_dicts/41448.dict.yaml	𤞰	qiu	0	𤞰
cn_dicts/41448.dict.yaml	𥔻	qiu	0	𥔻
cn_dicts/41448.dict.yaml	𥥽	qiu	0	𥥽
cn_dicts/41448.dict.yaml	𥫷	qiu	0	𥫷
cn_dicts/41448.dict.yaml	𥭑	qiu	0	𥭑
cn_dicts/41448.dict.yaml	𦦄	qiu	0	𦦄
cn_dicts/41448.dict.yaml	𦬖	qiu	0	𦬖
cn_dicts/41448.dict.yaml	𦰪	qiu	0	𦰪
cn_dicts/41448.dict.yaml	𦵩	qiu	0	𦵩
cn_dicts/41448.dict.yaml	𧇸	qiu	0	𧇸
cn_dicts/41448.dict.yaml	𧏋	qiu	0	𧏋
cn_dicts/41448.dict.yaml	𧔭	qiu	0	𧔭
cn_dicts/41448.dict.yaml	𧣕	qiu	0	𧣕
cn_dicts/41448.dict.yaml	𧤕	qiu	0	𧤕
cn_dicts/41448.dict.yaml	𧲰	qiu	0	𧲰
cn_dicts/41448.dict.yaml	𧳫	qiu	0	𧳫
cn_dicts/41448.dict.yaml	𧺤	qiu	0	𧺤
cn_dicts/41448.dict.yaml	𧻁	qiu	0	𧻁
cn_dicts/41448.dict.yaml	𧻱	qiu	0	𧻱
cn_dicts/41448.dict.yaml	𧼭	qiu	0	𧼭
cn_dicts/41448.dict.yaml	𨍊	qiu	0	𨍊
cn_dicts/41448.dict.yaml	𨒊	qiu	0	𨒊
cn_dicts/41448.dict.yaml	𨕦	qiu	0	𨕦
cn_dicts/41448.dict.yaml	𨟽	qiu	0	𨟽
cn_dicts/41448.dict.yaml	𨲒	qiu	0	𨲒
cn_dicts/41448.dict.yaml	𨺧	qiu	0	𨺧
cn_dicts/41448.dict.yaml	𩈸	qiu	0	𩈸
cn_dicts/41448.dict.yaml	𩒮	qiu	0	𩒮
cn_dicts/41448.dict.yaml	𩔕	qiu	0	𩔕
cn_dicts/41448.dict.yaml	𩗕	qiu	0	𩗕
cn_dicts/41448.dict.yaml	𩝠	qiu	0	𩝠
cn_dicts/41448.dict.yaml	𩵍	qiu	0	𩵍
cn_dicts/41448.dict.yaml	𩵰	qiu	0	𩵰
cn_dicts/41448.dict.yaml	𪍗	qiu	0	𪍗
cn_dicts/41448.dict.yaml	𪖛	qiu	0	𪖛
cn_dicts/41448.dict.yaml	𪚺	qiu	0	𪚺
cn_dicts/41448.dict.yaml	㖆	qu	0	㖆
cn_dicts/41448.dict.yaml	㚁	qu	0	㚁
cn_dicts/41448.dict.yaml	㜹	qu	0	㜹
cn_dicts/41448.dict.yaml	㣄	qu	0	㣄
cn_dicts/41448.dict.yaml	㤲	qu	0	㤲
cn_dicts/41448.dict.yaml	㧁	qu	0	㧁
cn_dicts/41448.dict.yaml	㪯	qu	0	㪯
cn_dicts/41448.dict.yaml	㫢	qu	0	㫢
cn_dicts/41448.dict.yaml	㯫	qu	0	㯫
cn_dicts/41448.dict.yaml	㰦	qu	0	㰦
cn_dicts/41448.dict.yaml	㲘	qu	0	㲘
cn_dicts/41448.dict.yaml	㻃	qu	0	㻃
cn_dicts/41448.dict.yaml	㽛	qu	0	㽛
cn_dicts/41448.dict.yaml	䀠	qu	0	䀠
cn_dicts/41448.dict.yaml	䁦	qu	0	䁦
cn_dicts/41448.dict.yaml	䂂	qu	0	䂂
cn_dicts/41448.dict.yaml	䅓	qu	0	䅓
cn_dicts/41448.dict.yaml	䆽	qu	0	䆽
cn_dicts/41448.dict.yaml	䋧	qu	0	䋧
cn_dicts/41448.dict.yaml	䌌	qu	0	䌌
cn_dicts/41448.dict.yaml	䏣	qu	0	䏣
cn_dicts/41448.dict.yaml	䒧	qu	0	䒧
cn_dicts/41448.dict.yaml	䒼	qu	0	䒼
cn_dicts/41448.dict.yaml	䖦	qu	0	䖦
cn_dicts/41448.dict.yaml	䗇	qu	0	䗇
cn_dicts/41448.dict.yaml	䝣	qu	0	䝣
cn_dicts/41448.dict.yaml	䞤	qu	0	䞤
cn_dicts/41448.dict.yaml	䟊	qu	0	䟊
cn_dicts/41448.dict.yaml	䠐	qu	0	䠐
cn_dicts/41448.dict.yaml	䠓	qu	0	䠓
cn_dicts/41448.dict.yaml	䢗	qu	0	䢗
cn_dicts/41448.dict.yaml	䧢	qu	0	䧢
cn_dicts/41448.dict.yaml	䪨	qu	0	䪨
cn_dicts/41448.dict.yaml	䵶	qu	0	䵶
cn_dicts/41448.dict.yaml	䶚	qu	0	䶚
cn_dicts/41448.dict.yaml	𠇯	qu	0	𠇯
cn_dicts/41448.dict.yaml	𠍲	qu	0	𠍲
cn_dicts/41448.dict.yaml	𠏛	qu	0	𠏛
cn_dicts/41448.dict.yaml	𠣪	qu	0	𠣪
cn_dicts/41448.dict.yaml	𡟥	qu	0	𡟥
cn_dicts/41448.dict.yaml	𡡥	qu	0	𡡥
cn_dicts/41448.dict.yaml	𡱅	qu	0	𡱅
cn_dicts/41448.dict.yaml	𡱺	qu	0	𡱺
cn_dicts/41448.dict.yaml	𡲰	qu	0	𡲰
cn_dicts/41448.dict.yaml	𡳆	qu	0	𡳆
cn_dicts/41448.dict.yaml	𢂁	qu	0	𢂁
cn_dicts/41448.dict.yaml	𢌄	qu	0	𢌄
cn_dicts/41448.dict.yaml	𢌷	qu	0	𢌷
cn_dicts/41448.dict.yaml	𢎖	qu	0	𢎖
cn_dicts/41448.dict.yaml	𢦌	qu	0	𢦌
cn_dicts/41448.dict.yaml	𢴮	qu	0	𢴮
cn_dicts/41448.dict.yaml	𢼰	qu	0	𢼰
cn_dicts/41448.dict.yaml	𣖪	qu	0	𣖪
cn_dicts/41448.dict.yaml	𣭳	qu	0	𣭳
cn_dicts/41448.dict.yaml	𣮈	qu	0	𣮈
cn_dicts/41448.dict.yaml	𣯸	qu	0	𣯸
cn_dicts/41448.dict.yaml	𣰋	qu	0	𣰋
cn_dicts/41448.dict.yaml	𣰠	qu	0	𣰠
cn_dicts/41448.dict.yaml	𣰡	qu	0	𣰡
cn_dicts/41448.dict.yaml	𣰻	qu	0	𣰻
cn_dicts/41448.dict.yaml	𤖬	qu	0	𤖬
cn_dicts/41448.dict.yaml	𤙏	qu	0	𤙏
cn_dicts/41448.dict.yaml	𤢓	qu	0	𤢓
cn_dicts/41448.dict.yaml	𤨎	qu	0	𤨎
cn_dicts/41448.dict.yaml	𥃔	qu	0	𥃔
cn_dicts/41448.dict.yaml	𥗫	qu	0	𥗫
cn_dicts/41448.dict.yaml	𥧻	qu	0	𥧻
cn_dicts/41448.dict.yaml	𥬔	qu	0	𥬔
cn_dicts/41448.dict.yaml	𥶶	qu	0	𥶶
cn_dicts/41448.dict.yaml	𥺷	qu	0	𥺷
cn_dicts/41448.dict.yaml	𥽧	qu	0	𥽧
cn_dicts/41448.dict.yaml	𦄽	qu	0	𦄽
cn_dicts/41448.dict.yaml	𦐛	qu	0	𦐛
cn_dicts/41448.dict.yaml	𦔬	qu	0	𦔬
cn_dicts/41448.dict.yaml	𦕙	qu	0	𦕙
cn_dicts/41448.dict.yaml	𦗛	qu	0	𦗛
cn_dicts/41448.dict.yaml	𦛕	qu	0	𦛕
cn_dicts/41448.dict.yaml	𦛱	qu	0	𦛱
cn_dicts/41448.dict.yaml	𦣒	qu	0	𦣒
cn_dicts/41448.dict.yaml	𦸶	qu	0	𦸶
cn_dicts/41448.dict.yaml	𦼫	qu	0	𦼫
cn_dicts/41448.dict.yaml	𧄒	qu	0	𧄒
cn_dicts/41448.dict.yaml	𧉧	qu	0	𧉧
cn_dicts/41448.dict.yaml	𧊛	qu	0	𧊛
cn_dicts/41448.dict.yaml	𧌑	qu	0	𧌑
cn_dicts/41448.dict.yaml	𧐅	qu	0	𧐅
cn_dicts/41448.dict.yaml	𧕎	qu	0	𧕎
cn_dicts/41448.dict.yaml	𧗪	qu	0	𧗪
cn_dicts/41448.dict.yaml	𧝔	qu	0	𧝔
cn_dicts/41448.dict.yaml	𧠢	qu	0	𧠢
cn_dicts/41448.dict.yaml	𧲵	qu	0	𧲵
cn_dicts/41448.dict.yaml	𧻃	qu	0	𧻃
cn_dicts/41448.dict.yaml	𧾱	qu	0	𧾱
cn_dicts/41448.dict.yaml	𧾶	qu	0	𧾶
cn_dicts/41448.dict.yaml	𨃘	qu	0	𨃘
cn_dicts/41448.dict.yaml	𨄅	qu	0	𨄅
cn_dicts/41448.dict.yaml	𨊘	qu	0	𨊘
cn_dicts/41448.dict.yaml	𨎶	qu	0	𨎶
cn_dicts/41448.dict.yaml	𨐣	qu	0	𨐣
cn_dicts/41448.dict.yaml	𨓭	qu	0	𨓭
cn_dicts/41448.dict.yaml	𨞙	qu	0	𨞙
cn_dicts/41448.dict.yaml	𨧱	qu	0	𨧱
cn_dicts/41448.dict.yaml	𨼫	qu	0	𨼫
cn_dicts/41448.dict.yaml	𨼽	qu	0	𨼽
cn_dicts/41448.dict.yaml	𩇐	qu	0	𩇐
cn_dicts/41448.dict.yaml	𩉿	qu	0	𩉿
cn_dicts/41448.dict.yaml	𩍔	qu	0	𩍔
cn_dicts/41448.dict.yaml	𩖷	qu	0	𩖷
cn_dicts/41448.dict.yaml	𩢳	qu	0	𩢳
cn_dicts/41448.dict.yaml	𩣹	qu	0	𩣹
cn_dicts/41448.dict.yaml	𩧘	qu	0	𩧘
cn_dicts/41448.dict.yaml	𩪍	qu	0	𩪍
cn_dicts/41448.dict.yaml	𩴹	qu	0	𩴹
cn_dicts/41448.dict.yaml	𩵅	qu	0	𩵅
cn_dicts/41448.dict.yaml	𩽩	qu	0	𩽩
cn_dicts/41448.dict.yaml	𩿟	qu	0	𩿟
cn_dicts/41448.dict.yaml	𩿥	qu	0	𩿥
cn_dicts/41448.dict.yaml	𩿩	qu	0	𩿩
cn_dicts/41448.dict.yaml	𪀊	qu	0	𪀊
cn_dicts/41448.dict.yaml	𪁖	qu	0	𪁖
cn_dicts/41448.dict.yaml	𪄊	qu	0	𪄊
cn_dicts/41448.dict.yaml	𪆂	qu	0	𪆂
cn_dicts/41448.dict.yaml	𪋄	qu	0	𪋄
cn_dicts/41448.dict.yaml	𪌆	qu	0	𪌆
cn_dicts/41448.dict.yaml	𪌬	qu	0	𪌬
cn_dicts/41448.dict.yaml	𪍸	qu	0	𪍸
cn_dicts/41448.dict.yaml	𪛃	qu	0	𪛃
cn_dicts/41448.dict.yaml	㒰	quan	0	㒰
cn_dicts/41448.dict.yaml	㟨	quan	0	㟨
cn_dicts/41448.dict.yaml	㟫	quan	0	㟫
cn_dicts/41448.dict.yaml	㩲	quan	0	㩲
cn_dicts/41448.dict.yaml	䀬	quan	0	䀬
cn_dicts/41448.dict.yaml	䄐	quan	0	䄐
cn_dicts/41448.dict.yaml	䅚	quan	0	䅚
cn_dicts/41448.dict.yaml	䊎	quan	0	䊎
cn_dicts/41448.dict.yaml	䌯	quan	0	䌯
cn_dicts/41448.dict.yaml	䑏	quan	0	䑏
cn_dicts/41448.dict.yaml	䟒	quan	0	䟒
cn_dicts/41448.dict.yaml	䠰	quan	0	䠰
cn_dicts/41448.dict.yaml	𠛮	quan	0	𠛮
cn_dicts/41448.dict.yaml	𠤹	quan	0	𠤹
cn_dicts/41448.dict.yaml	𠥙	quan	0	𠥙
cn_dicts/41448.dict.yaml	𡇮	quan	0	𡇮
cn_dicts/41448.dict.yaml	𡈉	quan	0	𡈉
cn_dicts/41448.dict.yaml	𡙅	quan	0	𡙅
cn_dicts/41448.dict.yaml	𡙐	quan	0	𡙐
cn_dicts/41448.dict.yaml	𡰝	quan	0	𡰝
cn_dicts/41448.dict.yaml	𡴔	quan	0	𡴔
cn_dicts/41448.dict.yaml	𡺟	quan	0	𡺟
cn_dicts/41448.dict.yaml	𡿨	quan	0	𡿨
cn_dicts/41448.dict.yaml	𢍕	quan	0	𢍕
cn_dicts/41448.dict.yaml	𢎠	quan	0	𢎠
cn_dicts/41448.dict.yaml	𢑆	quan	0	𢑆
cn_dicts/41448.dict.yaml	𢔑	quan	0	𢔑
cn_dicts/41448.dict.yaml	𢫔	quan	0	𢫔
cn_dicts/41448.dict.yaml	𣍴	quan	0	𣍴
cn_dicts/41448.dict.yaml	𣸋	quan	0	𣸋
cn_dicts/41448.dict.yaml	𤜍	quan	0	𤜍
cn_dicts/41448.dict.yaml	𤥷	quan	0	𤥷
cn_dicts/41448.dict.yaml	𤬠	quan	0	𤬠
cn_dicts/41448.dict.yaml	𤰝	quan	0	𤰝
cn_dicts/41448.dict.yaml	𤷄	quan	0	𤷄
cn_dicts/41448.dict.yaml	𥁠	quan	0	𥁠
cn_dicts/41448.dict.yaml	𥁸	quan	0	𥁸
cn_dicts/41448.dict.yaml	𥤊	quan	0	𥤊
cn_dicts/41448.dict.yaml	𥹳	quan	0	𥹳
cn_dicts/41448.dict.yaml	𦋓	quan	0	𦋓
cn_dicts/41448.dict.yaml	𦍅	quan	0	𦍅
cn_dicts/41448.dict.yaml	𦏮	quan	0	𦏮
cn_dicts/41448.dict.yaml	𦓰	quan	0	𦓰
cn_dicts/41448.dict.yaml	𦨚	quan	0	𦨚
cn_dicts/41448.dict.yaml	𧈾	quan	0	𧈾
cn_dicts/41448.dict.yaml	𧍭	quan	0	𧍭
cn_dicts/41448.dict.yaml	𧸾	quan	0	𧸾
cn_dicts/41448.dict.yaml	𨛈	quan	0	𨛈
cn_dicts/41448.dict.yaml	𨜩	quan	0	𨜩
cn_dicts/41448.dict.yaml	𨨗	quan	0	𨨗
cn_dicts/41448.dict.yaml	𨩸	quan	0	𨩸
cn_dicts/41448.dict.yaml	𩓫	quan	0	𩓫
cn_dicts/41448.dict.yaml	𩘘	quan	0	𩘘
cn_dicts/41448.dict.yaml	𩜬	quan	0	𩜬
cn_dicts/41448.dict.yaml	𪈻	quan	0	𪈻
cn_dicts/41448.dict.yaml	𪐂	quan	0	𪐂
cn_dicts/41448.dict.yaml	㕁	que	0	㕁
cn_dicts/41448.dict.yaml	㩁	que	0	㩁
cn_dicts/41448.dict.yaml	㰌	que	0	㰌
cn_dicts/41448.dict.yaml	㱋	que	0	㱋
cn_dicts/41448.dict.yaml	㱿	que	0	㱿
cn_dicts/41448.dict.yaml	㲉	que	0	㲉
cn_dicts/41448.dict.yaml	㴶	que	0	㴶
cn_dicts/41448.dict.yaml	㹤	que	0	㹤
cn_dicts/41448.dict.yaml	㹱	que	0	㹱
cn_dicts/41448.dict.yaml	㾡	que	0	㾡
cn_dicts/41448.dict.yaml	䀇	que	0	䀇
cn_dicts/41448.dict.yaml	䇎	que	0	䇎
cn_dicts/41448.dict.yaml	䍳	que	0	䍳
cn_dicts/41448.dict.yaml	䢧	que	0	䢧
cn_dicts/41448.dict.yaml	䦬	que	0	䦬
cn_dicts/41448.dict.yaml	䧿	que	0	䧿
cn_dicts/41448.dict.yaml	䱜	que	0	䱜
cn_dicts/41448.dict.yaml	䲵	que	0	䲵
cn_dicts/41448.dict.yaml	𠞗	que	0	𠞗
cn_dicts/41448.dict.yaml	𡇱	que	0	𡇱
cn_dicts/41448.dict.yaml	𡉉	que	0	𡉉
cn_dicts/41448.dict.yaml	𢔱	que	0	𢔱
cn_dicts/41448.dict.yaml	𢠬	que	0	𢠬
cn_dicts/41448.dict.yaml	𣖫	que	0	𣖫
cn_dicts/41448.dict.yaml	𣛵	que	0	𣛵
cn_dicts/41448.dict.yaml	𣤇	que	0	𣤇
cn_dicts/41448.dict.yaml	𣪹	que	0	𣪹
cn_dicts/41448.dict.yaml	𤡯	que	0	𤡯
cn_dicts/41448.dict.yaml	𤣅	que	0	𤣅
cn_dicts/41448.dict.yaml	𤷽	que	0	𤷽
cn_dicts/41448.dict.yaml	𤿋	que	0	𤿋
cn_dicts/41448.dict.yaml	𤿩	que	0	𤿩
cn_dicts/41448.dict.yaml	𤿵	que	0	𤿵
cn_dicts/41448.dict.yaml	𥀎	que	0	𥀎
cn_dicts/41448.dict.yaml	𥆸	que	0	𥆸
cn_dicts/41448.dict.yaml	𥕹	que	0	𥕹
cn_dicts/41448.dict.yaml	𥗙	que	0	𥗙
cn_dicts/41448.dict.yaml	𥗮	que	0	𥗮
cn_dicts/41448.dict.yaml	𥜵	que	0	𥜵
cn_dicts/41448.dict.yaml	𥩢	que	0	𥩢
cn_dicts/41448.dict.yaml	𧎯	que	0	𧎯
cn_dicts/41448.dict.yaml	𧢩	que	0	𧢩
cn_dicts/41448.dict.yaml	𧢭	que	0	𧢭
cn_dicts/41448.dict.yaml	𨞩	que	0	𨞩
cn_dicts/41448.dict.yaml	𨟠	que	0	𨟠
cn_dicts/41448.dict.yaml	𨢜	que	0	𨢜
cn_dicts/41448.dict.yaml	𨴊	que	0	𨴊
cn_dicts/41448.dict.yaml	𨴒	que	0	𨴒
cn_dicts/41448.dict.yaml	𨵗	que	0	𨵗
cn_dicts/41448.dict.yaml	𩍷	que	0	𩍷
cn_dicts/41448.dict.yaml	𩤈	que	0	𩤈
cn_dicts/41448.dict.yaml	𩨭	que	0	𩨭
cn_dicts/41448.dict.yaml	𩨷	que	0	𩨷
cn_dicts/41448.dict.yaml	𩫠	que	0	𩫠
cn_dicts/41448.dict.yaml	𪏈	que	0	𪏈
cn_dicts/41448.dict.yaml	𪏨	que	0	𪏨
cn_dicts/41448.dict.yaml	𪖀	que	0	𪖀
cn_dicts/41448.dict.yaml	㪊	qun	0	㪊
cn_dicts/41448.dict.yaml	㿏	qun	0	㿏
cn_dicts/41448.dict.yaml	䆽	qun	0	䆽
cn_dicts/41448.dict.yaml	䞭	qun	0	䞭
cn_dicts/41448.dict.yaml	䭽	qun	0	䭽
cn_dicts/41448.dict.yaml	𡈀	qun	0	𡈀
cn_dicts/41448.dict.yaml	𢛕	qun	0	𢛕
cn_dicts/41448.dict.yaml	𣀄	qun	0	𣀄
cn_dicts/41448.dict.yaml	𤛭	qun	0	𤛭
cn_dicts/41448.dict.yaml	𤸷	qun	0	𤸷
cn_dicts/41448.dict.yaml	𦃢	qun	0	𦃢
cn_dicts/41448.dict.yaml	𦽖	qun	0	𦽖
cn_dicts/41448.dict.yaml	𧼐	qun	0	𧼐
cn_dicts/41448.dict.yaml	𨞗	qun	0	𨞗
cn_dicts/41448.dict.yaml	𩎗	qun	0	𩎗
cn_dicts/41448.dict.yaml	𩤁	qun	0	𩤁
cn_dicts/41448.dict.yaml	㒄	ran	0	㒄
cn_dicts/41448.dict.yaml	㚩	ran	0	㚩
cn_dicts/41448.dict.yaml	㜣	ran	0	㜣
cn_dicts/41448.dict.yaml	㯗	ran	0	㯗
cn_dicts/41448.dict.yaml	㲯	ran	0	㲯
cn_dicts/41448.dict.yaml	㸐	ran	0	㸐
cn_dicts/41448.dict.yaml	㹱	ran	0	㹱
cn_dicts/41448.dict.yaml	㾆	ran	0	㾆
cn_dicts/41448.dict.yaml	㿵	ran	0	㿵
cn_dicts/41448.dict.yaml	䇋	ran	0	䇋
cn_dicts/41448.dict.yaml	䑙	ran	0	䑙
cn_dicts/41448.dict.yaml	䒣	ran	0	䒣
cn_dicts/41448.dict.yaml	䔳	ran	0	䔳
cn_dicts/41448.dict.yaml	䕼	ran	0	䕼
cn_dicts/41448.dict.yaml	䖄	ran	0	䖄
cn_dicts/41448.dict.yaml	䣸	ran	0	䣸
cn_dicts/41448.dict.yaml	䤡	ran	0	䤡
cn_dicts/41448.dict.yaml	䫇	ran	0	䫇
cn_dicts/41448.dict.yaml	䰯	ran	0	䰯
cn_dicts/41448.dict.yaml	䳿	ran	0	䳿
cn_dicts/41448.dict.yaml	䶲	ran	0	䶲
cn_dicts/41448.dict.yaml	𠊌	ran	0	𠊌
cn_dicts/41448.dict.yaml	𠤀	ran	0	𠤀
cn_dicts/41448.dict.yaml	𠯍	ran	0	𠯍
cn_dicts/41448.dict.yaml	𠱞	ran	0	𠱞
cn_dicts/41448.dict.yaml	𡖝	ran	0	𡖝
cn_dicts/41448.dict.yaml	𡜉	ran	0	𡜉
cn_dicts/41448.dict.yaml	𡜫	ran	0	𡜫
cn_dicts/41448.dict.yaml	𢓒	ran	0	𢓒
cn_dicts/41448.dict.yaml	𣰦	ran	0	𣰦
cn_dicts/41448.dict.yaml	𤙼	ran	0	𤙼
cn_dicts/41448.dict.yaml	𤡮	ran	0	𤡮
cn_dicts/41448.dict.yaml	𤱋	ran	0	𤱋
cn_dicts/41448.dict.yaml	𤲗	ran	0	𤲗
cn_dicts/41448.dict.yaml	𥀫	ran	0	𥀫
cn_dicts/41448.dict.yaml	𥀭	ran	0	𥀭
cn_dicts/41448.dict.yaml	𥬕	ran	0	𥬕
cn_dicts/41448.dict.yaml	𥳚	ran	0	𥳚
cn_dicts/41448.dict.yaml	𦫉	ran	0	𦫉
cn_dicts/41448.dict.yaml	𨹌	ran	0	𨹌
cn_dicts/41448.dict.yaml	𩃵	ran	0	𩃵
cn_dicts/41448.dict.yaml	𩢡	ran	0	𩢡
cn_dicts/41448.dict.yaml	𩧬	ran	0	𩧬
cn_dicts/41448.dict.yaml	𩶎	ran	0	𩶎
cn_dicts/41448.dict.yaml	𪓘	ran	0	𪓘
cn_dicts/41448.dict.yaml	𪓚	ran	0	𪓚
cn_dicts/41448.dict.yaml	𪚮	ran	0	𪚮
cn_dicts/41448.dict.yaml	㚂	rang	0	㚂
cn_dicts/41448.dict.yaml	䉴	rang	0	䉴
cn_dicts/41448.dict.yaml	䑋	rang	0	䑋
cn_dicts/41448.dict.yaml	𣩽	rang	0	𣩽
cn_dicts/41448.dict.yaml	𣰶	rang	0	𣰶
cn_dicts/41448.dict.yaml	𤅑	rang	0	𤅑
cn_dicts/41448.dict.yaml	𤬥	rang	0	𤬥
cn_dicts/41448.dict.yaml	𤰂	rang	0	𤰂
cn_dicts/41448.dict.yaml	𥗝	rang	0	𥗝
cn_dicts/41448.dict.yaml	𧟄	rang	0	𧟄
cn_dicts/41448.dict.yaml	𨏛	rang	0	𨏛
cn_dicts/41448.dict.yaml	𨟚	rang	0	𨟚
cn_dicts/41448.dict.yaml	𩆶	rang	0	𩆶
cn_dicts/41448.dict.yaml	㑱	rao	0	㑱
cn_dicts/41448.dict.yaml	㹛	rao	0	㹛
cn_dicts/41448.dict.yaml	䫞	rao	0	䫞
cn_dicts/41448.dict.yaml	𠒸	rao	0	𠒸
cn_dicts/41448.dict.yaml	𡈦	rao	0	𡈦
cn_dicts/41448.dict.yaml	𦪛	rao	0	𦪛
cn_dicts/41448.dict.yaml	𧳨	rao	0	𧳨
cn_dicts/41448.dict.yaml	𨇄	rao	0	𨇄
cn_dicts/41448.dict.yaml	㻰	re	0	㻰
cn_dicts/41448.dict.yaml	𢞇	re	0	𢞇
cn_dicts/41448.dict.yaml	𤑄	re	0	𤑄
cn_dicts/41448.dict.yaml	𧧏	re	0	𧧏
cn_dicts/41448.dict.yaml	𩭿	re	0	𩭿
cn_dicts/41448.dict.yaml	㠴	ren	0	㠴
cn_dicts/41448.dict.yaml	㣼	ren	0	㣼
cn_dicts/41448.dict.yaml	㤛	ren	0	㤛
cn_dicts/41448.dict.yaml	㲽	ren	0	㲽
cn_dicts/41448.dict.yaml	㶵	ren	0	㶵
cn_dicts/41448.dict.yaml	㸾	ren	0	㸾
cn_dicts/41448.dict.yaml	䀔	ren	0	䀔
cn_dicts/41448.dict.yaml	䀼	ren	0	䀼
cn_dicts/41448.dict.yaml	䄒	ren	0	䄒
cn_dicts/41448.dict.yaml	䇮	ren	0	䇮
cn_dicts/41448.dict.yaml	䋕	ren	0	䋕
cn_dicts/41448.dict.yaml	䌾	ren	0	䌾
cn_dicts/41448.dict.yaml	䏕	ren	0	䏕
cn_dicts/41448.dict.yaml	䏰	ren	0	䏰
cn_dicts/41448.dict.yaml	䚾	ren	0	䚾
cn_dicts/41448.dict.yaml	䛘	ren	0	䛘
cn_dicts/41448.dict.yaml	䭃	ren	0	䭃
cn_dicts/41448.dict.yaml	䴦	ren	0	䴦
cn_dicts/41448.dict.yaml	𠯄	ren	0	𠯄
cn_dicts/41448.dict.yaml	𠲏	ren	0	𠲏
cn_dicts/41448.dict.yaml	𡰥	ren	0	𡰥
cn_dicts/41448.dict.yaml	𢆉	ren	0	𢆉
cn_dicts/41448.dict.yaml	𢇦	ren	0	𢇦
cn_dicts/41448.dict.yaml	𣅉	ren	0	𣅉
cn_dicts/41448.dict.yaml	𦍌	ren	0	𦍌
cn_dicts/41448.dict.yaml	𦏀	ren	0	𦏀
cn_dicts/41448.dict.yaml	𦬄	ren	0	𦬄
cn_dicts/41448.dict.yaml	𧥷	ren	0	𧥷
cn_dicts/41448.dict.yaml	𧴬	ren	0	𧴬
cn_dicts/41448.dict.yaml	𨉃	ren	0	𨉃
cn_dicts/41448.dict.yaml	𩑉	ren	0	𩑉
cn_dicts/41448.dict.yaml	𩵕	ren	0	𩵕
cn_dicts/41448.dict.yaml	𪔺	ren	0	𪔺
cn_dicts/41448.dict.yaml	㭁	reng	0	㭁
cn_dicts/41448.dict.yaml	㺱	reng	0	㺱
cn_dicts/41448.dict.yaml	䄧	reng	0	䄧
cn_dicts/41448.dict.yaml	䚮	reng	0	䚮
cn_dicts/41448.dict.yaml	𠧟	reng	0	𠧟
cn_dicts/41448.dict.yaml	𠮨	reng	0	𠮨
cn_dicts/41448.dict.yaml	𠯷	reng	0	𠯷
cn_dicts/41448.dict.yaml	𠯹	reng	0	𠯹
cn_dicts/41448.dict.yaml	𢫨	reng	0	𢫨
cn_dicts/41448.dict.yaml	𣗐	reng	0	𣗐
cn_dicts/41448.dict.yaml	𥾋	reng	0	𥾋
cn_dicts/41448.dict.yaml	𧹈	reng	0	𧹈
cn_dicts/41448.dict.yaml	𨸐	reng	0	𨸐
cn_dicts/41448.dict.yaml	䒤	ri	0	䒤
cn_dicts/41448.dict.yaml	𠟅	ri	0	𠟅
cn_dicts/41448.dict.yaml	𡆸	ri	0	𡆸
cn_dicts/41448.dict.yaml	𡈎	ri	0	𡈎
cn_dicts/41448.dict.yaml	𡉭	ri	0	𡉭
cn_dicts/41448.dict.yaml	𤝍	ri	0	𤝍
cn_dicts/41448.dict.yaml	𦨙	ri	0	𦨙
cn_dicts/41448.dict.yaml	㘇	rong	0	㘇
cn_dicts/41448.dict.yaml	㝐	rong	0	㝐
cn_dicts/41448.dict.yaml	㣑	rong	0	㣑
cn_dicts/41448.dict.yaml	㭜	rong	0	㭜
cn_dicts/41448.dict.yaml	㲓	rong	0	㲓
cn_dicts/41448.dict.yaml	㲝	rong	0	㲝
cn_dicts/41448.dict.yaml	㲨	rong	0	㲨
cn_dicts/41448.dict.yaml	㺎	rong	0	㺎
cn_dicts/41448.dict.yaml	㼸	rong	0	㼸
cn_dicts/41448.dict.yaml	䄧	rong	0	䄧
cn_dicts/41448.dict.yaml	䇀	rong	0	䇀
cn_dicts/41448.dict.yaml	䇯	rong	0	䇯
cn_dicts/41448.dict.yaml	䈶	rong	0	䈶
cn_dicts/41448.dict.yaml	䋴	rong	0	䋴
cn_dicts/41448.dict.yaml	䘬	rong	0	䘬
cn_dicts/41448.dict.yaml	䠜	rong	0	䠜
cn_dicts/41448.dict.yaml	䡆	rong	0	䡆
cn_dicts/41448.dict.yaml	䡥	rong	0	䡥
cn_dicts/41448.dict.yaml	䢇	rong	0	䢇
cn_dicts/41448.dict.yaml	䤊	rong	0	䤊
cn_dicts/41448.dict.yaml	䩸	rong	0	䩸
cn_dicts/41448.dict.yaml	𠌚	rong	0	𠌚
cn_dicts/41448.dict.yaml	𠞕	rong	0	𠞕
cn_dicts/41448.dict.yaml	𠰽	rong	0	𠰽
cn_dicts/41448.dict.yaml	𠹍	rong	0	𠹍
cn_dicts/41448.dict.yaml	𡊫	rong	0	𡊫
cn_dicts/41448.dict.yaml	𡊸	rong	0	𡊸
cn_dicts/41448.dict.yaml	𡖢	rong	0	𡖢
cn_dicts/41448.dict.yaml	𡦼	rong	0	𡦼
cn_dicts/41448.dict.yaml	𡫦	rong	0	𡫦
cn_dicts/41448.dict.yaml	𡭋	rong	0	𡭋
cn_dicts/41448.dict.yaml	𢐿	rong	0	𢐿
cn_dicts/41448.dict.yaml	𢦿	rong	0	𢦿
cn_dicts/41448.dict.yaml	𢫨	rong	0	𢫨
cn_dicts/41448.dict.yaml	𣮪	rong	0	𣮪
cn_dicts/41448.dict.yaml	𣯍	rong	0	𣯍
cn_dicts/41448.dict.yaml	𣯏	rong	0	𣯏
cn_dicts/41448.dict.yaml	𣯐	rong	0	𣯐
cn_dicts/41448.dict.yaml	𣲽	rong	0	𣲽
cn_dicts/41448.dict.yaml	𤘺	rong	0	𤘺
cn_dicts/41448.dict.yaml	𤘻	rong	0	𤘻
cn_dicts/41448.dict.yaml	𥎂	rong	0	𥎂
cn_dicts/41448.dict.yaml	𥎜	rong	0	𥎜
cn_dicts/41448.dict.yaml	𥑳	rong	0	𥑳
cn_dicts/41448.dict.yaml	𥨳	rong	0	𥨳
cn_dicts/41448.dict.yaml	𥬪	rong	0	𥬪
cn_dicts/41448.dict.yaml	𥼬	rong	0	𥼬
cn_dicts/41448.dict.yaml	𦔋	rong	0	𦔋
cn_dicts/41448.dict.yaml	𦗋	rong	0	𦗋
cn_dicts/41448.dict.yaml	𦗨	rong	0	𦗨
cn_dicts/41448.dict.yaml	𦶇	rong	0	𦶇
cn_dicts/41448.dict.yaml	𧉡	rong	0	𧉡
cn_dicts/41448.dict.yaml	𧎣	rong	0	𧎣
cn_dicts/41448.dict.yaml	𨉴	rong	0	𨉴
cn_dicts/41448.dict.yaml	𨉷	rong	0	𨉷
cn_dicts/41448.dict.yaml	𨋠	rong	0	𨋠
cn_dicts/41448.dict.yaml	𨌣	rong	0	𨌣
cn_dicts/41448.dict.yaml	𨍅	rong	0	𨍅
cn_dicts/41448.dict.yaml	𨍷	rong	0	𨍷
cn_dicts/41448.dict.yaml	𨒆	rong	0	𨒆
cn_dicts/41448.dict.yaml	𨲟	rong	0	𨲟
cn_dicts/41448.dict.yaml	𩍉	rong	0	𩍉
cn_dicts/41448.dict.yaml	𩎂	rong	0	𩎂
cn_dicts/41448.dict.yaml	𩒷	rong	0	𩒷
cn_dicts/41448.dict.yaml	𩚗	rong	0	𩚗
cn_dicts/41448.dict.yaml	𩮠	rong	0	𩮠
cn_dicts/41448.dict.yaml	𩼅	rong	0	𩼅
cn_dicts/41448.dict.yaml	𪃾	rong	0	𪃾
cn_dicts/41448.dict.yaml	𪕁	rong	0	𪕁
cn_dicts/41448.dict.yaml	𪕎	rong	0	𪕎
cn_dicts/41448.dict.yaml	𪗴	rong	0	𪗴
cn_dicts/41448.dict.yaml	㖻	rou	0	㖻
cn_dicts/41448.dict.yaml	㮟	rou	0	㮟
cn_dicts/41448.dict.yaml	㽥	rou	0	㽥
cn_dicts/41448.dict.yaml	䄾	rou	0	䄾
cn_dicts/41448.dict.yaml	䋴	rou	0	䋴
cn_dicts/41448.dict.yaml	䐓	rou	0	䐓
cn_dicts/41448.dict.yaml	䢇	rou	0	䢇
cn_dicts/41448.dict.yaml	䥆	rou	0	䥆
cn_dicts/41448.dict.yaml	䧷	rou	0	䧷
cn_dicts/41448.dict.yaml	䰆	rou	0	䰆
cn_dicts/41448.dict.yaml	𠠐	rou	0	𠠐
cn_dicts/41448.dict.yaml	𡗑	rou	0	𡗑
cn_dicts/41448.dict.yaml	𢔟	rou	0	𢔟
cn_dicts/41448.dict.yaml	𢘅	rou	0	𢘅
cn_dicts/41448.dict.yaml	𥠊	rou	0	𥠊
cn_dicts/41448.dict.yaml	𦍭	rou	0	𦍭
cn_dicts/41448.dict.yaml	𨛶	rou	0	𨛶
cn_dicts/41448.dict.yaml	𪑶	rou	0	𪑶
cn_dicts/41448.dict.yaml	㐵	ru	0	㐵
cn_dicts/41448.dict.yaml	㦺	ru	0	㦺
cn_dicts/41448.dict.yaml	㨌	ru	0	㨌
cn_dicts/41448.dict.yaml	㨎	ru	0	㨎
cn_dicts/41448.dict.yaml	㱶	ru	0	㱶
cn_dicts/41448.dict.yaml	㹘	ru	0	㹘
cn_dicts/41448.dict.yaml	㼋	ru	0	㼋
cn_dicts/41448.dict.yaml	㾒	ru	0	㾒
cn_dicts/41448.dict.yaml	䋈	ru	0	䋈
cn_dicts/41448.dict.yaml	䋴	ru	0	䋴
cn_dicts/41448.dict.yaml	䐓	ru	0	䐓
cn_dicts/41448.dict.yaml	䘫	ru	0	䘫
cn_dicts/41448.dict.yaml	䞕	ru	0	䞕
cn_dicts/41448.dict.yaml	䤉	ru	0	䤉
cn_dicts/41448.dict.yaml	䫱	ru	0	䫱
cn_dicts/41448.dict.yaml	䰭	ru	0	䰭
cn_dicts/41448.dict.yaml	䰰	ru	0	䰰
cn_dicts/41448.dict.yaml	𠟺	ru	0	𠟺
cn_dicts/41448.dict.yaml	𠤦	ru	0	𠤦
cn_dicts/41448.dict.yaml	𡄲	ru	0	𡄲
cn_dicts/41448.dict.yaml	𡈴	ru	0	𡈴
cn_dicts/41448.dict.yaml	𡜃	ru	0	𡜃
cn_dicts/41448.dict.yaml	𡜚	ru	0	𡜚
cn_dicts/41448.dict.yaml	𡥶	ru	0	𡥶
cn_dicts/41448.dict.yaml	𡫽	ru	0	𡫽
cn_dicts/41448.dict.yaml	𡮚	ru	0	𡮚
cn_dicts/41448.dict.yaml	𢖵	ru	0	𢖵
cn_dicts/41448.dict.yaml	𢛚	ru	0	𢛚
cn_dicts/41448.dict.yaml	𣖹	ru	0	𣖹
cn_dicts/41448.dict.yaml	𣚐	ru	0	𣚐
cn_dicts/41448.dict.yaml	𣭠	ru	0	𣭠
cn_dicts/41448.dict.yaml	𣯋	ru	0	𣯋
cn_dicts/41448.dict.yaml	𣽈	ru	0	𣽈
cn_dicts/41448.dict.yaml	𣽉	ru	0	𣽉
cn_dicts/41448.dict.yaml	𤡤	ru	0	𤡤
cn_dicts/41448.dict.yaml	𥙦	ru	0	𥙦
cn_dicts/41448.dict.yaml	𥞚	ru	0	𥞚
cn_dicts/41448.dict.yaml	𦤊	ru	0	𦤊
cn_dicts/41448.dict.yaml	𦭰	ru	0	𦭰
cn_dicts/41448.dict.yaml	𦳾	ru	0	𦳾
cn_dicts/41448.dict.yaml	𦷸	ru	0	𦷸
cn_dicts/41448.dict.yaml	𧊟	ru	0	𧊟
cn_dicts/41448.dict.yaml	𨚴	ru	0	𨚴
cn_dicts/41448.dict.yaml	𨨜	ru	0	𨨜
cn_dicts/41448.dict.yaml	𩄋	ru	0	𩄋
cn_dicts/41448.dict.yaml	𩍥	ru	0	𩍥
cn_dicts/41448.dict.yaml	𩱨	ru	0	𩱨
cn_dicts/41448.dict.yaml	𩶫	ru	0	𩶫
cn_dicts/41448.dict.yaml	𩶯	ru	0	𩶯
cn_dicts/41448.dict.yaml	𩸐	ru	0	𩸐
cn_dicts/41448.dict.yaml	𪏮	ru	0	𪏮
cn_dicts/41448.dict.yaml	𪑾	ru	0	𪑾
cn_dicts/41448.dict.yaml	㓴	ruan	0	㓴
cn_dicts/41448.dict.yaml	㜛	ruan	0	㜛
cn_dicts/41448.dict.yaml	㨎	ruan	0	㨎
cn_dicts/41448.dict.yaml	㮕	ruan	0	㮕
cn_dicts/41448.dict.yaml	㼱	ruan	0	㼱
cn_dicts/41448.dict.yaml	㽭	ruan	0	㽭
cn_dicts/41448.dict.yaml	䆓	ruan	0	䆓
cn_dicts/41448.dict.yaml	䎡	ruan	0	䎡
cn_dicts/41448.dict.yaml	䓴	ruan	0	䓴
cn_dicts/41448.dict.yaml	䙃	ruan	0	䙃
cn_dicts/41448.dict.yaml	䙇	ruan	0	䙇
cn_dicts/41448.dict.yaml	䞂	ruan	0	䞂
cn_dicts/41448.dict.yaml	䪀	ruan	0	䪀
cn_dicts/41448.dict.yaml	䪭	ruan	0	䪭
cn_dicts/41448.dict.yaml	𠟺	ruan	0	𠟺
cn_dicts/41448.dict.yaml	𠤦	ruan	0	𠤦
cn_dicts/41448.dict.yaml	𢘧	ruan	0	𢘧
cn_dicts/41448.dict.yaml	𢡵	ruan	0	𢡵
cn_dicts/41448.dict.yaml	𢱾	ruan	0	𢱾
cn_dicts/41448.dict.yaml	𣃅	ruan	0	𣃅
cn_dicts/41448.dict.yaml	𣡗	ruan	0	𣡗
cn_dicts/41448.dict.yaml	𣽈	ruan	0	𣽈
cn_dicts/41448.dict.yaml	𣽳	ruan	0	𣽳
cn_dicts/41448.dict.yaml	𤧠	ruan	0	𤧠
cn_dicts/41448.dict.yaml	𤲬	ruan	0	𤲬
cn_dicts/41448.dict.yaml	𥈇	ruan	0	𥈇
cn_dicts/41448.dict.yaml	𥊶	ruan	0	𥊶
cn_dicts/41448.dict.yaml	𥎀	ruan	0	𥎀
cn_dicts/41448.dict.yaml	𥎘	ruan	0	𥎘
cn_dicts/41448.dict.yaml	𥩗	ruan	0	𥩗
cn_dicts/41448.dict.yaml	𥯬	ruan	0	𥯬
cn_dicts/41448.dict.yaml	𦶇	ruan	0	𦶇
cn_dicts/41448.dict.yaml	𦺾	ruan	0	𦺾
cn_dicts/41448.dict.yaml	𨋚	ruan	0	𨋚
cn_dicts/41448.dict.yaml	𨒩	ruan	0	𨒩
cn_dicts/41448.dict.yaml	𨨰	ruan	0	𨨰
cn_dicts/41448.dict.yaml	𨪳	ruan	0	𨪳
cn_dicts/41448.dict.yaml	𨬔	ruan	0	𨬔
cn_dicts/41448.dict.yaml	𩏈	ruan	0	𩏈
cn_dicts/41448.dict.yaml	㓹	rui	0	㓹
cn_dicts/41448.dict.yaml	㕙	rui	0	㕙
cn_dicts/41448.dict.yaml	㛱	rui	0	㛱
cn_dicts/41448.dict.yaml	㨅	rui	0	㨅
cn_dicts/41448.dict.yaml	㪫	rui	0	㪫
cn_dicts/41448.dict.yaml	㮃	rui	0	㮃
cn_dicts/41448.dict.yaml	㲊	rui	0	㲊
cn_dicts/41448.dict.yaml	㹘	rui	0	㹘
cn_dicts/41448.dict.yaml	㻔	rui	0	㻔
cn_dicts/41448.dict.yaml	䂱	rui	0	䂱
cn_dicts/41448.dict.yaml	䅑	rui	0	䅑
cn_dicts/41448.dict.yaml	䇤	rui	0	䇤
cn_dicts/41448.dict.yaml	䌼	rui	0	䌼
cn_dicts/41448.dict.yaml	䍴	rui	0	䍴
cn_dicts/41448.dict.yaml	䓲	rui	0	䓲
cn_dicts/41448.dict.yaml	䞩	rui	0	䞩
cn_dicts/41448.dict.yaml	䦌	rui	0	䦌
cn_dicts/41448.dict.yaml	䳠	rui	0	䳠
cn_dicts/41448.dict.yaml	𡯒	rui	0	𡯒
cn_dicts/41448.dict.yaml	𢣳	rui	0	𢣳
cn_dicts/41448.dict.yaml	𣛚	rui	0	𣛚
cn_dicts/41448.dict.yaml	𣬘	rui	0	𣬘
cn_dicts/41448.dict.yaml	𥳝	rui	0	𥳝
cn_dicts/41448.dict.yaml	𦼆	rui	0	𦼆
cn_dicts/41448.dict.yaml	𧄜	rui	0	𧄜
cn_dicts/41448.dict.yaml	𨧨	rui	0	𨧨
cn_dicts/41448.dict.yaml	𨳙	rui	0	𨳙
cn_dicts/41448.dict.yaml	𪏩	rui	0	𪏩
cn_dicts/41448.dict.yaml	㝄	run	0	㝄
cn_dicts/41448.dict.yaml	㠈	run	0	㠈
cn_dicts/41448.dict.yaml	䏕	run	0	䏕
cn_dicts/41448.dict.yaml	䦞	run	0	䦞
cn_dicts/41448.dict.yaml	𠷀	run	0	𠷀
cn_dicts/41448.dict.yaml	𨳝	run	0	𨳝
cn_dicts/41448.dict.yaml	𨷎	run	0	𨷎
cn_dicts/41448.dict.yaml	𩀋	run	0	𩀋
cn_dicts/41448.dict.yaml	㬉	ruo	0	㬉
cn_dicts/41448.dict.yaml	䐞	ruo	0	䐞
cn_dicts/41448.dict.yaml	𢜪	ruo	0	𢜪
cn_dicts/41448.dict.yaml	𤍽	ruo	0	𤍽
cn_dicts/41448.dict.yaml	𤣼	ruo	0	𤣼
cn_dicts/41448.dict.yaml	𦩸	ruo	0	𦩸
cn_dicts/41448.dict.yaml	𧃪	ruo	0	𧃪
cn_dicts/41448.dict.yaml	𨀝	ruo	0	𨀝
cn_dicts/41448.dict.yaml	𨴚	ruo	0	𨴚
cn_dicts/41448.dict.yaml	㒎	sa	0	㒎
cn_dicts/41448.dict.yaml	㪪	sa	0	㪪
cn_dicts/41448.dict.yaml	㳐	sa	0	㳐
cn_dicts/41448.dict.yaml	㽂	sa	0	㽂
cn_dicts/41448.dict.yaml	䊛	sa	0	䊛
cn_dicts/41448.dict.yaml	䑥	sa	0	䑥
cn_dicts/41448.dict.yaml	䓲	sa	0	䓲
cn_dicts/41448.dict.yaml	䘮	sa	0	䘮
cn_dicts/41448.dict.yaml	䙣	sa	0	䙣
cn_dicts/41448.dict.yaml	䬃	sa	0	䬃
cn_dicts/41448.dict.yaml	𠎷	sa	0	𠎷
cn_dicts/41448.dict.yaml	𠦃	sa	0	𠦃
cn_dicts/41448.dict.yaml	𠬙	sa	0	𠬙
cn_dicts/41448.dict.yaml	𠮿	sa	0	𠮿
cn_dicts/41448.dict.yaml	𠱡	sa	0	𠱡
cn_dicts/41448.dict.yaml	𠿓	sa	0	𠿓
cn_dicts/41448.dict.yaml	𡄳	sa	0	𡄳
cn_dicts/41448.dict.yaml	𡐥	sa	0	𡐥
cn_dicts/41448.dict.yaml	𡒁	sa	0	𡒁
cn_dicts/41448.dict.yaml	𢓔	sa	0	𢓔
cn_dicts/41448.dict.yaml	𢕬	sa	0	𢕬
cn_dicts/41448.dict.yaml	𢶍	sa	0	𢶍
cn_dicts/41448.dict.yaml	𢻨	sa	0	𢻨
cn_dicts/41448.dict.yaml	𣀯	sa	0	𣀯
cn_dicts/41448.dict.yaml	𣘤	sa	0	𣘤
cn_dicts/41448.dict.yaml	𣜂	sa	0	𣜂
cn_dicts/41448.dict.yaml	𣬬	sa	0	𣬬
cn_dicts/41448.dict.yaml	𥋌	sa	0	𥋌
cn_dicts/41448.dict.yaml	𥵯	sa	0	𥵯
cn_dicts/41448.dict.yaml	𥸗	sa	0	𥸗
cn_dicts/41448.dict.yaml	𥻦	sa	0	𥻦
cn_dicts/41448.dict.yaml	𦠿	sa	0	𦠿
cn_dicts/41448.dict.yaml	𦻅	sa	0	𦻅
cn_dicts/41448.dict.yaml	𦼧	sa	0	𦼧
cn_dicts/41448.dict.yaml	𧀕	sa	0	𧀕
cn_dicts/41448.dict.yaml	𧭝	sa	0	𧭝
cn_dicts/41448.dict.yaml	𨃛	sa	0	𨃛
cn_dicts/41448.dict.yaml	𨆂	sa	0	𨆂
cn_dicts/41448.dict.yaml	𨐖	sa	0	𨐖
cn_dicts/41448.dict.yaml	𨷆	sa	0	𨷆
cn_dicts/41448.dict.yaml	𩆅	sa	0	𩆅
cn_dicts/41448.dict.yaml	𩎕	sa	0	𩎕
cn_dicts/41448.dict.yaml	𩐅	sa	0	𩐅
cn_dicts/41448.dict.yaml	𩗉	sa	0	𩗉
cn_dicts/41448.dict.yaml	𩗞	sa	0	𩗞
cn_dicts/41448.dict.yaml	𩣞	sa	0	𩣞
cn_dicts/41448.dict.yaml	𩨞	sa	0	𩨞
cn_dicts/41448.dict.yaml	㗷	sai	0	㗷
cn_dicts/41448.dict.yaml	㘔	sai	0	㘔
cn_dicts/41448.dict.yaml	䈢	sai	0	䈢
cn_dicts/41448.dict.yaml	䚡	sai	0	䚡
cn_dicts/41448.dict.yaml	𡨄	sai	0	𡨄
cn_dicts/41448.dict.yaml	𡬉	sai	0	𡬉
cn_dicts/41448.dict.yaml	𦞫	sai	0	𦞫
cn_dicts/41448.dict.yaml	𪃄	sai	0	𪃄
cn_dicts/41448.dict.yaml	㤾	san	0	㤾
cn_dicts/41448.dict.yaml	㧲	san	0	㧲
cn_dicts/41448.dict.yaml	㪔	san	0	㪔
cn_dicts/41448.dict.yaml	㪚	san	0	㪚
cn_dicts/41448.dict.yaml	䀐	san	0	䀐
cn_dicts/41448.dict.yaml	䉈	san	0	䉈
cn_dicts/41448.dict.yaml	䊉	san	0	䊉
cn_dicts/41448.dict.yaml	䫅	san	0	䫅
cn_dicts/41448.dict.yaml	䫩	san	0	䫩
cn_dicts/41448.dict.yaml	𠮿	san	0	𠮿
cn_dicts/41448.dict.yaml	𡙘	san	0	𡙘
cn_dicts/41448.dict.yaml	𢁘	san	0	𢁘
cn_dicts/41448.dict.yaml	𢕕	san	0	𢕕
cn_dicts/41448.dict.yaml	𣀧	san	0	𣀧
cn_dicts/41448.dict.yaml	𣀫	san	0	𣀫
cn_dicts/41448.dict.yaml	𣬛	san	0	𣬛
cn_dicts/41448.dict.yaml	𣮠	san	0	𣮠
cn_dicts/41448.dict.yaml	𥊀	san	0	𥊀
cn_dicts/41448.dict.yaml	𥒬	san	0	𥒬
cn_dicts/41448.dict.yaml	𦙱	san	0	𦙱
cn_dicts/41448.dict.yaml	𦙸	san	0	𦙸
cn_dicts/41448.dict.yaml	𦡨	san	0	𦡨
cn_dicts/41448.dict.yaml	𦷻	san	0	𦷻
cn_dicts/41448.dict.yaml	𦺻	san	0	𦺻
cn_dicts/41448.dict.yaml	𧗋	san	0	𧗋
cn_dicts/41448.dict.yaml	𧱆	san	0	𧱆
cn_dicts/41448.dict.yaml	𧽾	san	0	𧽾
cn_dicts/41448.dict.yaml	𩀲	san	0	𩀲
cn_dicts/41448.dict.yaml	𩀼	san	0	𩀼
cn_dicts/41448.dict.yaml	𩜱	san	0	𩜱
cn_dicts/41448.dict.yaml	𩞀	san	0	𩞀
cn_dicts/41448.dict.yaml	𩨡	san	0	𩨡
cn_dicts/41448.dict.yaml	𩯑	san	0	𩯑
cn_dicts/41448.dict.yaml	䘮	sang	0	䘮
cn_dicts/41448.dict.yaml	䡦	sang	0	䡦
cn_dicts/41448.dict.yaml	䫙	sang	0	䫙
cn_dicts/41448.dict.yaml	𡕏	sang	0	𡕏
cn_dicts/41448.dict.yaml	𡠏	sang	0	𡠏
cn_dicts/41448.dict.yaml	𣉕	sang	0	𣉕
cn_dicts/41448.dict.yaml	𣊝	sang	0	𣊝
cn_dicts/41448.dict.yaml	𣞙	sang	0	𣞙
cn_dicts/41448.dict.yaml	𤸯	sang	0	𤸯
cn_dicts/41448.dict.yaml	𥔫	sang	0	𥔫
cn_dicts/41448.dict.yaml	𦅇	sang	0	𦅇
cn_dicts/41448.dict.yaml	𦟄	sang	0	𦟄
cn_dicts/41448.dict.yaml	𧍨	sang	0	𧍨
cn_dicts/41448.dict.yaml	𨢆	sang	0	𨢆
cn_dicts/41448.dict.yaml	𩐷	sang	0	𩐷
cn_dicts/41448.dict.yaml	𩦌	sang	0	𩦌
cn_dicts/41448.dict.yaml	𩺞	sang	0	𩺞
cn_dicts/41448.dict.yaml	𪔬	sang	0	𪔬
cn_dicts/41448.dict.yaml	㛐	sao	0	㛐
cn_dicts/41448.dict.yaml	㛮	sao	0	㛮
cn_dicts/41448.dict.yaml	㿋	sao	0	㿋
cn_dicts/41448.dict.yaml	䐹	sao	0	䐹
cn_dicts/41448.dict.yaml	䕅	sao	0	䕅
cn_dicts/41448.dict.yaml	𠋺	sao	0	𠋺
cn_dicts/41448.dict.yaml	𢔳	sao	0	𢔳
cn_dicts/41448.dict.yaml	𢜶	sao	0	𢜶
cn_dicts/41448.dict.yaml	𢠡	sao	0	𢠡
cn_dicts/41448.dict.yaml	𢤁	sao	0	𢤁
cn_dicts/41448.dict.yaml	𢮞	sao	0	𢮞
cn_dicts/41448.dict.yaml	𣉔	sao	0	𣉔
cn_dicts/41448.dict.yaml	𣔱	sao	0	𣔱
cn_dicts/41448.dict.yaml	𣰕	sao	0	𣰕
cn_dicts/41448.dict.yaml	𤠘	sao	0	𤠘
cn_dicts/41448.dict.yaml	𤢖	sao	0	𤢖
cn_dicts/41448.dict.yaml	𥰱	sao	0	𥰱
cn_dicts/41448.dict.yaml	𦏛	sao	0	𦏛
cn_dicts/41448.dict.yaml	𦕏	sao	0	𦕏
cn_dicts/41448.dict.yaml	𦞣	sao	0	𦞣
cn_dicts/41448.dict.yaml	𦟄	sao	0	𦟄
cn_dicts/41448.dict.yaml	𦺋	sao	0	𦺋
cn_dicts/41448.dict.yaml	𦾘	sao	0	𦾘
cn_dicts/41448.dict.yaml	𧂩	sao	0	𧂩
cn_dicts/41448.dict.yaml	𧑫	sao	0	𧑫
cn_dicts/41448.dict.yaml	𧖠	sao	0	𧖠
cn_dicts/41448.dict.yaml	𨃣	sao	0	𨃣
cn_dicts/41448.dict.yaml	𨧪	sao	0	𨧪
cn_dicts/41448.dict.yaml	𨪊	sao	0	𨪊
cn_dicts/41448.dict.yaml	𩙈	sao	0	𩙈
cn_dicts/41448.dict.yaml	𩫦	sao	0	𩫦
cn_dicts/41448.dict.yaml	𩮚	sao	0	𩮚
cn_dicts/41448.dict.yaml	𪍻	sao	0	𪍻
cn_dicts/41448.dict.yaml	㒊	se	0	㒊
cn_dicts/41448.dict.yaml	㥶	se	0	㥶
cn_dicts/41448.dict.yaml	㮦	se	0	㮦
cn_dicts/41448.dict.yaml	㱇	se	0	㱇
cn_dicts/41448.dict.yaml	㴔	se	0	㴔
cn_dicts/41448.dict.yaml	㺩	se	0	㺩
cn_dicts/41448.dict.yaml	㻎	se	0	㻎
cn_dicts/41448.dict.yaml	㻭	se	0	㻭
cn_dicts/41448.dict.yaml	㽇	se	0	㽇
cn_dicts/41448.dict.yaml	䉢	se	0	䉢
cn_dicts/41448.dict.yaml	䊂	se	0	䊂
cn_dicts/41448.dict.yaml	䔼	se	0	䔼
cn_dicts/41448.dict.yaml	䨛	se	0	䨛
cn_dicts/41448.dict.yaml	𠎸	se	0	𠎸
cn_dicts/41448.dict.yaml	𠟦	se	0	𠟦
cn_dicts/41448.dict.yaml	𠟩	se	0	𠟩
cn_dicts/41448.dict.yaml	𠢳	se	0	𠢳
cn_dicts/41448.dict.yaml	𠵭	se	0	𠵭
cn_dicts/41448.dict.yaml	𠽼	se	0	𠽼
cn_dicts/41448.dict.yaml	𠿗	se	0	𠿗
cn_dicts/41448.dict.yaml	𡫟	se	0	𡫟
cn_dicts/41448.dict.yaml	𡵶	se	0	𡵶
cn_dicts/41448.dict.yaml	𢀋	se	0	𢀋
cn_dicts/41448.dict.yaml	𢃢	se	0	𢃢
cn_dicts/41448.dict.yaml	𢡉	se	0	𢡉
cn_dicts/41448.dict.yaml	𢱢	se	0	𢱢
cn_dicts/41448.dict.yaml	𣚟	se	0	𣚟
cn_dicts/41448.dict.yaml	𣽤	se	0	𣽤
cn_dicts/41448.dict.yaml	𤁧	se	0	𤁧
cn_dicts/41448.dict.yaml	𤖗	se	0	𤖗
cn_dicts/41448.dict.yaml	𤛷	se	0	𤛷
cn_dicts/41448.dict.yaml	𤾿	se	0	𤾿
cn_dicts/41448.dict.yaml	𥈽	se	0	𥈽
cn_dicts/41448.dict.yaml	𥱁	se	0	𥱁
cn_dicts/41448.dict.yaml	𥷹	se	0	𥷹
cn_dicts/41448.dict.yaml	𥻨	se	0	𥻨
cn_dicts/41448.dict.yaml	𦆄	se	0	𦆄
cn_dicts/41448.dict.yaml	𦐅	se	0	𦐅
cn_dicts/41448.dict.yaml	𧈈	se	0	𧈈
cn_dicts/41448.dict.yaml	𧒓	se	0	𧒓
cn_dicts/41448.dict.yaml	𧒗	se	0	𧒗
cn_dicts/41448.dict.yaml	𧨷	se	0	𧨷
cn_dicts/41448.dict.yaml	𨆙	se	0	𨆙
cn_dicts/41448.dict.yaml	𩃑	se	0	𩃑
cn_dicts/41448.dict.yaml	𩄜	se	0	𩄜
cn_dicts/41448.dict.yaml	𩇣	se	0	𩇣
cn_dicts/41448.dict.yaml	𩊯	se	0	𩊯
cn_dicts/41448.dict.yaml	𩍙	se	0	𩍙
cn_dicts/41448.dict.yaml	𩏫	se	0	𩏫
cn_dicts/41448.dict.yaml	𩕡	se	0	𩕡
cn_dicts/41448.dict.yaml	𩰙	se	0	𩰙
cn_dicts/41448.dict.yaml	𣟹	sen	0	𣟹
cn_dicts/41448.dict.yaml	𧂅	sen	0	𧂅
cn_dicts/41448.dict.yaml	𩕌	sen	0	𩕌
cn_dicts/41448.dict.yaml	䒏	seng	0	䒏
cn_dicts/41448.dict.yaml	𡬙	seng	0	𡬙
cn_dicts/41448.dict.yaml	㚫	sha	0	㚫
cn_dicts/41448.dict.yaml	㛼	sha	0	㛼
cn_dicts/41448.dict.yaml	㰱	sha	0	㰱
cn_dicts/41448.dict.yaml	㲚	sha	0	㲚
cn_dicts/41448.dict.yaml	㵤	sha	0	㵤
cn_dicts/41448.dict.yaml	㸺	sha	0	㸺
cn_dicts/41448.dict.yaml	䀉	sha	0	䀉
cn_dicts/41448.dict.yaml	䈉	sha	0	䈉
cn_dicts/41448.dict.yaml	䝊	sha	0	䝊
cn_dicts/41448.dict.yaml	䬊	sha	0	䬊
cn_dicts/41448.dict.yaml	䮜	sha	0	䮜
cn_dicts/41448.dict.yaml	䯫	sha	0	䯫
cn_dicts/41448.dict.yaml	䵘	sha	0	䵘
cn_dicts/41448.dict.yaml	䶎	sha	0	䶎
cn_dicts/41448.dict.yaml	𠄒	sha	0	𠄒
cn_dicts/41448.dict.yaml	𠍽	sha	0	𠍽
cn_dicts/41448.dict.yaml	𠚺	sha	0	𠚺
cn_dicts/41448.dict.yaml	𡺧	sha	0	𡺧
cn_dicts/41448.dict.yaml	𢅑	sha	0	𢅑
cn_dicts/41448.dict.yaml	𢇗	sha	0	𢇗
cn_dicts/41448.dict.yaml	𢔣	sha	0	𢔣
cn_dicts/41448.dict.yaml	𢩖	sha	0	𢩖
cn_dicts/41448.dict.yaml	𢶌	sha	0	𢶌
cn_dicts/41448.dict.yaml	𢼵	sha	0	𢼵
cn_dicts/41448.dict.yaml	𣉜	sha	0	𣉜
cn_dicts/41448.dict.yaml	𣓉	sha	0	𣓉
cn_dicts/41448.dict.yaml	𣛶	sha	0	𣛶
cn_dicts/41448.dict.yaml	𣡽	sha	0	𣡽
cn_dicts/41448.dict.yaml	𣣮	sha	0	𣣮
cn_dicts/41448.dict.yaml	𣣺	sha	0	𣣺
cn_dicts/41448.dict.yaml	𣲓	sha	0	𣲓
cn_dicts/41448.dict.yaml	𣲡	sha	0	𣲡
cn_dicts/41448.dict.yaml	𣶤	sha	0	𣶤
cn_dicts/41448.dict.yaml	𣻑	sha	0	𣻑
cn_dicts/41448.dict.yaml	𤍁	sha	0	𤍁
cn_dicts/41448.dict.yaml	𤑣	sha	0	𤑣
cn_dicts/41448.dict.yaml	𤟃	sha	0	𤟃
cn_dicts/41448.dict.yaml	𥈊	sha	0	𥈊
cn_dicts/41448.dict.yaml	𥯦	sha	0	𥯦
cn_dicts/41448.dict.yaml	𦀛	sha	0	𦀛
cn_dicts/41448.dict.yaml	𦔯	sha	0	𦔯
cn_dicts/41448.dict.yaml	𦔰	sha	0	𦔰
cn_dicts/41448.dict.yaml	𦕉	sha	0	𦕉
cn_dicts/41448.dict.yaml	𦩿	sha	0	𦩿
cn_dicts/41448.dict.yaml	𦭉	sha	0	𦭉
cn_dicts/41448.dict.yaml	𦱵	sha	0	𦱵
cn_dicts/41448.dict.yaml	𦾚	sha	0	𦾚
cn_dicts/41448.dict.yaml	𧋊	sha	0	𧋊
cn_dicts/41448.dict.yaml	𧏫	sha	0	𧏫
cn_dicts/41448.dict.yaml	𧚨	sha	0	𧚨
cn_dicts/41448.dict.yaml	𧜁	sha	0	𧜁
cn_dicts/41448.dict.yaml	𧫝	sha	0	𧫝
cn_dicts/41448.dict.yaml	𧲌	sha	0	𧲌
cn_dicts/41448.dict.yaml	𧳛	sha	0	𧳛
cn_dicts/41448.dict.yaml	𧻵	sha	0	𧻵
cn_dicts/41448.dict.yaml	𨖷	sha	0	𨖷
cn_dicts/41448.dict.yaml	𨘉	sha	0	𨘉
cn_dicts/41448.dict.yaml	𨪍	sha	0	𨪍
cn_dicts/41448.dict.yaml	𩊮	sha	0	𩊮
cn_dicts/41448.dict.yaml	𩮫	sha	0	𩮫
cn_dicts/41448.dict.yaml	𩵮	sha	0	𩵮
cn_dicts/41448.dict.yaml	𪄅	sha	0	𪄅
cn_dicts/41448.dict.yaml	𪌮	sha	0	𪌮
cn_dicts/41448.dict.yaml	㩄	shai	0	㩄
cn_dicts/41448.dict.yaml	㬠	shai	0	㬠
cn_dicts/41448.dict.yaml	䵘	shai	0	䵘
cn_dicts/41448.dict.yaml	𠱡	shai	0	𠱡
cn_dicts/41448.dict.yaml	𢄌	shai	0	𢄌
cn_dicts/41448.dict.yaml	𣻑	shai	0	𣻑
cn_dicts/41448.dict.yaml	𧜁	shai	0	𧜁
cn_dicts/41448.dict.yaml	𨢦	shai	0	𨢦
cn_dicts/41448.dict.yaml	𩂃	shai	0	𩂃
cn_dicts/41448.dict.yaml	𩂝	shai	0	𩂝
cn_dicts/41448.dict.yaml	𩴇	shai	0	𩴇
cn_dicts/41448.dict.yaml	㚒	shan	0	㚒
cn_dicts/41448.dict.yaml	㚲	shan	0	㚲
cn_dicts/41448.dict.yaml	㣌	shan	0	㣌
cn_dicts/41448.dict.yaml	㣣	shan	0	㣣
cn_dicts/41448.dict.yaml	㨛	shan	0	㨛
cn_dicts/41448.dict.yaml	㨻	shan	0	㨻
cn_dicts/41448.dict.yaml	㪎	shan	0	㪎
cn_dicts/41448.dict.yaml	㪨	shan	0	㪨
cn_dicts/41448.dict.yaml	㬭	shan	0	㬭
cn_dicts/41448.dict.yaml	㰑	shan	0	㰑
cn_dicts/41448.dict.yaml	㱚	shan	0	㱚
cn_dicts/41448.dict.yaml	㴸	shan	0	㴸
cn_dicts/41448.dict.yaml	㶒	shan	0	㶒
cn_dicts/41448.dict.yaml	㹽	shan	0	㹽
cn_dicts/41448.dict.yaml	㺑	shan	0	㺑
cn_dicts/41448.dict.yaml	㾆	shan	0	㾆
cn_dicts/41448.dict.yaml	䄠	shan	0	䄠
cn_dicts/41448.dict.yaml	䆄	shan	0	䆄
cn_dicts/41448.dict.yaml	䗞	shan	0	䗞
cn_dicts/41448.dict.yaml	䘰	shan	0	䘰
cn_dicts/41448.dict.yaml	䚲	shan	0	䚲
cn_dicts/41448.dict.yaml	䛸	shan	0	䛸
cn_dicts/41448.dict.yaml	䠾	shan	0	䠾
cn_dicts/41448.dict.yaml	䡪	shan	0	䡪
cn_dicts/41448.dict.yaml	䥇	shan	0	䥇
cn_dicts/41448.dict.yaml	䦂	shan	0	䦂
cn_dicts/41448.dict.yaml	䦅	shan	0	䦅
cn_dicts/41448.dict.yaml	䱇	shan	0	䱇
cn_dicts/41448.dict.yaml	䱉	shan	0	䱉
cn_dicts/41448.dict.yaml	䴮	shan	0	䴮
cn_dicts/41448.dict.yaml	鿃	shan	0	鿃
cn_dicts/41448.dict.yaml	𠚹	shan	0	𠚹
cn_dicts/41448.dict.yaml	𠫹	shan	0	𠫹
cn_dicts/41448.dict.yaml	𠿞	shan	0	𠿞
cn_dicts/41448.dict.yaml	𡟨	shan	0	𡟨
cn_dicts/41448.dict.yaml	𢒉	shan	0	𢒉
cn_dicts/41448.dict.yaml	𢕻	shan	0	𢕻
cn_dicts/41448.dict.yaml	𢩢	shan	0	𢩢
cn_dicts/41448.dict.yaml	𢫔	shan	0	𢫔
cn_dicts/41448.dict.yaml	𢿈	shan	0	𢿈
cn_dicts/41448.dict.yaml	𣆴	shan	0	𣆴
cn_dicts/41448.dict.yaml	𣓒	shan	0	𣓒
cn_dicts/41448.dict.yaml	𣖉	shan	0	𣖉
cn_dicts/41448.dict.yaml	𣧺	shan	0	𣧺
cn_dicts/41448.dict.yaml	𣩧	shan	0	𣩧
cn_dicts/41448.dict.yaml	𣪶	shan	0	𣪶
cn_dicts/41448.dict.yaml	𣬛	shan	0	𣬛
cn_dicts/41448.dict.yaml	𣲀	shan	0	𣲀
cn_dicts/41448.dict.yaml	𤀤	shan	0	𤀤
cn_dicts/41448.dict.yaml	𤊼	shan	0	𤊼
cn_dicts/41448.dict.yaml	𤢖	shan	0	𤢖
cn_dicts/41448.dict.yaml	𤮜	shan	0	𤮜
cn_dicts/41448.dict.yaml	𤺪	shan	0	𤺪
cn_dicts/41448.dict.yaml	𥄘	shan	0	𥄘
cn_dicts/41448.dict.yaml	𥈚	shan	0	𥈚
cn_dicts/41448.dict.yaml	𥊀	shan	0	𥊀
cn_dicts/41448.dict.yaml	𥔱	shan	0	𥔱
cn_dicts/41448.dict.yaml	𥰢	shan	0	𥰢
cn_dicts/41448.dict.yaml	𥸣	shan	0	𥸣
cn_dicts/41448.dict.yaml	𦍸	shan	0	𦍸
cn_dicts/41448.dict.yaml	𦎞	shan	0	𦎞
cn_dicts/41448.dict.yaml	𦏂	shan	0	𦏂
cn_dicts/41448.dict.yaml	𦘹	shan	0	𦘹
cn_dicts/41448.dict.yaml	𦳫	shan	0	𦳫
cn_dicts/41448.dict.yaml	𦶋	shan	0	𦶋
cn_dicts/41448.dict.yaml	𦺭	shan	0	𦺭
cn_dicts/41448.dict.yaml	𧀵	shan	0	𧀵
cn_dicts/41448.dict.yaml	𧎥	shan	0	𧎥
cn_dicts/41448.dict.yaml	𧛄	shan	0	𧛄
cn_dicts/41448.dict.yaml	𧛡	shan	0	𧛡
cn_dicts/41448.dict.yaml	𧧵	shan	0	𧧵
cn_dicts/41448.dict.yaml	𧨾	shan	0	𧨾
cn_dicts/41448.dict.yaml	𧭽	shan	0	𧭽
cn_dicts/41448.dict.yaml	𧲾	shan	0	𧲾
cn_dicts/41448.dict.yaml	𧴭	shan	0	𧴭
cn_dicts/41448.dict.yaml	𧷶	shan	0	𧷶
cn_dicts/41448.dict.yaml	𨁆	shan	0	𨁆
cn_dicts/41448.dict.yaml	𨏪	shan	0	𨏪
cn_dicts/41448.dict.yaml	𨝩	shan	0	𨝩
cn_dicts/41448.dict.yaml	𨝵	shan	0	𨝵
cn_dicts/41448.dict.yaml	𨹈	shan	0	𨹈
cn_dicts/41448.dict.yaml	𨹊	shan	0	𨹊
cn_dicts/41448.dict.yaml	𩁺	shan	0	𩁺
cn_dicts/41448.dict.yaml	𩆤	shan	0	𩆤
cn_dicts/41448.dict.yaml	𩆫	shan	0	𩆫
cn_dicts/41448.dict.yaml	𩌰	shan	0	𩌰
cn_dicts/41448.dict.yaml	𩟋	shan	0	𩟋
cn_dicts/41448.dict.yaml	𩦐	shan	0	𩦐
cn_dicts/41448.dict.yaml	𪍶	shan	0	𪍶
cn_dicts/41448.dict.yaml	𪑃	shan	0	𪑃
cn_dicts/41448.dict.yaml	䬕	shang	0	䬕
cn_dicts/41448.dict.yaml	𠼬	shang	0	𠼬
cn_dicts/41448.dict.yaml	𤎘	shang	0	𤎘
cn_dicts/41448.dict.yaml	𤔚	shang	0	𤔚
cn_dicts/41448.dict.yaml	𤵼	shang	0	𤵼
cn_dicts/41448.dict.yaml	𥏫	shang	0	𥏫
cn_dicts/41448.dict.yaml	𧡮	shang	0	𧡮
cn_dicts/41448.dict.yaml	𧶜	shang	0	𧶜
cn_dicts/41448.dict.yaml	𨢩	shang	0	𨢩
cn_dicts/41448.dict.yaml	𨶼	shang	0	𨶼
cn_dicts/41448.dict.yaml	𩞃	shang	0	𩞃
cn_dicts/41448.dict.yaml	𩞧	shang	0	𩞧
cn_dicts/41448.dict.yaml	𪄲	shang	0	𪄲
cn_dicts/41448.dict.yaml	㪢	shao	0	㪢
cn_dicts/41448.dict.yaml	㲈	shao	0	㲈
cn_dicts/41448.dict.yaml	㷹	shao	0	㷹
cn_dicts/41448.dict.yaml	㸛	shao	0	㸛
cn_dicts/41448.dict.yaml	䈰	shao	0	䈰
cn_dicts/41448.dict.yaml	䈾	shao	0	䈾
cn_dicts/41448.dict.yaml	䏴	shao	0	䏴
cn_dicts/41448.dict.yaml	䒚	shao	0	䒚
cn_dicts/41448.dict.yaml	䔠	shao	0	䔠
cn_dicts/41448.dict.yaml	䙼	shao	0	䙼
cn_dicts/41448.dict.yaml	䬰	shao	0	䬰
cn_dicts/41448.dict.yaml	𠣫	shao	0	𠣫
cn_dicts/41448.dict.yaml	𠧙	shao	0	𠧙
cn_dicts/41448.dict.yaml	𠷃	shao	0	𠷃
cn_dicts/41448.dict.yaml	𡡏	shao	0	𡡏
cn_dicts/41448.dict.yaml	𢦽	shao	0	𢦽
cn_dicts/41448.dict.yaml	𢼼	shao	0	𢼼
cn_dicts/41448.dict.yaml	𢾐	shao	0	𢾐
cn_dicts/41448.dict.yaml	𤉎	shao	0	𤉎
cn_dicts/41448.dict.yaml	𤱠	shao	0	𤱠
cn_dicts/41448.dict.yaml	𥙬	shao	0	𥙬
cn_dicts/41448.dict.yaml	𥳓	shao	0	𥳓
cn_dicts/41448.dict.yaml	𥵦	shao	0	𥵦
cn_dicts/41448.dict.yaml	𦄏	shao	0	𦄏
cn_dicts/41448.dict.yaml	𦓴	shao	0	𦓴
cn_dicts/41448.dict.yaml	𦡱	shao	0	𦡱
cn_dicts/41448.dict.yaml	𦯐	shao	0	𦯐
cn_dicts/41448.dict.yaml	𦿃	shao	0	𦿃
cn_dicts/41448.dict.yaml	𧣪	shao	0	𧣪
cn_dicts/41448.dict.yaml	𧳹	shao	0	𧳹
cn_dicts/41448.dict.yaml	𨈘	shao	0	𨈘
cn_dicts/41448.dict.yaml	𨊢	shao	0	𨊢
cn_dicts/41448.dict.yaml	𨙹	shao	0	𨙹
cn_dicts/41448.dict.yaml	𨛍	shao	0	𨛍
cn_dicts/41448.dict.yaml	𨱭	shao	0	𨱭
cn_dicts/41448.dict.yaml	𨲆	shao	0	𨲆
cn_dicts/41448.dict.yaml	𩬏	shao	0	𩬏
cn_dicts/41448.dict.yaml	㒤	she	0	㒤
cn_dicts/41448.dict.yaml	㢵	she	0	㢵
cn_dicts/41448.dict.yaml	㪿	she	0	㪿
cn_dicts/41448.dict.yaml	㭙	she	0	㭙
cn_dicts/41448.dict.yaml	㰒	she	0	㰒
cn_dicts/41448.dict.yaml	㴇	she	0	㴇
cn_dicts/41448.dict.yaml	㵃	she	0	㵃
cn_dicts/41448.dict.yaml	䀅	she	0	䀅
cn_dicts/41448.dict.yaml	䀹	she	0	䀹
cn_dicts/41448.dict.yaml	䁋	she	0	䁋
cn_dicts/41448.dict.yaml	䁯	she	0	䁯
cn_dicts/41448.dict.yaml	䂠	she	0	䂠
cn_dicts/41448.dict.yaml	䄕	she	0	䄕
cn_dicts/41448.dict.yaml	䌰	she	0	䌰
cn_dicts/41448.dict.yaml	䏴	she	0	䏴
cn_dicts/41448.dict.yaml	䕣	she	0	䕣
cn_dicts/41448.dict.yaml	䜆	she	0	䜆
cn_dicts/41448.dict.yaml	䜓	she	0	䜓
cn_dicts/41448.dict.yaml	䞌	she	0	䞌
cn_dicts/41448.dict.yaml	䠟	she	0	䠟
cn_dicts/41448.dict.yaml	䠶	she	0	䠶
cn_dicts/41448.dict.yaml	䤁	she	0	䤁
cn_dicts/41448.dict.yaml	䤮	she	0	䤮
cn_dicts/41448.dict.yaml	䬷	she	0	䬷
cn_dicts/41448.dict.yaml	䰥	she	0	䰥
cn_dicts/41448.dict.yaml	䵥	she	0	䵥
cn_dicts/41448.dict.yaml	𠋞	she	0	𠋞
cn_dicts/41448.dict.yaml	𠪣	she	0	𠪣
cn_dicts/41448.dict.yaml	𠴯	she	0	𠴯
cn_dicts/41448.dict.yaml	𠾏	she	0	𠾏
cn_dicts/41448.dict.yaml	𡄢	she	0	𡄢
cn_dicts/41448.dict.yaml	𢉃	she	0	𢉃
cn_dicts/41448.dict.yaml	𢗭	she	0	𢗭
cn_dicts/41448.dict.yaml	𢶅	she	0	𢶅
cn_dicts/41448.dict.yaml	𣝒	she	0	𣝒
cn_dicts/41448.dict.yaml	𣠞	she	0	𣠞
cn_dicts/41448.dict.yaml	𣣭	she	0	𣣭
cn_dicts/41448.dict.yaml	𣸚	she	0	𣸚
cn_dicts/41448.dict.yaml	𤙱	she	0	𤙱
cn_dicts/41448.dict.yaml	𤜣	she	0	𤜣
cn_dicts/41448.dict.yaml	𤠭	she	0	𤠭
cn_dicts/41448.dict.yaml	𤺔	she	0	𤺔
cn_dicts/41448.dict.yaml	𥁹	she	0	𥁹
cn_dicts/41448.dict.yaml	𥍉	she	0	𥍉
cn_dicts/41448.dict.yaml	𥔡	she	0	𥔡
cn_dicts/41448.dict.yaml	𥘦	she	0	𥘦
cn_dicts/41448.dict.yaml	𥝀	she	0	𥝀
cn_dicts/41448.dict.yaml	𥰰	she	0	𥰰
cn_dicts/41448.dict.yaml	𥿞	she	0	𥿞
cn_dicts/41448.dict.yaml	𦁗	she	0	𦁗
cn_dicts/41448.dict.yaml	𦯬	she	0	𦯬
cn_dicts/41448.dict.yaml	𦴍	she	0	𦴍
cn_dicts/41448.dict.yaml	𦼢	she	0	𦼢
cn_dicts/41448.dict.yaml	𧉮	she	0	𧉮
cn_dicts/41448.dict.yaml	𧌖	she	0	𧌖
cn_dicts/41448.dict.yaml	𧮿	she	0	𧮿
cn_dicts/41448.dict.yaml	𧵳	she	0	𧵳
cn_dicts/41448.dict.yaml	𨛭	she	0	𨛭
cn_dicts/41448.dict.yaml	𨝫	she	0	𨝫
cn_dicts/41448.dict.yaml	𨣍	she	0	𨣍
cn_dicts/41448.dict.yaml	𩂨	she	0	𩂨
cn_dicts/41448.dict.yaml	𩂴	she	0	𩂴
cn_dicts/41448.dict.yaml	𩙝	she	0	𩙝
cn_dicts/41448.dict.yaml	𩩗	she	0	𩩗
cn_dicts/41448.dict.yaml	𩮐	she	0	𩮐
cn_dicts/41448.dict.yaml	㑗	shen	0	㑗
cn_dicts/41448.dict.yaml	㔤	shen	0	㔤
cn_dicts/41448.dict.yaml	㚞	shen	0	㚞
cn_dicts/41448.dict.yaml	㛙	shen	0	㛙
cn_dicts/41448.dict.yaml	㜤	shen	0	㜤
cn_dicts/41448.dict.yaml	㥲	shen	0	㥲
cn_dicts/41448.dict.yaml	㰂	shen	0	㰂
cn_dicts/41448.dict.yaml	㰮	shen	0	㰮
cn_dicts/41448.dict.yaml	㵊	shen	0	㵊
cn_dicts/41448.dict.yaml	㵕	shen	0	㵕
cn_dicts/41448.dict.yaml	㶒	shen	0	㶒
cn_dicts/41448.dict.yaml	㾕	shen	0	㾕
cn_dicts/41448.dict.yaml	䄕	shen	0	䄕
cn_dicts/41448.dict.yaml	䆦	shen	0	䆦
cn_dicts/41448.dict.yaml	䚓	shen	0	䚓
cn_dicts/41448.dict.yaml	䧵	shen	0	䧵
cn_dicts/41448.dict.yaml	䫖	shen	0	䫖
cn_dicts/41448.dict.yaml	䯂	shen	0	䯂
cn_dicts/41448.dict.yaml	䰠	shen	0	䰠
cn_dicts/41448.dict.yaml	𠂧	shen	0	𠂧
cn_dicts/41448.dict.yaml	𠃫	shen	0	𠃫
cn_dicts/41448.dict.yaml	𠗿	shen	0	𠗿
cn_dicts/41448.dict.yaml	𠘆	shen	0	𠘆
cn_dicts/41448.dict.yaml	𠻝	shen	0	𠻝
cn_dicts/41448.dict.yaml	𡖬	shen	0	𡖬
cn_dicts/41448.dict.yaml	𡼬	shen	0	𡼬
cn_dicts/41448.dict.yaml	𢈇	shen	0	𢈇
cn_dicts/41448.dict.yaml	𢈯	shen	0	𢈯
cn_dicts/41448.dict.yaml	𢊖	shen	0	𢊖
cn_dicts/41448.dict.yaml	𢊲	shen	0	𢊲
cn_dicts/41448.dict.yaml	𢏎	shen	0	𢏎
cn_dicts/41448.dict.yaml	𢏦	shen	0	𢏦
cn_dicts/41448.dict.yaml	𢘊	shen	0	𢘊
cn_dicts/41448.dict.yaml	𢸙	shen	0	𢸙
cn_dicts/41448.dict.yaml	𣃵	shen	0	𣃵
cn_dicts/41448.dict.yaml	𣇗	shen	0	𣇗
cn_dicts/41448.dict.yaml	𣔗	shen	0	𣔗
cn_dicts/41448.dict.yaml	𣘘	shen	0	𣘘
cn_dicts/41448.dict.yaml	𣘲	shen	0	𣘲
cn_dicts/41448.dict.yaml	𣿇	shen	0	𣿇
cn_dicts/41448.dict.yaml	𤏗	shen	0	𤏗
cn_dicts/41448.dict.yaml	𤕊	shen	0	𤕊
cn_dicts/41448.dict.yaml	𤶴	shen	0	𤶴
cn_dicts/41448.dict.yaml	𥆣	shen	0	𥆣
cn_dicts/41448.dict.yaml	𥏖	shen	0	𥏖
cn_dicts/41448.dict.yaml	𥥍	shen	0	𥥍
cn_dicts/41448.dict.yaml	𥥿	shen	0	𥥿
cn_dicts/41448.dict.yaml	𥬐	shen	0	𥬐
cn_dicts/41448.dict.yaml	𥳱	shen	0	𥳱
cn_dicts/41448.dict.yaml	𥸬	shen	0	𥸬
cn_dicts/41448.dict.yaml	𦌀	shen	0	𦌀
cn_dicts/41448.dict.yaml	𦐹	shen	0	𦐹
cn_dicts/41448.dict.yaml	𦕽	shen	0	𦕽
cn_dicts/41448.dict.yaml	𦜊	shen	0	𦜊
cn_dicts/41448.dict.yaml	𦜜	shen	0	𦜜
cn_dicts/41448.dict.yaml	𦸂	shen	0	𦸂
cn_dicts/41448.dict.yaml	𦸯	shen	0	𦸯
cn_dicts/41448.dict.yaml	𦺷	shen	0	𦺷
cn_dicts/41448.dict.yaml	𧀯	shen	0	𧀯
cn_dicts/41448.dict.yaml	𧢹	shen	0	𧢹
cn_dicts/41448.dict.yaml	𧵬	shen	0	𧵬
cn_dicts/41448.dict.yaml	𨊘	shen	0	𨊘
cn_dicts/41448.dict.yaml	𨐍	shen	0	𨐍
cn_dicts/41448.dict.yaml	𨐔	shen	0	𨐔
cn_dicts/41448.dict.yaml	𨐕	shen	0	𨐕
cn_dicts/41448.dict.yaml	𨝐	shen	0	𨝐
cn_dicts/41448.dict.yaml	𨞲	shen	0	𨞲
cn_dicts/41448.dict.yaml	𨴐	shen	0	𨴐
cn_dicts/41448.dict.yaml	𩅨	shen	0	𩅨
cn_dicts/41448.dict.yaml	𩉼	shen	0	𩉼
cn_dicts/41448.dict.yaml	𩶇	shen	0	𩶇
cn_dicts/41448.dict.yaml	𩺵	shen	0	𩺵
cn_dicts/41448.dict.yaml	㗂	sheng	0	㗂
cn_dicts/41448.dict.yaml	㞼	sheng	0	㞼
cn_dicts/41448.dict.yaml	㮐	sheng	0	㮐
cn_dicts/41448.dict.yaml	㹌	sheng	0	㹌
cn_dicts/41448.dict.yaml	㼳	sheng	0	㼳
cn_dicts/41448.dict.yaml	㾪	sheng	0	㾪
cn_dicts/41448.dict.yaml	䁞	sheng	0	䁞
cn_dicts/41448.dict.yaml	䇸	sheng	0	䇸
cn_dicts/41448.dict.yaml	䋲	sheng	0	䋲
cn_dicts/41448.dict.yaml	䎴	sheng	0	䎴
cn_dicts/41448.dict.yaml	䚇	sheng	0	䚇
cn_dicts/41448.dict.yaml	䞉	sheng	0	䞉
cn_dicts/41448.dict.yaml	䪿	sheng	0	䪿
cn_dicts/41448.dict.yaml	䱆	sheng	0	䱆
cn_dicts/41448.dict.yaml	𠇷	sheng	0	𠇷
cn_dicts/41448.dict.yaml	𠓸	sheng	0	𠓸
cn_dicts/41448.dict.yaml	𠓽	sheng	0	𠓽
cn_dicts/41448.dict.yaml	𠴢	sheng	0	𠴢
cn_dicts/41448.dict.yaml	𡞞	sheng	0	𡞞
cn_dicts/41448.dict.yaml	𡨽	sheng	0	𡨽
cn_dicts/41448.dict.yaml	𢦑	sheng	0	𢦑
cn_dicts/41448.dict.yaml	𣢡	sheng	0	𣢡
cn_dicts/41448.dict.yaml	𣬺	sheng	0	𣬺
cn_dicts/41448.dict.yaml	𤚣	sheng	0	𤚣
cn_dicts/41448.dict.yaml	𤯡	sheng	0	𤯡
cn_dicts/41448.dict.yaml	𥘥	sheng	0	𥘥
cn_dicts/41448.dict.yaml	𥟎	sheng	0	𥟎
cn_dicts/41448.dict.yaml	𦔄	sheng	0	𦔄
cn_dicts/41448.dict.yaml	𦕡	sheng	0	𦕡
cn_dicts/41448.dict.yaml	𦖞	sheng	0	𦖞
cn_dicts/41448.dict.yaml	𦛙	sheng	0	𦛙
cn_dicts/41448.dict.yaml	𦩱	sheng	0	𦩱
cn_dicts/41448.dict.yaml	𦳗	sheng	0	𦳗
cn_dicts/41448.dict.yaml	𧍖	sheng	0	𧍖
cn_dicts/41448.dict.yaml	𧡶	sheng	0	𧡶
cn_dicts/41448.dict.yaml	𧪝	sheng	0	𧪝
cn_dicts/41448.dict.yaml	𧿘	sheng	0	𧿘
cn_dicts/41448.dict.yaml	𨁠	sheng	0	𨁠
cn_dicts/41448.dict.yaml	𨕻	sheng	0	𨕻
cn_dicts/41448.dict.yaml	𨚱	sheng	0	𨚱
cn_dicts/41448.dict.yaml	𨜜	sheng	0	𨜜
cn_dicts/41448.dict.yaml	𨲉	sheng	0	𨲉
cn_dicts/41448.dict.yaml	𨲓	sheng	0	𨲓
cn_dicts/41448.dict.yaml	𨵥	sheng	0	𨵥
cn_dicts/41448.dict.yaml	𩍋	sheng	0	𩍋
cn_dicts/41448.dict.yaml	𪅻	sheng	0	𪅻
cn_dicts/41448.dict.yaml	㒾	shi	0	㒾
cn_dicts/41448.dict.yaml	㔺	shi	0	㔺
cn_dicts/41448.dict.yaml	㕜	shi	0	㕜
cn_dicts/41448.dict.yaml	㖷	shi	0	㖷
cn_dicts/41448.dict.yaml	㫅	shi	0	㫅
cn_dicts/41448.dict.yaml	㫑	shi	0	㫑
cn_dicts/41448.dict.yaml	㮶	shi	0	㮶
cn_dicts/41448.dict.yaml	㱁	shi	0	㱁
cn_dicts/41448.dict.yaml	㳏	shi	0	㳏
cn_dicts/41448.dict.yaml	㵓	shi	0	㵓
cn_dicts/41448.dict.yaml	㶴	shi	0	㶴
cn_dicts/41448.dict.yaml	㸷	shi	0	㸷
cn_dicts/41448.dict.yaml	㹝	shi	0	㹝
cn_dicts/41448.dict.yaml	㹬	shi	0	㹬
cn_dicts/41448.dict.yaml	㹷	shi	0	㹷
cn_dicts/41448.dict.yaml	䁺	shi	0	䁺
cn_dicts/41448.dict.yaml	䂖	shi	0	䂖
cn_dicts/41448.dict.yaml	䂠	shi	0	䂠
cn_dicts/41448.dict.yaml	䄷	shi	0	䄷
cn_dicts/41448.dict.yaml	䈕	shi	0	䈕
cn_dicts/41448.dict.yaml	䊓	shi	0	䊓
cn_dicts/41448.dict.yaml	䌳	shi	0	䌳
cn_dicts/41448.dict.yaml	䑛	shi	0	䑛
cn_dicts/41448.dict.yaml	䒨	shi	0	䒨
cn_dicts/41448.dict.yaml	䖨	shi	0	䖨
cn_dicts/41448.dict.yaml	䗐	shi	0	䗐
cn_dicts/41448.dict.yaml	䙾	shi	0	䙾
cn_dicts/41448.dict.yaml	䛈	shi	0	䛈
cn_dicts/41448.dict.yaml	䜴	shi	0	䜴
cn_dicts/41448.dict.yaml	䜵	shi	0	䜵
cn_dicts/41448.dict.yaml	䜻	shi	0	䜻
cn_dicts/41448.dict.yaml	䟗	shi	0	䟗
cn_dicts/41448.dict.yaml	䤭	shi	0	䤭
cn_dicts/41448.dict.yaml	䤱	shi	0	䤱
cn_dicts/41448.dict.yaml	䦠	shi	0	䦠
cn_dicts/41448.dict.yaml	䦹	shi	0	䦹
cn_dicts/41448.dict.yaml	䩃	shi	0	䩃
cn_dicts/41448.dict.yaml	䭄	shi	0	䭄
cn_dicts/41448.dict.yaml	䰄	shi	0	䰄
cn_dicts/41448.dict.yaml	䲽	shi	0	䲽
cn_dicts/41448.dict.yaml	䶡	shi	0	䶡
cn_dicts/41448.dict.yaml	䶵	shi	0	䶵
cn_dicts/41448.dict.yaml	𠀍	shi	0	𠀍
cn_dicts/41448.dict.yaml	𠁗	shi	0	𠁗
cn_dicts/41448.dict.yaml	𠇳	shi	0	𠇳
cn_dicts/41448.dict.yaml	𠓤	shi	0	𠓤
cn_dicts/41448.dict.yaml	𠘪	shi	0	𠘪
cn_dicts/41448.dict.yaml	𠡥	shi	0	𠡥
cn_dicts/41448.dict.yaml	𠥿	shi	0	𠥿
cn_dicts/41448.dict.yaml	𠩔	shi	0	𠩔
cn_dicts/41448.dict.yaml	𠫺	shi	0	𠫺
cn_dicts/41448.dict.yaml	𠯰	shi	0	𠯰
cn_dicts/41448.dict.yaml	𠰚	shi	0	𠰚
cn_dicts/41448.dict.yaml	𠰴	shi	0	𠰴
cn_dicts/41448.dict.yaml	𠷇	shi	0	𠷇
cn_dicts/41448.dict.yaml	𡀗	shi	0	𡀗
cn_dicts/41448.dict.yaml	𡂓	shi	0	𡂓
cn_dicts/41448.dict.yaml	𡅵	shi	0	𡅵
cn_dicts/41448.dict.yaml	𡉸	shi	0	𡉸
cn_dicts/41448.dict.yaml	𡚼	shi	0	𡚼
cn_dicts/41448.dict.yaml	𡟕	shi	0	𡟕
cn_dicts/41448.dict.yaml	𡠋	shi	0	𡠋
cn_dicts/41448.dict.yaml	𡣪	shi	0	𡣪
cn_dicts/41448.dict.yaml	𡫵	shi	0	𡫵
cn_dicts/41448.dict.yaml	𡰯	shi	0	𡰯
cn_dicts/41448.dict.yaml	𡱁	shi	0	𡱁
cn_dicts/41448.dict.yaml	𡶈	shi	0	𡶈
cn_dicts/41448.dict.yaml	𡷈	shi	0	𡷈
cn_dicts/41448.dict.yaml	𡺔	shi	0	𡺔
cn_dicts/41448.dict.yaml	𢀕	shi	0	𢀕
cn_dicts/41448.dict.yaml	𢁓	shi	0	𢁓
cn_dicts/41448.dict.yaml	𢂑	shi	0	𢂑
cn_dicts/41448.dict.yaml	𢃰	shi	0	𢃰
cn_dicts/41448.dict.yaml	𢏯	shi	0	𢏯
cn_dicts/41448.dict.yaml	𢝬	shi	0	𢝬
cn_dicts/41448.dict.yaml	𢟯	shi	0	𢟯
cn_dicts/41448.dict.yaml	𢧏	shi	0	𢧏
cn_dicts/41448.dict.yaml	𢨝	shi	0	𢨝
cn_dicts/41448.dict.yaml	𢺿	shi	0	𢺿
cn_dicts/41448.dict.yaml	𢻘	shi	0	𢻘
cn_dicts/41448.dict.yaml	𢻫	shi	0	𢻫
cn_dicts/41448.dict.yaml	𢼉	shi	0	𢼉
cn_dicts/41448.dict.yaml	𢼊	shi	0	𢼊
cn_dicts/41448.dict.yaml	𣁒	shi	0	𣁒
cn_dicts/41448.dict.yaml	𣆘	shi	0	𣆘
cn_dicts/41448.dict.yaml	𣏚	shi	0	𣏚
cn_dicts/41448.dict.yaml	𣚌	shi	0	𣚌
cn_dicts/41448.dict.yaml	𣤘	shi	0	𣤘
cn_dicts/41448.dict.yaml	𣧚	shi	0	𣧚
cn_dicts/41448.dict.yaml	𣬐	shi	0	𣬐
cn_dicts/41448.dict.yaml	𤆰	shi	0	𤆰
cn_dicts/41448.dict.yaml	𤉏	shi	0	𤉏
cn_dicts/41448.dict.yaml	𤑦	shi	0	𤑦
cn_dicts/41448.dict.yaml	𤖻	shi	0	𤖻
cn_dicts/41448.dict.yaml	𤜣	shi	0	𤜣
cn_dicts/41448.dict.yaml	𤢼	shi	0	𤢼
cn_dicts/41448.dict.yaml	𤯄	shi	0	𤯄
cn_dicts/41448.dict.yaml	𤯜	shi	0	𤯜
cn_dicts/41448.dict.yaml	𤸤	shi	0	𤸤
cn_dicts/41448.dict.yaml	𤹌	shi	0	𤹌
cn_dicts/41448.dict.yaml	𥅔	shi	0	𥅔
cn_dicts/41448.dict.yaml	𥅞	shi	0	𥅞
cn_dicts/41448.dict.yaml	𥇲	shi	0	𥇲
cn_dicts/41448.dict.yaml	𥍸	shi	0	𥍸
cn_dicts/41448.dict.yaml	𥐘	shi	0	𥐘
cn_dicts/41448.dict.yaml	𥑏	shi	0	𥑏
cn_dicts/41448.dict.yaml	𥛨	shi	0	𥛨
cn_dicts/41448.dict.yaml	𥜰	shi	0	𥜰
cn_dicts/41448.dict.yaml	𥥥	shi	0	𥥥
cn_dicts/41448.dict.yaml	𥫴	shi	0	𥫴
cn_dicts/41448.dict.yaml	𥫽	shi	0	𥫽
cn_dicts/41448.dict.yaml	𥰰	shi	0	𥰰
cn_dicts/41448.dict.yaml	𥼶	shi	0	𥼶
cn_dicts/41448.dict.yaml	𥿅	shi	0	𥿅
cn_dicts/41448.dict.yaml	𥿮	shi	0	𥿮
cn_dicts/41448.dict.yaml	𦌿	shi	0	𦌿
cn_dicts/41448.dict.yaml	𦒈	shi	0	𦒈
cn_dicts/41448.dict.yaml	𦔂	shi	0	𦔂
cn_dicts/41448.dict.yaml	𦔥	shi	0	𦔥
cn_dicts/41448.dict.yaml	𦚨	shi	0	𦚨
cn_dicts/41448.dict.yaml	𦰯	shi	0	𦰯
cn_dicts/41448.dict.yaml	𦳊	shi	0	𦳊
cn_dicts/41448.dict.yaml	𦿇	shi	0	𦿇
cn_dicts/41448.dict.yaml	𧄹	shi	0	𧄹
cn_dicts/41448.dict.yaml	𧊖	shi	0	𧊖
cn_dicts/41448.dict.yaml	𧋒	shi	0	𧋒
cn_dicts/41448.dict.yaml	𧍀	shi	0	𧍀
cn_dicts/41448.dict.yaml	𧕯	shi	0	𧕯
cn_dicts/41448.dict.yaml	𧜂	shi	0	𧜂
cn_dicts/41448.dict.yaml	𧝊	shi	0	𧝊
cn_dicts/41448.dict.yaml	𧞲	shi	0	𧞲
cn_dicts/41448.dict.yaml	𧠜	shi	0	𧠜
cn_dicts/41448.dict.yaml	𧠡	shi	0	𧠡
cn_dicts/41448.dict.yaml	𧥖	shi	0	𧥖
cn_dicts/41448.dict.yaml	𧧅	shi	0	𧧅
cn_dicts/41448.dict.yaml	𧩹	shi	0	𧩹
cn_dicts/41448.dict.yaml	𧳅	shi	0	𧳅
cn_dicts/41448.dict.yaml	𧵋	shi	0	𧵋
cn_dicts/41448.dict.yaml	𧻸	shi	0	𧻸
cn_dicts/41448.dict.yaml	𨒍	shi	0	𨒍
cn_dicts/41448.dict.yaml	𨒧	shi	0	𨒧
cn_dicts/41448.dict.yaml	𨙩	shi	0	𨙩
cn_dicts/41448.dict.yaml	𨟂	shi	0	𨟂
cn_dicts/41448.dict.yaml	𨱡	shi	0	𨱡
cn_dicts/41448.dict.yaml	𨴯	shi	0	𨴯
cn_dicts/41448.dict.yaml	𨸝	shi	0	𨸝
cn_dicts/41448.dict.yaml	𨽄	shi	0	𨽄
cn_dicts/41448.dict.yaml	𩋡	shi	0	𩋡
cn_dicts/41448.dict.yaml	𩒂	shi	0	𩒂
cn_dicts/41448.dict.yaml	𩗎	shi	0	𩗎
cn_dicts/41448.dict.yaml	𩙢	shi	0	𩙢
cn_dicts/41448.dict.yaml	𩛌	shi	0	𩛌
cn_dicts/41448.dict.yaml	𩛏	shi	0	𩛏
cn_dicts/41448.dict.yaml	𩥐	shi	0	𩥐
cn_dicts/41448.dict.yaml	𩬭	shi	0	𩬭
cn_dicts/41448.dict.yaml	𩭐	shi	0	𩭐
cn_dicts/41448.dict.yaml	𩰢	shi	0	𩰢
cn_dicts/41448.dict.yaml	𪀔	shi	0	𪀔
cn_dicts/41448.dict.yaml	𪊢	shi	0	𪊢
cn_dicts/41448.dict.yaml	𪓻	shi	0	𪓻
cn_dicts/41448.dict.yaml	𪓿	shi	0	𪓿
cn_dicts/41448.dict.yaml	𪗧	shi	0	𪗧
cn_dicts/41448.dict.yaml	㖟	shou	0	㖟
cn_dicts/41448.dict.yaml	㝊	shou	0	㝊
cn_dicts/41448.dict.yaml	㥅	shou	0	㥅
cn_dicts/41448.dict.yaml	䛵	shou	0	䛵
cn_dicts/41448.dict.yaml	䭭	shou	0	䭭
cn_dicts/41448.dict.yaml	龵	shou	0	龵
cn_dicts/41448.dict.yaml	𠈅	shou	0	𠈅
cn_dicts/41448.dict.yaml	𠱔	shou	0	𠱔
cn_dicts/41448.dict.yaml	𠷃	shou	0	𠷃
cn_dicts/41448.dict.yaml	𠷎	shou	0	𠷎
cn_dicts/41448.dict.yaml	𡧕	shou	0	𡧕
cn_dicts/41448.dict.yaml	𡬳	shou	0	𡬳
cn_dicts/41448.dict.yaml	𡭮	shou	0	𡭮
cn_dicts/41448.dict.yaml	𣒻	shou	0	𣒻
cn_dicts/41448.dict.yaml	𤙘	shou	0	𤙘
cn_dicts/41448.dict.yaml	𤚔	shou	0	𤚔
cn_dicts/41448.dict.yaml	𤱜	shou	0	𤱜
cn_dicts/41448.dict.yaml	𥅪	shou	0	𥅪
cn_dicts/41448.dict.yaml	𥅷	shou	0	𥅷
cn_dicts/41448.dict.yaml	𥙰	shou	0	𥙰
cn_dicts/41448.dict.yaml	𥨝	shou	0	𥨝
cn_dicts/41448.dict.yaml	𥾹	shou	0	𥾹
cn_dicts/41448.dict.yaml	𦣻	shou	0	𦣻
cn_dicts/41448.dict.yaml	𧈙	shou	0	𧈙
cn_dicts/41448.dict.yaml	𧌅	shou	0	𧌅
cn_dicts/41448.dict.yaml	𧚯	shou	0	𧚯
cn_dicts/41448.dict.yaml	𧜃	shou	0	𧜃
cn_dicts/41448.dict.yaml	𧤙	shou	0	𧤙
cn_dicts/41448.dict.yaml	𧯼	shou	0	𧯼
cn_dicts/41448.dict.yaml	𧵃	shou	0	𧵃
cn_dicts/41448.dict.yaml	𨛶	shou	0	𨛶
cn_dicts/41448.dict.yaml	𨞪	shou	0	𨞪
cn_dicts/41448.dict.yaml	𩠦	shou	0	𩠦
cn_dicts/41448.dict.yaml	𩠶	shou	0	𩠶
cn_dicts/41448.dict.yaml	𩴍	shou	0	𩴍
cn_dicts/41448.dict.yaml	𪈀	shou	0	𪈀
cn_dicts/41448.dict.yaml	㒔	shu	0	㒔
cn_dicts/41448.dict.yaml	㛸	shu	0	㛸
cn_dicts/41448.dict.yaml	㜐	shu	0	㜐
cn_dicts/41448.dict.yaml	㟬	shu	0	㟬
cn_dicts/41448.dict.yaml	㡏	shu	0	㡏
cn_dicts/41448.dict.yaml	㣽	shu	0	㣽
cn_dicts/41448.dict.yaml	㫹	shu	0	㫹
cn_dicts/41448.dict.yaml	㯮	shu	0	㯮
cn_dicts/41448.dict.yaml	㳆	shu	0	㳆
cn_dicts/41448.dict.yaml	㵂	shu	0	㵂
cn_dicts/41448.dict.yaml	㶖	shu	0	㶖
cn_dicts/41448.dict.yaml	㷂	shu	0	㷂
cn_dicts/41448.dict.yaml	㻿	shu	0	㻿
cn_dicts/41448.dict.yaml	㽰	shu	0	㽰
cn_dicts/41448.dict.yaml	㾁	shu	0	㾁
cn_dicts/41448.dict.yaml	䃞	shu	0	䃞
cn_dicts/41448.dict.yaml	䆝	shu	0	䆝
cn_dicts/41448.dict.yaml	䉀	shu	0	䉀
cn_dicts/41448.dict.yaml	䎉	shu	0	䎉
cn_dicts/41448.dict.yaml	䑕	shu	0	䑕
cn_dicts/41448.dict.yaml	䘤	shu	0	䘤
cn_dicts/41448.dict.yaml	䙱	shu	0	䙱
cn_dicts/41448.dict.yaml	䜹	shu	0	䜹
cn_dicts/41448.dict.yaml	䝂	shu	0	䝂
cn_dicts/41448.dict.yaml	䝪	shu	0	䝪
cn_dicts/41448.dict.yaml	䞖	shu	0	䞖
cn_dicts/41448.dict.yaml	䠱	shu	0	䠱
cn_dicts/41448.dict.yaml	䠼	shu	0	䠼
cn_dicts/41448.dict.yaml	䢞	shu	0	䢞
cn_dicts/41448.dict.yaml	䢤	shu	0	䢤
cn_dicts/41448.dict.yaml	䩱	shu	0	䩱
cn_dicts/41448.dict.yaml	䩳	shu	0	䩳
cn_dicts/41448.dict.yaml	䭭	shu	0	䭭
cn_dicts/41448.dict.yaml	䴰	shu	0	䴰
cn_dicts/41448.dict.yaml	𠊪	shu	0	𠊪
cn_dicts/41448.dict.yaml	𠐊	shu	0	𠐊
cn_dicts/41448.dict.yaml	𠘧	shu	0	𠘧
cn_dicts/41448.dict.yaml	𠙎	shu	0	𠙎
cn_dicts/41448.dict.yaml	𠦜	shu	0	𠦜
cn_dicts/41448.dict.yaml	𠲌	shu	0	𠲌
cn_dicts/41448.dict.yaml	𠾢	shu	0	𠾢
cn_dicts/41448.dict.yaml	𡂡	shu	0	𡂡
cn_dicts/41448.dict.yaml	𡊍	shu	0	𡊍
cn_dicts/41448.dict.yaml	𡑀	shu	0	𡑀
cn_dicts/41448.dict.yaml	𡒒	shu	0	𡒒
cn_dicts/41448.dict.yaml	𡔪	shu	0	𡔪
cn_dicts/41448.dict.yaml	𡣈	shu	0	𡣈
cn_dicts/41448.dict.yaml	𡤽	shu	0	𡤽
cn_dicts/41448.dict.yaml	𡦛	shu	0	𡦛
cn_dicts/41448.dict.yaml	𡧔	shu	0	𡧔
cn_dicts/41448.dict.yaml	𡱆	shu	0	𡱆
cn_dicts/41448.dict.yaml	𢋂	shu	0	𢋂
cn_dicts/41448.dict.yaml	𢞣	shu	0	𢞣
cn_dicts/41448.dict.yaml	𢠫	shu	0	𢠫
cn_dicts/41448.dict.yaml	𢧇	shu	0	𢧇
cn_dicts/41448.dict.yaml	𣀻	shu	0	𣀻
cn_dicts/41448.dict.yaml	𣉛	shu	0	𣉛
cn_dicts/41448.dict.yaml	𣏗	shu	0	𣏗
cn_dicts/41448.dict.yaml	𣤯	shu	0	𣤯
cn_dicts/41448.dict.yaml	𣰿	shu	0	𣰿
cn_dicts/41448.dict.yaml	𣻚	shu	0	𣻚
cn_dicts/41448.dict.yaml	𤍓	shu	0	𤍓
cn_dicts/41448.dict.yaml	𤕟	shu	0	𤕟
cn_dicts/41448.dict.yaml	𤗪	shu	0	𤗪
cn_dicts/41448.dict.yaml	𤘷	shu	0	𤘷
cn_dicts/41448.dict.yaml	𤞉	shu	0	𤞉
cn_dicts/41448.dict.yaml	𤱐	shu	0	𤱐
cn_dicts/41448.dict.yaml	𤴙	shu	0	𤴙
cn_dicts/41448.dict.yaml	𤻃	shu	0	𤻃
cn_dicts/41448.dict.yaml	𥌚	shu	0	𥌚
cn_dicts/41448.dict.yaml	𥍝	shu	0	𥍝
cn_dicts/41448.dict.yaml	𥞃	shu	0	𥞃
cn_dicts/41448.dict.yaml	𥣋	shu	0	𥣋
cn_dicts/41448.dict.yaml	𥳕	shu	0	𥳕
cn_dicts/41448.dict.yaml	𥿇	shu	0	𥿇
cn_dicts/41448.dict.yaml	𦈷	shu	0	𦈷
cn_dicts/41448.dict.yaml	𦍄	shu	0	𦍄
cn_dicts/41448.dict.yaml	𦐣	shu	0	𦐣
cn_dicts/41448.dict.yaml	𦒶	shu	0	𦒶
cn_dicts/41448.dict.yaml	𦠦	shu	0	𦠦
cn_dicts/41448.dict.yaml	𦤂	shu	0	𦤂
cn_dicts/41448.dict.yaml	𦶕	shu	0	𦶕
cn_dicts/41448.dict.yaml	𦺗	shu	0	𦺗
cn_dicts/41448.dict.yaml	𦺪	shu	0	𦺪
cn_dicts/41448.dict.yaml	𧁿	shu	0	𧁿
cn_dicts/41448.dict.yaml	𧄔	shu	0	𧄔
cn_dicts/41448.dict.yaml	𧇝	shu	0	𧇝
cn_dicts/41448.dict.yaml	𧊠	shu	0	𧊠
cn_dicts/41448.dict.yaml	𧑓	shu	0	𧑓
cn_dicts/41448.dict.yaml	𧒑	shu	0	𧒑
cn_dicts/41448.dict.yaml	𧗱	shu	0	𧗱
cn_dicts/41448.dict.yaml	𧞀	shu	0	𧞀
cn_dicts/41448.dict.yaml	𧞫	shu	0	𧞫
cn_dicts/41448.dict.yaml	𧠣	shu	0	𧠣
cn_dicts/41448.dict.yaml	𧼯	shu	0	𧼯
cn_dicts/41448.dict.yaml	𨁀	shu	0	𨁀
cn_dicts/41448.dict.yaml	𨅒	shu	0	𨅒
cn_dicts/41448.dict.yaml	𨔦	shu	0	𨔦
cn_dicts/41448.dict.yaml	𨛭	shu	0	𨛭
cn_dicts/41448.dict.yaml	𨶝	shu	0	𨶝
cn_dicts/41448.dict.yaml	𨷙	shu	0	𨷙
cn_dicts/41448.dict.yaml	𨽉	shu	0	𨽉
cn_dicts/41448.dict.yaml	𩛅	shu	0	𩛅
cn_dicts/41448.dict.yaml	𩢻	shu	0	𩢻
cn_dicts/41448.dict.yaml	𩪍	shu	0	𩪍
cn_dicts/41448.dict.yaml	𩳅	shu	0	𩳅
cn_dicts/41448.dict.yaml	𩷌	shu	0	𩷌
cn_dicts/41448.dict.yaml	𪅰	shu	0	𪅰
cn_dicts/41448.dict.yaml	𪌶	shu	0	𪌶
cn_dicts/41448.dict.yaml	𪐧	shu	0	𪐧
cn_dicts/41448.dict.yaml	㕞	shua	0	㕞
cn_dicts/41448.dict.yaml	𠛚	shua	0	𠛚
cn_dicts/41448.dict.yaml	𤔙	shua	0	𤔙
cn_dicts/41448.dict.yaml	𩈥	shua	0	𩈥
cn_dicts/41448.dict.yaml	𩉆	shua	0	𩉆
cn_dicts/41448.dict.yaml	𩤤	shua	0	𩤤
cn_dicts/41448.dict.yaml	䢦	shuai	0	䢦
cn_dicts/41448.dict.yaml	𠌭	shuai	0	𠌭
cn_dicts/41448.dict.yaml	𠞩	shuai	0	𠞩
cn_dicts/41448.dict.yaml	𢕅	shuai	0	𢕅
cn_dicts/41448.dict.yaml	𢕑	shuai	0	𢕑
cn_dicts/41448.dict.yaml	𣘚	shuai	0	𣘚
cn_dicts/41448.dict.yaml	𣼧	shuai	0	𣼧
cn_dicts/41448.dict.yaml	𤀤	shuai	0	𤀤
cn_dicts/41448.dict.yaml	𤠠	shuai	0	𤠠
cn_dicts/41448.dict.yaml	𤸬	shuai	0	𤸬
cn_dicts/41448.dict.yaml	𤺀	shuai	0	𤺀
cn_dicts/41448.dict.yaml	𧍓	shuai	0	𧍓
cn_dicts/41448.dict.yaml	𧗿	shuai	0	𧗿
cn_dicts/41448.dict.yaml	𧜠	shuai	0	𧜠
cn_dicts/41448.dict.yaml	𨄮	shuai	0	𨄮
cn_dicts/41448.dict.yaml	𩘱	shuai	0	𩘱
cn_dicts/41448.dict.yaml	䧠	shuan	0	䧠
cn_dicts/41448.dict.yaml	𡭐	shuan	0	𡭐
cn_dicts/41448.dict.yaml	𢩠	shuan	0	𢩠
cn_dicts/41448.dict.yaml	𢮛	shuan	0	𢮛
cn_dicts/41448.dict.yaml	𣔫	shuan	0	𣔫
cn_dicts/41448.dict.yaml	𣠸	shuan	0	𣠸
cn_dicts/41448.dict.yaml	𤅲	shuan	0	𤅲
cn_dicts/41448.dict.yaml	𦁆	shuan	0	𦁆
cn_dicts/41448.dict.yaml	𦝏	shuan	0	𦝏
cn_dicts/41448.dict.yaml	𦺲	shuan	0	𦺲
cn_dicts/41448.dict.yaml	𨄔	shuan	0	𨄔
cn_dicts/41448.dict.yaml	𨏉	shuan	0	𨏉
cn_dicts/41448.dict.yaml	㕠	shuang	0	㕠
cn_dicts/41448.dict.yaml	㦼	shuang	0	㦼
cn_dicts/41448.dict.yaml	㼽	shuang	0	㼽
cn_dicts/41448.dict.yaml	䉶	shuang	0	䉶
cn_dicts/41448.dict.yaml	䔪	shuang	0	䔪
cn_dicts/41448.dict.yaml	䗮	shuang	0	䗮
cn_dicts/41448.dict.yaml	䝄	shuang	0	䝄
cn_dicts/41448.dict.yaml	䡯	shuang	0	䡯
cn_dicts/41448.dict.yaml	䫪	shuang	0	䫪
cn_dicts/41448.dict.yaml	𠗾	shuang	0	𠗾
cn_dicts/41448.dict.yaml	𡑽	shuang	0	𡑽
cn_dicts/41448.dict.yaml	𥡠	shuang	0	𥡠
cn_dicts/41448.dict.yaml	𥱶	shuang	0	𥱶
cn_dicts/41448.dict.yaml	𥲚	shuang	0	𥲚
cn_dicts/41448.dict.yaml	𦄍	shuang	0	𦄍
cn_dicts/41448.dict.yaml	𦆌	shuang	0	𦆌
cn_dicts/41448.dict.yaml	𧄐	shuang	0	𧄐
cn_dicts/41448.dict.yaml	𧕟	shuang	0	𧕟
cn_dicts/41448.dict.yaml	𧕺	shuang	0	𧕺
cn_dicts/41448.dict.yaml	𧴅	shuang	0	𧴅
cn_dicts/41448.dict.yaml	𨇯	shuang	0	𨇯
cn_dicts/41448.dict.yaml	𩅪	shuang	0	𩅪
cn_dicts/41448.dict.yaml	𩆿	shuang	0	𩆿
cn_dicts/41448.dict.yaml	𩦌	shuang	0	𩦌
cn_dicts/41448.dict.yaml	𩽧	shuang	0	𩽧
cn_dicts/41448.dict.yaml	㔑	shui	0	㔑
cn_dicts/41448.dict.yaml	㝽	shui	0	㝽
cn_dicts/41448.dict.yaml	㥨	shui	0	㥨
cn_dicts/41448.dict.yaml	㽷	shui	0	㽷
cn_dicts/41448.dict.yaml	䬽	shui	0	䬽
cn_dicts/41448.dict.yaml	䭨	shui	0	䭨
cn_dicts/41448.dict.yaml	䲧	shui	0	䲧
cn_dicts/41448.dict.yaml	𠻜	shui	0	𠻜
cn_dicts/41448.dict.yaml	𡯑	shui	0	𡯑
cn_dicts/41448.dict.yaml	𡱊	shui	0	𡱊
cn_dicts/41448.dict.yaml	𢇤	shui	0	𢇤
cn_dicts/41448.dict.yaml	𢏅	shui	0	𢏅
cn_dicts/41448.dict.yaml	𤆙	shui	0	𤆙
cn_dicts/41448.dict.yaml	𥌘	shui	0	𥌘
cn_dicts/41448.dict.yaml	𥫸	shui	0	𥫸
cn_dicts/41448.dict.yaml	𦙙	shui	0	𦙙
cn_dicts/41448.dict.yaml	𦣢	shui	0	𦣢
cn_dicts/41448.dict.yaml	𧀣	shui	0	𧀣
cn_dicts/41448.dict.yaml	𨓚	shui	0	𨓚
cn_dicts/41448.dict.yaml	𨿠	shui	0	𨿠
cn_dicts/41448.dict.yaml	𩟥	shui	0	𩟥
cn_dicts/41448.dict.yaml	𩩞	shui	0	𩩞
cn_dicts/41448.dict.yaml	㥧	shun	0	㥧
cn_dicts/41448.dict.yaml	㯗	shun	0	㯗
cn_dicts/41448.dict.yaml	䀢	shun	0	䀢
cn_dicts/41448.dict.yaml	䀵	shun	0	䀵
cn_dicts/41448.dict.yaml	䑞	shun	0	䑞
cn_dicts/41448.dict.yaml	䞐	shun	0	䞐
cn_dicts/41448.dict.yaml	䴄	shun	0	䴄
cn_dicts/41448.dict.yaml	𨝜	shun	0	𨝜
cn_dicts/41448.dict.yaml	𨺠	shun	0	𨺠
cn_dicts/41448.dict.yaml	㮶	shuo	0	㮶
cn_dicts/41448.dict.yaml	㸛	shuo	0	㸛
cn_dicts/41448.dict.yaml	䀥	shuo	0	䀥
cn_dicts/41448.dict.yaml	䁻	shuo	0	䁻
cn_dicts/41448.dict.yaml	䈾	shuo	0	䈾
cn_dicts/41448.dict.yaml	䌃	shuo	0	䌃
cn_dicts/41448.dict.yaml	𠲾	shuo	0	𠲾
cn_dicts/41448.dict.yaml	𠲿	shuo	0	𠲿
cn_dicts/41448.dict.yaml	𣀝	shuo	0	𣀝
cn_dicts/41448.dict.yaml	𣝇	shuo	0	𣝇
cn_dicts/41448.dict.yaml	𣷥	shuo	0	𣷥
cn_dicts/41448.dict.yaml	𣸛	shuo	0	𣸛
cn_dicts/41448.dict.yaml	𣻘	shuo	0	𣻘
cn_dicts/41448.dict.yaml	𤄶	shuo	0	𤄶
cn_dicts/41448.dict.yaml	𤡯	shuo	0	𤡯
cn_dicts/41448.dict.yaml	𤢴	shuo	0	𤢴
cn_dicts/41448.dict.yaml	𥌞	shuo	0	𥌞
cn_dicts/41448.dict.yaml	𦂗	shuo	0	𦂗
cn_dicts/41448.dict.yaml	𦃗	shuo	0	𦃗
cn_dicts/41448.dict.yaml	𦋞	shuo	0	𦋞
cn_dicts/41448.dict.yaml	𧋊	shuo	0	𧋊
cn_dicts/41448.dict.yaml	𨨺	shuo	0	𨨺
cn_dicts/41448.dict.yaml	𩟧	shuo	0	𩟧
cn_dicts/41448.dict.yaml	𪎒	shuo	0	𪎒
cn_dicts/41448.dict.yaml	㐌	si	0	㐌
cn_dicts/41448.dict.yaml	㕽	si	0	㕽
cn_dicts/41448.dict.yaml	㚶	si	0	㚶
cn_dicts/41448.dict.yaml	㜦	si	0	㜦
cn_dicts/41448.dict.yaml	㣈	si	0	㣈
cn_dicts/41448.dict.yaml	㭒	si	0	㭒
cn_dicts/41448.dict.yaml	㴲	si	0	㴲
cn_dicts/41448.dict.yaml	㸻	si	0	㸻
cn_dicts/41448.dict.yaml	㹑	si	0	㹑
cn_dicts/41448.dict.yaml	㺇	si	0	㺇
cn_dicts/41448.dict.yaml	㺨	si	0	㺨
cn_dicts/41448.dict.yaml	䂖	si	0	䂖
cn_dicts/41448.dict.yaml	䃽	si	0	䃽
cn_dicts/41448.dict.yaml	䇁	si	0	䇁
cn_dicts/41448.dict.yaml	䇃	si	0	䇃
cn_dicts/41448.dict.yaml	䎣	si	0	䎣
cn_dicts/41448.dict.yaml	䏤	si	0	䏤
cn_dicts/41448.dict.yaml	䔮	si	0	䔮
cn_dicts/41448.dict.yaml	䦙	si	0	䦙
cn_dicts/41448.dict.yaml	𠀓	si	0	𠀓
cn_dicts/41448.dict.yaml	𠋡	si	0	𠋡
cn_dicts/41448.dict.yaml	𠖓	si	0	𠖓
cn_dicts/41448.dict.yaml	𠭈	si	0	𠭈
cn_dicts/41448.dict.yaml	𠳎	si	0	𠳎
cn_dicts/41448.dict.yaml	𡡒	si	0	𡡒
cn_dicts/41448.dict.yaml	𢈶	si	0	𢈶
cn_dicts/41448.dict.yaml	𢊀	si	0	𢊀
cn_dicts/41448.dict.yaml	𢍭	si	0	𢍭
cn_dicts/41448.dict.yaml	𢛥	si	0	𢛥
cn_dicts/41448.dict.yaml	𢠹	si	0	𢠹
cn_dicts/41448.dict.yaml	𢦲	si	0	𢦲
cn_dicts/41448.dict.yaml	𣂖	si	0	𣂖
cn_dicts/41448.dict.yaml	𣙼	si	0	𣙼
cn_dicts/41448.dict.yaml	𣚄	si	0	𣚄
cn_dicts/41448.dict.yaml	𣣌	si	0	𣣌
cn_dicts/41448.dict.yaml	𣣑	si	0	𣣑
cn_dicts/41448.dict.yaml	𣩠	si	0	𣩠
cn_dicts/41448.dict.yaml	𣱻	si	0	𣱻
cn_dicts/41448.dict.yaml	𤆟	si	0	𤆟
cn_dicts/41448.dict.yaml	𤣵	si	0	𤣵
cn_dicts/41448.dict.yaml	𤱸	si	0	𤱸
cn_dicts/41448.dict.yaml	𤺊	si	0	𤺊
cn_dicts/41448.dict.yaml	𥄶	si	0	𥄶
cn_dicts/41448.dict.yaml	𥐀	si	0	𥐀
cn_dicts/41448.dict.yaml	𥒲	si	0	𥒲
cn_dicts/41448.dict.yaml	𥕶	si	0	𥕶
cn_dicts/41448.dict.yaml	𥙉	si	0	𥙉
cn_dicts/41448.dict.yaml	𥝠	si	0	𥝠
cn_dicts/41448.dict.yaml	𥠱	si	0	𥠱
cn_dicts/41448.dict.yaml	𥯨	si	0	𥯨
cn_dicts/41448.dict.yaml	𥹊	si	0	𥹊
cn_dicts/41448.dict.yaml	𦇲	si	0	𦇲
cn_dicts/41448.dict.yaml	𦇵	si	0	𦇵
cn_dicts/41448.dict.yaml	𦔌	si	0	𦔌
cn_dicts/41448.dict.yaml	𦭡	si	0	𦭡
cn_dicts/41448.dict.yaml	𦮺	si	0	𦮺
cn_dicts/41448.dict.yaml	𦸷	si	0	𦸷
cn_dicts/41448.dict.yaml	𦽕	si	0	𦽕
cn_dicts/41448.dict.yaml	𧀚	si	0	𧀚
cn_dicts/41448.dict.yaml	𧀩	si	0	𧀩
cn_dicts/41448.dict.yaml	𧝤	si	0	𧝤
cn_dicts/41448.dict.yaml	𧣛	si	0	𧣛
cn_dicts/41448.dict.yaml	𧬊	si	0	𧬊
cn_dicts/41448.dict.yaml	𧱅	si	0	𧱅
cn_dicts/41448.dict.yaml	𧳙	si	0	𧳙
cn_dicts/41448.dict.yaml	𨮭	si	0	𨮭
cn_dicts/41448.dict.yaml	𨽼	si	0	𨽼
cn_dicts/41448.dict.yaml	𩅰	si	0	𩅰
cn_dicts/41448.dict.yaml	𩆵	si	0	𩆵
cn_dicts/41448.dict.yaml	𩵗	si	0	𩵗
cn_dicts/41448.dict.yaml	𩸟	si	0	𩸟
cn_dicts/41448.dict.yaml	𩺛	si	0	𩺛
cn_dicts/41448.dict.yaml	𪆁	si	0	𪆁
cn_dicts/41448.dict.yaml	𪆗	si	0	𪆗
cn_dicts/41448.dict.yaml	𪊍	si	0	𪊍
cn_dicts/41448.dict.yaml	𪕳	si	0	𪕳
cn_dicts/41448.dict.yaml	𪖉	si	0	𪖉
cn_dicts/41448.dict.yaml	愡	song	0	愡
cn_dicts/41448.dict.yaml	㕬	song	0	㕬
cn_dicts/41448.dict.yaml	㞞	song	0	㞞
cn_dicts/41448.dict.yaml	㣝	song	0	㣝
cn_dicts/41448.dict.yaml	㨦	song	0	㨦
cn_dicts/41448.dict.yaml	㩳	song	0	㩳
cn_dicts/41448.dict.yaml	㮸	song	0	㮸
cn_dicts/41448.dict.yaml	䉥	song	0	䉥
cn_dicts/41448.dict.yaml	䛦	song	0	䛦
cn_dicts/41448.dict.yaml	䜬	song	0	䜬
cn_dicts/41448.dict.yaml	䢠	song	0	䢠
cn_dicts/41448.dict.yaml	𠳼	song	0	𠳼
cn_dicts/41448.dict.yaml	𡇝	song	0	𡇝
cn_dicts/41448.dict.yaml	𡷽	song	0	𡷽
cn_dicts/41448.dict.yaml	𡾼	song	0	𡾼
cn_dicts/41448.dict.yaml	𢓣	song	0	𢓣
cn_dicts/41448.dict.yaml	𢔋	song	0	𢔋
cn_dicts/41448.dict.yaml	𢔩	song	0	𢔩
cn_dicts/41448.dict.yaml	𢖗	song	0	𢖗
cn_dicts/41448.dict.yaml	𢤄	song	0	𢤄
cn_dicts/41448.dict.yaml	𢱤	song	0	𢱤
cn_dicts/41448.dict.yaml	𣚜	song	0	𣚜
cn_dicts/41448.dict.yaml	𣽫	song	0	𣽫
cn_dicts/41448.dict.yaml	𤾥	song	0	𤾥
cn_dicts/41448.dict.yaml	𥳺	song	0	𥳺
cn_dicts/41448.dict.yaml	𦬘	song	0	𦬘
cn_dicts/41448.dict.yaml	𦯕	song	0	𦯕
cn_dicts/41448.dict.yaml	𦷴	song	0	𦷴
cn_dicts/41448.dict.yaml	𧊕	song	0	𧊕
cn_dicts/41448.dict.yaml	𧌻	song	0	𧌻
cn_dicts/41448.dict.yaml	𨠤	song	0	𨠤
cn_dicts/41448.dict.yaml	𨱛	song	0	𨱛
cn_dicts/41448.dict.yaml	𨱿	song	0	𨱿
cn_dicts/41448.dict.yaml	𨴏	song	0	𨴏
cn_dicts/41448.dict.yaml	𩃍	song	0	𩃍
cn_dicts/41448.dict.yaml	𩃭	song	0	𩃭
cn_dicts/41448.dict.yaml	𩩺	song	0	𩩺
cn_dicts/41448.dict.yaml	𩮀	song	0	𩮀
cn_dicts/41448.dict.yaml	𪀚	song	0	𪀚
cn_dicts/41448.dict.yaml	㖩	sou	0	㖩
cn_dicts/41448.dict.yaml	㟬	sou	0	㟬
cn_dicts/41448.dict.yaml	㵻	sou	0	㵻
cn_dicts/41448.dict.yaml	䈹	sou	0	䈹
cn_dicts/41448.dict.yaml	䉤	sou	0	䉤
cn_dicts/41448.dict.yaml	䏂	sou	0	䏂
cn_dicts/41448.dict.yaml	䐹	sou	0	䐹
cn_dicts/41448.dict.yaml	䬒	sou	0	䬒
cn_dicts/41448.dict.yaml	䮟	sou	0	䮟
cn_dicts/41448.dict.yaml	䱸	sou	0	䱸
cn_dicts/41448.dict.yaml	𠋢	sou	0	𠋢
cn_dicts/41448.dict.yaml	𠌞	sou	0	𠌞
cn_dicts/41448.dict.yaml	𠌟	sou	0	𠌟
cn_dicts/41448.dict.yaml	𠘂	sou	0	𠘂
cn_dicts/41448.dict.yaml	𠝬	sou	0	𠝬
cn_dicts/41448.dict.yaml	𠪇	sou	0	𠪇
cn_dicts/41448.dict.yaml	𡠼	sou	0	𡠼
cn_dicts/41448.dict.yaml	𡣂	sou	0	𡣂
cn_dicts/41448.dict.yaml	𢴼	sou	0	𢴼
cn_dicts/41448.dict.yaml	𣔱	sou	0	𣔱
cn_dicts/41448.dict.yaml	𣮬	sou	0	𣮬
cn_dicts/41448.dict.yaml	𣯜	sou	0	𣯜
cn_dicts/41448.dict.yaml	𤕇	sou	0	𤕇
cn_dicts/41448.dict.yaml	𥈟	sou	0	𥈟
cn_dicts/41448.dict.yaml	𥖻	sou	0	𥖻
cn_dicts/41448.dict.yaml	𥯪	sou	0	𥯪
cn_dicts/41448.dict.yaml	𥰞	sou	0	𥰞
cn_dicts/41448.dict.yaml	𦢩	sou	0	𦢩
cn_dicts/41448.dict.yaml	𦺌	sou	0	𦺌
cn_dicts/41448.dict.yaml	𧔅	sou	0	𧔅
cn_dicts/41448.dict.yaml	𧩮	sou	0	𧩮
cn_dicts/41448.dict.yaml	𧳶	sou	0	𧳶
cn_dicts/41448.dict.yaml	𧼭	sou	0	𧼭
cn_dicts/41448.dict.yaml	𧽏	sou	0	𧽏
cn_dicts/41448.dict.yaml	𨡻	sou	0	𨡻
cn_dicts/41448.dict.yaml	𨤇	sou	0	𨤇
cn_dicts/41448.dict.yaml	𨺦	sou	0	𨺦
cn_dicts/41448.dict.yaml	𩗣	sou	0	𩗣
cn_dicts/41448.dict.yaml	𩘠	sou	0	𩘠
cn_dicts/41448.dict.yaml	𩮃	sou	0	𩮃
cn_dicts/41448.dict.yaml	𩮶	sou	0	𩮶
cn_dicts/41448.dict.yaml	𩮸	sou	0	𩮸
cn_dicts/41448.dict.yaml	㑉	su	0	㑉
cn_dicts/41448.dict.yaml	㑛	su	0	㑛
cn_dicts/41448.dict.yaml	㓘	su	0	㓘
cn_dicts/41448.dict.yaml	㔄	su	0	㔄
cn_dicts/41448.dict.yaml	㕖	su	0	㕖
cn_dicts/41448.dict.yaml	㜚	su	0	㜚
cn_dicts/41448.dict.yaml	㝛	su	0	㝛
cn_dicts/41448.dict.yaml	㥛	su	0	㥛
cn_dicts/41448.dict.yaml	㨞	su	0	㨞
cn_dicts/41448.dict.yaml	㩋	su	0	㩋
cn_dicts/41448.dict.yaml	㪩	su	0	㪩
cn_dicts/41448.dict.yaml	㬘	su	0	㬘
cn_dicts/41448.dict.yaml	㯈	su	0	㯈
cn_dicts/41448.dict.yaml	㴋	su	0	㴋
cn_dicts/41448.dict.yaml	㴑	su	0	㴑
cn_dicts/41448.dict.yaml	㴼	su	0	㴼
cn_dicts/41448.dict.yaml	䃤	su	0	䃤
cn_dicts/41448.dict.yaml	䅇	su	0	䅇
cn_dicts/41448.dict.yaml	䇤	su	0	䇤
cn_dicts/41448.dict.yaml	䌚	su	0	䌚
cn_dicts/41448.dict.yaml	䎘	su	0	䎘
cn_dicts/41448.dict.yaml	䏋	su	0	䏋
cn_dicts/41448.dict.yaml	䑿	su	0	䑿
cn_dicts/41448.dict.yaml	䔎	su	0	䔎
cn_dicts/41448.dict.yaml	䘻	su	0	䘻
cn_dicts/41448.dict.yaml	䛾	su	0	䛾
cn_dicts/41448.dict.yaml	䥔	su	0	䥔
cn_dicts/41448.dict.yaml	䩳	su	0	䩳
cn_dicts/41448.dict.yaml	𠐍	su	0	𠐍
cn_dicts/41448.dict.yaml	𠷃	su	0	𠷃
cn_dicts/41448.dict.yaml	𠻜	su	0	𠻜
cn_dicts/41448.dict.yaml	𡎮	su	0	𡎮
cn_dicts/41448.dict.yaml	𡖯	su	0	𡖯
cn_dicts/41448.dict.yaml	𢎎	su	0	𢎎
cn_dicts/41448.dict.yaml	𢖏	su	0	𢖏
cn_dicts/41448.dict.yaml	𢚑	su	0	𢚑
cn_dicts/41448.dict.yaml	𢢒	su	0	𢢒
cn_dicts/41448.dict.yaml	𢸫	su	0	𢸫
cn_dicts/41448.dict.yaml	𣝝	su	0	𣝝
cn_dicts/41448.dict.yaml	𣩷	su	0	𣩷
cn_dicts/41448.dict.yaml	𣫎	su	0	𣫎
cn_dicts/41448.dict.yaml	𣯼	su	0	𣯼
cn_dicts/41448.dict.yaml	𣶘	su	0	𣶘
cn_dicts/41448.dict.yaml	𣷶	su	0	𣷶
cn_dicts/41448.dict.yaml	𣿈	su	0	𣿈
cn_dicts/41448.dict.yaml	𤌂	su	0	𤌂
cn_dicts/41448.dict.yaml	𤛝	su	0	𤛝
cn_dicts/41448.dict.yaml	𤠚	su	0	𤠚
cn_dicts/41448.dict.yaml	𤡃	su	0	𤡃
cn_dicts/41448.dict.yaml	𤢂	su	0	𤢂
cn_dicts/41448.dict.yaml	𤢘	su	0	𤢘
cn_dicts/41448.dict.yaml	𤤐	su	0	𤤐
cn_dicts/41448.dict.yaml	𤥔	su	0	𤥔
cn_dicts/41448.dict.yaml	𤭴	su	0	𤭴
cn_dicts/41448.dict.yaml	𤸮	su	0	𤸮
cn_dicts/41448.dict.yaml	𤼀	su	0	𤼀
cn_dicts/41448.dict.yaml	𦌉	su	0	𦌉
cn_dicts/41448.dict.yaml	𦌊	su	0	𦌊
cn_dicts/41448.dict.yaml	𦎄	su	0	𦎄
cn_dicts/41448.dict.yaml	𧀌	su	0	𧀌
cn_dicts/41448.dict.yaml	𧐁	su	0	𧐁
cn_dicts/41448.dict.yaml	𧐒	su	0	𧐒
cn_dicts/41448.dict.yaml	𧐴	su	0	𧐴
cn_dicts/41448.dict.yaml	𧔖	su	0	𧔖
cn_dicts/41448.dict.yaml	𧜦	su	0	𧜦
cn_dicts/41448.dict.yaml	𧞺	su	0	𧞺
cn_dicts/41448.dict.yaml	𧥆	su	0	𧥆
cn_dicts/41448.dict.yaml	𧩝	su	0	𧩝
cn_dicts/41448.dict.yaml	𧺷	su	0	𧺷
cn_dicts/41448.dict.yaml	𧼭	su	0	𧼭
cn_dicts/41448.dict.yaml	𧽷	su	0	𧽷
cn_dicts/41448.dict.yaml	𩐫	su	0	𩐫
cn_dicts/41448.dict.yaml	𩐼	su	0	𩐼
cn_dicts/41448.dict.yaml	𩘰	su	0	𩘰
cn_dicts/41448.dict.yaml	𩘹	su	0	𩘹
cn_dicts/41448.dict.yaml	𩝥	su	0	𩝥
cn_dicts/41448.dict.yaml	𩲵	su	0	𩲵
cn_dicts/41448.dict.yaml	𩳒	su	0	𩳒
cn_dicts/41448.dict.yaml	𪁽	su	0	𪁽
cn_dicts/41448.dict.yaml	𪄑	su	0	𪄑
cn_dicts/41448.dict.yaml	𪅄	su	0	𪅄
cn_dicts/41448.dict.yaml	𪋝	su	0	𪋝
cn_dicts/41448.dict.yaml	𪌔	su	0	𪌔
cn_dicts/41448.dict.yaml	𪍛	su	0	𪍛
cn_dicts/41448.dict.yaml	𪐮	su	0	𪐮
cn_dicts/41448.dict.yaml	𪖶	su	0	𪖶
cn_dicts/41448.dict.yaml	㔯	suan	0	㔯
cn_dicts/41448.dict.yaml	㱹	suan	0	㱹
cn_dicts/41448.dict.yaml	𠥘	suan	0	𠥘
cn_dicts/41448.dict.yaml	𤶤	suan	0	𤶤
cn_dicts/41448.dict.yaml	𥳪	suan	0	𥳪
cn_dicts/41448.dict.yaml	𥴵	suan	0	𥴵
cn_dicts/41448.dict.yaml	𦾹	suan	0	𦾹
cn_dicts/41448.dict.yaml	𨠡	suan	0	𨠡
cn_dicts/41448.dict.yaml	𩆑	suan	0	𩆑
cn_dicts/41448.dict.yaml	𩈲	suan	0	𩈲
cn_dicts/41448.dict.yaml	𪘑	suan	0	𪘑
cn_dicts/41448.dict.yaml	𪘝	suan	0	𪘝
cn_dicts/41448.dict.yaml	㒸	sui	0	㒸
cn_dicts/41448.dict.yaml	㞸	sui	0	㞸
cn_dicts/41448.dict.yaml	㥞	sui	0	㥞
cn_dicts/41448.dict.yaml	㴚	sui	0	㴚
cn_dicts/41448.dict.yaml	㵦	sui	0	㵦
cn_dicts/41448.dict.yaml	㻟	sui	0	㻟
cn_dicts/41448.dict.yaml	㻪	sui	0	㻪
cn_dicts/41448.dict.yaml	㻽	sui	0	㻽
cn_dicts/41448.dict.yaml	䅑	sui	0	䅑
cn_dicts/41448.dict.yaml	䅗	sui	0	䅗
cn_dicts/41448.dict.yaml	䆳	sui	0	䆳
cn_dicts/41448.dict.yaml	䉌	sui	0	䉌
cn_dicts/41448.dict.yaml	䍁	sui	0	䍁
cn_dicts/41448.dict.yaml	䔹	sui	0	䔹
cn_dicts/41448.dict.yaml	䜆	sui	0	䜆
cn_dicts/41448.dict.yaml	䜔	sui	0	䜔
cn_dicts/41448.dict.yaml	䠔	sui	0	䠔
cn_dicts/41448.dict.yaml	䡵	sui	0	䡵
cn_dicts/41448.dict.yaml	䢫	sui	0	䢫
cn_dicts/41448.dict.yaml	䤭	sui	0	䤭
cn_dicts/41448.dict.yaml	䥙	sui	0	䥙
cn_dicts/41448.dict.yaml	䪎	sui	0	䪎
cn_dicts/41448.dict.yaml	䭉	sui	0	䭉
cn_dicts/41448.dict.yaml	䯝	sui	0	䯝
cn_dicts/41448.dict.yaml	䲀	sui	0	䲀
cn_dicts/41448.dict.yaml	𠌱	sui	0	𠌱
cn_dicts/41448.dict.yaml	𠕸	sui	0	𠕸
cn_dicts/41448.dict.yaml	𠨌	sui	0	𠨌
cn_dicts/41448.dict.yaml	𠭥	sui	0	𠭥
cn_dicts/41448.dict.yaml	𡑞	sui	0	𡑞
cn_dicts/41448.dict.yaml	𡝓	sui	0	𡝓
cn_dicts/41448.dict.yaml	𡶣	sui	0	𡶣
cn_dicts/41448.dict.yaml	𡷼	sui	0	𡷼
cn_dicts/41448.dict.yaml	𡹖	sui	0	𡹖
cn_dicts/41448.dict.yaml	𢅕	sui	0	𢅕
cn_dicts/41448.dict.yaml	𢇥	sui	0	𢇥
cn_dicts/41448.dict.yaml	𢈼	sui	0	𢈼
cn_dicts/41448.dict.yaml	𢒱	sui	0	𢒱
cn_dicts/41448.dict.yaml	𢟩	sui	0	𢟩
cn_dicts/41448.dict.yaml	𣄧	sui	0	𣄧
cn_dicts/41448.dict.yaml	𣩡	sui	0	𣩡
cn_dicts/41448.dict.yaml	𣮄	sui	0	𣮄
cn_dicts/41448.dict.yaml	𣯧	sui	0	𣯧
cn_dicts/41448.dict.yaml	𣯯	sui	0	𣯯
cn_dicts/41448.dict.yaml	𤡪	sui	0	𤡪
cn_dicts/41448.dict.yaml	𤬫	sui	0	𤬫
cn_dicts/41448.dict.yaml	𤭢	sui	0	𤭢
cn_dicts/41448.dict.yaml	𤯖	sui	0	𤯖
cn_dicts/41448.dict.yaml	𤻄	sui	0	𤻄
cn_dicts/41448.dict.yaml	𥊴	sui	0	𥊴
cn_dicts/41448.dict.yaml	𥕸	sui	0	𥕸
cn_dicts/41448.dict.yaml	𥡜	sui	0	𥡜
cn_dicts/41448.dict.yaml	𥢍	sui	0	𥢍
cn_dicts/41448.dict.yaml	𥤼	sui	0	𥤼
cn_dicts/41448.dict.yaml	𥱵	sui	0	𥱵
cn_dicts/41448.dict.yaml	𥴦	sui	0	𥴦
cn_dicts/41448.dict.yaml	𥶻	sui	0	𥶻
cn_dicts/41448.dict.yaml	𦃒	sui	0	𦃒
cn_dicts/41448.dict.yaml	𦄑	sui	0	𦄑
cn_dicts/41448.dict.yaml	𦅵	sui	0	𦅵
cn_dicts/41448.dict.yaml	𦇀	sui	0	𦇀
cn_dicts/41448.dict.yaml	𦉎	sui	0	𦉎
cn_dicts/41448.dict.yaml	𦵭	sui	0	𦵭
cn_dicts/41448.dict.yaml	𦸏	sui	0	𦸏
cn_dicts/41448.dict.yaml	𧃚	sui	0	𧃚
cn_dicts/41448.dict.yaml	𧆑	sui	0	𧆑
cn_dicts/41448.dict.yaml	𧈧	sui	0	𧈧
cn_dicts/41448.dict.yaml	𧌢	sui	0	𧌢
cn_dicts/41448.dict.yaml	𧞸	sui	0	𧞸
cn_dicts/41448.dict.yaml	𧡏	sui	0	𧡏
cn_dicts/41448.dict.yaml	𧨧	sui	0	𧨧
cn_dicts/41448.dict.yaml	𧲈	sui	0	𧲈
cn_dicts/41448.dict.yaml	𧸙	sui	0	𧸙
cn_dicts/41448.dict.yaml	𨆏	sui	0	𨆏
cn_dicts/41448.dict.yaml	𨒉	sui	0	𨒉
cn_dicts/41448.dict.yaml	𨣢	sui	0	𨣢
cn_dicts/41448.dict.yaml	𨷃	sui	0	𨷃
cn_dicts/41448.dict.yaml	𨾡	sui	0	𨾡
cn_dicts/41448.dict.yaml	𨾬	sui	0	𨾬
cn_dicts/41448.dict.yaml	𩃃	sui	0	𩃃
cn_dicts/41448.dict.yaml	𩌩	sui	0	𩌩
cn_dicts/41448.dict.yaml	𩍚	sui	0	𩍚
cn_dicts/41448.dict.yaml	𩎰	sui	0	𩎰
cn_dicts/41448.dict.yaml	𩏘	sui	0	𩏘
cn_dicts/41448.dict.yaml	𩏚	sui	0	𩏚
cn_dicts/41448.dict.yaml	𩏲	sui	0	𩏲
cn_dicts/41448.dict.yaml	𩗶	sui	0	𩗶
cn_dicts/41448.dict.yaml	𩙇	sui	0	𩙇
cn_dicts/41448.dict.yaml	𩝌	sui	0	𩝌
cn_dicts/41448.dict.yaml	𩞅	sui	0	𩞅
cn_dicts/41448.dict.yaml	𩮴	sui	0	𩮴
cn_dicts/41448.dict.yaml	㔼	sun	0	㔼
cn_dicts/41448.dict.yaml	㡄	sun	0	㡄
cn_dicts/41448.dict.yaml	㦏	sun	0	㦏
cn_dicts/41448.dict.yaml	㰂	sun	0	㰂
cn_dicts/41448.dict.yaml	䁚	sun	0	䁚
cn_dicts/41448.dict.yaml	䐣	sun	0	䐣
cn_dicts/41448.dict.yaml	𠣬	sun	0	𠣬
cn_dicts/41448.dict.yaml	𣕍	sun	0	𣕍
cn_dicts/41448.dict.yaml	𦠆	sun	0	𦠆
cn_dicts/41448.dict.yaml	𧂍	sun	0	𧂍
cn_dicts/41448.dict.yaml	𧎤	sun	0	𧎤
cn_dicts/41448.dict.yaml	㛖	suo	0	㛖
cn_dicts/41448.dict.yaml	㪽	suo	0	㪽
cn_dicts/41448.dict.yaml	㮦	suo	0	㮦
cn_dicts/41448.dict.yaml	㱔	suo	0	㱔
cn_dicts/41448.dict.yaml	䂹	suo	0	䂹
cn_dicts/41448.dict.yaml	䅴	suo	0	䅴
cn_dicts/41448.dict.yaml	䈗	suo	0	䈗
cn_dicts/41448.dict.yaml	䌇	suo	0	䌇
cn_dicts/41448.dict.yaml	䐝	suo	0	䐝
cn_dicts/41448.dict.yaml	䓾	suo	0	䓾
cn_dicts/41448.dict.yaml	䔋	suo	0	䔋
cn_dicts/41448.dict.yaml	䖛	suo	0	䖛
cn_dicts/41448.dict.yaml	䞆	suo	0	䞆
cn_dicts/41448.dict.yaml	䞽	suo	0	䞽
cn_dicts/41448.dict.yaml	䣔	suo	0	䣔
cn_dicts/41448.dict.yaml	䵀	suo	0	䵀
cn_dicts/41448.dict.yaml	𠈱	suo	0	𠈱
cn_dicts/41448.dict.yaml	𠋲	suo	0	𠋲
cn_dicts/41448.dict.yaml	𠗼	suo	0	𠗼
cn_dicts/41448.dict.yaml	𠘺	suo	0	𠘺
cn_dicts/41448.dict.yaml	𠝿	suo	0	𠝿
cn_dicts/41448.dict.yaml	𠞯	suo	0	𠞯
cn_dicts/41448.dict.yaml	𠩄	suo	0	𠩄
cn_dicts/41448.dict.yaml	𠱗	suo	0	𠱗
cn_dicts/41448.dict.yaml	𡩡	suo	0	𡩡
cn_dicts/41448.dict.yaml	𡱳	suo	0	𡱳
cn_dicts/41448.dict.yaml	𢘿	suo	0	𢘿
cn_dicts/41448.dict.yaml	𢚭	suo	0	𢚭
cn_dicts/41448.dict.yaml	𢱡	suo	0	𢱡
cn_dicts/41448.dict.yaml	𢱢	suo	0	𢱢
cn_dicts/41448.dict.yaml	𢷾	suo	0	𢷾
cn_dicts/41448.dict.yaml	𣒹	suo	0	𣒹
cn_dicts/41448.dict.yaml	𣯌	suo	0	𣯌
cn_dicts/41448.dict.yaml	𤀤	suo	0	𤀤
cn_dicts/41448.dict.yaml	𤸴	suo	0	𤸴
cn_dicts/41448.dict.yaml	𤺫	suo	0	𤺫
cn_dicts/41448.dict.yaml	𥁲	suo	0	𥁲
cn_dicts/41448.dict.yaml	𥆝	suo	0	𥆝
cn_dicts/41448.dict.yaml	𥇇	suo	0	𥇇
cn_dicts/41448.dict.yaml	𥔭	suo	0	𥔭
cn_dicts/41448.dict.yaml	𥕘	suo	0	𥕘
cn_dicts/41448.dict.yaml	𥰼	suo	0	𥰼
cn_dicts/41448.dict.yaml	𦅊	suo	0	𦅊
cn_dicts/41448.dict.yaml	𦟱	suo	0	𦟱
cn_dicts/41448.dict.yaml	𦵫	suo	0	𦵫
cn_dicts/41448.dict.yaml	𧎫	suo	0	𧎫
cn_dicts/41448.dict.yaml	𧎳	suo	0	𧎳
cn_dicts/41448.dict.yaml	𧛻	suo	0	𧛻
cn_dicts/41448.dict.yaml	𧨀	suo	0	𧨀
cn_dicts/41448.dict.yaml	𧴪	suo	0	𧴪
cn_dicts/41448.dict.yaml	𧴲	suo	0	𧴲
cn_dicts/41448.dict.yaml	𨒽	suo	0	𨒽
cn_dicts/41448.dict.yaml	𨻈	suo	0	𨻈
cn_dicts/41448.dict.yaml	𨻨	suo	0	𨻨
cn_dicts/41448.dict.yaml	𩊮	suo	0	𩊮
cn_dicts/41448.dict.yaml	𩋝	suo	0	𩋝
cn_dicts/41448.dict.yaml	𩌆	suo	0	𩌆
cn_dicts/41448.dict.yaml	𩌈	suo	0	𩌈
cn_dicts/41448.dict.yaml	𩌢	suo	0	𩌢
cn_dicts/41448.dict.yaml	𩘝	suo	0	𩘝
cn_dicts/41448.dict.yaml	𩡾	suo	0	𩡾
cn_dicts/41448.dict.yaml	𩪈	suo	0	𩪈
cn_dicts/41448.dict.yaml	𩮛	suo	0	𩮛
cn_dicts/41448.dict.yaml	𩹳	suo	0	𩹳
cn_dicts/41448.dict.yaml	𪌮	suo	0	𪌮
cn_dicts/41448.dict.yaml	𪍌	suo	0	𪍌
cn_dicts/41448.dict.yaml	𪍔	suo	0	𪍔
cn_dicts/41448.dict.yaml	𪍟	suo	0	𪍟
cn_dicts/41448.dict.yaml	𪍨	suo	0	𪍨
cn_dicts/41448.dict.yaml	㒓	ta	0	㒓
cn_dicts/41448.dict.yaml	㗳	ta	0	㗳
cn_dicts/41448.dict.yaml	㛥	ta	0	㛥
cn_dicts/41448.dict.yaml	㣛	ta	0	㣛
cn_dicts/41448.dict.yaml	㣵	ta	0	㣵
cn_dicts/41448.dict.yaml	㧺	ta	0	㧺
cn_dicts/41448.dict.yaml	㭼	ta	0	㭼
cn_dicts/41448.dict.yaml	㯓	ta	0	㯓
cn_dicts/41448.dict.yaml	㳠	ta	0	㳠
cn_dicts/41448.dict.yaml	㳫	ta	0	㳫
cn_dicts/41448.dict.yaml	㹺	ta	0	㹺
cn_dicts/41448.dict.yaml	㺚	ta	0	㺚
cn_dicts/41448.dict.yaml	㿹	ta	0	㿹
cn_dicts/41448.dict.yaml	䂿	ta	0	䂿
cn_dicts/41448.dict.yaml	䈋	ta	0	䈋
cn_dicts/41448.dict.yaml	䈳	ta	0	䈳
cn_dicts/41448.dict.yaml	䌈	ta	0	䌈
cn_dicts/41448.dict.yaml	䍇	ta	0	䍇
cn_dicts/41448.dict.yaml	䍝	ta	0	䍝
cn_dicts/41448.dict.yaml	䎓	ta	0	䎓
cn_dicts/41448.dict.yaml	䑜	ta	0	䑜
cn_dicts/41448.dict.yaml	䑽	ta	0	䑽
cn_dicts/41448.dict.yaml	䓠	ta	0	䓠
cn_dicts/41448.dict.yaml	䜚	ta	0	䜚
cn_dicts/41448.dict.yaml	䠅	ta	0	䠅
cn_dicts/41448.dict.yaml	䪚	ta	0	䪚
cn_dicts/41448.dict.yaml	䳴	ta	0	䳴
cn_dicts/41448.dict.yaml	䵬	ta	0	䵬
cn_dicts/41448.dict.yaml	䶀	ta	0	䶀
cn_dicts/41448.dict.yaml	䶁	ta	0	䶁
cn_dicts/41448.dict.yaml	𠴲	ta	0	𠴲
cn_dicts/41448.dict.yaml	𠷍	ta	0	𠷍
cn_dicts/41448.dict.yaml	𡂖	ta	0	𡂖
cn_dicts/41448.dict.yaml	𡌩	ta	0	𡌩
cn_dicts/41448.dict.yaml	𢃕	ta	0	𢃕
cn_dicts/41448.dict.yaml	𢞠	ta	0	𢞠
cn_dicts/41448.dict.yaml	𢺉	ta	0	𢺉
cn_dicts/41448.dict.yaml	𣗶	ta	0	𣗶
cn_dicts/41448.dict.yaml	𣝋	ta	0	𣝋
cn_dicts/41448.dict.yaml	𣥂	ta	0	𣥂
cn_dicts/41448.dict.yaml	𣥷	ta	0	𣥷
cn_dicts/41448.dict.yaml	𣯚	ta	0	𣯚
cn_dicts/41448.dict.yaml	𤄥	ta	0	𤄥
cn_dicts/41448.dict.yaml	𤒻	ta	0	𤒻
cn_dicts/41448.dict.yaml	𤛣	ta	0	𤛣
cn_dicts/41448.dict.yaml	𤠐	ta	0	𤠐
cn_dicts/41448.dict.yaml	𤠟	ta	0	𤠟
cn_dicts/41448.dict.yaml	𤿽	ta	0	𤿽
cn_dicts/41448.dict.yaml	𥗓	ta	0	𥗓
cn_dicts/41448.dict.yaml	𦍒	ta	0	𦍒
cn_dicts/41448.dict.yaml	𦐇	ta	0	𦐇
cn_dicts/41448.dict.yaml	𦑇	ta	0	𦑇
cn_dicts/41448.dict.yaml	𦑲	ta	0	𦑲
cn_dicts/41448.dict.yaml	𦑶	ta	0	𦑶
cn_dicts/41448.dict.yaml	𦑼	ta	0	𦑼
cn_dicts/41448.dict.yaml	𦧛	ta	0	𦧛
cn_dicts/41448.dict.yaml	𦧞	ta	0	𦧞
cn_dicts/41448.dict.yaml	𦧟	ta	0	𦧟
cn_dicts/41448.dict.yaml	𦧥	ta	0	𦧥
cn_dicts/41448.dict.yaml	𦧱	ta	0	𦧱
cn_dicts/41448.dict.yaml	𦨎	ta	0	𦨎
cn_dicts/41448.dict.yaml	𦪙	ta	0	𦪙
cn_dicts/41448.dict.yaml	𦭟	ta	0	𦭟
cn_dicts/41448.dict.yaml	𦱆	ta	0	𦱆
cn_dicts/41448.dict.yaml	𦶑	ta	0	𦶑
cn_dicts/41448.dict.yaml	𦾽	ta	0	𦾽
cn_dicts/41448.dict.yaml	𧌏	ta	0	𧌏
cn_dicts/41448.dict.yaml	𧔣	ta	0	𧔣
cn_dicts/41448.dict.yaml	𧖆	ta	0	𧖆
cn_dicts/41448.dict.yaml	𧪦	ta	0	𧪦
cn_dicts/41448.dict.yaml	𧮑	ta	0	𧮑
cn_dicts/41448.dict.yaml	𨃚	ta	0	𨃚
cn_dicts/41448.dict.yaml	𨆰	ta	0	𨆰
cn_dicts/41448.dict.yaml	𨌭	ta	0	𨌭
cn_dicts/41448.dict.yaml	𨓬	ta	0	𨓬
cn_dicts/41448.dict.yaml	𨔯	ta	0	𨔯
cn_dicts/41448.dict.yaml	𨙎	ta	0	𨙎
cn_dicts/41448.dict.yaml	𨰏	ta	0	𨰏
cn_dicts/41448.dict.yaml	𨵝	ta	0	𨵝
cn_dicts/41448.dict.yaml	𨶀	ta	0	𨶀
cn_dicts/41448.dict.yaml	𩋅	ta	0	𩋅
cn_dicts/41448.dict.yaml	𩌇	ta	0	𩌇
cn_dicts/41448.dict.yaml	𩌉	ta	0	𩌉
cn_dicts/41448.dict.yaml	𩌐	ta	0	𩌐
cn_dicts/41448.dict.yaml	𩌘	ta	0	𩌘
cn_dicts/41448.dict.yaml	𩎽	ta	0	𩎽
cn_dicts/41448.dict.yaml	𩥑	ta	0	𩥑
cn_dicts/41448.dict.yaml	𩫊	ta	0	𩫊
cn_dicts/41448.dict.yaml	𩷽	ta	0	𩷽
cn_dicts/41448.dict.yaml	𩺗	ta	0	𩺗
cn_dicts/41448.dict.yaml	𪂌	ta	0	𪂌
cn_dicts/41448.dict.yaml	𪔕	ta	0	𪔕
cn_dicts/41448.dict.yaml	𪘁	ta	0	𪘁
cn_dicts/41448.dict.yaml	㑷	tai	0	㑷
cn_dicts/41448.dict.yaml	㒗	tai	0	㒗
cn_dicts/41448.dict.yaml	㘆	tai	0	㘆
cn_dicts/41448.dict.yaml	㙜	tai	0	㙜
cn_dicts/41448.dict.yaml	㙵	tai	0	㙵
cn_dicts/41448.dict.yaml	㣍	tai	0	㣍
cn_dicts/41448.dict.yaml	㥭	tai	0	㥭
cn_dicts/41448.dict.yaml	㬃	tai	0	㬃
cn_dicts/41448.dict.yaml	㷘	tai	0	㷘
cn_dicts/41448.dict.yaml	㸀	tai	0	㸀
cn_dicts/41448.dict.yaml	䈚	tai	0	䈚
cn_dicts/41448.dict.yaml	䑓	tai	0	䑓
cn_dicts/41448.dict.yaml	䢰	tai	0	䢰
cn_dicts/41448.dict.yaml	䣭	tai	0	䣭
cn_dicts/41448.dict.yaml	𡇷	tai	0	𡇷
cn_dicts/41448.dict.yaml	𡒢	tai	0	𡒢
cn_dicts/41448.dict.yaml	𢖤	tai	0	𢖤
cn_dicts/41448.dict.yaml	𣣿	tai	0	𣣿
cn_dicts/41448.dict.yaml	𤗿	tai	0	𤗿
cn_dicts/41448.dict.yaml	𥙉	tai	0	𥙉
cn_dicts/41448.dict.yaml	𦒰	tai	0	𦒰
cn_dicts/41448.dict.yaml	𦻀	tai	0	𦻀
cn_dicts/41448.dict.yaml	𧉑	tai	0	𧉑
cn_dicts/41448.dict.yaml	𧉟	tai	0	𧉟
cn_dicts/41448.dict.yaml	𧭏	tai	0	𧭏
cn_dicts/41448.dict.yaml	𧮼	tai	0	𧮼
cn_dicts/41448.dict.yaml	𩬠	tai	0	𩬠
cn_dicts/41448.dict.yaml	𩿡	tai	0	𩿡
cn_dicts/41448.dict.yaml	𪐝	tai	0	𪐝
cn_dicts/41448.dict.yaml	𪐥	tai	0	𪐥
cn_dicts/41448.dict.yaml	𪒴	tai	0	𪒴
cn_dicts/41448.dict.yaml	㒎	tan	0	㒎
cn_dicts/41448.dict.yaml	㛶	tan	0	㛶
cn_dicts/41448.dict.yaml	㪔	tan	0	㪔
cn_dicts/41448.dict.yaml	㫜	tan	0	㫜
cn_dicts/41448.dict.yaml	㲜	tan	0	㲜
cn_dicts/41448.dict.yaml	㲭	tan	0	㲭
cn_dicts/41448.dict.yaml	㵅	tan	0	㵅
cn_dicts/41448.dict.yaml	㶒	tan	0	㶒
cn_dicts/41448.dict.yaml	㷋	tan	0	㷋
cn_dicts/41448.dict.yaml	㺥	tan	0	㺥
cn_dicts/41448.dict.yaml	㽎	tan	0	㽎
cn_dicts/41448.dict.yaml	㽑	tan	0	㽑
cn_dicts/41448.dict.yaml	䀡	tan	0	䀡
cn_dicts/41448.dict.yaml	䃪	tan	0	䃪
cn_dicts/41448.dict.yaml	䆱	tan	0	䆱
cn_dicts/41448.dict.yaml	䉡	tan	0	䉡
cn_dicts/41448.dict.yaml	䊤	tan	0	䊤
cn_dicts/41448.dict.yaml	䏙	tan	0	䏙
cn_dicts/41448.dict.yaml	䐺	tan	0	䐺
cn_dicts/41448.dict.yaml	䕊	tan	0	䕊
cn_dicts/41448.dict.yaml	䗊	tan	0	䗊
cn_dicts/41448.dict.yaml	䜖	tan	0	䜖
cn_dicts/41448.dict.yaml	䞡	tan	0	䞡
cn_dicts/41448.dict.yaml	䢻	tan	0	䢻
cn_dicts/41448.dict.yaml	䦔	tan	0	䦔
cn_dicts/41448.dict.yaml	䨢	tan	0	䨢
cn_dicts/41448.dict.yaml	𠫶	tan	0	𠫶
cn_dicts/41448.dict.yaml	𠻪	tan	0	𠻪
cn_dicts/41448.dict.yaml	𡅄	tan	0	𡅄
cn_dicts/41448.dict.yaml	𡊨	tan	0	𡊨
cn_dicts/41448.dict.yaml	𢅀	tan	0	𢅀
cn_dicts/41448.dict.yaml	𢇧	tan	0	𢇧
cn_dicts/41448.dict.yaml	𢇰	tan	0	𢇰
cn_dicts/41448.dict.yaml	𣁗	tan	0	𣁗
cn_dicts/41448.dict.yaml	𣞔	tan	0	𣞔
cn_dicts/41448.dict.yaml	𣢌	tan	0	𣢌
cn_dicts/41448.dict.yaml	𣴽	tan	0	𣴽
cn_dicts/41448.dict.yaml	𣵢	tan	0	𣵢
cn_dicts/41448.dict.yaml	𣸙	tan	0	𣸙
cn_dicts/41448.dict.yaml	𣼚	tan	0	𣼚
cn_dicts/41448.dict.yaml	𣽯	tan	0	𣽯
cn_dicts/41448.dict.yaml	𤎥	tan	0	𤎥
cn_dicts/41448.dict.yaml	𤐔	tan	0	𤐔
cn_dicts/41448.dict.yaml	𤺺	tan	0	𤺺
cn_dicts/41448.dict.yaml	𥩒	tan	0	𥩒
cn_dicts/41448.dict.yaml	𥰨	tan	0	𥰨
cn_dicts/41448.dict.yaml	𥹠	tan	0	𥹠
cn_dicts/41448.dict.yaml	𥼟	tan	0	𥼟
cn_dicts/41448.dict.yaml	𥼮	tan	0	𥼮
cn_dicts/41448.dict.yaml	𦃖	tan	0	𦃖
cn_dicts/41448.dict.yaml	𦌪	tan	0	𦌪
cn_dicts/41448.dict.yaml	𦗡	tan	0	𦗡
cn_dicts/41448.dict.yaml	𦙇	tan	0	𦙇
cn_dicts/41448.dict.yaml	𦧏	tan	0	𦧏
cn_dicts/41448.dict.yaml	𦧴	tan	0	𦧴
cn_dicts/41448.dict.yaml	𦨸	tan	0	𦨸
cn_dicts/41448.dict.yaml	𦸁	tan	0	𦸁
cn_dicts/41448.dict.yaml	𦼎	tan	0	𦼎
cn_dicts/41448.dict.yaml	𧂇	tan	0	𧂇
cn_dicts/41448.dict.yaml	𧣁	tan	0	𧣁
cn_dicts/41448.dict.yaml	𧣹	tan	0	𧣹
cn_dicts/41448.dict.yaml	𧥞	tan	0	𧥞
cn_dicts/41448.dict.yaml	𧫿	tan	0	𧫿
cn_dicts/41448.dict.yaml	𧰘	tan	0	𧰘
cn_dicts/41448.dict.yaml	𧵊	tan	0	𧵊
cn_dicts/41448.dict.yaml	𧺟	tan	0	𧺟
cn_dicts/41448.dict.yaml	𧽼	tan	0	𧽼
cn_dicts/41448.dict.yaml	𨂞	tan	0	𨂞
cn_dicts/41448.dict.yaml	𨅍	tan	0	𨅍
cn_dicts/41448.dict.yaml	𨝸	tan	0	𨝸
cn_dicts/41448.dict.yaml	𨡍	tan	0	𨡍
cn_dicts/41448.dict.yaml	𨣕	tan	0	𨣕
cn_dicts/41448.dict.yaml	𩑰	tan	0	𩑰
cn_dicts/41448.dict.yaml	𩒢	tan	0	𩒢
cn_dicts/41448.dict.yaml	𩠽	tan	0	𩠽
cn_dicts/41448.dict.yaml	𩡄	tan	0	𩡄
cn_dicts/41448.dict.yaml	𩡝	tan	0	𩡝
cn_dicts/41448.dict.yaml	𩤞	tan	0	𩤞
cn_dicts/41448.dict.yaml	𩪺	tan	0	𩪺
cn_dicts/41448.dict.yaml	𪉧	tan	0	𪉧
cn_dicts/41448.dict.yaml	𪊇	tan	0	𪊇
cn_dicts/41448.dict.yaml	𪍵	tan	0	𪍵
cn_dicts/41448.dict.yaml	㑽	tang	0	㑽
cn_dicts/41448.dict.yaml	㒉	tang	0	㒉
cn_dicts/41448.dict.yaml	㙶	tang	0	㙶
cn_dicts/41448.dict.yaml	㜍	tang	0	㜍
cn_dicts/41448.dict.yaml	㦂	tang	0	㦂
cn_dicts/41448.dict.yaml	㭻	tang	0	㭻
cn_dicts/41448.dict.yaml	㲥	tang	0	㲥
cn_dicts/41448.dict.yaml	㼒	tang	0	㼒
cn_dicts/41448.dict.yaml	㼺	tang	0	㼺
cn_dicts/41448.dict.yaml	㿩	tang	0	㿩
cn_dicts/41448.dict.yaml	䅯	tang	0	䅯
cn_dicts/41448.dict.yaml	䉎	tang	0	䉎
cn_dicts/41448.dict.yaml	䌅	tang	0	䌅
cn_dicts/41448.dict.yaml	䕋	tang	0	䕋
cn_dicts/41448.dict.yaml	䟖	tang	0	䟖
cn_dicts/41448.dict.yaml	䧜	tang	0	䧜
cn_dicts/41448.dict.yaml	𠗶	tang	0	𠗶
cn_dicts/41448.dict.yaml	𠢃	tang	0	𠢃
cn_dicts/41448.dict.yaml	𠹔	tang	0	𠹔
cn_dicts/41448.dict.yaml	𡿓	tang	0	𡿓
cn_dicts/41448.dict.yaml	𢠵	tang	0	𢠵
cn_dicts/41448.dict.yaml	𢴳	tang	0	𢴳
cn_dicts/41448.dict.yaml	𢻿	tang	0	𢻿
cn_dicts/41448.dict.yaml	𣎲	tang	0	𣎲
cn_dicts/41448.dict.yaml	𣙟	tang	0	𣙟
cn_dicts/41448.dict.yaml	𤚫	tang	0	𤚫
cn_dicts/41448.dict.yaml	𤠯	tang	0	𤠯
cn_dicts/41448.dict.yaml	𤾉	tang	0	𤾉
cn_dicts/41448.dict.yaml	𥋡	tang	0	𥋡
cn_dicts/41448.dict.yaml	𦪀	tang	0	𦪀
cn_dicts/41448.dict.yaml	𦳝	tang	0	𦳝
cn_dicts/41448.dict.yaml	𧱵	tang	0	𧱵
cn_dicts/41448.dict.yaml	𨆉	tang	0	𨆉
cn_dicts/41448.dict.yaml	𨉱	tang	0	𨉱
cn_dicts/41448.dict.yaml	𨌩	tang	0	𨌩
cn_dicts/41448.dict.yaml	𨍴	tang	0	𨍴
cn_dicts/41448.dict.yaml	𨎋	tang	0	𨎋
cn_dicts/41448.dict.yaml	𨎖	tang	0	𨎖
cn_dicts/41448.dict.yaml	𨲗	tang	0	𨲗
cn_dicts/41448.dict.yaml	𨶈	tang	0	𨶈
cn_dicts/41448.dict.yaml	𩘜	tang	0	𩘜
cn_dicts/41448.dict.yaml	𩥁	tang	0	𩥁
cn_dicts/41448.dict.yaml	𩹶	tang	0	𩹶
cn_dicts/41448.dict.yaml	𪕹	tang	0	𪕹
cn_dicts/41448.dict.yaml	㚐	tao	0	㚐
cn_dicts/41448.dict.yaml	㹗	tao	0	㹗
cn_dicts/41448.dict.yaml	䄻	tao	0	䄻
cn_dicts/41448.dict.yaml	䚯	tao	0	䚯
cn_dicts/41448.dict.yaml	䛌	tao	0	䛌
cn_dicts/41448.dict.yaml	䛬	tao	0	䛬
cn_dicts/41448.dict.yaml	䬞	tao	0	䬞
cn_dicts/41448.dict.yaml	䱇	tao	0	䱇
cn_dicts/41448.dict.yaml	䵚	tao	0	䵚
cn_dicts/41448.dict.yaml	𠇏	tao	0	𠇏
cn_dicts/41448.dict.yaml	𠌪	tao	0	𠌪
cn_dicts/41448.dict.yaml	𠓝	tao	0	𠓝
cn_dicts/41448.dict.yaml	𠗆	tao	0	𠗆
cn_dicts/41448.dict.yaml	𠚜	tao	0	𠚜
cn_dicts/41448.dict.yaml	𠞞	tao	0	𠞞
cn_dicts/41448.dict.yaml	𠬢	tao	0	𠬢
cn_dicts/41448.dict.yaml	𡍒	tao	0	𡍒
cn_dicts/41448.dict.yaml	𡺫	tao	0	𡺫
cn_dicts/41448.dict.yaml	𢓘	tao	0	𢓘
cn_dicts/41448.dict.yaml	𢔇	tao	0	𢔇
cn_dicts/41448.dict.yaml	𣨔	tao	0	𣨔
cn_dicts/41448.dict.yaml	𣰺	tao	0	𣰺
cn_dicts/41448.dict.yaml	𣺮	tao	0	𣺮
cn_dicts/41448.dict.yaml	𤘸	tao	0	𤘸
cn_dicts/41448.dict.yaml	𤙎	tao	0	𤙎
cn_dicts/41448.dict.yaml	𤚟	tao	0	𤚟
cn_dicts/41448.dict.yaml	𤨐	tao	0	𤨐
cn_dicts/41448.dict.yaml	𤴻	tao	0	𤴻
cn_dicts/41448.dict.yaml	𤵟	tao	0	𤵟
cn_dicts/41448.dict.yaml	𥰜	tao	0	𥰜
cn_dicts/41448.dict.yaml	𦃡	tao	0	𦃡
cn_dicts/41448.dict.yaml	𦍷	tao	0	𦍷
cn_dicts/41448.dict.yaml	𦺰	tao	0	𦺰
cn_dicts/41448.dict.yaml	𨌨	tao	0	𨌨
cn_dicts/41448.dict.yaml	𨡒	tao	0	𨡒
cn_dicts/41448.dict.yaml	𩋃	tao	0	𩋃
cn_dicts/41448.dict.yaml	𩎢	tao	0	𩎢
cn_dicts/41448.dict.yaml	𩘿	tao	0	𩘿
cn_dicts/41448.dict.yaml	𩛽	tao	0	𩛽
cn_dicts/41448.dict.yaml	𩤉	tao	0	𩤉
cn_dicts/41448.dict.yaml	𩥅	tao	0	𩥅
cn_dicts/41448.dict.yaml	𩹴	tao	0	𩹴
cn_dicts/41448.dict.yaml	𪇘	tao	0	𪇘
cn_dicts/41448.dict.yaml	𪌼	tao	0	𪌼
cn_dicts/41448.dict.yaml	㥂	te	0	㥂
cn_dicts/41448.dict.yaml	㧹	te	0	㧹
cn_dicts/41448.dict.yaml	𠈸	te	0	𠈸
cn_dicts/41448.dict.yaml	𢘋	te	0	𢘋
cn_dicts/41448.dict.yaml	𣘱	te	0	𣘱
cn_dicts/41448.dict.yaml	𤙰	te	0	𤙰
cn_dicts/41448.dict.yaml	𥊸	te	0	𥊸
cn_dicts/41448.dict.yaml	𥌩	te	0	𥌩
cn_dicts/41448.dict.yaml	𦗟	te	0	𦗟
cn_dicts/41448.dict.yaml	䒅	teng	0	䒅
cn_dicts/41448.dict.yaml	䕨	teng	0	䕨
cn_dicts/41448.dict.yaml	䠮	teng	0	䠮
cn_dicts/41448.dict.yaml	䲍	teng	0	䲍
cn_dicts/41448.dict.yaml	𢚺	teng	0	𢚺
cn_dicts/41448.dict.yaml	𢟱	teng	0	𢟱
cn_dicts/41448.dict.yaml	𢥂	teng	0	𢥂
cn_dicts/41448.dict.yaml	𣽨	teng	0	𣽨
cn_dicts/41448.dict.yaml	𤃶	teng	0	𤃶
cn_dicts/41448.dict.yaml	𤳘	teng	0	𤳘
cn_dicts/41448.dict.yaml	𤹤	teng	0	𤹤
cn_dicts/41448.dict.yaml	𥉋	teng	0	𥉋
cn_dicts/41448.dict.yaml	𦡪	teng	0	𦡪
cn_dicts/41448.dict.yaml	𦩫	teng	0	𦩫
cn_dicts/41448.dict.yaml	𦪝	teng	0	𦪝
cn_dicts/41448.dict.yaml	𦫀	teng	0	𦫀
cn_dicts/41448.dict.yaml	𧄼	teng	0	𧄼
cn_dicts/41448.dict.yaml	𧈜	teng	0	𧈜
cn_dicts/41448.dict.yaml	𧭔	teng	0	𧭔
cn_dicts/41448.dict.yaml	𨃗	teng	0	𨃗
cn_dicts/41448.dict.yaml	𨄇	teng	0	𨄇
cn_dicts/41448.dict.yaml	𩩻	teng	0	𩩻
cn_dicts/41448.dict.yaml	𩴝	teng	0	𩴝
cn_dicts/41448.dict.yaml	𪒿	teng	0	𪒿
cn_dicts/41448.dict.yaml	𪔶	teng	0	𪔶
cn_dicts/41448.dict.yaml	㖒	ti	0	㖒
cn_dicts/41448.dict.yaml	㖷	ti	0	㖷
cn_dicts/41448.dict.yaml	㗣	ti	0	㗣
cn_dicts/41448.dict.yaml	㡗	ti	0	㡗
cn_dicts/41448.dict.yaml	㣢	ti	0	㣢
cn_dicts/41448.dict.yaml	㬱	ti	0	㬱
cn_dicts/41448.dict.yaml	㯩	ti	0	㯩
cn_dicts/41448.dict.yaml	䅠	ti	0	䅠
cn_dicts/41448.dict.yaml	䈕	ti	0	䈕
cn_dicts/41448.dict.yaml	䌡	ti	0	䌡
cn_dicts/41448.dict.yaml	䎮	ti	0	䎮
cn_dicts/41448.dict.yaml	䔶	ti	0	䔶
cn_dicts/41448.dict.yaml	䙗	ti	0	䙗
cn_dicts/41448.dict.yaml	䚣	ti	0	䚣
cn_dicts/41448.dict.yaml	䛱	ti	0	䛱
cn_dicts/41448.dict.yaml	䝰	ti	0	䝰
cn_dicts/41448.dict.yaml	䞶	ti	0	䞶
cn_dicts/41448.dict.yaml	䢰	ti	0	䢰
cn_dicts/41448.dict.yaml	䣠	ti	0	䣠
cn_dicts/41448.dict.yaml	䣡	ti	0	䣡
cn_dicts/41448.dict.yaml	䣽	ti	0	䣽
cn_dicts/41448.dict.yaml	䧅	ti	0	䧅
cn_dicts/41448.dict.yaml	䨑	ti	0	䨑
cn_dicts/41448.dict.yaml	䩟	ti	0	䩟
cn_dicts/41448.dict.yaml	䪆	ti	0	䪆
cn_dicts/41448.dict.yaml	䫮	ti	0	䫮
cn_dicts/41448.dict.yaml	䬫	ti	0	䬫
cn_dicts/41448.dict.yaml	䬾	ti	0	䬾
cn_dicts/41448.dict.yaml	䯜	ti	0	䯜
cn_dicts/41448.dict.yaml	䱱	ti	0	䱱
cn_dicts/41448.dict.yaml	䶍	ti	0	䶍
cn_dicts/41448.dict.yaml	䶏	ti	0	䶏
cn_dicts/41448.dict.yaml	䶑	ti	0	䶑
cn_dicts/41448.dict.yaml	𠞄	ti	0	𠞄
cn_dicts/41448.dict.yaml	𡥩	ti	0	𡥩
cn_dicts/41448.dict.yaml	𡰎	ti	0	𡰎
cn_dicts/41448.dict.yaml	𡲕	ti	0	𡲕
cn_dicts/41448.dict.yaml	𡲿	ti	0	𡲿
cn_dicts/41448.dict.yaml	𡸑	ti	0	𡸑
cn_dicts/41448.dict.yaml	𢓡	ti	0	𢓡
cn_dicts/41448.dict.yaml	𢝹	ti	0	𢝹
cn_dicts/41448.dict.yaml	𢞖	ti	0	𢞖
cn_dicts/41448.dict.yaml	𢧑	ti	0	𢧑
cn_dicts/41448.dict.yaml	𢱦	ti	0	𢱦
cn_dicts/41448.dict.yaml	𢳓	ti	0	𢳓
cn_dicts/41448.dict.yaml	𣄍	ti	0	𣄍
cn_dicts/41448.dict.yaml	𣈡	ti	0	𣈡
cn_dicts/41448.dict.yaml	𣉆	ti	0	𣉆
cn_dicts/41448.dict.yaml	𣖅	ti	0	𣖅
cn_dicts/41448.dict.yaml	𣖸	ti	0	𣖸
cn_dicts/41448.dict.yaml	𣜹	ti	0	𣜹
cn_dicts/41448.dict.yaml	𣤖	ti	0	𣤖
cn_dicts/41448.dict.yaml	𣧂	ti	0	𣧂
cn_dicts/41448.dict.yaml	𣸒	ti	0	𣸒
cn_dicts/41448.dict.yaml	𣹲	ti	0	𣹲
cn_dicts/41448.dict.yaml	𤗘	ti	0	𤗘
cn_dicts/41448.dict.yaml	𤗢	ti	0	𤗢
cn_dicts/41448.dict.yaml	𤚢	ti	0	𤚢
cn_dicts/41448.dict.yaml	𤟥	ti	0	𤟥
cn_dicts/41448.dict.yaml	𤟾	ti	0	𤟾
cn_dicts/41448.dict.yaml	𤭌	ti	0	𤭌
cn_dicts/41448.dict.yaml	𥉈	ti	0	𥉈
cn_dicts/41448.dict.yaml	𥉘	ti	0	𥉘
cn_dicts/41448.dict.yaml	𥡦	ti	0	𥡦
cn_dicts/41448.dict.yaml	𥫵	ti	0	𥫵
cn_dicts/41448.dict.yaml	𥳳	ti	0	𥳳
cn_dicts/41448.dict.yaml	𥶛	ti	0	𥶛
cn_dicts/41448.dict.yaml	𦌢	ti	0	𦌢
cn_dicts/41448.dict.yaml	𦻀	ti	0	𦻀
cn_dicts/41448.dict.yaml	𧀠	ti	0	𧀠
cn_dicts/41448.dict.yaml	𧀰	ti	0	𧀰
cn_dicts/41448.dict.yaml	𧋘	ti	0	𧋘
cn_dicts/41448.dict.yaml	𧔩	ti	0	𧔩
cn_dicts/41448.dict.yaml	𧙣	ti	0	𧙣
cn_dicts/41448.dict.yaml	𧛒	ti	0	𧛒
cn_dicts/41448.dict.yaml	𧝆	ti	0	𧝆
cn_dicts/41448.dict.yaml	𧝐	ti	0	𧝐
cn_dicts/41448.dict.yaml	𧡨	ti	0	𧡨
cn_dicts/41448.dict.yaml	𧤍	ti	0	𧤍
cn_dicts/41448.dict.yaml	𧨱	ti	0	𧨱
cn_dicts/41448.dict.yaml	𧼮	ti	0	𧼮
cn_dicts/41448.dict.yaml	𨁃	ti	0	𨁃
cn_dicts/41448.dict.yaml	𨉥	ti	0	𨉥
cn_dicts/41448.dict.yaml	𨔛	ti	0	𨔛
cn_dicts/41448.dict.yaml	𨠏	ti	0	𨠏
cn_dicts/41448.dict.yaml	𨪉	ti	0	𨪉
cn_dicts/41448.dict.yaml	𨲎	ti	0	𨲎
cn_dicts/41448.dict.yaml	𨲞	ti	0	𨲞
cn_dicts/41448.dict.yaml	𨴼	ti	0	𨴼
cn_dicts/41448.dict.yaml	𩋣	ti	0	𩋣
cn_dicts/41448.dict.yaml	𩓂	ti	0	𩓂
cn_dicts/41448.dict.yaml	𩛑	ti	0	𩛑
cn_dicts/41448.dict.yaml	𩛶	ti	0	𩛶
cn_dicts/41448.dict.yaml	𩝊	ti	0	𩝊
cn_dicts/41448.dict.yaml	𩤽	ti	0	𩤽
cn_dicts/41448.dict.yaml	𩬲	ti	0	𩬲
cn_dicts/41448.dict.yaml	𩮜	ti	0	𩮜
cn_dicts/41448.dict.yaml	𩳕	ti	0	𩳕
cn_dicts/41448.dict.yaml	𩿷	ti	0	𩿷
cn_dicts/41448.dict.yaml	𪁩	ti	0	𪁩
cn_dicts/41448.dict.yaml	𪍲	ti	0	𪍲
cn_dicts/41448.dict.yaml	𪕩	ti	0	𪕩
cn_dicts/41448.dict.yaml	𪖦	ti	0	𪖦
cn_dicts/41448.dict.yaml	㐁	tian	0	㐁
cn_dicts/41448.dict.yaml	㖭	tian	0	㖭
cn_dicts/41448.dict.yaml	㙉	tian	0	㙉
cn_dicts/41448.dict.yaml	㤁	tian	0	㤁
cn_dicts/41448.dict.yaml	㥏	tian	0	㥏
cn_dicts/41448.dict.yaml	㧂	tian	0	㧂
cn_dicts/41448.dict.yaml	㧱	tian	0	㧱
cn_dicts/41448.dict.yaml	㮇	tian	0	㮇
cn_dicts/41448.dict.yaml	㶺	tian	0	㶺
cn_dicts/41448.dict.yaml	䄕	tian	0	䄕
cn_dicts/41448.dict.yaml	䄹	tian	0	䄹
cn_dicts/41448.dict.yaml	䄼	tian	0	䄼
cn_dicts/41448.dict.yaml	䄽	tian	0	䄽
cn_dicts/41448.dict.yaml	䏦	tian	0	䏦
cn_dicts/41448.dict.yaml	䐌	tian	0	䐌
cn_dicts/41448.dict.yaml	䑚	tian	0	䑚
cn_dicts/41448.dict.yaml	䟧	tian	0	䟧
cn_dicts/41448.dict.yaml	䠄	tian	0	䠄
cn_dicts/41448.dict.yaml	䡒	tian	0	䡒
cn_dicts/41448.dict.yaml	䡘	tian	0	䡘
cn_dicts/41448.dict.yaml	䣯	tian	0	䣯
cn_dicts/41448.dict.yaml	䣶	tian	0	䣶
cn_dicts/41448.dict.yaml	䥖	tian	0	䥖
cn_dicts/41448.dict.yaml	䧃	tian	0	䧃
cn_dicts/41448.dict.yaml	䩄	tian	0	䩄
cn_dicts/41448.dict.yaml	䩞	tian	0	䩞
cn_dicts/41448.dict.yaml	𠗘	tian	0	𠗘
cn_dicts/41448.dict.yaml	𡒧	tian	0	𡒧
cn_dicts/41448.dict.yaml	𡙒	tian	0	𡙒
cn_dicts/41448.dict.yaml	𢇶	tian	0	𢇶
cn_dicts/41448.dict.yaml	𢓍	tian	0	𢓍
cn_dicts/41448.dict.yaml	𣊖	tian	0	𣊖
cn_dicts/41448.dict.yaml	𤘠	tian	0	𤘠
cn_dicts/41448.dict.yaml	𤤦	tian	0	𤤦
cn_dicts/41448.dict.yaml	𤩱	tian	0	𤩱
cn_dicts/41448.dict.yaml	𤫞	tian	0	𤫞
cn_dicts/41448.dict.yaml	𤲖	tian	0	𤲖
cn_dicts/41448.dict.yaml	𥧑	tian	0	𥧑
cn_dicts/41448.dict.yaml	𥪌	tian	0	𥪌
cn_dicts/41448.dict.yaml	𥪧	tian	0	𥪧
cn_dicts/41448.dict.yaml	𥳫	tian	0	𥳫
cn_dicts/41448.dict.yaml	𥵶	tian	0	𥵶
cn_dicts/41448.dict.yaml	𦊊	tian	0	𦊊
cn_dicts/41448.dict.yaml	𦔿	tian	0	𦔿
cn_dicts/41448.dict.yaml	𦗀	tian	0	𦗀
cn_dicts/41448.dict.yaml	𦗁	tian	0	𦗁
cn_dicts/41448.dict.yaml	𦧒	tian	0	𦧒
cn_dicts/41448.dict.yaml	𦧖	tian	0	𦧖
cn_dicts/41448.dict.yaml	𦧝	tian	0	𦧝
cn_dicts/41448.dict.yaml	𦧡	tian	0	𦧡
cn_dicts/41448.dict.yaml	𦬞	tian	0	𦬞
cn_dicts/41448.dict.yaml	𦳇	tian	0	𦳇
cn_dicts/41448.dict.yaml	𧉂	tian	0	𧉂
cn_dicts/41448.dict.yaml	𧌎	tian	0	𧌎
cn_dicts/41448.dict.yaml	𧨩	tian	0	𧨩
cn_dicts/41448.dict.yaml	𧨸	tian	0	𧨸
cn_dicts/41448.dict.yaml	𧰊	tian	0	𧰊
cn_dicts/41448.dict.yaml	𨆁	tian	0	𨆁
cn_dicts/41448.dict.yaml	𨉾	tian	0	𨉾
cn_dicts/41448.dict.yaml	𨌈	tian	0	𨌈
cn_dicts/41448.dict.yaml	𨡁	tian	0	𨡁
cn_dicts/41448.dict.yaml	𨡏	tian	0	𨡏
cn_dicts/41448.dict.yaml	𨸱	tian	0	𨸱
cn_dicts/41448.dict.yaml	𨹻	tian	0	𨹻
cn_dicts/41448.dict.yaml	𩈍	tian	0	𩈍
cn_dicts/41448.dict.yaml	𩉁	tian	0	𩉁
cn_dicts/41448.dict.yaml	𩚣	tian	0	𩚣
cn_dicts/41448.dict.yaml	𪅉	tian	0	𪅉
cn_dicts/41448.dict.yaml	𪌩	tian	0	𪌩
cn_dicts/41448.dict.yaml	𪎾	tian	0	𪎾
cn_dicts/41448.dict.yaml	㕮	tiao	0	㕮
cn_dicts/41448.dict.yaml	㟘	tiao	0	㟘
cn_dicts/41448.dict.yaml	㩖	tiao	0	㩖
cn_dicts/41448.dict.yaml	㸠	tiao	0	㸠
cn_dicts/41448.dict.yaml	䂪	tiao	0	䂪
cn_dicts/41448.dict.yaml	䎄	tiao	0	䎄
cn_dicts/41448.dict.yaml	䒒	tiao	0	䒒
cn_dicts/41448.dict.yaml	䖺	tiao	0	䖺
cn_dicts/41448.dict.yaml	䟭	tiao	0	䟭
cn_dicts/41448.dict.yaml	䠷	tiao	0	䠷
cn_dicts/41448.dict.yaml	䧂	tiao	0	䧂
cn_dicts/41448.dict.yaml	䩦	tiao	0	䩦
cn_dicts/41448.dict.yaml	䯾	tiao	0	䯾
cn_dicts/41448.dict.yaml	䱔	tiao	0	䱔
cn_dicts/41448.dict.yaml	䳂	tiao	0	䳂
cn_dicts/41448.dict.yaml	𠛪	tiao	0	𠛪
cn_dicts/41448.dict.yaml	𠤺	tiao	0	𠤺
cn_dicts/41448.dict.yaml	𠧪	tiao	0	𠧪
cn_dicts/41448.dict.yaml	𡠊	tiao	0	𡠊
cn_dicts/41448.dict.yaml	𡯿	tiao	0	𡯿
cn_dicts/41448.dict.yaml	𡳏	tiao	0	𡳏
cn_dicts/41448.dict.yaml	𢈄	tiao	0	𢈄
cn_dicts/41448.dict.yaml	𢓝	tiao	0	𢓝
cn_dicts/41448.dict.yaml	𢖈	tiao	0	𢖈
cn_dicts/41448.dict.yaml	𢳙	tiao	0	𢳙
cn_dicts/41448.dict.yaml	𢺫	tiao	0	𢺫
cn_dicts/41448.dict.yaml	𣂁	tiao	0	𣂁
cn_dicts/41448.dict.yaml	𣂥	tiao	0	𣂥
cn_dicts/41448.dict.yaml	𣒼	tiao	0	𣒼
cn_dicts/41448.dict.yaml	𣟐	tiao	0	𣟐
cn_dicts/41448.dict.yaml	𣬸	tiao	0	𣬸
cn_dicts/41448.dict.yaml	𥎺	tiao	0	𥎺
cn_dicts/41448.dict.yaml	𥶏	tiao	0	𥶏
cn_dicts/41448.dict.yaml	𦩄	tiao	0	𦩄
cn_dicts/41448.dict.yaml	𦴚	tiao	0	𦴚
cn_dicts/41448.dict.yaml	𦺰	tiao	0	𦺰
cn_dicts/41448.dict.yaml	𧌁	tiao	0	𧌁
cn_dicts/41448.dict.yaml	𨋫	tiao	0	𨋫
cn_dicts/41448.dict.yaml	𨾾	tiao	0	𨾾
cn_dicts/41448.dict.yaml	𩲤	tiao	0	𩲤
cn_dicts/41448.dict.yaml	𪌪	tiao	0	𪌪
cn_dicts/41448.dict.yaml	䂿	tie	0	䂿
cn_dicts/41448.dict.yaml	䥫	tie	0	䥫
cn_dicts/41448.dict.yaml	䩞	tie	0	䩞
cn_dicts/41448.dict.yaml	䴴	tie	0	䴴
cn_dicts/41448.dict.yaml	䵿	tie	0	䵿
cn_dicts/41448.dict.yaml	𢶋	tie	0	𢶋
cn_dicts/41448.dict.yaml	𤝓	tie	0	𤝓
cn_dicts/41448.dict.yaml	𦝒	tie	0	𦝒
cn_dicts/41448.dict.yaml	𦧢	tie	0	𦧢
cn_dicts/41448.dict.yaml	𦧤	tie	0	𦧤
cn_dicts/41448.dict.yaml	𪎋	tie	0	𪎋
cn_dicts/41448.dict.yaml	㹶	ting	0	㹶
cn_dicts/41448.dict.yaml	㼗	ting	0	㼗
cn_dicts/41448.dict.yaml	䅍	ting	0	䅍
cn_dicts/41448.dict.yaml	䋼	ting	0	䋼
cn_dicts/41448.dict.yaml	䦐	ting	0	䦐
cn_dicts/41448.dict.yaml	䫖	ting	0	䫖
cn_dicts/41448.dict.yaml	䱓	ting	0	䱓
cn_dicts/41448.dict.yaml	䵺	ting	0	䵺
cn_dicts/41448.dict.yaml	𠄚	ting	0	𠄚
cn_dicts/41448.dict.yaml	𠕊	ting	0	𠕊
cn_dicts/41448.dict.yaml	𠘋	ting	0	𠘋
cn_dicts/41448.dict.yaml	𡈼	ting	0	𡈼
cn_dicts/41448.dict.yaml	𡔛	ting	0	𡔛
cn_dicts/41448.dict.yaml	𢬫	ting	0	𢬫
cn_dicts/41448.dict.yaml	𢽄	ting	0	𢽄
cn_dicts/41448.dict.yaml	𣂴	ting	0	𣂴
cn_dicts/41448.dict.yaml	𣄿	ting	0	𣄿
cn_dicts/41448.dict.yaml	𣉡	ting	0	𣉡
cn_dicts/41448.dict.yaml	𤗞	ting	0	𤗞
cn_dicts/41448.dict.yaml	𤘖	ting	0	𤘖
cn_dicts/41448.dict.yaml	𤱹	ting	0	𤱹
cn_dicts/41448.dict.yaml	𥆑	ting	0	𥆑
cn_dicts/41448.dict.yaml	𥑈	ting	0	𥑈
cn_dicts/41448.dict.yaml	𥥶	ting	0	𥥶
cn_dicts/41448.dict.yaml	𥫙	ting	0	𥫙
cn_dicts/41448.dict.yaml	𥴑	ting	0	𥴑
cn_dicts/41448.dict.yaml	𦉬	ting	0	𦉬
cn_dicts/41448.dict.yaml	𦐿	ting	0	𦐿
cn_dicts/41448.dict.yaml	𦕢	ting	0	𦕢
cn_dicts/41448.dict.yaml	𦗟	ting	0	𦗟
cn_dicts/41448.dict.yaml	𦝞	ting	0	𦝞
cn_dicts/41448.dict.yaml	𧓴	ting	0	𧓴
cn_dicts/41448.dict.yaml	𧖨	ting	0	𧖨
cn_dicts/41448.dict.yaml	𧰩	ting	0	𧰩
cn_dicts/41448.dict.yaml	𧶺	ting	0	𧶺
cn_dicts/41448.dict.yaml	𨁗	ting	0	𨁗
cn_dicts/41448.dict.yaml	𨉬	ting	0	𨉬
cn_dicts/41448.dict.yaml	𨊡	ting	0	𨊡
cn_dicts/41448.dict.yaml	𨓍	ting	0	𨓍
cn_dicts/41448.dict.yaml	𨳑	ting	0	𨳑
cn_dicts/41448.dict.yaml	𨳝	ting	0	𨳝
cn_dicts/41448.dict.yaml	𩆆	ting	0	𩆆
cn_dicts/41448.dict.yaml	𩐴	ting	0	𩐴
cn_dicts/41448.dict.yaml	𩑙	ting	0	𩑙
cn_dicts/41448.dict.yaml	𩒞	ting	0	𩒞
cn_dicts/41448.dict.yaml	𩨑	ting	0	𩨑
cn_dicts/41448.dict.yaml	𩹇	ting	0	𩹇
cn_dicts/41448.dict.yaml	𪊶	ting	0	𪊶
cn_dicts/41448.dict.yaml	㠉	tong	0	㠉
cn_dicts/41448.dict.yaml	㠽	tong	0	㠽
cn_dicts/41448.dict.yaml	㣚	tong	0	㣚
cn_dicts/41448.dict.yaml	㣠	tong	0	㣠
cn_dicts/41448.dict.yaml	㤏	tong	0	㤏
cn_dicts/41448.dict.yaml	㪌	tong	0	㪌
cn_dicts/41448.dict.yaml	㮔	tong	0	㮔
cn_dicts/41448.dict.yaml	㸗	tong	0	㸗
cn_dicts/41448.dict.yaml	㼧	tong	0	㼧
cn_dicts/41448.dict.yaml	㼿	tong	0	㼿
cn_dicts/41448.dict.yaml	䂈	tong	0	䂈
cn_dicts/41448.dict.yaml	䆚	tong	0	䆚
cn_dicts/41448.dict.yaml	䆹	tong	0	䆹
cn_dicts/41448.dict.yaml	䮵	tong	0	䮵
cn_dicts/41448.dict.yaml	䳋	tong	0	䳋
cn_dicts/41448.dict.yaml	䴀	tong	0	䴀
cn_dicts/41448.dict.yaml	䶱	tong	0	䶱
cn_dicts/41448.dict.yaml	𠖄	tong	0	𠖄
cn_dicts/41448.dict.yaml	𡠙	tong	0	𡠙
cn_dicts/41448.dict.yaml	𡦜	tong	0	𡦜
cn_dicts/41448.dict.yaml	𢄟	tong	0	𢄟
cn_dicts/41448.dict.yaml	𢈉	tong	0	𢈉
cn_dicts/41448.dict.yaml	𢏕	tong	0	𢏕
cn_dicts/41448.dict.yaml	𢓘	tong	0	𢓘
cn_dicts/41448.dict.yaml	𢳟	tong	0	𢳟
cn_dicts/41448.dict.yaml	𣌾	tong	0	𣌾
cn_dicts/41448.dict.yaml	𣑸	tong	0	𣑸
cn_dicts/41448.dict.yaml	𣪯	tong	0	𣪯
cn_dicts/41448.dict.yaml	𣻢	tong	0	𣻢
cn_dicts/41448.dict.yaml	𤱇	tong	0	𤱇
cn_dicts/41448.dict.yaml	𤺄	tong	0	𤺄
cn_dicts/41448.dict.yaml	𥦁	tong	0	𥦁
cn_dicts/41448.dict.yaml	𥩌	tong	0	𥩌
cn_dicts/41448.dict.yaml	𥫂	tong	0	𥫂
cn_dicts/41448.dict.yaml	𥲆	tong	0	𥲆
cn_dicts/41448.dict.yaml	𦏆	tong	0	𦏆
cn_dicts/41448.dict.yaml	𦨴	tong	0	𦨴
cn_dicts/41448.dict.yaml	𧇌	tong	0	𧇌
cn_dicts/41448.dict.yaml	𧊚	tong	0	𧊚
cn_dicts/41448.dict.yaml	𧋒	tong	0	𧋒
cn_dicts/41448.dict.yaml	𧋚	tong	0	𧋚
cn_dicts/41448.dict.yaml	𧌝	tong	0	𧌝
cn_dicts/41448.dict.yaml	𧙥	tong	0	𧙥
cn_dicts/41448.dict.yaml	𧳆	tong	0	𧳆
cn_dicts/41448.dict.yaml	𧳿	tong	0	𧳿
cn_dicts/41448.dict.yaml	𨀜	tong	0	𨀜
cn_dicts/41448.dict.yaml	𨈹	tong	0	𨈹
cn_dicts/41448.dict.yaml	𨚯	tong	0	𨚯
cn_dicts/41448.dict.yaml	𨜳	tong	0	𨜳
cn_dicts/41448.dict.yaml	𨝯	tong	0	𨝯
cn_dicts/41448.dict.yaml	𨠌	tong	0	𨠌
cn_dicts/41448.dict.yaml	𩍅	tong	0	𩍅
cn_dicts/41448.dict.yaml	𩩅	tong	0	𩩅
cn_dicts/41448.dict.yaml	𩻡	tong	0	𩻡
cn_dicts/41448.dict.yaml	𪀭	tong	0	𪀭
cn_dicts/41448.dict.yaml	𪌢	tong	0	𪌢
cn_dicts/41448.dict.yaml	㓱	tou	0	㓱
cn_dicts/41448.dict.yaml	㕻	tou	0	㕻
cn_dicts/41448.dict.yaml	㖣	tou	0	㖣
cn_dicts/41448.dict.yaml	㡏	tou	0	㡏
cn_dicts/41448.dict.yaml	㢏	tou	0	㢏
cn_dicts/41448.dict.yaml	㤟	tou	0	㤟
cn_dicts/41448.dict.yaml	㪗	tou	0	㪗
cn_dicts/41448.dict.yaml	㰯	tou	0	㰯
cn_dicts/41448.dict.yaml	㳆	tou	0	㳆
cn_dicts/41448.dict.yaml	㼥	tou	0	㼥
cn_dicts/41448.dict.yaml	䕱	tou	0	䕱
cn_dicts/41448.dict.yaml	䚵	tou	0	䚵
cn_dicts/41448.dict.yaml	䞬	tou	0	䞬
cn_dicts/41448.dict.yaml	䟝	tou	0	䟝
cn_dicts/41448.dict.yaml	䡩	tou	0	䡩
cn_dicts/41448.dict.yaml	䱏	tou	0	䱏
cn_dicts/41448.dict.yaml	䵉	tou	0	䵉
cn_dicts/41448.dict.yaml	𡇧	tou	0	𡇧
cn_dicts/41448.dict.yaml	𡷠	tou	0	𡷠
cn_dicts/41448.dict.yaml	𣂮	tou	0	𣂮
cn_dicts/41448.dict.yaml	𣛾	tou	0	𣛾
cn_dicts/41448.dict.yaml	𣪌	tou	0	𣪌
cn_dicts/41448.dict.yaml	𧺢	tou	0	𧺢
cn_dicts/41448.dict.yaml	𨔙	tou	0	𨔙
cn_dicts/41448.dict.yaml	𨪐	tou	0	𨪐
cn_dicts/41448.dict.yaml	𨯲	tou	0	𨯲
cn_dicts/41448.dict.yaml	𨱎	tou	0	𨱎
cn_dicts/41448.dict.yaml	𨷩	tou	0	𨷩
cn_dicts/41448.dict.yaml	𩜶	tou	0	𩜶
cn_dicts/41448.dict.yaml	𩿢	tou	0	𩿢
cn_dicts/41448.dict.yaml	𪁞	tou	0	𪁞
cn_dicts/41448.dict.yaml	𪉘	tou	0	𪉘
cn_dicts/41448.dict.yaml	𪌘	tou	0	𪌘
cn_dicts/41448.dict.yaml	𪎨	tou	0	𪎨
cn_dicts/41448.dict.yaml	㟮	tu	0	㟮
cn_dicts/41448.dict.yaml	㭸	tu	0	㭸
cn_dicts/41448.dict.yaml	㻌	tu	0	㻌
cn_dicts/41448.dict.yaml	㻠	tu	0	㻠
cn_dicts/41448.dict.yaml	㻯	tu	0	㻯
cn_dicts/41448.dict.yaml	䅷	tu	0	䅷
cn_dicts/41448.dict.yaml	䖘	tu	0	䖘
cn_dicts/41448.dict.yaml	䠈	tu	0	䠈
cn_dicts/41448.dict.yaml	䣄	tu	0	䣄
cn_dicts/41448.dict.yaml	䣝	tu	0	䣝
cn_dicts/41448.dict.yaml	䤅	tu	0	䤅
cn_dicts/41448.dict.yaml	䩣	tu	0	䩣
cn_dicts/41448.dict.yaml	䭭	tu	0	䭭
cn_dicts/41448.dict.yaml	䳜	tu	0	䳜
cn_dicts/41448.dict.yaml	䴛	tu	0	䴛
cn_dicts/41448.dict.yaml	𠊲	tu	0	𠊲
cn_dicts/41448.dict.yaml	𠞀	tu	0	𠞀
cn_dicts/41448.dict.yaml	𠟶	tu	0	𠟶
cn_dicts/41448.dict.yaml	𠫓	tu	0	𠫓
cn_dicts/41448.dict.yaml	𠫮	tu	0	𠫮
cn_dicts/41448.dict.yaml	𠳶	tu	0	𠳶
cn_dicts/41448.dict.yaml	𠸂	tu	0	𠸂
cn_dicts/41448.dict.yaml	𠻬	tu	0	𠻬
cn_dicts/41448.dict.yaml	𡇩	tu	0	𡇩
cn_dicts/41448.dict.yaml	𡸂	tu	0	𡸂
cn_dicts/41448.dict.yaml	𡺴	tu	0	𡺴
cn_dicts/41448.dict.yaml	𢉜	tu	0	𢉜
cn_dicts/41448.dict.yaml	𢝀	tu	0	𢝀
cn_dicts/41448.dict.yaml	𢬳	tu	0	𢬳
cn_dicts/41448.dict.yaml	𣅝	tu	0	𣅝
cn_dicts/41448.dict.yaml	𣈥	tu	0	𣈥
cn_dicts/41448.dict.yaml	𣒇	tu	0	𣒇
cn_dicts/41448.dict.yaml	𣔻	tu	0	𣔻
cn_dicts/41448.dict.yaml	𣘻	tu	0	𣘻
cn_dicts/41448.dict.yaml	𣥳	tu	0	𣥳
cn_dicts/41448.dict.yaml	𣲱	tu	0	𣲱
cn_dicts/41448.dict.yaml	𤙛	tu	0	𤙛
cn_dicts/41448.dict.yaml	𤟪	tu	0	𤟪
cn_dicts/41448.dict.yaml	𤷿	tu	0	𤷿
cn_dicts/41448.dict.yaml	𥂋	tu	0	𥂋
cn_dicts/41448.dict.yaml	𥥛	tu	0	𥥛
cn_dicts/41448.dict.yaml	𥧣	tu	0	𥧣
cn_dicts/41448.dict.yaml	𥨜	tu	0	𥨜
cn_dicts/41448.dict.yaml	𥯝	tu	0	𥯝
cn_dicts/41448.dict.yaml	𥱻	tu	0	𥱻
cn_dicts/41448.dict.yaml	𦔅	tu	0	𦔅
cn_dicts/41448.dict.yaml	𦝬	tu	0	𦝬
cn_dicts/41448.dict.yaml	𦩤	tu	0	𦩤
cn_dicts/41448.dict.yaml	𧛗	tu	0	𧛗
cn_dicts/41448.dict.yaml	𧧶	tu	0	𧧶
cn_dicts/41448.dict.yaml	𧳌	tu	0	𧳌
cn_dicts/41448.dict.yaml	𨑒	tu	0	𨑒
cn_dicts/41448.dict.yaml	𨙭	tu	0	𨙭
cn_dicts/41448.dict.yaml	𨝛	tu	0	𨝛
cn_dicts/41448.dict.yaml	𨢬	tu	0	𨢬
cn_dicts/41448.dict.yaml	𨨷	tu	0	𨨷
cn_dicts/41448.dict.yaml	𨴩	tu	0	𨴩
cn_dicts/41448.dict.yaml	𩣮	tu	0	𩣮
cn_dicts/41448.dict.yaml	𩥽	tu	0	𩥽
cn_dicts/41448.dict.yaml	𩸃	tu	0	𩸃
cn_dicts/41448.dict.yaml	𪑏	tu	0	𪑏
cn_dicts/41448.dict.yaml	㩛	tuan	0	㩛
cn_dicts/41448.dict.yaml	䊜	tuan	0	䊜
cn_dicts/41448.dict.yaml	䜝	tuan	0	䜝
cn_dicts/41448.dict.yaml	䝎	tuan	0	䝎
cn_dicts/41448.dict.yaml	䳪	tuan	0	䳪
cn_dicts/41448.dict.yaml	䵎	tuan	0	䵎
cn_dicts/41448.dict.yaml	䵯	tuan	0	䵯
cn_dicts/41448.dict.yaml	𡁴	tuan	0	𡁴
cn_dicts/41448.dict.yaml	𢣎	tuan	0	𢣎
cn_dicts/41448.dict.yaml	𢮛	tuan	0	𢮛
cn_dicts/41448.dict.yaml	𣶣	tuan	0	𣶣
cn_dicts/41448.dict.yaml	𧐕	tuan	0	𧐕
cn_dicts/41448.dict.yaml	𧓘	tuan	0	𧓘
cn_dicts/41448.dict.yaml	𧰄	tuan	0	𧰄
cn_dicts/41448.dict.yaml	𧳩	tuan	0	𧳩
cn_dicts/41448.dict.yaml	𧽢	tuan	0	𧽢
cn_dicts/41448.dict.yaml	𨪒	tuan	0	𨪒
cn_dicts/41448.dict.yaml	𩃘	tuan	0	𩃘
cn_dicts/41448.dict.yaml	𩘯	tuan	0	𩘯
cn_dicts/41448.dict.yaml	𩜵	tuan	0	𩜵
cn_dicts/41448.dict.yaml	𩠹	tuan	0	𩠹
cn_dicts/41448.dict.yaml	𪈋	tuan	0	𪈋
cn_dicts/41448.dict.yaml	𪏖	tuan	0	𪏖
cn_dicts/41448.dict.yaml	㞂	tui	0	㞂
cn_dicts/41448.dict.yaml	㢈	tui	0	㢈
cn_dicts/41448.dict.yaml	㢑	tui	0	㢑
cn_dicts/41448.dict.yaml	㥆	tui	0	㥆
cn_dicts/41448.dict.yaml	㦌	tui	0	㦌
cn_dicts/41448.dict.yaml	㰐	tui	0	㰐
cn_dicts/41448.dict.yaml	㱣	tui	0	㱣
cn_dicts/41448.dict.yaml	㷟	tui	0	㷟
cn_dicts/41448.dict.yaml	㾯	tui	0	㾯
cn_dicts/41448.dict.yaml	㾼	tui	0	㾼
cn_dicts/41448.dict.yaml	㾽	tui	0	㾽
cn_dicts/41448.dict.yaml	㿉	tui	0	㿉
cn_dicts/41448.dict.yaml	㿗	tui	0	㿗
cn_dicts/41448.dict.yaml	䀃	tui	0	䀃
cn_dicts/41448.dict.yaml	䅪	tui	0	䅪
cn_dicts/41448.dict.yaml	䍾	tui	0	䍾
cn_dicts/41448.dict.yaml	䩣	tui	0	䩣
cn_dicts/41448.dict.yaml	䫋	tui	0	䫋
cn_dicts/41448.dict.yaml	𠺙	tui	0	𠺙
cn_dicts/41448.dict.yaml	𡯵	tui	0	𡯵
cn_dicts/41448.dict.yaml	𡷜	tui	0	𡷜
cn_dicts/41448.dict.yaml	𢈹	tui	0	𢈹
cn_dicts/41448.dict.yaml	𢉭	tui	0	𢉭
cn_dicts/41448.dict.yaml	𢊮	tui	0	𢊮
cn_dicts/41448.dict.yaml	𢓇	tui	0	𢓇
cn_dicts/41448.dict.yaml	𢟴	tui	0	𢟴
cn_dicts/41448.dict.yaml	𢠮	tui	0	𢠮
cn_dicts/41448.dict.yaml	𤗴	tui	0	𤗴
cn_dicts/41448.dict.yaml	𤸉	tui	0	𤸉
cn_dicts/41448.dict.yaml	𥲣	tui	0	𥲣
cn_dicts/41448.dict.yaml	𥶐	tui	0	𥶐
cn_dicts/41448.dict.yaml	𦖦	tui	0	𦖦
cn_dicts/41448.dict.yaml	𦜄	tui	0	𦜄
cn_dicts/41448.dict.yaml	𧆸	tui	0	𧆸
cn_dicts/41448.dict.yaml	𧝋	tui	0	𧝋
cn_dicts/41448.dict.yaml	𧮓	tui	0	𧮓
cn_dicts/41448.dict.yaml	𨆨	tui	0	𨆨
cn_dicts/41448.dict.yaml	𨌴	tui	0	𨌴
cn_dicts/41448.dict.yaml	𨗞	tui	0	𨗞
cn_dicts/41448.dict.yaml	𨘃	tui	0	𨘃
cn_dicts/41448.dict.yaml	𨽟	tui	0	𨽟
cn_dicts/41448.dict.yaml	𩓬	tui	0	𩓬
cn_dicts/41448.dict.yaml	𩘺	tui	0	𩘺
cn_dicts/41448.dict.yaml	𩳕	tui	0	𩳕
cn_dicts/41448.dict.yaml	㖔	tun	0	㖔
cn_dicts/41448.dict.yaml	㞘	tun	0	㞘
cn_dicts/41448.dict.yaml	㧷	tun	0	㧷
cn_dicts/41448.dict.yaml	㩔	tun	0	㩔
cn_dicts/41448.dict.yaml	㹠	tun	0	㹠
cn_dicts/41448.dict.yaml	㼊	tun	0	㼊
cn_dicts/41448.dict.yaml	𠭿	tun	0	𠭿
cn_dicts/41448.dict.yaml	𡉒	tun	0	𡉒
cn_dicts/41448.dict.yaml	𢞋	tun	0	𢞋
cn_dicts/41448.dict.yaml	𢥽	tun	0	𢥽
cn_dicts/41448.dict.yaml	𣋄	tun	0	𣋄
cn_dicts/41448.dict.yaml	𣵞	tun	0	𣵞
cn_dicts/41448.dict.yaml	𤶕	tun	0	𤶕
cn_dicts/41448.dict.yaml	𥴫	tun	0	𥴫
cn_dicts/41448.dict.yaml	𥸵	tun	0	𥸵
cn_dicts/41448.dict.yaml	𦍓	tun	0	𦍓
cn_dicts/41448.dict.yaml	𦜯	tun	0	𦜯
cn_dicts/41448.dict.yaml	𦜴	tun	0	𦜴
cn_dicts/41448.dict.yaml	𦟓	tun	0	𦟓
cn_dicts/41448.dict.yaml	𦟙	tun	0	𦟙
cn_dicts/41448.dict.yaml	𧑒	tun	0	𧑒
cn_dicts/41448.dict.yaml	𧰭	tun	0	𧰭
cn_dicts/41448.dict.yaml	𨁇	tun	0	𨁇
cn_dicts/41448.dict.yaml	𨔡	tun	0	𨔡
cn_dicts/41448.dict.yaml	𨙲	tun	0	𨙲
cn_dicts/41448.dict.yaml	𨧐	tun	0	𨧐
cn_dicts/41448.dict.yaml	𨳘	tun	0	𨳘
cn_dicts/41448.dict.yaml	𨹙	tun	0	𨹙
cn_dicts/41448.dict.yaml	𩂄	tun	0	𩂄
cn_dicts/41448.dict.yaml	𩖤	tun	0	𩖤
cn_dicts/41448.dict.yaml	𩷵	tun	0	𩷵
cn_dicts/41448.dict.yaml	𪌋	tun	0	𪌋
cn_dicts/41448.dict.yaml	𪎴	tun	0	𪎴
cn_dicts/41448.dict.yaml	𪎶	tun	0	𪎶
cn_dicts/41448.dict.yaml	𪏆	tun	0	𪏆
cn_dicts/41448.dict.yaml	𪑒	tun	0	𪑒
cn_dicts/41448.dict.yaml	㟎	tuo	0	㟎
cn_dicts/41448.dict.yaml	㯐	tuo	0	㯐
cn_dicts/41448.dict.yaml	㰐	tuo	0	㰐
cn_dicts/41448.dict.yaml	㸰	tuo	0	㸰
cn_dicts/41448.dict.yaml	㸱	tuo	0	㸱
cn_dicts/41448.dict.yaml	㼠	tuo	0	㼠
cn_dicts/41448.dict.yaml	㾃	tuo	0	㾃
cn_dicts/41448.dict.yaml	䍫	tuo	0	䍫
cn_dicts/41448.dict.yaml	䓕	tuo	0	䓕
cn_dicts/41448.dict.yaml	䡐	tuo	0	䡐
cn_dicts/41448.dict.yaml	䪑	tuo	0	䪑
cn_dicts/41448.dict.yaml	䭾	tuo	0	䭾
cn_dicts/41448.dict.yaml	䰿	tuo	0	䰿
cn_dicts/41448.dict.yaml	䲊	tuo	0	䲊
cn_dicts/41448.dict.yaml	䲦	tuo	0	䲦
cn_dicts/41448.dict.yaml	䴱	tuo	0	䴱
cn_dicts/41448.dict.yaml	𠰹	tuo	0	𠰹
cn_dicts/41448.dict.yaml	𠴻	tuo	0	𠴻
cn_dicts/41448.dict.yaml	𡇈	tuo	0	𡇈
cn_dicts/41448.dict.yaml	𡐏	tuo	0	𡐏
cn_dicts/41448.dict.yaml	𡛵	tuo	0	𡛵
cn_dicts/41448.dict.yaml	𡩆	tuo	0	𡩆
cn_dicts/41448.dict.yaml	𡹬	tuo	0	𡹬
cn_dicts/41448.dict.yaml	𢄿	tuo	0	𢄿
cn_dicts/41448.dict.yaml	𢏜	tuo	0	𢏜
cn_dicts/41448.dict.yaml	𢑠	tuo	0	𢑠
cn_dicts/41448.dict.yaml	𢓰	tuo	0	𢓰
cn_dicts/41448.dict.yaml	𢩷	tuo	0	𢩷
cn_dicts/41448.dict.yaml	𢩻	tuo	0	𢩻
cn_dicts/41448.dict.yaml	𢸨	tuo	0	𢸨
cn_dicts/41448.dict.yaml	𢼊	tuo	0	𢼊
cn_dicts/41448.dict.yaml	𣗸	tuo	0	𣗸
cn_dicts/41448.dict.yaml	𣟁	tuo	0	𣟁
cn_dicts/41448.dict.yaml	𣟄	tuo	0	𣟄
cn_dicts/41448.dict.yaml	𣮆	tuo	0	𣮆
cn_dicts/41448.dict.yaml	𣵺	tuo	0	𣵺
cn_dicts/41448.dict.yaml	𣵻	tuo	0	𣵻
cn_dicts/41448.dict.yaml	𣶦	tuo	0	𣶦
cn_dicts/41448.dict.yaml	𣷿	tuo	0	𣷿
cn_dicts/41448.dict.yaml	𤗙	tuo	0	𤗙
cn_dicts/41448.dict.yaml	𤝛	tuo	0	𤝛
cn_dicts/41448.dict.yaml	𤣯	tuo	0	𤣯
cn_dicts/41448.dict.yaml	𤤩	tuo	0	𤤩
cn_dicts/41448.dict.yaml	𤬾	tuo	0	𤬾
cn_dicts/41448.dict.yaml	𤱡	tuo	0	𤱡
cn_dicts/41448.dict.yaml	𤱧	tuo	0	𤱧
cn_dicts/41448.dict.yaml	𤹢	tuo	0	𤹢
cn_dicts/41448.dict.yaml	𥓿	tuo	0	𥓿
cn_dicts/41448.dict.yaml	𥞒	tuo	0	𥞒
cn_dicts/41448.dict.yaml	𥩀	tuo	0	𥩀
cn_dicts/41448.dict.yaml	𦑑	tuo	0	𦑑
cn_dicts/41448.dict.yaml	𦚈	tuo	0	𦚈
cn_dicts/41448.dict.yaml	𦚐	tuo	0	𦚐
cn_dicts/41448.dict.yaml	𦝦	tuo	0	𦝦
cn_dicts/41448.dict.yaml	𧔳	tuo	0	𧔳
cn_dicts/41448.dict.yaml	𧕦	tuo	0	𧕦
cn_dicts/41448.dict.yaml	𧜲	tuo	0	𧜲
cn_dicts/41448.dict.yaml	𧣖	tuo	0	𧣖
cn_dicts/41448.dict.yaml	𧤓	tuo	0	𧤓
cn_dicts/41448.dict.yaml	𧦧	tuo	0	𧦧
cn_dicts/41448.dict.yaml	𧦭	tuo	0	𧦭
cn_dicts/41448.dict.yaml	𧧉	tuo	0	𧧉
cn_dicts/41448.dict.yaml	𧿧	tuo	0	𧿧
cn_dicts/41448.dict.yaml	𧿶	tuo	0	𧿶
cn_dicts/41448.dict.yaml	𨁡	tuo	0	𨁡
cn_dicts/41448.dict.yaml	𨂫	tuo	0	𨂫
cn_dicts/41448.dict.yaml	𨈷	tuo	0	𨈷
cn_dicts/41448.dict.yaml	𨉋	tuo	0	𨉋
cn_dicts/41448.dict.yaml	𨒙	tuo	0	𨒙
cn_dicts/41448.dict.yaml	𨞌	tuo	0	𨞌
cn_dicts/41448.dict.yaml	𨠑	tuo	0	𨠑
cn_dicts/41448.dict.yaml	𨲉	tuo	0	𨲉
cn_dicts/41448.dict.yaml	𨹔	tuo	0	𨹔
cn_dicts/41448.dict.yaml	𨺖	tuo	0	𨺖
cn_dicts/41448.dict.yaml	𩃰	tuo	0	𩃰
cn_dicts/41448.dict.yaml	𩃱	tuo	0	𩃱
cn_dicts/41448.dict.yaml	𩅡	tuo	0	𩅡
cn_dicts/41448.dict.yaml	𩉺	tuo	0	𩉺
cn_dicts/41448.dict.yaml	𩎼	tuo	0	𩎼
cn_dicts/41448.dict.yaml	𩟰	tuo	0	𩟰
cn_dicts/41448.dict.yaml	𩢊	tuo	0	𩢊
cn_dicts/41448.dict.yaml	𩢵	tuo	0	𩢵
cn_dicts/41448.dict.yaml	𩧐	tuo	0	𩧐
cn_dicts/41448.dict.yaml	𩱾	tuo	0	𩱾
cn_dicts/41448.dict.yaml	𩿽	tuo	0	𩿽
cn_dicts/41448.dict.yaml	𪌂	tuo	0	𪌂
cn_dicts/41448.dict.yaml	𪘕	tuo	0	𪘕
cn_dicts/41448.dict.yaml	𪘗	tuo	0	𪘗
cn_dicts/41448.dict.yaml	㒝	wa	0	㒝
cn_dicts/41448.dict.yaml	㧚	wa	0	㧚
cn_dicts/41448.dict.yaml	㰪	wa	0	㰪
cn_dicts/41448.dict.yaml	㼘	wa	0	㼘
cn_dicts/41448.dict.yaml	䍪	wa	0	䍪
cn_dicts/41448.dict.yaml	䎳	wa	0	䎳
cn_dicts/41448.dict.yaml	䖯	wa	0	䖯
cn_dicts/41448.dict.yaml	䚴	wa	0	䚴
cn_dicts/41448.dict.yaml	䠚	wa	0	䠚
cn_dicts/41448.dict.yaml	䯉	wa	0	䯉
cn_dicts/41448.dict.yaml	䵷	wa	0	䵷
cn_dicts/41448.dict.yaml	𠲎	wa	0	𠲎
cn_dicts/41448.dict.yaml	𠴺	wa	0	𠴺
cn_dicts/41448.dict.yaml	𠹁	wa	0	𠹁
cn_dicts/41448.dict.yaml	𡁌	wa	0	𡁌
cn_dicts/41448.dict.yaml	𡚟	wa	0	𡚟
cn_dicts/41448.dict.yaml	𡧗	wa	0	𡧗
cn_dicts/41448.dict.yaml	𢈈	wa	0	𢈈
cn_dicts/41448.dict.yaml	𣐎	wa	0	𣐎
cn_dicts/41448.dict.yaml	𣢉	wa	0	𣢉
cn_dicts/41448.dict.yaml	𣢚	wa	0	𣢚
cn_dicts/41448.dict.yaml	𤞇	wa	0	𤞇
cn_dicts/41448.dict.yaml	𤬦	wa	0	𤬦
cn_dicts/41448.dict.yaml	𤬿	wa	0	𤬿
cn_dicts/41448.dict.yaml	𤮰	wa	0	𤮰
cn_dicts/41448.dict.yaml	𤿗	wa	0	𤿗
cn_dicts/41448.dict.yaml	𥤺	wa	0	𥤺
cn_dicts/41448.dict.yaml	𥥟	wa	0	𥥟
cn_dicts/41448.dict.yaml	𥿉	wa	0	𥿉
cn_dicts/41448.dict.yaml	𦘍	wa	0	𦘍
cn_dicts/41448.dict.yaml	𦘵	wa	0	𦘵
cn_dicts/41448.dict.yaml	𦚩	wa	0	𦚩
cn_dicts/41448.dict.yaml	𦞭	wa	0	𦞭
cn_dicts/41448.dict.yaml	𦤙	wa	0	𦤙
cn_dicts/41448.dict.yaml	𦫪	wa	0	𦫪
cn_dicts/41448.dict.yaml	𧧊	wa	0	𧧊
cn_dicts/41448.dict.yaml	𨀄	wa	0	𨀄
cn_dicts/41448.dict.yaml	𨩶	wa	0	𨩶
cn_dicts/41448.dict.yaml	𩋘	wa	0	𩋘
cn_dicts/41448.dict.yaml	𩎟	wa	0	𩎟
cn_dicts/41448.dict.yaml	𩨚	wa	0	𩨚
cn_dicts/41448.dict.yaml	𩨾	wa	0	𩨾
cn_dicts/41448.dict.yaml	𩩤	wa	0	𩩤
cn_dicts/41448.dict.yaml	𩿺	wa	0	𩿺
cn_dicts/41448.dict.yaml	㖞	wai	0	㖞
cn_dicts/41448.dict.yaml	㨤	wai	0	㨤
cn_dicts/41448.dict.yaml	䠿	wai	0	䠿
cn_dicts/41448.dict.yaml	䶐	wai	0	䶐
cn_dicts/41448.dict.yaml	𠨃	wai	0	𠨃
cn_dicts/41448.dict.yaml	𠰻	wai	0	𠰻
cn_dicts/41448.dict.yaml	𢱉	wai	0	𢱉
cn_dicts/41448.dict.yaml	𤟷	wai	0	𤟷
cn_dicts/41448.dict.yaml	𤤫	wai	0	𤤫
cn_dicts/41448.dict.yaml	𤷹	wai	0	𤷹
cn_dicts/41448.dict.yaml	𦘍	wai	0	𦘍
cn_dicts/41448.dict.yaml	𨈕	wai	0	𨈕
cn_dicts/41448.dict.yaml	𨵞	wai	0	𨵞
cn_dicts/41448.dict.yaml	𩔀	wai	0	𩔀
cn_dicts/41448.dict.yaml	𩕕	wai	0	𩕕
cn_dicts/41448.dict.yaml	𩰬	wai	0	𩰬
cn_dicts/41448.dict.yaml	𪉭	wai	0	𪉭
cn_dicts/41448.dict.yaml	𪑷	wai	0	𪑷
cn_dicts/41448.dict.yaml	㝃	wan	0	㝃
cn_dicts/41448.dict.yaml	㝴	wan	0	㝴
cn_dicts/41448.dict.yaml	㸘	wan	0	㸘
cn_dicts/41448.dict.yaml	㼝	wan	0	㼝
cn_dicts/41448.dict.yaml	㽜	wan	0	㽜
cn_dicts/41448.dict.yaml	㽹	wan	0	㽹
cn_dicts/41448.dict.yaml	㿸	wan	0	㿸
cn_dicts/41448.dict.yaml	䂺	wan	0	䂺
cn_dicts/41448.dict.yaml	䅋	wan	0	䅋
cn_dicts/41448.dict.yaml	䈮	wan	0	䈮
cn_dicts/41448.dict.yaml	䏦	wan	0	䏦
cn_dicts/41448.dict.yaml	䑱	wan	0	䑱
cn_dicts/41448.dict.yaml	䖤	wan	0	䖤
cn_dicts/41448.dict.yaml	䗕	wan	0	䗕
cn_dicts/41448.dict.yaml	䘼	wan	0	䘼
cn_dicts/41448.dict.yaml	䛷	wan	0	䛷
cn_dicts/41448.dict.yaml	䝹	wan	0	䝹
cn_dicts/41448.dict.yaml	䥑	wan	0	䥑
cn_dicts/41448.dict.yaml	䩊	wan	0	䩊
cn_dicts/41448.dict.yaml	䯈	wan	0	䯈
cn_dicts/41448.dict.yaml	䯛	wan	0	䯛
cn_dicts/41448.dict.yaml	䳃	wan	0	䳃
cn_dicts/41448.dict.yaml	䵥	wan	0	䵥
cn_dicts/41448.dict.yaml	𠒢	wan	0	𠒢
cn_dicts/41448.dict.yaml	𠝪	wan	0	𠝪
cn_dicts/41448.dict.yaml	𠠪	wan	0	𠠪
cn_dicts/41448.dict.yaml	𠣉	wan	0	𠣉
cn_dicts/41448.dict.yaml	𡆅	wan	0	𡆅
cn_dicts/41448.dict.yaml	𡇿	wan	0	𡇿
cn_dicts/41448.dict.yaml	𡤶	wan	0	𡤶
cn_dicts/41448.dict.yaml	𡩄	wan	0	𡩄
cn_dicts/41448.dict.yaml	𡸥	wan	0	𡸥
cn_dicts/41448.dict.yaml	𢀗	wan	0	𢀗
cn_dicts/41448.dict.yaml	𢓃	wan	0	𢓃
cn_dicts/41448.dict.yaml	𢓆	wan	0	𢓆
cn_dicts/41448.dict.yaml	𢛙	wan	0	𢛙
cn_dicts/41448.dict.yaml	𢨔	wan	0	𢨔
cn_dicts/41448.dict.yaml	𢯫	wan	0	𢯫
cn_dicts/41448.dict.yaml	𢯲	wan	0	𢯲
cn_dicts/41448.dict.yaml	𢺯	wan	0	𢺯
cn_dicts/41448.dict.yaml	𣆛	wan	0	𣆛
cn_dicts/41448.dict.yaml	𣡩	wan	0	𣡩
cn_dicts/41448.dict.yaml	𣥃	wan	0	𣥃
cn_dicts/41448.dict.yaml	𤗍	wan	0	𤗍
cn_dicts/41448.dict.yaml	𤥙	wan	0	𤥙
cn_dicts/41448.dict.yaml	𤧩	wan	0	𤧩
cn_dicts/41448.dict.yaml	𤻆	wan	0	𤻆
cn_dicts/41448.dict.yaml	𥆶	wan	0	𥆶
cn_dicts/41448.dict.yaml	𥝄	wan	0	𥝄
cn_dicts/41448.dict.yaml	𥟶	wan	0	𥟶
cn_dicts/41448.dict.yaml	𥤸	wan	0	𥤸
cn_dicts/41448.dict.yaml	𥿎	wan	0	𥿎
cn_dicts/41448.dict.yaml	𦂔	wan	0	𦂔
cn_dicts/41448.dict.yaml	𦙵	wan	0	𦙵
cn_dicts/41448.dict.yaml	𦜐	wan	0	𦜐
cn_dicts/41448.dict.yaml	𦣾	wan	0	𦣾
cn_dicts/41448.dict.yaml	𦲯	wan	0	𦲯
cn_dicts/41448.dict.yaml	𦽞	wan	0	𦽞
cn_dicts/41448.dict.yaml	𧚇	wan	0	𧚇
cn_dicts/41448.dict.yaml	𧠆	wan	0	𧠆
cn_dicts/41448.dict.yaml	𧯡	wan	0	𧯡
cn_dicts/41448.dict.yaml	𧲦	wan	0	𧲦
cn_dicts/41448.dict.yaml	𧿙	wan	0	𧿙
cn_dicts/41448.dict.yaml	𨈊	wan	0	𨈊
cn_dicts/41448.dict.yaml	𨉝	wan	0	𨉝
cn_dicts/41448.dict.yaml	𨌔	wan	0	𨌔
cn_dicts/41448.dict.yaml	𨞼	wan	0	𨞼
cn_dicts/41448.dict.yaml	𨥧	wan	0	𨥧
cn_dicts/41448.dict.yaml	𨩯	wan	0	𨩯
cn_dicts/41448.dict.yaml	𨩵	wan	0	𨩵
cn_dicts/41448.dict.yaml	𨩻	wan	0	𨩻
cn_dicts/41448.dict.yaml	𩅦	wan	0	𩅦
cn_dicts/41448.dict.yaml	𩈬	wan	0	𩈬
cn_dicts/41448.dict.yaml	𩊁	wan	0	𩊁
cn_dicts/41448.dict.yaml	𩢄	wan	0	𩢄
cn_dicts/41448.dict.yaml	𩣵	wan	0	𩣵
cn_dicts/41448.dict.yaml	𩾞	wan	0	𩾞
cn_dicts/41448.dict.yaml	𪂦	wan	0	𪂦
cn_dicts/41448.dict.yaml	𪂧	wan	0	𪂧
cn_dicts/41448.dict.yaml	𪋅	wan	0	𪋅
cn_dicts/41448.dict.yaml	𪎛	wan	0	𪎛
cn_dicts/41448.dict.yaml	𪐬	wan	0	𪐬
cn_dicts/41448.dict.yaml	𪑉	wan	0	𪑉
cn_dicts/41448.dict.yaml	㑌	wang	0	㑌
cn_dicts/41448.dict.yaml	㓁	wang	0	㓁
cn_dicts/41448.dict.yaml	㔞	wang	0	㔞
cn_dicts/41448.dict.yaml	㲿	wang	0	㲿
cn_dicts/41448.dict.yaml	㳹	wang	0	㳹
cn_dicts/41448.dict.yaml	㴏	wang	0	㴏
cn_dicts/41448.dict.yaml	䋄	wang	0	䋄
cn_dicts/41448.dict.yaml	䋞	wang	0	䋞
cn_dicts/41448.dict.yaml	䒽	wang	0	䒽
cn_dicts/41448.dict.yaml	䛃	wang	0	䛃
cn_dicts/41448.dict.yaml	䤑	wang	0	䤑
cn_dicts/41448.dict.yaml	䰣	wang	0	䰣
cn_dicts/41448.dict.yaml	𠕿	wang	0	𠕿
cn_dicts/41448.dict.yaml	𡔞	wang	0	𡔞
cn_dicts/41448.dict.yaml	𡝝	wang	0	𡝝
cn_dicts/41448.dict.yaml	𡯁	wang	0	𡯁
cn_dicts/41448.dict.yaml	𡷢	wang	0	𡷢
cn_dicts/41448.dict.yaml	𢁶	wang	0	𢁶
cn_dicts/41448.dict.yaml	𢓯	wang	0	𢓯
cn_dicts/41448.dict.yaml	𢛛	wang	0	𢛛
cn_dicts/41448.dict.yaml	𢼟	wang	0	𢼟
cn_dicts/41448.dict.yaml	𣢫	wang	0	𣢫
cn_dicts/41448.dict.yaml	𣥊	wang	0	𣥊
cn_dicts/41448.dict.yaml	𣶈	wang	0	𣶈
cn_dicts/41448.dict.yaml	𣷪	wang	0	𣷪
cn_dicts/41448.dict.yaml	𤷀	wang	0	𤷀
cn_dicts/41448.dict.yaml	𥆚	wang	0	𥆚
cn_dicts/41448.dict.yaml	𥆜	wang	0	𥆜
cn_dicts/41448.dict.yaml	𥝍	wang	0	𥝍
cn_dicts/41448.dict.yaml	𥲠	wang	0	𥲠
cn_dicts/41448.dict.yaml	𥾼	wang	0	𥾼
cn_dicts/41448.dict.yaml	𦓋	wang	0	𦓋
cn_dicts/41448.dict.yaml	𦖉	wang	0	𦖉
cn_dicts/41448.dict.yaml	𦣦	wang	0	𦣦
cn_dicts/41448.dict.yaml	𦣩	wang	0	𦣩
cn_dicts/41448.dict.yaml	𦬣	wang	0	𦬣
cn_dicts/41448.dict.yaml	𦯌	wang	0	𦯌
cn_dicts/41448.dict.yaml	𧈿	wang	0	𧈿
cn_dicts/41448.dict.yaml	𧎕	wang	0	𧎕
cn_dicts/41448.dict.yaml	𧧄	wang	0	𧧄
cn_dicts/41448.dict.yaml	𧧜	wang	0	𧧜
cn_dicts/41448.dict.yaml	𧫢	wang	0	𧫢
cn_dicts/41448.dict.yaml	𨕿	wang	0	𨕿
cn_dicts/41448.dict.yaml	𨳠	wang	0	𨳠
cn_dicts/41448.dict.yaml	𩖩	wang	0	𩖩
cn_dicts/41448.dict.yaml	𩵭	wang	0	𩵭
cn_dicts/41448.dict.yaml	𪁘	wang	0	𪁘
cn_dicts/41448.dict.yaml	㕒	wei	0	㕒
cn_dicts/41448.dict.yaml	㖐	wei	0	㖐
cn_dicts/41448.dict.yaml	㛱	wei	0	㛱
cn_dicts/41448.dict.yaml	㞇	wei	0	㞇
cn_dicts/41448.dict.yaml	㞑	wei	0	㞑
cn_dicts/41448.dict.yaml	㟪	wei	0	㟪
cn_dicts/41448.dict.yaml	㟴	wei	0	㟴
cn_dicts/41448.dict.yaml	㠕	wei	0	㠕
cn_dicts/41448.dict.yaml	㢻	wei	0	㢻
cn_dicts/41448.dict.yaml	㣲	wei	0	㣲
cn_dicts/41448.dict.yaml	㥜	wei	0	㥜
cn_dicts/41448.dict.yaml	㥨	wei	0	㥨
cn_dicts/41448.dict.yaml	㦣	wei	0	㦣
cn_dicts/41448.dict.yaml	㧑	wei	0	㧑
cn_dicts/41448.dict.yaml	㨊	wei	0	㨊
cn_dicts/41448.dict.yaml	㨒	wei	0	㨒
cn_dicts/41448.dict.yaml	㬙	wei	0	㬙
cn_dicts/41448.dict.yaml	㭏	wei	0	㭏
cn_dicts/41448.dict.yaml	㱬	wei	0	㱬
cn_dicts/41448.dict.yaml	㷉	wei	0	㷉
cn_dicts/41448.dict.yaml	㸵	wei	0	㸵
cn_dicts/41448.dict.yaml	㺔	wei	0	㺔
cn_dicts/41448.dict.yaml	㻰	wei	0	㻰
cn_dicts/41448.dict.yaml	㾯	wei	0	㾯
cn_dicts/41448.dict.yaml	䃬	wei	0	䃬
cn_dicts/41448.dict.yaml	䅏	wei	0	䅏
cn_dicts/41448.dict.yaml	䇻	wei	0	䇻
cn_dicts/41448.dict.yaml	䈧	wei	0	䈧
cn_dicts/41448.dict.yaml	䉠	wei	0	䉠
cn_dicts/41448.dict.yaml	䍴	wei	0	䍴
cn_dicts/41448.dict.yaml	䍷	wei	0	䍷
cn_dicts/41448.dict.yaml	䑊	wei	0	䑊
cn_dicts/41448.dict.yaml	䓕	wei	0	䓕
cn_dicts/41448.dict.yaml	䓺	wei	0	䓺
cn_dicts/41448.dict.yaml	䔺	wei	0	䔺
cn_dicts/41448.dict.yaml	䗆	wei	0	䗆
cn_dicts/41448.dict.yaml	䗽	wei	0	䗽
cn_dicts/41448.dict.yaml	䘙	wei	0	䘙
cn_dicts/41448.dict.yaml	䙟	wei	0	䙟
cn_dicts/41448.dict.yaml	䙿	wei	0	䙿
cn_dicts/41448.dict.yaml	䛪	wei	0	䛪
cn_dicts/41448.dict.yaml	䜅	wei	0	䜅
cn_dicts/41448.dict.yaml	䜜	wei	0	䜜
cn_dicts/41448.dict.yaml	䝐	wei	0	䝐
cn_dicts/41448.dict.yaml	䞔	wei	0	䞔
cn_dicts/41448.dict.yaml	䡺	wei	0	䡺
cn_dicts/41448.dict.yaml	䣀	wei	0	䣀
cn_dicts/41448.dict.yaml	䥆	wei	0	䥆
cn_dicts/41448.dict.yaml	䥩	wei	0	䥩
cn_dicts/41448.dict.yaml	䦱	wei	0	䦱
cn_dicts/41448.dict.yaml	䧦	wei	0	䧦
cn_dicts/41448.dict.yaml	䩈	wei	0	䩈
cn_dicts/41448.dict.yaml	䩞	wei	0	䩞
cn_dicts/41448.dict.yaml	䪋	wei	0	䪋
cn_dicts/41448.dict.yaml	䪘	wei	0	䪘
cn_dicts/41448.dict.yaml	䫥	wei	0	䫥
cn_dicts/41448.dict.yaml	䬐	wei	0	䬐
cn_dicts/41448.dict.yaml	䬑	wei	0	䬑
cn_dicts/41448.dict.yaml	䬿	wei	0	䬿
cn_dicts/41448.dict.yaml	䭳	wei	0	䭳
cn_dicts/41448.dict.yaml	䮹	wei	0	䮹
cn_dicts/41448.dict.yaml	䱞	wei	0	䱞
cn_dicts/41448.dict.yaml	䲁	wei	0	䲁
cn_dicts/41448.dict.yaml	䲘	wei	0	䲘
cn_dicts/41448.dict.yaml	䵋	wei	0	䵋
cn_dicts/41448.dict.yaml	䵢	wei	0	䵢
cn_dicts/41448.dict.yaml	䵳	wei	0	䵳
cn_dicts/41448.dict.yaml	𠄿	wei	0	𠄿
cn_dicts/41448.dict.yaml	𠆟	wei	0	𠆟
cn_dicts/41448.dict.yaml	𠙕	wei	0	𠙕
cn_dicts/41448.dict.yaml	𠥎	wei	0	𠥎
cn_dicts/41448.dict.yaml	𠳿	wei	0	𠳿
cn_dicts/41448.dict.yaml	𠹤	wei	0	𠹤
cn_dicts/41448.dict.yaml	𡂗	wei	0	𡂗
cn_dicts/41448.dict.yaml	𡇦	wei	0	𡇦
cn_dicts/41448.dict.yaml	𡔱	wei	0	𡔱
cn_dicts/41448.dict.yaml	𡚈	wei	0	𡚈
cn_dicts/41448.dict.yaml	𡶎	wei	0	𡶎
cn_dicts/41448.dict.yaml	𡷕	wei	0	𡷕
cn_dicts/41448.dict.yaml	𡼱	wei	0	𡼱
cn_dicts/41448.dict.yaml	𢉝	wei	0	𢉝
cn_dicts/41448.dict.yaml	𢊯	wei	0	𢊯
cn_dicts/41448.dict.yaml	𢍚	wei	0	𢍚
cn_dicts/41448.dict.yaml	𢣘	wei	0	𢣘
cn_dicts/41448.dict.yaml	𢯷	wei	0	𢯷
cn_dicts/41448.dict.yaml	𢲴	wei	0	𢲴
cn_dicts/41448.dict.yaml	𢸦	wei	0	𢸦
cn_dicts/41448.dict.yaml	𢼸	wei	0	𢼸
cn_dicts/41448.dict.yaml	𢾁	wei	0	𢾁
cn_dicts/41448.dict.yaml	𣄧	wei	0	𣄧
cn_dicts/41448.dict.yaml	𣄺	wei	0	𣄺
cn_dicts/41448.dict.yaml	𣈎	wei	0	𣈎
cn_dicts/41448.dict.yaml	𣍟	wei	0	𣍟
cn_dicts/41448.dict.yaml	𣨙	wei	0	𣨙
cn_dicts/41448.dict.yaml	𣩪	wei	0	𣩪
cn_dicts/41448.dict.yaml	𣫪	wei	0	𣫪
cn_dicts/41448.dict.yaml	𣽴	wei	0	𣽴
cn_dicts/41448.dict.yaml	𤀷	wei	0	𤀷
cn_dicts/41448.dict.yaml	𤁿	wei	0	𤁿
cn_dicts/41448.dict.yaml	𤛲	wei	0	𤛲
cn_dicts/41448.dict.yaml	𤜂	wei	0	𤜂
cn_dicts/41448.dict.yaml	𤡪	wei	0	𤡪
cn_dicts/41448.dict.yaml	𤸆	wei	0	𤸆
cn_dicts/41448.dict.yaml	𤺉	wei	0	𤺉
cn_dicts/41448.dict.yaml	𤻅	wei	0	𤻅
cn_dicts/41448.dict.yaml	𤼒	wei	0	𤼒
cn_dicts/41448.dict.yaml	𥅵	wei	0	𥅵
cn_dicts/41448.dict.yaml	𥉖	wei	0	𥉖
cn_dicts/41448.dict.yaml	𥊪	wei	0	𥊪
cn_dicts/41448.dict.yaml	𥌰	wei	0	𥌰
cn_dicts/41448.dict.yaml	𥒮	wei	0	𥒮
cn_dicts/41448.dict.yaml	𥧙	wei	0	𥧙
cn_dicts/41448.dict.yaml	𥯜	wei	0	𥯜
cn_dicts/41448.dict.yaml	𥯤	wei	0	𥯤
cn_dicts/41448.dict.yaml	𥶽	wei	0	𥶽
cn_dicts/41448.dict.yaml	𥿫	wei	0	𥿫
cn_dicts/41448.dict.yaml	𦇅	wei	0	𦇅
cn_dicts/41448.dict.yaml	𦓽	wei	0	𦓽
cn_dicts/41448.dict.yaml	𦝛	wei	0	𦝛
cn_dicts/41448.dict.yaml	𦞽	wei	0	𦞽
cn_dicts/41448.dict.yaml	𦠻	wei	0	𦠻
cn_dicts/41448.dict.yaml	𦢿	wei	0	𦢿
cn_dicts/41448.dict.yaml	𦩏	wei	0	𦩏
cn_dicts/41448.dict.yaml	𦩝	wei	0	𦩝
cn_dicts/41448.dict.yaml	𦩬	wei	0	𦩬
cn_dicts/41448.dict.yaml	𦪒	wei	0	𦪒
cn_dicts/41448.dict.yaml	𦳢	wei	0	𦳢
cn_dicts/41448.dict.yaml	𦾛	wei	0	𦾛
cn_dicts/41448.dict.yaml	𧄸	wei	0	𧄸
cn_dicts/41448.dict.yaml	𧍥	wei	0	𧍥
cn_dicts/41448.dict.yaml	𧍫	wei	0	𧍫
cn_dicts/41448.dict.yaml	𧐌	wei	0	𧐌
cn_dicts/41448.dict.yaml	𧔥	wei	0	𧔥
cn_dicts/41448.dict.yaml	𧕞	wei	0	𧕞
cn_dicts/41448.dict.yaml	𧚷	wei	0	𧚷
cn_dicts/41448.dict.yaml	𧛚	wei	0	𧛚
cn_dicts/41448.dict.yaml	𧝕	wei	0	𧝕
cn_dicts/41448.dict.yaml	𧞸	wei	0	𧞸
cn_dicts/41448.dict.yaml	𧟼	wei	0	𧟼
cn_dicts/41448.dict.yaml	𧢒	wei	0	𧢒
cn_dicts/41448.dict.yaml	𧢧	wei	0	𧢧
cn_dicts/41448.dict.yaml	𧤖	wei	0	𧤖
cn_dicts/41448.dict.yaml	𧲄	wei	0	𧲄
cn_dicts/41448.dict.yaml	𧲗	wei	0	𧲗
cn_dicts/41448.dict.yaml	𧲝	wei	0	𧲝
cn_dicts/41448.dict.yaml	𧳞	wei	0	𧳞
cn_dicts/41448.dict.yaml	𧳪	wei	0	𧳪
cn_dicts/41448.dict.yaml	𧴖	wei	0	𧴖
cn_dicts/41448.dict.yaml	𧸽	wei	0	𧸽
cn_dicts/41448.dict.yaml	𨃄	wei	0	𨃄
cn_dicts/41448.dict.yaml	𨖿	wei	0	𨖿
cn_dicts/41448.dict.yaml	𨗨	wei	0	𨗨
cn_dicts/41448.dict.yaml	𨚘	wei	0	𨚘
cn_dicts/41448.dict.yaml	𨝀	wei	0	𨝀
cn_dicts/41448.dict.yaml	𨟗	wei	0	𨟗
cn_dicts/41448.dict.yaml	𨠥	wei	0	𨠥
cn_dicts/41448.dict.yaml	𨢉	wei	0	𨢉
cn_dicts/41448.dict.yaml	𨪈	wei	0	𨪈
cn_dicts/41448.dict.yaml	𨴓	wei	0	𨴓
cn_dicts/41448.dict.yaml	𨵋	wei	0	𨵋
cn_dicts/41448.dict.yaml	𨸔	wei	0	𨸔
cn_dicts/41448.dict.yaml	𨻒	wei	0	𨻒
cn_dicts/41448.dict.yaml	𨾂	wei	0	𨾂
cn_dicts/41448.dict.yaml	𨿭	wei	0	𨿭
cn_dicts/41448.dict.yaml	𩀣	wei	0	𩀣
cn_dicts/41448.dict.yaml	𩀶	wei	0	𩀶
cn_dicts/41448.dict.yaml	𩁌	wei	0	𩁌
cn_dicts/41448.dict.yaml	𩆁	wei	0	𩆁
cn_dicts/41448.dict.yaml	𩋾	wei	0	𩋾
cn_dicts/41448.dict.yaml	𩎵	wei	0	𩎵
cn_dicts/41448.dict.yaml	𩏉	wei	0	𩏉
cn_dicts/41448.dict.yaml	𩏏	wei	0	𩏏
cn_dicts/41448.dict.yaml	𩏐	wei	0	𩏐
cn_dicts/41448.dict.yaml	𩑵	wei	0	𩑵
cn_dicts/41448.dict.yaml	𩗘	wei	0	𩗘
cn_dicts/41448.dict.yaml	𩗜	wei	0	𩗜
cn_dicts/41448.dict.yaml	𩜧	wei	0	𩜧
cn_dicts/41448.dict.yaml	𩟟	wei	0	𩟟
cn_dicts/41448.dict.yaml	𩠯	wei	0	𩠯
cn_dicts/41448.dict.yaml	𩤸	wei	0	𩤸
cn_dicts/41448.dict.yaml	𩲂	wei	0	𩲂
cn_dicts/41448.dict.yaml	𩲄	wei	0	𩲄
cn_dicts/41448.dict.yaml	𩲈	wei	0	𩲈
cn_dicts/41448.dict.yaml	𩴞	wei	0	𩴞
cn_dicts/41448.dict.yaml	𩵠	wei	0	𩵠
cn_dicts/41448.dict.yaml	𩹂	wei	0	𩹂
cn_dicts/41448.dict.yaml	𩹥	wei	0	𩹥
cn_dicts/41448.dict.yaml	𩹷	wei	0	𩹷
cn_dicts/41448.dict.yaml	𩼂	wei	0	𩼂
cn_dicts/41448.dict.yaml	𩼌	wei	0	𩼌
cn_dicts/41448.dict.yaml	𩽎	wei	0	𩽎
cn_dicts/41448.dict.yaml	𪂄	wei	0	𪂄
cn_dicts/41448.dict.yaml	𪑐	wei	0	𪑐
cn_dicts/41448.dict.yaml	𪑭	wei	0	𪑭
cn_dicts/41448.dict.yaml	㑮	wen	0	㑮
cn_dicts/41448.dict.yaml	㒚	wen	0	㒚
cn_dicts/41448.dict.yaml	㖧	wen	0	㖧
cn_dicts/41448.dict.yaml	㗃	wen	0	㗃
cn_dicts/41448.dict.yaml	㝧	wen	0	㝧
cn_dicts/41448.dict.yaml	㟩	wen	0	㟩
cn_dicts/41448.dict.yaml	㡈	wen	0	㡈
cn_dicts/41448.dict.yaml	㳷	wen	0	㳷
cn_dicts/41448.dict.yaml	㵮	wen	0	㵮
cn_dicts/41448.dict.yaml	㼂	wen	0	㼂
cn_dicts/41448.dict.yaml	䎹	wen	0	䎹
cn_dicts/41448.dict.yaml	䎽	wen	0	䎽
cn_dicts/41448.dict.yaml	䘇	wen	0	䘇
cn_dicts/41448.dict.yaml	䦤	wen	0	䦤
cn_dicts/41448.dict.yaml	䦷	wen	0	䦷
cn_dicts/41448.dict.yaml	䭓	wen	0	䭓
cn_dicts/41448.dict.yaml	䭡	wen	0	䭡
cn_dicts/41448.dict.yaml	䰚	wen	0	䰚
cn_dicts/41448.dict.yaml	𠐢	wen	0	𠐢
cn_dicts/41448.dict.yaml	𠯳	wen	0	𠯳
cn_dicts/41448.dict.yaml	𡁋	wen	0	𡁋
cn_dicts/41448.dict.yaml	𢾿	wen	0	𢾿
cn_dicts/41448.dict.yaml	𣜺	wen	0	𣜺
cn_dicts/41448.dict.yaml	𣶌	wen	0	𣶌
cn_dicts/41448.dict.yaml	𤛁	wen	0	𤛁
cn_dicts/41448.dict.yaml	𤡕	wen	0	𤡕
cn_dicts/41448.dict.yaml	𤵒	wen	0	𤵒
cn_dicts/41448.dict.yaml	𥁕	wen	0	𥁕
cn_dicts/41448.dict.yaml	𥃮	wen	0	𥃮
cn_dicts/41448.dict.yaml	𥦊	wen	0	𥦊
cn_dicts/41448.dict.yaml	𥧚	wen	0	𥧚
cn_dicts/41448.dict.yaml	𥬼	wen	0	𥬼
cn_dicts/41448.dict.yaml	𦖞	wen	0	𦖞
cn_dicts/41448.dict.yaml	𦝮	wen	0	𦝮
cn_dicts/41448.dict.yaml	𦟕	wen	0	𦟕
cn_dicts/41448.dict.yaml	𦦯	wen	0	𦦯
cn_dicts/41448.dict.yaml	𦮶	wen	0	𦮶
cn_dicts/41448.dict.yaml	𧖁	wen	0	𧖁
cn_dicts/41448.dict.yaml	𧚇	wen	0	𧚇
cn_dicts/41448.dict.yaml	𨆲	wen	0	𨆲
cn_dicts/41448.dict.yaml	𨜵	wen	0	𨜵
cn_dicts/41448.dict.yaml	𨟸	wen	0	𨟸
cn_dicts/41448.dict.yaml	𨶭	wen	0	𨶭
cn_dicts/41448.dict.yaml	𨸩	wen	0	𨸩
cn_dicts/41448.dict.yaml	𩢌	wen	0	𩢌
cn_dicts/41448.dict.yaml	𩥈	wen	0	𩥈
cn_dicts/41448.dict.yaml	𩭋	wen	0	𩭋
cn_dicts/41448.dict.yaml	𪉸	wen	0	𪉸
cn_dicts/41448.dict.yaml	㘢	weng	0	㘢
cn_dicts/41448.dict.yaml	㜲	weng	0	㜲
cn_dicts/41448.dict.yaml	㹙	weng	0	㹙
cn_dicts/41448.dict.yaml	㹚	weng	0	㹚
cn_dicts/41448.dict.yaml	䈵	weng	0	䈵
cn_dicts/41448.dict.yaml	䐥	weng	0	䐥
cn_dicts/41448.dict.yaml	䤰	weng	0	䤰
cn_dicts/41448.dict.yaml	䨴	weng	0	䨴
cn_dicts/41448.dict.yaml	䱵	weng	0	䱵
cn_dicts/41448.dict.yaml	𠰈	weng	0	𠰈
cn_dicts/41448.dict.yaml	𡍻	weng	0	𡍻
cn_dicts/41448.dict.yaml	𡩥	weng	0	𡩥
cn_dicts/41448.dict.yaml	𡻐	weng	0	𡻐
cn_dicts/41448.dict.yaml	𤌏	weng	0	𤌏
cn_dicts/41448.dict.yaml	𥕀	weng	0	𥕀
cn_dicts/41448.dict.yaml	𦞡	weng	0	𦞡
cn_dicts/41448.dict.yaml	𦧅	weng	0	𦧅
cn_dicts/41448.dict.yaml	𧚐	weng	0	𧚐
cn_dicts/41448.dict.yaml	𧛹	weng	0	𧛹
cn_dicts/41448.dict.yaml	𨜺	weng	0	𨜺
cn_dicts/41448.dict.yaml	𨞑	weng	0	𨞑
cn_dicts/41448.dict.yaml	𩄘	weng	0	𩄘
cn_dicts/41448.dict.yaml	𩔚	weng	0	𩔚
cn_dicts/41448.dict.yaml	𩡓	weng	0	𩡓
cn_dicts/41448.dict.yaml	𩮬	weng	0	𩮬
cn_dicts/41448.dict.yaml	𩰎	weng	0	𩰎
cn_dicts/41448.dict.yaml	㠗	wo	0	㠗
cn_dicts/41448.dict.yaml	㠛	wo	0	㠛
cn_dicts/41448.dict.yaml	㦱	wo	0	㦱
cn_dicts/41448.dict.yaml	㧴	wo	0	㧴
cn_dicts/41448.dict.yaml	㱧	wo	0	㱧
cn_dicts/41448.dict.yaml	䀑	wo	0	䀑
cn_dicts/41448.dict.yaml	䁊	wo	0	䁊
cn_dicts/41448.dict.yaml	䁷	wo	0	䁷
cn_dicts/41448.dict.yaml	䂺	wo	0	䂺
cn_dicts/41448.dict.yaml	䙠	wo	0	䙠
cn_dicts/41448.dict.yaml	䠎	wo	0	䠎
cn_dicts/41448.dict.yaml	䩊	wo	0	䩊
cn_dicts/41448.dict.yaml	䮸	wo	0	䮸
cn_dicts/41448.dict.yaml	䰀	wo	0	䰀
cn_dicts/41448.dict.yaml	𠪧	wo	0	𠪧
cn_dicts/41448.dict.yaml	𠷏	wo	0	𠷏
cn_dicts/41448.dict.yaml	𠿟	wo	0	𠿟
cn_dicts/41448.dict.yaml	𡁮	wo	0	𡁮
cn_dicts/41448.dict.yaml	𡎔	wo	0	𡎔
cn_dicts/41448.dict.yaml	𡑟	wo	0	𡑟
cn_dicts/41448.dict.yaml	𡖲	wo	0	𡖲
cn_dicts/41448.dict.yaml	𢦴	wo	0	𢦴
cn_dicts/41448.dict.yaml	𢫷	wo	0	𢫷
cn_dicts/41448.dict.yaml	𣁳	wo	0	𣁳
cn_dicts/41448.dict.yaml	𣂽	wo	0	𣂽
cn_dicts/41448.dict.yaml	𣇫	wo	0	𣇫
cn_dicts/41448.dict.yaml	𣚝	wo	0	𣚝
cn_dicts/41448.dict.yaml	𤆏	wo	0	𤆏
cn_dicts/41448.dict.yaml	𤉦	wo	0	𤉦
cn_dicts/41448.dict.yaml	𤡓	wo	0	𤡓
cn_dicts/41448.dict.yaml	𤻌	wo	0	𤻌
cn_dicts/41448.dict.yaml	𥄗	wo	0	𥄗
cn_dicts/41448.dict.yaml	𥑣	wo	0	𥑣
cn_dicts/41448.dict.yaml	𥟿	wo	0	𥟿
cn_dicts/41448.dict.yaml	𥪍	wo	0	𥪍
cn_dicts/41448.dict.yaml	𦤨	wo	0	𦤨
cn_dicts/41448.dict.yaml	𦯏	wo	0	𦯏
cn_dicts/41448.dict.yaml	𦰖	wo	0	𦰖
cn_dicts/41448.dict.yaml	𦳹	wo	0	𦳹
cn_dicts/41448.dict.yaml	𦷵	wo	0	𦷵
cn_dicts/41448.dict.yaml	𧤒	wo	0	𧤒
cn_dicts/41448.dict.yaml	𧥋	wo	0	𧥋
cn_dicts/41448.dict.yaml	𧶕	wo	0	𧶕
cn_dicts/41448.dict.yaml	𨁟	wo	0	𨁟
cn_dicts/41448.dict.yaml	𨌝	wo	0	𨌝
cn_dicts/41448.dict.yaml	𩈱	wo	0	𩈱
cn_dicts/41448.dict.yaml	𩐦	wo	0	𩐦
cn_dicts/41448.dict.yaml	𩟓	wo	0	𩟓
cn_dicts/41448.dict.yaml	𩭏	wo	0	𩭏
cn_dicts/41448.dict.yaml	𩭝	wo	0	𩭝
cn_dicts/41448.dict.yaml	𩮑	wo	0	𩮑
cn_dicts/41448.dict.yaml	𩷯	wo	0	𩷯
cn_dicts/41448.dict.yaml	𪁕	wo	0	𪁕
cn_dicts/41448.dict.yaml	𪁾	wo	0	𪁾
cn_dicts/41448.dict.yaml	𪎤	wo	0	𪎤
cn_dicts/41448.dict.yaml	𪑱	wo	0	𪑱
cn_dicts/41448.dict.yaml	㐅	wu	0	㐅
cn_dicts/41448.dict.yaml	㐳	wu	0	㐳
cn_dicts/41448.dict.yaml	㑄	wu	0	㑄
cn_dicts/41448.dict.yaml	㒇	wu	0	㒇
cn_dicts/41448.dict.yaml	㡔	wu	0	㡔
cn_dicts/41448.dict.yaml	㤇	wu	0	㤇
cn_dicts/41448.dict.yaml	㬳	wu	0	㬳
cn_dicts/41448.dict.yaml	㱱	wu	0	㱱
cn_dicts/41448.dict.yaml	㵲	wu	0	㵲
cn_dicts/41448.dict.yaml	㷻	wu	0	㷻
cn_dicts/41448.dict.yaml	㹳	wu	0	㹳
cn_dicts/41448.dict.yaml	㻍	wu	0	㻍
cn_dicts/41448.dict.yaml	㽾	wu	0	㽾
cn_dicts/41448.dict.yaml	䀛	wu	0	䀛
cn_dicts/41448.dict.yaml	䃖	wu	0	䃖
cn_dicts/41448.dict.yaml	䅶	wu	0	䅶
cn_dicts/41448.dict.yaml	䉑	wu	0	䉑
cn_dicts/41448.dict.yaml	䍢	wu	0	䍢
cn_dicts/41448.dict.yaml	䎸	wu	0	䎸
cn_dicts/41448.dict.yaml	䑁	wu	0	䑁
cn_dicts/41448.dict.yaml	䒉	wu	0	䒉
cn_dicts/41448.dict.yaml	䓊	wu	0	䓊
cn_dicts/41448.dict.yaml	䚈	wu	0	䚈
cn_dicts/41448.dict.yaml	䛩	wu	0	䛩
cn_dicts/41448.dict.yaml	䜑	wu	0	䜑
cn_dicts/41448.dict.yaml	䟼	wu	0	䟼
cn_dicts/41448.dict.yaml	䡧	wu	0	䡧
cn_dicts/41448.dict.yaml	䦍	wu	0	䦍
cn_dicts/41448.dict.yaml	䦜	wu	0	䦜
cn_dicts/41448.dict.yaml	䨁	wu	0	䨁
cn_dicts/41448.dict.yaml	䫓	wu	0	䫓
cn_dicts/41448.dict.yaml	䮏	wu	0	䮏
cn_dicts/41448.dict.yaml	䳇	wu	0	䳇
cn_dicts/41448.dict.yaml	䳱	wu	0	䳱
cn_dicts/41448.dict.yaml	𠒄	wu	0	𠒄
cn_dicts/41448.dict.yaml	𠘻	wu	0	𠘻
cn_dicts/41448.dict.yaml	𠞆	wu	0	𠞆
cn_dicts/41448.dict.yaml	𠥢	wu	0	𠥢
cn_dicts/41448.dict.yaml	𠯃	wu	0	𠯃
cn_dicts/41448.dict.yaml	𠵦	wu	0	𠵦
cn_dicts/41448.dict.yaml	𠼘	wu	0	𠼘
cn_dicts/41448.dict.yaml	𡈎	wu	0	𡈎
cn_dicts/41448.dict.yaml	𡈞	wu	0	𡈞
cn_dicts/41448.dict.yaml	𡬫	wu	0	𡬫
cn_dicts/41448.dict.yaml	𡯇	wu	0	𡯇
cn_dicts/41448.dict.yaml	𡵉	wu	0	𡵉
cn_dicts/41448.dict.yaml	𡷤	wu	0	𡷤
cn_dicts/41448.dict.yaml	𢁢	wu	0	𢁢
cn_dicts/41448.dict.yaml	𢃀	wu	0	𢃀
cn_dicts/41448.dict.yaml	𢄓	wu	0	𢄓
cn_dicts/41448.dict.yaml	𢋹	wu	0	𢋹
cn_dicts/41448.dict.yaml	𢑟	wu	0	𢑟
cn_dicts/41448.dict.yaml	𢓲	wu	0	𢓲
cn_dicts/41448.dict.yaml	𢗳	wu	0	𢗳
cn_dicts/41448.dict.yaml	𢘃	wu	0	𢘃
cn_dicts/41448.dict.yaml	𢙁	wu	0	𢙁
cn_dicts/41448.dict.yaml	𢜮	wu	0	𢜮
cn_dicts/41448.dict.yaml	𢝴	wu	0	𢝴
cn_dicts/41448.dict.yaml	𢨂	wu	0	𢨂
cn_dicts/41448.dict.yaml	𢩈	wu	0	𢩈
cn_dicts/41448.dict.yaml	𢫸	wu	0	𢫸
cn_dicts/41448.dict.yaml	𣟒	wu	0	𣟒
cn_dicts/41448.dict.yaml	𣨓	wu	0	𣨓
cn_dicts/41448.dict.yaml	𣬽	wu	0	𣬽
cn_dicts/41448.dict.yaml	𣯎	wu	0	𣯎
cn_dicts/41448.dict.yaml	𣺀	wu	0	𣺀
cn_dicts/41448.dict.yaml	𤆡	wu	0	𤆡
cn_dicts/41448.dict.yaml	𤕘	wu	0	𤕘
cn_dicts/41448.dict.yaml	𤣬	wu	0	𤣬
cn_dicts/41448.dict.yaml	𤭑	wu	0	𤭑
cn_dicts/41448.dict.yaml	𤵐	wu	0	𤵐
cn_dicts/41448.dict.yaml	𤸼	wu	0	𤸼
cn_dicts/41448.dict.yaml	𥁡	wu	0	𥁡
cn_dicts/41448.dict.yaml	𥎈	wu	0	𥎈
cn_dicts/41448.dict.yaml	𥎮	wu	0	𥎮
cn_dicts/41448.dict.yaml	𥏒	wu	0	𥏒
cn_dicts/41448.dict.yaml	𥒀	wu	0	𥒀
cn_dicts/41448.dict.yaml	𥕻	wu	0	𥕻
cn_dicts/41448.dict.yaml	𥟽	wu	0	𥟽
cn_dicts/41448.dict.yaml	𥭠	wu	0	𥭠
cn_dicts/41448.dict.yaml	𥲐	wu	0	𥲐
cn_dicts/41448.dict.yaml	𥾕	wu	0	𥾕
cn_dicts/41448.dict.yaml	𦆞	wu	0	𦆞
cn_dicts/41448.dict.yaml	𦌬	wu	0	𦌬
cn_dicts/41448.dict.yaml	𦎦	wu	0	𦎦
cn_dicts/41448.dict.yaml	𦥁	wu	0	𦥁
cn_dicts/41448.dict.yaml	𦨉	wu	0	𦨉
cn_dicts/41448.dict.yaml	𦨳	wu	0	𦨳
cn_dicts/41448.dict.yaml	𦬂	wu	0	𦬂
cn_dicts/41448.dict.yaml	𦶀	wu	0	𦶀
cn_dicts/41448.dict.yaml	𦷽	wu	0	𦷽
cn_dicts/41448.dict.yaml	𦼇	wu	0	𦼇
cn_dicts/41448.dict.yaml	𧆹	wu	0	𧆹
cn_dicts/41448.dict.yaml	𧈭	wu	0	𧈭
cn_dicts/41448.dict.yaml	𧎄	wu	0	𧎄
cn_dicts/41448.dict.yaml	𧎻	wu	0	𧎻
cn_dicts/41448.dict.yaml	𧐙	wu	0	𧐙
cn_dicts/41448.dict.yaml	𧑕	wu	0	𧑕
cn_dicts/41448.dict.yaml	𧨆	wu	0	𧨆
cn_dicts/41448.dict.yaml	𧨈	wu	0	𧨈
cn_dicts/41448.dict.yaml	𧰈	wu	0	𧰈
cn_dicts/41448.dict.yaml	𧳎	wu	0	𧳎
cn_dicts/41448.dict.yaml	𧴇	wu	0	𧴇
cn_dicts/41448.dict.yaml	𧺴	wu	0	𧺴
cn_dicts/41448.dict.yaml	𧽋	wu	0	𧽋
cn_dicts/41448.dict.yaml	𧿉	wu	0	𧿉
cn_dicts/41448.dict.yaml	𨂣	wu	0	𨂣
cn_dicts/41448.dict.yaml	𨑥	wu	0	𨑥
cn_dicts/41448.dict.yaml	𨖴	wu	0	𨖴
cn_dicts/41448.dict.yaml	𨡡	wu	0	𨡡
cn_dicts/41448.dict.yaml	𨧗	wu	0	𨧗
cn_dicts/41448.dict.yaml	𨨡	wu	0	𨨡
cn_dicts/41448.dict.yaml	𨲬	wu	0	𨲬
cn_dicts/41448.dict.yaml	𨶇	wu	0	𨶇
cn_dicts/41448.dict.yaml	𨼊	wu	0	𨼊
cn_dicts/41448.dict.yaml	𨿏	wu	0	𨿏
cn_dicts/41448.dict.yaml	𩄯	wu	0	𩄯
cn_dicts/41448.dict.yaml	𩒾	wu	0	𩒾
cn_dicts/41448.dict.yaml	𩓦	wu	0	𩓦
cn_dicts/41448.dict.yaml	𩗽	wu	0	𩗽
cn_dicts/41448.dict.yaml	𩝕	wu	0	𩝕
cn_dicts/41448.dict.yaml	𩝷	wu	0	𩝷
cn_dicts/41448.dict.yaml	𩠟	wu	0	𩠟
cn_dicts/41448.dict.yaml	𩳌	wu	0	𩳌
cn_dicts/41448.dict.yaml	𩵱	wu	0	𩵱
cn_dicts/41448.dict.yaml	𩶭	wu	0	𩶭
cn_dicts/41448.dict.yaml	𩺰	wu	0	𩺰
cn_dicts/41448.dict.yaml	𩻚	wu	0	𩻚
cn_dicts/41448.dict.yaml	𪄝	wu	0	𪄝
cn_dicts/41448.dict.yaml	𪑱	wu	0	𪑱
cn_dicts/41448.dict.yaml	㑶	xi	0	㑶
cn_dicts/41448.dict.yaml	㒆	xi	0	㒆
cn_dicts/41448.dict.yaml	㔒	xi	0	㔒
cn_dicts/41448.dict.yaml	㕧	xi	0	㕧
cn_dicts/41448.dict.yaml	㗩	xi	0	㗩
cn_dicts/41448.dict.yaml	㗲	xi	0	㗲
cn_dicts/41448.dict.yaml	㙾	xi	0	㙾
cn_dicts/41448.dict.yaml	㚛	xi	0	㚛
cn_dicts/41448.dict.yaml	㛓	xi	0	㛓
cn_dicts/41448.dict.yaml	㜎	xi	0	㜎
cn_dicts/41448.dict.yaml	㞒	xi	0	㞒
cn_dicts/41448.dict.yaml	㠄	xi	0	㠄
cn_dicts/41448.dict.yaml	㣟	xi	0	㣟
cn_dicts/41448.dict.yaml	㤴	xi	0	㤴
cn_dicts/41448.dict.yaml	㤸	xi	0	㤸
cn_dicts/41448.dict.yaml	㥡	xi	0	㥡
cn_dicts/41448.dict.yaml	㦻	xi	0	㦻
cn_dicts/41448.dict.yaml	㩗	xi	0	㩗
cn_dicts/41448.dict.yaml	㪪	xi	0	㪪
cn_dicts/41448.dict.yaml	㭡	xi	0	㭡
cn_dicts/41448.dict.yaml	㮩	xi	0	㮩
cn_dicts/41448.dict.yaml	㯕	xi	0	㯕
cn_dicts/41448.dict.yaml	㱇	xi	0	㱇
cn_dicts/41448.dict.yaml	㱱	xi	0	㱱
cn_dicts/41448.dict.yaml	㳀	xi	0	㳀
cn_dicts/41448.dict.yaml	㳧	xi	0	㳧
cn_dicts/41448.dict.yaml	㵿	xi	0	㵿
cn_dicts/41448.dict.yaml	㸍	xi	0	㸍
cn_dicts/41448.dict.yaml	㹫	xi	0	㹫
cn_dicts/41448.dict.yaml	㺣	xi	0	㺣
cn_dicts/41448.dict.yaml	㽯	xi	0	㽯
cn_dicts/41448.dict.yaml	㿇	xi	0	㿇
cn_dicts/41448.dict.yaml	䀘	xi	0	䀘
cn_dicts/41448.dict.yaml	䈪	xi	0	䈪
cn_dicts/41448.dict.yaml	䊠	xi	0	䊠
cn_dicts/41448.dict.yaml	䏮	xi	0	䏮
cn_dicts/41448.dict.yaml	䐼	xi	0	䐼
cn_dicts/41448.dict.yaml	䑂	xi	0	䑂
cn_dicts/41448.dict.yaml	䒁	xi	0	䒁
cn_dicts/41448.dict.yaml	䓇	xi	0	䓇
cn_dicts/41448.dict.yaml	䖒	xi	0	䖒
cn_dicts/41448.dict.yaml	䘮	xi	0	䘮
cn_dicts/41448.dict.yaml	䙵	xi	0	䙵
cn_dicts/41448.dict.yaml	䙽	xi	0	䙽
cn_dicts/41448.dict.yaml	䚂	xi	0	䚂
cn_dicts/41448.dict.yaml	䚉	xi	0	䚉
cn_dicts/41448.dict.yaml	䚫	xi	0	䚫
cn_dicts/41448.dict.yaml	䚷	xi	0	䚷
cn_dicts/41448.dict.yaml	䛥	xi	0	䛥
cn_dicts/41448.dict.yaml	䜁	xi	0	䜁
cn_dicts/41448.dict.yaml	䜣	xi	0	䜣
cn_dicts/41448.dict.yaml	䢄	xi	0	䢄
cn_dicts/41448.dict.yaml	䦧	xi	0	䦧
cn_dicts/41448.dict.yaml	䧍	xi	0	䧍
cn_dicts/41448.dict.yaml	䨳	xi	0	䨳
cn_dicts/41448.dict.yaml	䩤	xi	0	䩤
cn_dicts/41448.dict.yaml	䫔	xi	0	䫔
cn_dicts/41448.dict.yaml	䫣	xi	0	䫣
cn_dicts/41448.dict.yaml	䮎	xi	0	䮎
cn_dicts/41448.dict.yaml	䲪	xi	0	䲪
cn_dicts/41448.dict.yaml	䴛	xi	0	䴛
cn_dicts/41448.dict.yaml	䵱	xi	0	䵱
cn_dicts/41448.dict.yaml	𠆱	xi	0	𠆱
cn_dicts/41448.dict.yaml	𠉢	xi	0	𠉢
cn_dicts/41448.dict.yaml	𠔃	xi	0	𠔃
cn_dicts/41448.dict.yaml	𠔍	xi	0	𠔍
cn_dicts/41448.dict.yaml	𠘕	xi	0	𠘕
cn_dicts/41448.dict.yaml	𠜗	xi	0	𠜗
cn_dicts/41448.dict.yaml	𠟊	xi	0	𠟊
cn_dicts/41448.dict.yaml	𠤴	xi	0	𠤴
cn_dicts/41448.dict.yaml	𠦜	xi	0	𠦜
cn_dicts/41448.dict.yaml	𠨚	xi	0	𠨚
cn_dicts/41448.dict.yaml	𠩺	xi	0	𠩺
cn_dicts/41448.dict.yaml	𠪙	xi	0	𠪙
cn_dicts/41448.dict.yaml	𠬬	xi	0	𠬬
cn_dicts/41448.dict.yaml	𠴭	xi	0	𠴭
cn_dicts/41448.dict.yaml	𠶨	xi	0	𠶨
cn_dicts/41448.dict.yaml	𠺒	xi	0	𠺒
cn_dicts/41448.dict.yaml	𡁱	xi	0	𡁱
cn_dicts/41448.dict.yaml	𡃢	xi	0	𡃢
cn_dicts/41448.dict.yaml	𡅕	xi	0	𡅕
cn_dicts/41448.dict.yaml	𡏛	xi	0	𡏛
cn_dicts/41448.dict.yaml	𡗞	xi	0	𡗞
cn_dicts/41448.dict.yaml	𡗳	xi	0	𡗳
cn_dicts/41448.dict.yaml	𡘐	xi	0	𡘐
cn_dicts/41448.dict.yaml	𡘡	xi	0	𡘡
cn_dicts/41448.dict.yaml	𡙋	xi	0	𡙋
cn_dicts/41448.dict.yaml	𡜧	xi	0	𡜧
cn_dicts/41448.dict.yaml	𡝧	xi	0	𡝧
cn_dicts/41448.dict.yaml	𡡒	xi	0	𡡒
cn_dicts/41448.dict.yaml	𡦎	xi	0	𡦎
cn_dicts/41448.dict.yaml	𡩤	xi	0	𡩤
cn_dicts/41448.dict.yaml	𡳚	xi	0	𡳚
cn_dicts/41448.dict.yaml	𡶯	xi	0	𡶯
cn_dicts/41448.dict.yaml	𡻎	xi	0	𡻎
cn_dicts/41448.dict.yaml	𢀊	xi	0	𢀊
cn_dicts/41448.dict.yaml	𢊚	xi	0	𢊚
cn_dicts/41448.dict.yaml	𢋼	xi	0	𢋼
cn_dicts/41448.dict.yaml	𢑧	xi	0	𢑧
cn_dicts/41448.dict.yaml	𢒩	xi	0	𢒩
cn_dicts/41448.dict.yaml	𢒲	xi	0	𢒲
cn_dicts/41448.dict.yaml	𢗴	xi	0	𢗴
cn_dicts/41448.dict.yaml	𢙅	xi	0	𢙅
cn_dicts/41448.dict.yaml	𢜣	xi	0	𢜣
cn_dicts/41448.dict.yaml	𢟪	xi	0	𢟪
cn_dicts/41448.dict.yaml	𢠹	xi	0	𢠹
cn_dicts/41448.dict.yaml	𢡁	xi	0	𢡁
cn_dicts/41448.dict.yaml	𢤋	xi	0	𢤋
cn_dicts/41448.dict.yaml	𢧽	xi	0	𢧽
cn_dicts/41448.dict.yaml	𢨟	xi	0	𢨟
cn_dicts/41448.dict.yaml	𢬾	xi	0	𢬾
cn_dicts/41448.dict.yaml	𢭁	xi	0	𢭁
cn_dicts/41448.dict.yaml	𢹍	xi	0	𢹍
cn_dicts/41448.dict.yaml	𣅾	xi	0	𣅾
cn_dicts/41448.dict.yaml	𣎮	xi	0	𣎮
cn_dicts/41448.dict.yaml	𣒃	xi	0	𣒃
cn_dicts/41448.dict.yaml	𣚔	xi	0	𣚔
cn_dicts/41448.dict.yaml	𣟵	xi	0	𣟵
cn_dicts/41448.dict.yaml	𣢁	xi	0	𣢁
cn_dicts/41448.dict.yaml	𣢂	xi	0	𣢂
cn_dicts/41448.dict.yaml	𣢇	xi	0	𣢇
cn_dicts/41448.dict.yaml	𣢍	xi	0	𣢍
cn_dicts/41448.dict.yaml	𣢎	xi	0	𣢎
cn_dicts/41448.dict.yaml	𣢑	xi	0	𣢑
cn_dicts/41448.dict.yaml	𣢓	xi	0	𣢓
cn_dicts/41448.dict.yaml	𣣉	xi	0	𣣉
cn_dicts/41448.dict.yaml	𣤢	xi	0	𣤢
cn_dicts/41448.dict.yaml	𣤳	xi	0	𣤳
cn_dicts/41448.dict.yaml	𣤴	xi	0	𣤴
cn_dicts/41448.dict.yaml	𣨗	xi	0	𣨗
cn_dicts/41448.dict.yaml	𣯪	xi	0	𣯪
cn_dicts/41448.dict.yaml	𣳦	xi	0	𣳦
cn_dicts/41448.dict.yaml	𣳬	xi	0	𣳬
cn_dicts/41448.dict.yaml	𤃪	xi	0	𤃪
cn_dicts/41448.dict.yaml	𤄎	xi	0	𤄎
cn_dicts/41448.dict.yaml	𤄬	xi	0	𤄬
cn_dicts/41448.dict.yaml	𤇴	xi	0	𤇴
cn_dicts/41448.dict.yaml	𤌷	xi	0	𤌷
cn_dicts/41448.dict.yaml	𤓔	xi	0	𤓔
cn_dicts/41448.dict.yaml	𤓚	xi	0	𤓚
cn_dicts/41448.dict.yaml	𤟧	xi	0	𤟧
cn_dicts/41448.dict.yaml	𤠓	xi	0	𤠓
cn_dicts/41448.dict.yaml	𤡡	xi	0	𤡡
cn_dicts/41448.dict.yaml	𤡬	xi	0	𤡬
cn_dicts/41448.dict.yaml	𤡯	xi	0	𤡯
cn_dicts/41448.dict.yaml	𤢀	xi	0	𤢀
cn_dicts/41448.dict.yaml	𤤱	xi	0	𤤱
cn_dicts/41448.dict.yaml	𤥒	xi	0	𤥒
cn_dicts/41448.dict.yaml	𤨐	xi	0	𤨐
cn_dicts/41448.dict.yaml	𤬕	xi	0	𤬕
cn_dicts/41448.dict.yaml	𤬘	xi	0	𤬘
cn_dicts/41448.dict.yaml	𤮆	xi	0	𤮆
cn_dicts/41448.dict.yaml	𤮙	xi	0	𤮙
cn_dicts/41448.dict.yaml	𤲺	xi	0	𤲺
cn_dicts/41448.dict.yaml	𤳥	xi	0	𤳥
cn_dicts/41448.dict.yaml	𤶈	xi	0	𤶈
cn_dicts/41448.dict.yaml	𤶰	xi	0	𤶰
cn_dicts/41448.dict.yaml	𤷡	xi	0	𤷡
cn_dicts/41448.dict.yaml	𤹊	xi	0	𤹊
cn_dicts/41448.dict.yaml	𤺊	xi	0	𤺊
cn_dicts/41448.dict.yaml	𥄖	xi	0	𥄖
cn_dicts/41448.dict.yaml	𥄛	xi	0	𥄛
cn_dicts/41448.dict.yaml	𥇛	xi	0	𥇛
cn_dicts/41448.dict.yaml	𥈜	xi	0	𥈜
cn_dicts/41448.dict.yaml	𥈻	xi	0	𥈻
cn_dicts/41448.dict.yaml	𥋁	xi	0	𥋁
cn_dicts/41448.dict.yaml	𥋟	xi	0	𥋟
cn_dicts/41448.dict.yaml	𥎃	xi	0	𥎃
cn_dicts/41448.dict.yaml	𥪦	xi	0	𥪦
cn_dicts/41448.dict.yaml	𥮬	xi	0	𥮬
cn_dicts/41448.dict.yaml	𥰝	xi	0	𥰝
cn_dicts/41448.dict.yaml	𥰥	xi	0	𥰥
cn_dicts/41448.dict.yaml	𥱵	xi	0	𥱵
cn_dicts/41448.dict.yaml	𥺚	xi	0	𥺚
cn_dicts/41448.dict.yaml	𥻥	xi	0	𥻥
cn_dicts/41448.dict.yaml	𥿭	xi	0	𥿭
cn_dicts/41448.dict.yaml	𦂅	xi	0	𦂅
cn_dicts/41448.dict.yaml	𦃝	xi	0	𦃝
cn_dicts/41448.dict.yaml	𦐠	xi	0	𦐠
cn_dicts/41448.dict.yaml	𦙝	xi	0	𦙝
cn_dicts/41448.dict.yaml	𦜱	xi	0	𦜱
cn_dicts/41448.dict.yaml	𦞝	xi	0	𦞝
cn_dicts/41448.dict.yaml	𦞽	xi	0	𦞽
cn_dicts/41448.dict.yaml	𦠪	xi	0	𦠪
cn_dicts/41448.dict.yaml	𦤈	xi	0	𦤈
cn_dicts/41448.dict.yaml	𦩭	xi	0	𦩭
cn_dicts/41448.dict.yaml	𦪿	xi	0	𦪿
cn_dicts/41448.dict.yaml	𦮐	xi	0	𦮐
cn_dicts/41448.dict.yaml	𦱓	xi	0	𦱓
cn_dicts/41448.dict.yaml	𦷲	xi	0	𦷲
cn_dicts/41448.dict.yaml	𦸚	xi	0	𦸚
cn_dicts/41448.dict.yaml	𦼗	xi	0	𦼗
cn_dicts/41448.dict.yaml	𧀬	xi	0	𧀬
cn_dicts/41448.dict.yaml	𧂙	xi	0	𧂙
cn_dicts/41448.dict.yaml	𧈅	xi	0	𧈅
cn_dicts/41448.dict.yaml	𧈈	xi	0	𧈈
cn_dicts/41448.dict.yaml	𧈍	xi	0	𧈍
cn_dicts/41448.dict.yaml	𧈼	xi	0	𧈼
cn_dicts/41448.dict.yaml	𧉁	xi	0	𧉁
cn_dicts/41448.dict.yaml	𧋐	xi	0	𧋐
cn_dicts/41448.dict.yaml	𧎵	xi	0	𧎵
cn_dicts/41448.dict.yaml	𧐔	xi	0	𧐔
cn_dicts/41448.dict.yaml	𧚃	xi	0	𧚃
cn_dicts/41448.dict.yaml	𧣩	xi	0	𧣩
cn_dicts/41448.dict.yaml	𧤟	xi	0	𧤟
cn_dicts/41448.dict.yaml	𧥤	xi	0	𧥤
cn_dicts/41448.dict.yaml	𧦁	xi	0	𧦁
cn_dicts/41448.dict.yaml	𧦭	xi	0	𧦭
cn_dicts/41448.dict.yaml	𧧹	xi	0	𧧹
cn_dicts/41448.dict.yaml	𧪢	xi	0	𧪢
cn_dicts/41448.dict.yaml	𧬈	xi	0	𧬈
cn_dicts/41448.dict.yaml	𧬊	xi	0	𧬊
cn_dicts/41448.dict.yaml	𧯈	xi	0	𧯈
cn_dicts/41448.dict.yaml	𧯊	xi	0	𧯊
cn_dicts/41448.dict.yaml	𧯗	xi	0	𧯗
cn_dicts/41448.dict.yaml	𧱲	xi	0	𧱲
cn_dicts/41448.dict.yaml	𧲘	xi	0	𧲘
cn_dicts/41448.dict.yaml	𧳐	xi	0	𧳐
cn_dicts/41448.dict.yaml	𧶖	xi	0	𧶖
cn_dicts/41448.dict.yaml	𧹨	xi	0	𧹨
cn_dicts/41448.dict.yaml	𧹶	xi	0	𧹶
cn_dicts/41448.dict.yaml	𧹽	xi	0	𧹽
cn_dicts/41448.dict.yaml	𧺨	xi	0	𧺨
cn_dicts/41448.dict.yaml	𧻶	xi	0	𧻶
cn_dicts/41448.dict.yaml	𧿅	xi	0	𧿅
cn_dicts/41448.dict.yaml	𧿝	xi	0	𧿝
cn_dicts/41448.dict.yaml	𨀙	xi	0	𨀙
cn_dicts/41448.dict.yaml	𨋦	xi	0	𨋦
cn_dicts/41448.dict.yaml	𨐛	xi	0	𨐛
cn_dicts/41448.dict.yaml	𨛳	xi	0	𨛳
cn_dicts/41448.dict.yaml	𨜐	xi	0	𨜐
cn_dicts/41448.dict.yaml	𨝫	xi	0	𨝫
cn_dicts/41448.dict.yaml	𨞘	xi	0	𨞘
cn_dicts/41448.dict.yaml	𨡂	xi	0	𨡂
cn_dicts/41448.dict.yaml	𨮪	xi	0	𨮪
cn_dicts/41448.dict.yaml	𨳛	xi	0	𨳛
cn_dicts/41448.dict.yaml	𨳿	xi	0	𨳿
cn_dicts/41448.dict.yaml	𨵎	xi	0	𨵎
cn_dicts/41448.dict.yaml	𨷘	xi	0	𨷘
cn_dicts/41448.dict.yaml	𨻁	xi	0	𨻁
cn_dicts/41448.dict.yaml	𨻥	xi	0	𨻥
cn_dicts/41448.dict.yaml	𨿛	xi	0	𨿛
cn_dicts/41448.dict.yaml	𩅖	xi	0	𩅖
cn_dicts/41448.dict.yaml	𩊿	xi	0	𩊿
cn_dicts/41448.dict.yaml	𩍆	xi	0	𩍆
cn_dicts/41448.dict.yaml	𩎉	xi	0	𩎉
cn_dicts/41448.dict.yaml	𩎥	xi	0	𩎥
cn_dicts/41448.dict.yaml	𩒽	xi	0	𩒽
cn_dicts/41448.dict.yaml	𩗊	xi	0	𩗊
cn_dicts/41448.dict.yaml	𩗱	xi	0	𩗱
cn_dicts/41448.dict.yaml	𩛹	xi	0	𩛹
cn_dicts/41448.dict.yaml	𩦇	xi	0	𩦇
cn_dicts/41448.dict.yaml	𩭡	xi	0	𩭡
cn_dicts/41448.dict.yaml	𩲁	xi	0	𩲁
cn_dicts/41448.dict.yaml	𩽨	xi	0	𩽨
cn_dicts/41448.dict.yaml	𩾼	xi	0	𩾼
cn_dicts/41448.dict.yaml	𩿛	xi	0	𩿛
cn_dicts/41448.dict.yaml	𪃼	xi	0	𪃼
cn_dicts/41448.dict.yaml	𪄛	xi	0	𪄛
cn_dicts/41448.dict.yaml	𪄶	xi	0	𪄶
cn_dicts/41448.dict.yaml	𪅲	xi	0	𪅲
cn_dicts/41448.dict.yaml	𪓷	xi	0	𪓷
cn_dicts/41448.dict.yaml	𪕯	xi	0	𪕯
cn_dicts/41448.dict.yaml	𪖥	xi	0	𪖥
cn_dicts/41448.dict.yaml	㗇	xia	0	㗇
cn_dicts/41448.dict.yaml	㗿	xia	0	㗿
cn_dicts/41448.dict.yaml	㘡	xia	0	㘡
cn_dicts/41448.dict.yaml	㙈	xia	0	㙈
cn_dicts/41448.dict.yaml	㙤	xia	0	㙤
cn_dicts/41448.dict.yaml	㥦	xia	0	㥦
cn_dicts/41448.dict.yaml	㭱	xia	0	㭱
cn_dicts/41448.dict.yaml	㰺	xia	0	㰺
cn_dicts/41448.dict.yaml	㵤	xia	0	㵤
cn_dicts/41448.dict.yaml	㽠	xia	0	㽠
cn_dicts/41448.dict.yaml	㿣	xia	0	㿣
cn_dicts/41448.dict.yaml	䒠	xia	0	䒠
cn_dicts/41448.dict.yaml	䒩	xia	0	䒩
cn_dicts/41448.dict.yaml	䖎	xia	0	䖎
cn_dicts/41448.dict.yaml	䖖	xia	0	䖖
cn_dicts/41448.dict.yaml	䘥	xia	0	䘥
cn_dicts/41448.dict.yaml	䛅	xia	0	䛅
cn_dicts/41448.dict.yaml	䠍	xia	0	䠍
cn_dicts/41448.dict.yaml	䦖	xia	0	䦖
cn_dicts/41448.dict.yaml	䨐	xia	0	䨐
cn_dicts/41448.dict.yaml	䪗	xia	0	䪗
cn_dicts/41448.dict.yaml	䫗	xia	0	䫗
cn_dicts/41448.dict.yaml	䯟	xia	0	䯟
cn_dicts/41448.dict.yaml	䶝	xia	0	䶝
cn_dicts/41448.dict.yaml	𠀼	xia	0	𠀼
cn_dicts/41448.dict.yaml	𠖹	xia	0	𠖹
cn_dicts/41448.dict.yaml	𠢆	xia	0	𠢆
cn_dicts/41448.dict.yaml	𠩘	xia	0	𠩘
cn_dicts/41448.dict.yaml	𠽫	xia	0	𠽫
cn_dicts/41448.dict.yaml	𡈮	xia	0	𡈮
cn_dicts/41448.dict.yaml	𡏘	xia	0	𡏘
cn_dicts/41448.dict.yaml	𡨄	xia	0	𡨄
cn_dicts/41448.dict.yaml	𡺷	xia	0	𡺷
cn_dicts/41448.dict.yaml	𢈙	xia	0	𢈙
cn_dicts/41448.dict.yaml	𢈤	xia	0	𢈤
cn_dicts/41448.dict.yaml	𢑓	xia	0	𢑓
cn_dicts/41448.dict.yaml	𢗄	xia	0	𢗄
cn_dicts/41448.dict.yaml	𢘉	xia	0	𢘉
cn_dicts/41448.dict.yaml	𢚌	xia	0	𢚌
cn_dicts/41448.dict.yaml	𢝅	xia	0	𢝅
cn_dicts/41448.dict.yaml	𢩹	xia	0	𢩹
cn_dicts/41448.dict.yaml	𢻗	xia	0	𢻗
cn_dicts/41448.dict.yaml	𣢗	xia	0	𣢗
cn_dicts/41448.dict.yaml	𣹱	xia	0	𣹱
cn_dicts/41448.dict.yaml	𤗭	xia	0	𤗭
cn_dicts/41448.dict.yaml	𤙇	xia	0	𤙇
cn_dicts/41448.dict.yaml	𤟝	xia	0	𤟝
cn_dicts/41448.dict.yaml	𤪆	xia	0	𤪆
cn_dicts/41448.dict.yaml	𤪍	xia	0	𤪍
cn_dicts/41448.dict.yaml	𥁆	xia	0	𥁆
cn_dicts/41448.dict.yaml	𥯾	xia	0	𥯾
cn_dicts/41448.dict.yaml	𥰶	xia	0	𥰶
cn_dicts/41448.dict.yaml	𥻴	xia	0	𥻴
cn_dicts/41448.dict.yaml	𦦕	xia	0	𦦕
cn_dicts/41448.dict.yaml	𦵯	xia	0	𦵯
cn_dicts/41448.dict.yaml	𦾏	xia	0	𦾏
cn_dicts/41448.dict.yaml	𧆥	xia	0	𧆥
cn_dicts/41448.dict.yaml	𧇍	xia	0	𧇍
cn_dicts/41448.dict.yaml	𧈄	xia	0	𧈄
cn_dicts/41448.dict.yaml	𧔂	xia	0	𧔂
cn_dicts/41448.dict.yaml	𧕱	xia	0	𧕱
cn_dicts/41448.dict.yaml	𧦎	xia	0	𧦎
cn_dicts/41448.dict.yaml	𧪕	xia	0	𧪕
cn_dicts/41448.dict.yaml	𧪹	xia	0	𧪹
cn_dicts/41448.dict.yaml	𧫒	xia	0	𧫒
cn_dicts/41448.dict.yaml	𧯋	xia	0	𧯋
cn_dicts/41448.dict.yaml	𨩽	xia	0	𨩽
cn_dicts/41448.dict.yaml	𨲑	xia	0	𨲑
cn_dicts/41448.dict.yaml	𨳉	xia	0	𨳉
cn_dicts/41448.dict.yaml	𨻲	xia	0	𨻲
cn_dicts/41448.dict.yaml	𨽯	xia	0	𨽯
cn_dicts/41448.dict.yaml	𩄗	xia	0	𩄗
cn_dicts/41448.dict.yaml	𩉾	xia	0	𩉾
cn_dicts/41448.dict.yaml	𩎲	xia	0	𩎲
cn_dicts/41448.dict.yaml	𩏓	xia	0	𩏓
cn_dicts/41448.dict.yaml	𩝛	xia	0	𩝛
cn_dicts/41448.dict.yaml	𩮂	xia	0	𩮂
cn_dicts/41448.dict.yaml	𪄂	xia	0	𪄂
cn_dicts/41448.dict.yaml	𪗾	xia	0	𪗾
cn_dicts/41448.dict.yaml	𪘁	xia	0	𪘁
cn_dicts/41448.dict.yaml	𪘘	xia	0	𪘘
cn_dicts/41448.dict.yaml	㔓	xian	0	㔓
cn_dicts/41448.dict.yaml	㔵	xian	0	㔵
cn_dicts/41448.dict.yaml	㘅	xian	0	㘅
cn_dicts/41448.dict.yaml	㘋	xian	0	㘋
cn_dicts/41448.dict.yaml	㛾	xian	0	㛾
cn_dicts/41448.dict.yaml	㜪	xian	0	㜪
cn_dicts/41448.dict.yaml	㜷	xian	0	㜷
cn_dicts/41448.dict.yaml	㡉	xian	0	㡉
cn_dicts/41448.dict.yaml	㡾	xian	0	㡾
cn_dicts/41448.dict.yaml	㢺	xian	0	㢺
cn_dicts/41448.dict.yaml	㥦	xian	0	㥦
cn_dicts/41448.dict.yaml	㦑	xian	0	㦑
cn_dicts/41448.dict.yaml	㦓	xian	0	㦓
cn_dicts/41448.dict.yaml	㦥	xian	0	㦥
cn_dicts/41448.dict.yaml	㧋	xian	0	㧋
cn_dicts/41448.dict.yaml	㧥	xian	0	㧥
cn_dicts/41448.dict.yaml	㩈	xian	0	㩈
cn_dicts/41448.dict.yaml	㩮	xian	0	㩮
cn_dicts/41448.dict.yaml	㪇	xian	0	㪇
cn_dicts/41448.dict.yaml	㫫	xian	0	㫫
cn_dicts/41448.dict.yaml	㬗	xian	0	㬗
cn_dicts/41448.dict.yaml	㭠	xian	0	㭠
cn_dicts/41448.dict.yaml	㭹	xian	0	㭹
cn_dicts/41448.dict.yaml	㮭	xian	0	㮭
cn_dicts/41448.dict.yaml	㯀	xian	0	㯀
cn_dicts/41448.dict.yaml	㯗	xian	0	㯗
cn_dicts/41448.dict.yaml	㯠	xian	0	㯠
cn_dicts/41448.dict.yaml	㱹	xian	0	㱹
cn_dicts/41448.dict.yaml	㲽	xian	0	㲽
cn_dicts/41448.dict.yaml	㳄	xian	0	㳄
cn_dicts/41448.dict.yaml	㳭	xian	0	㳭
cn_dicts/41448.dict.yaml	㵪	xian	0	㵪
cn_dicts/41448.dict.yaml	㶍	xian	0	㶍
cn_dicts/41448.dict.yaml	㺌	xian	0	㺌
cn_dicts/41448.dict.yaml	㽉	xian	0	㽉
cn_dicts/41448.dict.yaml	㿅	xian	0	㿅
cn_dicts/41448.dict.yaml	䀏	xian	0	䀏
cn_dicts/41448.dict.yaml	䁂	xian	0	䁂
cn_dicts/41448.dict.yaml	䃱	xian	0	䃱
cn_dicts/41448.dict.yaml	䃸	xian	0	䃸
cn_dicts/41448.dict.yaml	䄯	xian	0	䄯
cn_dicts/41448.dict.yaml	䇒	xian	0	䇒
cn_dicts/41448.dict.yaml	䉯	xian	0	䉯
cn_dicts/41448.dict.yaml	䉳	xian	0	䉳
cn_dicts/41448.dict.yaml	䏹	xian	0	䏹
cn_dicts/41448.dict.yaml	䐄	xian	0	䐄
cn_dicts/41448.dict.yaml	䒸	xian	0	䒸
cn_dicts/41448.dict.yaml	䕔	xian	0	䕔
cn_dicts/41448.dict.yaml	䗾	xian	0	䗾
cn_dicts/41448.dict.yaml	䘆	xian	0	䘆
cn_dicts/41448.dict.yaml	䙹	xian	0	䙹
cn_dicts/41448.dict.yaml	䚚	xian	0	䚚
cn_dicts/41448.dict.yaml	䜢	xian	0	䜢
cn_dicts/41448.dict.yaml	䝨	xian	0	䝨
cn_dicts/41448.dict.yaml	䞁	xian	0	䞁
cn_dicts/41448.dict.yaml	䡅	xian	0	䡅
cn_dicts/41448.dict.yaml	䢾	xian	0	䢾
cn_dicts/41448.dict.yaml	䤼	xian	0	䤼
cn_dicts/41448.dict.yaml	䥪	xian	0	䥪
cn_dicts/41448.dict.yaml	䦘	xian	0	䦘
cn_dicts/41448.dict.yaml	䦥	xian	0	䦥
cn_dicts/41448.dict.yaml	䧋	xian	0	䧋
cn_dicts/41448.dict.yaml	䧟	xian	0	䧟
cn_dicts/41448.dict.yaml	䧮	xian	0	䧮
cn_dicts/41448.dict.yaml	䨘	xian	0	䨘
cn_dicts/41448.dict.yaml	䨷	xian	0	䨷
cn_dicts/41448.dict.yaml	䭑	xian	0	䭑
cn_dicts/41448.dict.yaml	䱤	xian	0	䱤
cn_dicts/41448.dict.yaml	䲗	xian	0	䲗
cn_dicts/41448.dict.yaml	䵇	xian	0	䵇
cn_dicts/41448.dict.yaml	䵌	xian	0	䵌
cn_dicts/41448.dict.yaml	䵖	xian	0	䵖
cn_dicts/41448.dict.yaml	䵛	xian	0	䵛
cn_dicts/41448.dict.yaml	䶟	xian	0	䶟
cn_dicts/41448.dict.yaml	䶠	xian	0	䶠
cn_dicts/41448.dict.yaml	䶢	xian	0	䶢
cn_dicts/41448.dict.yaml	𠊏	xian	0	𠊏
cn_dicts/41448.dict.yaml	𠏓	xian	0	𠏓
cn_dicts/41448.dict.yaml	𠏡	xian	0	𠏡
cn_dicts/41448.dict.yaml	𠓌	xian	0	𠓌
cn_dicts/41448.dict.yaml	𠚆	xian	0	𠚆
cn_dicts/41448.dict.yaml	𠛑	xian	0	𠛑
cn_dicts/41448.dict.yaml	𠜎	xian	0	𠜎
cn_dicts/41448.dict.yaml	𠠁	xian	0	𠠁
cn_dicts/41448.dict.yaml	𠤕	xian	0	𠤕
cn_dicts/41448.dict.yaml	𠫄	xian	0	𠫄
cn_dicts/41448.dict.yaml	𠯟	xian	0	𠯟
cn_dicts/41448.dict.yaml	𠷢	xian	0	𠷢
cn_dicts/41448.dict.yaml	𠿢	xian	0	𠿢
cn_dicts/41448.dict.yaml	𡐖	xian	0	𡐖
cn_dicts/41448.dict.yaml	𡒓	xian	0	𡒓
cn_dicts/41448.dict.yaml	𡗏	xian	0	𡗏
cn_dicts/41448.dict.yaml	𡞣	xian	0	𡞣
cn_dicts/41448.dict.yaml	𡫹	xian	0	𡫹
cn_dicts/41448.dict.yaml	𡰲	xian	0	𡰲
cn_dicts/41448.dict.yaml	𡾮	xian	0	𡾮
cn_dicts/41448.dict.yaml	𡿤	xian	0	𡿤
cn_dicts/41448.dict.yaml	𢁗	xian	0	𢁗
cn_dicts/41448.dict.yaml	𢅮	xian	0	𢅮
cn_dicts/41448.dict.yaml	𢋮	xian	0	𢋮
cn_dicts/41448.dict.yaml	𢎙	xian	0	𢎙
cn_dicts/41448.dict.yaml	𢐐	xian	0	𢐐
cn_dicts/41448.dict.yaml	𢒆	xian	0	𢒆
cn_dicts/41448.dict.yaml	𢕖	xian	0	𢕖
cn_dicts/41448.dict.yaml	𢕭	xian	0	𢕭
cn_dicts/41448.dict.yaml	𢖋	xian	0	𢖋
cn_dicts/41448.dict.yaml	𢖎	xian	0	𢖎
cn_dicts/41448.dict.yaml	𢖝	xian	0	𢖝
cn_dicts/41448.dict.yaml	𢚀	xian	0	𢚀
cn_dicts/41448.dict.yaml	𢛆	xian	0	𢛆
cn_dicts/41448.dict.yaml	𢥌	xian	0	𢥌
cn_dicts/41448.dict.yaml	𢫿	xian	0	𢫿
cn_dicts/41448.dict.yaml	𢮂	xian	0	𢮂
cn_dicts/41448.dict.yaml	𢷑	xian	0	𢷑
cn_dicts/41448.dict.yaml	𢹚	xian	0	𢹚
cn_dicts/41448.dict.yaml	𣆕	xian	0	𣆕
cn_dicts/41448.dict.yaml	𣊺	xian	0	𣊺
cn_dicts/41448.dict.yaml	𣑹	xian	0	𣑹
cn_dicts/41448.dict.yaml	𣔙	xian	0	𣔙
cn_dicts/41448.dict.yaml	𣕎	xian	0	𣕎
cn_dicts/41448.dict.yaml	𣞘	xian	0	𣞘
cn_dicts/41448.dict.yaml	𣟲	xian	0	𣟲
cn_dicts/41448.dict.yaml	𣢟	xian	0	𣢟
cn_dicts/41448.dict.yaml	𣮾	xian	0	𣮾
cn_dicts/41448.dict.yaml	𣰷	xian	0	𣰷
cn_dicts/41448.dict.yaml	𤁦	xian	0	𤁦
cn_dicts/41448.dict.yaml	𤉌	xian	0	𤉌
cn_dicts/41448.dict.yaml	𤑃	xian	0	𤑃
cn_dicts/41448.dict.yaml	𤓤	xian	0	𤓤
cn_dicts/41448.dict.yaml	𤟅	xian	0	𤟅
cn_dicts/41448.dict.yaml	𤡥	xian	0	𤡥
cn_dicts/41448.dict.yaml	𤼂	xian	0	𤼂
cn_dicts/41448.dict.yaml	𥑻	xian	0	𥑻
cn_dicts/41448.dict.yaml	𥓒	xian	0	𥓒
cn_dicts/41448.dict.yaml	𥙆	xian	0	𥙆
cn_dicts/41448.dict.yaml	𥜦	xian	0	𥜦
cn_dicts/41448.dict.yaml	𥜬	xian	0	𥜬
cn_dicts/41448.dict.yaml	𥜲	xian	0	𥜲
cn_dicts/41448.dict.yaml	𥟕	xian	0	𥟕
cn_dicts/41448.dict.yaml	𥦶	xian	0	𥦶
cn_dicts/41448.dict.yaml	𥬍	xian	0	𥬍
cn_dicts/41448.dict.yaml	𥰳	xian	0	𥰳
cn_dicts/41448.dict.yaml	𥲋	xian	0	𥲋
cn_dicts/41448.dict.yaml	𥻇	xian	0	𥻇
cn_dicts/41448.dict.yaml	𥻧	xian	0	𥻧
cn_dicts/41448.dict.yaml	𥽏	xian	0	𥽏
cn_dicts/41448.dict.yaml	𦋈	xian	0	𦋈
cn_dicts/41448.dict.yaml	𦎵	xian	0	𦎵
cn_dicts/41448.dict.yaml	𦑘	xian	0	𦑘
cn_dicts/41448.dict.yaml	𦒜	xian	0	𦒜
cn_dicts/41448.dict.yaml	𦠹	xian	0	𦠹
cn_dicts/41448.dict.yaml	𦢙	xian	0	𦢙
cn_dicts/41448.dict.yaml	𦥖	xian	0	𦥖
cn_dicts/41448.dict.yaml	𦧐	xian	0	𦧐
cn_dicts/41448.dict.yaml	𦩢	xian	0	𦩢
cn_dicts/41448.dict.yaml	𦭶	xian	0	𦭶
cn_dicts/41448.dict.yaml	𦱁	xian	0	𦱁
cn_dicts/41448.dict.yaml	𦸊	xian	0	𦸊
cn_dicts/41448.dict.yaml	𦽭	xian	0	𦽭
cn_dicts/41448.dict.yaml	𧂞	xian	0	𧂞
cn_dicts/41448.dict.yaml	𧈁	xian	0	𧈁
cn_dicts/41448.dict.yaml	𧕇	xian	0	𧕇
cn_dicts/41448.dict.yaml	𧖙	xian	0	𧖙
cn_dicts/41448.dict.yaml	𧗹	xian	0	𧗹
cn_dicts/41448.dict.yaml	𧠒	xian	0	𧠒
cn_dicts/41448.dict.yaml	𧫹	xian	0	𧫹
cn_dicts/41448.dict.yaml	𧱀	xian	0	𧱀
cn_dicts/41448.dict.yaml	𧸂	xian	0	𧸂
cn_dicts/41448.dict.yaml	𧻒	xian	0	𧻒
cn_dicts/41448.dict.yaml	𧼏	xian	0	𧼏
cn_dicts/41448.dict.yaml	𧾨	xian	0	𧾨
cn_dicts/41448.dict.yaml	𨁅	xian	0	𨁅
cn_dicts/41448.dict.yaml	𨇤	xian	0	𨇤
cn_dicts/41448.dict.yaml	𨍒	xian	0	𨍒
cn_dicts/41448.dict.yaml	𨏥	xian	0	𨏥
cn_dicts/41448.dict.yaml	𨖱	xian	0	𨖱
cn_dicts/41448.dict.yaml	𨘙	xian	0	𨘙
cn_dicts/41448.dict.yaml	𨘞	xian	0	𨘞
cn_dicts/41448.dict.yaml	𨙡	xian	0	𨙡
cn_dicts/41448.dict.yaml	𨚾	xian	0	𨚾
cn_dicts/41448.dict.yaml	𨵬	xian	0	𨵬
cn_dicts/41448.dict.yaml	𨺘	xian	0	𨺘
cn_dicts/41448.dict.yaml	𩆵	xian	0	𩆵
cn_dicts/41448.dict.yaml	𩈖	xian	0	𩈖
cn_dicts/41448.dict.yaml	𩏩	xian	0	𩏩
cn_dicts/41448.dict.yaml	𩝈	xian	0	𩝈
cn_dicts/41448.dict.yaml	𩤊	xian	0	𩤊
cn_dicts/41448.dict.yaml	𩤥	xian	0	𩤥
cn_dicts/41448.dict.yaml	𩤦	xian	0	𩤦
cn_dicts/41448.dict.yaml	𩦂	xian	0	𩦂
cn_dicts/41448.dict.yaml	𩦹	xian	0	𩦹
cn_dicts/41448.dict.yaml	𩨡	xian	0	𩨡
cn_dicts/41448.dict.yaml	𩱆	xian	0	𩱆
cn_dicts/41448.dict.yaml	𩱊	xian	0	𩱊
cn_dicts/41448.dict.yaml	𩶤	xian	0	𩶤
cn_dicts/41448.dict.yaml	𪂶	xian	0	𪂶
cn_dicts/41448.dict.yaml	𪄏	xian	0	𪄏
cn_dicts/41448.dict.yaml	𪄷	xian	0	𪄷
cn_dicts/41448.dict.yaml	𪔩	xian	0	𪔩
cn_dicts/41448.dict.yaml	㗽	xiang	0	㗽
cn_dicts/41448.dict.yaml	㟄	xiang	0	㟄
cn_dicts/41448.dict.yaml	㟟	xiang	0	㟟
cn_dicts/41448.dict.yaml	䇨	xiang	0	䇨
cn_dicts/41448.dict.yaml	䊑	xiang	0	䊑
cn_dicts/41448.dict.yaml	䐟	xiang	0	䐟
cn_dicts/41448.dict.yaml	䒂	xiang	0	䒂
cn_dicts/41448.dict.yaml	䔗	xiang	0	䔗
cn_dicts/41448.dict.yaml	䖮	xiang	0	䖮
cn_dicts/41448.dict.yaml	䙹	xiang	0	䙹
cn_dicts/41448.dict.yaml	䛠	xiang	0	䛠
cn_dicts/41448.dict.yaml	䜶	xiang	0	䜶
cn_dicts/41448.dict.yaml	䢽	xiang	0	䢽
cn_dicts/41448.dict.yaml	䣈	xiang	0	䣈
cn_dicts/41448.dict.yaml	䤔	xiang	0	䤔
cn_dicts/41448.dict.yaml	䦳	xiang	0	䦳
cn_dicts/41448.dict.yaml	䴂	xiang	0	䴂
cn_dicts/41448.dict.yaml	𠸮	xiang	0	𠸮
cn_dicts/41448.dict.yaml	𡨇	xiang	0	𡨇
cn_dicts/41448.dict.yaml	𡹷	xiang	0	𡹷
cn_dicts/41448.dict.yaml	𢄵	xiang	0	𢄵
cn_dicts/41448.dict.yaml	𢛖	xiang	0	𢛖
cn_dicts/41448.dict.yaml	𢞡	xiang	0	𢞡
cn_dicts/41448.dict.yaml	𢠷	xiang	0	𢠷
cn_dicts/41448.dict.yaml	𢪷	xiang	0	𢪷
cn_dicts/41448.dict.yaml	𢭎	xiang	0	𢭎
cn_dicts/41448.dict.yaml	𣂝	xiang	0	𣂝
cn_dicts/41448.dict.yaml	𣅰	xiang	0	𣅰
cn_dicts/41448.dict.yaml	𣨳	xiang	0	𣨳
cn_dicts/41448.dict.yaml	𣻍	xiang	0	𣻍
cn_dicts/41448.dict.yaml	𤉪	xiang	0	𤉪
cn_dicts/41448.dict.yaml	𤍀	xiang	0	𤍀
cn_dicts/41448.dict.yaml	𤖽	xiang	0	𤖽
cn_dicts/41448.dict.yaml	𤝷	xiang	0	𤝷
cn_dicts/41448.dict.yaml	𤩪	xiang	0	𤩪
cn_dicts/41448.dict.yaml	𤭬	xiang	0	𤭬
cn_dicts/41448.dict.yaml	𤰅	xiang	0	𤰅
cn_dicts/41448.dict.yaml	𤷼	xiang	0	𤷼
cn_dicts/41448.dict.yaml	𥀾	xiang	0	𥀾
cn_dicts/41448.dict.yaml	𥊾	xiang	0	𥊾
cn_dicts/41448.dict.yaml	𥗵	xiang	0	𥗵
cn_dicts/41448.dict.yaml	𥣟	xiang	0	𥣟
cn_dicts/41448.dict.yaml	𥥩	xiang	0	𥥩
cn_dicts/41448.dict.yaml	𥫖	xiang	0	𥫖
cn_dicts/41448.dict.yaml	𥿧	xiang	0	𥿧
cn_dicts/41448.dict.yaml	𦍲	xiang	0	𦍲
cn_dicts/41448.dict.yaml	𦍴	xiang	0	𦍴
cn_dicts/41448.dict.yaml	𦎈	xiang	0	𦎈
cn_dicts/41448.dict.yaml	𦕺	xiang	0	𦕺
cn_dicts/41448.dict.yaml	𦺣	xiang	0	𦺣
cn_dicts/41448.dict.yaml	𦺨	xiang	0	𦺨
cn_dicts/41448.dict.yaml	𧖿	xiang	0	𧖿
cn_dicts/41448.dict.yaml	𧬰	xiang	0	𧬰
cn_dicts/41448.dict.yaml	𨀘	xiang	0	𨀘
cn_dicts/41448.dict.yaml	𨉽	xiang	0	𨉽
cn_dicts/41448.dict.yaml	𨖶	xiang	0	𨖶
cn_dicts/41448.dict.yaml	𨙵	xiang	0	𨙵
cn_dicts/41448.dict.yaml	𨛜	xiang	0	𨛜
cn_dicts/41448.dict.yaml	𨧑	xiang	0	𨧑
cn_dicts/41448.dict.yaml	𨷄	xiang	0	𨷄
cn_dicts/41448.dict.yaml	𩑇	xiang	0	𩑇
cn_dicts/41448.dict.yaml	𩝾	xiang	0	𩝾
cn_dicts/41448.dict.yaml	𩞃	xiang	0	𩞃
cn_dicts/41448.dict.yaml	𩞥	xiang	0	𩞥
cn_dicts/41448.dict.yaml	𩡄	xiang	0	𩡄
cn_dicts/41448.dict.yaml	𩡌	xiang	0	𩡌
cn_dicts/41448.dict.yaml	𩡠	xiang	0	𩡠
cn_dicts/41448.dict.yaml	𩾬	xiang	0	𩾬
cn_dicts/41448.dict.yaml	𪂼	xiang	0	𪂼
cn_dicts/41448.dict.yaml	㑾	xiao	0	㑾
cn_dicts/41448.dict.yaml	㒆	xiao	0	㒆
cn_dicts/41448.dict.yaml	㔅	xiao	0	㔅
cn_dicts/41448.dict.yaml	㗛	xiao	0	㗛
cn_dicts/41448.dict.yaml	㚣	xiao	0	㚣
cn_dicts/41448.dict.yaml	㤊	xiao	0	㤊
cn_dicts/41448.dict.yaml	㩋	xiao	0	㩋
cn_dicts/41448.dict.yaml	㩭	xiao	0	㩭
cn_dicts/41448.dict.yaml	㬵	xiao	0	㬵
cn_dicts/41448.dict.yaml	㹲	xiao	0	㹲
cn_dicts/41448.dict.yaml	㺒	xiao	0	㺒
cn_dicts/41448.dict.yaml	䇃	xiao	0	䇃
cn_dicts/41448.dict.yaml	䊥	xiao	0	䊥
cn_dicts/41448.dict.yaml	䒁	xiao	0	䒁
cn_dicts/41448.dict.yaml	䒕	xiao	0	䒕
cn_dicts/41448.dict.yaml	䒝	xiao	0	䒝
cn_dicts/41448.dict.yaml	䕧	xiao	0	䕧
cn_dicts/41448.dict.yaml	䠛	xiao	0	䠛
cn_dicts/41448.dict.yaml	䥵	xiao	0	䥵
cn_dicts/41448.dict.yaml	䴛	xiao	0	䴛
cn_dicts/41448.dict.yaml	𠈬	xiao	0	𠈬
cn_dicts/41448.dict.yaml	𠏕	xiao	0	𠏕
cn_dicts/41448.dict.yaml	𠑪	xiao	0	𠑪
cn_dicts/41448.dict.yaml	𠴡	xiao	0	𠴡
cn_dicts/41448.dict.yaml	𠴳	xiao	0	𠴳
cn_dicts/41448.dict.yaml	𠹎	xiao	0	𠹎
cn_dicts/41448.dict.yaml	𡟣	xiao	0	𡟣
cn_dicts/41448.dict.yaml	𡣾	xiao	0	𡣾
cn_dicts/41448.dict.yaml	𡥍	xiao	0	𡥍
cn_dicts/41448.dict.yaml	𡦝	xiao	0	𡦝
cn_dicts/41448.dict.yaml	𡦳	xiao	0	𡦳
cn_dicts/41448.dict.yaml	𡧕	xiao	0	𡧕
cn_dicts/41448.dict.yaml	𡯩	xiao	0	𡯩
cn_dicts/41448.dict.yaml	𡱉	xiao	0	𡱉
cn_dicts/41448.dict.yaml	𡷸	xiao	0	𡷸
cn_dicts/41448.dict.yaml	𡼚	xiao	0	𡼚
cn_dicts/41448.dict.yaml	𢓮	xiao	0	𢓮
cn_dicts/41448.dict.yaml	𢛘	xiao	0	𢛘
cn_dicts/41448.dict.yaml	𢪶	xiao	0	𢪶
cn_dicts/41448.dict.yaml	𢭦	xiao	0	𢭦
cn_dicts/41448.dict.yaml	𢹳	xiao	0	𢹳
cn_dicts/41448.dict.yaml	𣂬	xiao	0	𣂬
cn_dicts/41448.dict.yaml	𣏠	xiao	0	𣏠
cn_dicts/41448.dict.yaml	𣔷	xiao	0	𣔷
cn_dicts/41448.dict.yaml	𣕇	xiao	0	𣕇
cn_dicts/41448.dict.yaml	𣟇	xiao	0	𣟇
cn_dicts/41448.dict.yaml	𣠎	xiao	0	𣠎
cn_dicts/41448.dict.yaml	𣤡	xiao	0	𣤡
cn_dicts/41448.dict.yaml	𣱓	xiao	0	𣱓
cn_dicts/41448.dict.yaml	𣹝	xiao	0	𣹝
cn_dicts/41448.dict.yaml	𣿣	xiao	0	𣿣
cn_dicts/41448.dict.yaml	𤑳	xiao	0	𤑳
cn_dicts/41448.dict.yaml	𤕢	xiao	0	𤕢
cn_dicts/41448.dict.yaml	𤞚	xiao	0	𤞚
cn_dicts/41448.dict.yaml	𤟞	xiao	0	𤟞
cn_dicts/41448.dict.yaml	𤠖	xiao	0	𤠖
cn_dicts/41448.dict.yaml	𤡔	xiao	0	𤡔
cn_dicts/41448.dict.yaml	𤣌	xiao	0	𤣌
cn_dicts/41448.dict.yaml	𤣠	xiao	0	𤣠
cn_dicts/41448.dict.yaml	𤷤	xiao	0	𤷤
cn_dicts/41448.dict.yaml	𤺃	xiao	0	𤺃
cn_dicts/41448.dict.yaml	𤽳	xiao	0	𤽳
cn_dicts/41448.dict.yaml	𤿨	xiao	0	𤿨
cn_dicts/41448.dict.yaml	𥆔	xiao	0	𥆔
cn_dicts/41448.dict.yaml	𥔑	xiao	0	𥔑
cn_dicts/41448.dict.yaml	𥕾	xiao	0	𥕾
cn_dicts/41448.dict.yaml	𥽁	xiao	0	𥽁
cn_dicts/41448.dict.yaml	𥾤	xiao	0	𥾤
cn_dicts/41448.dict.yaml	𦏷	xiao	0	𦏷
cn_dicts/41448.dict.yaml	𦐺	xiao	0	𦐺
cn_dicts/41448.dict.yaml	𦟞	xiao	0	𦟞
cn_dicts/41448.dict.yaml	𦢩	xiao	0	𦢩
cn_dicts/41448.dict.yaml	𦦛	xiao	0	𦦛
cn_dicts/41448.dict.yaml	𦯪	xiao	0	𦯪
cn_dicts/41448.dict.yaml	𦱜	xiao	0	𦱜
cn_dicts/41448.dict.yaml	𦺔	xiao	0	𦺔
cn_dicts/41448.dict.yaml	𧄤	xiao	0	𧄤
cn_dicts/41448.dict.yaml	𧍂	xiao	0	𧍂
cn_dicts/41448.dict.yaml	𧡼	xiao	0	𧡼
cn_dicts/41448.dict.yaml	𧢬	xiao	0	𧢬
cn_dicts/41448.dict.yaml	𧩮	xiao	0	𧩮
cn_dicts/41448.dict.yaml	𧮻	xiao	0	𧮻
cn_dicts/41448.dict.yaml	𧱐	xiao	0	𧱐
cn_dicts/41448.dict.yaml	𧳍	xiao	0	𧳍
cn_dicts/41448.dict.yaml	𧵱	xiao	0	𧵱
cn_dicts/41448.dict.yaml	𨅋	xiao	0	𨅋
cn_dicts/41448.dict.yaml	𨊅	xiao	0	𨊅
cn_dicts/41448.dict.yaml	𨠦	xiao	0	𨠦
cn_dicts/41448.dict.yaml	𨴹	xiao	0	𨴹
cn_dicts/41448.dict.yaml	𨶅	xiao	0	𨶅
cn_dicts/41448.dict.yaml	𩋍	xiao	0	𩋍
cn_dicts/41448.dict.yaml	𩙚	xiao	0	𩙚
cn_dicts/41448.dict.yaml	𩧓	xiao	0	𩧓
cn_dicts/41448.dict.yaml	𩫂	xiao	0	𩫂
cn_dicts/41448.dict.yaml	𩫳	xiao	0	𩫳
cn_dicts/41448.dict.yaml	𩱴	xiao	0	𩱴
cn_dicts/41448.dict.yaml	𩵖	xiao	0	𩵖
cn_dicts/41448.dict.yaml	𩵮	xiao	0	𩵮
cn_dicts/41448.dict.yaml	𩾒	xiao	0	𩾒
cn_dicts/41448.dict.yaml	𩾓	xiao	0	𩾓
cn_dicts/41448.dict.yaml	𩾾	xiao	0	𩾾
cn_dicts/41448.dict.yaml	𪁎	xiao	0	𪁎
cn_dicts/41448.dict.yaml	𪊷	xiao	0	𪊷
cn_dicts/41448.dict.yaml	𪛀	xiao	0	𪛀
cn_dicts/41448.dict.yaml	㒠	xie	0	㒠
cn_dicts/41448.dict.yaml	㓔	xie	0	㓔
cn_dicts/41448.dict.yaml	㔎	xie	0	㔎
cn_dicts/41448.dict.yaml	㕐	xie	0	㕐
cn_dicts/41448.dict.yaml	㖑	xie	0	㖑
cn_dicts/41448.dict.yaml	㖿	xie	0	㖿
cn_dicts/41448.dict.yaml	㙝	xie	0	㙝
cn_dicts/41448.dict.yaml	㙰	xie	0	㙰
cn_dicts/41448.dict.yaml	㚗	xie	0	㚗
cn_dicts/41448.dict.yaml	㜦	xie	0	㜦
cn_dicts/41448.dict.yaml	㝍	xie	0	㝍
cn_dicts/41448.dict.yaml	㞒	xie	0	㞒
cn_dicts/41448.dict.yaml	㞕	xie	0	㞕
cn_dicts/41448.dict.yaml	㢵	xie	0	㢵
cn_dicts/41448.dict.yaml	㣯	xie	0	㣯
cn_dicts/41448.dict.yaml	㣰	xie	0	㣰
cn_dicts/41448.dict.yaml	㥟	xie	0	㥟
cn_dicts/41448.dict.yaml	㦪	xie	0	㦪
cn_dicts/41448.dict.yaml	㨒	xie	0	㨒
cn_dicts/41448.dict.yaml	㨙	xie	0	㨙
cn_dicts/41448.dict.yaml	㨝	xie	0	㨝
cn_dicts/41448.dict.yaml	㩉	xie	0	㩉
cn_dicts/41448.dict.yaml	㩗	xie	0	㩗
cn_dicts/41448.dict.yaml	㩦	xie	0	㩦
cn_dicts/41448.dict.yaml	㩪	xie	0	㩪
cn_dicts/41448.dict.yaml	㰔	xie	0	㰔
cn_dicts/41448.dict.yaml	㰡	xie	0	㰡
cn_dicts/41448.dict.yaml	㱔	xie	0	㱔
cn_dicts/41448.dict.yaml	㳦	xie	0	㳦
cn_dicts/41448.dict.yaml	㳿	xie	0	㳿
cn_dicts/41448.dict.yaml	㴬	xie	0	㴬
cn_dicts/41448.dict.yaml	㴮	xie	0	㴮
cn_dicts/41448.dict.yaml	㴽	xie	0	㴽
cn_dicts/41448.dict.yaml	㷎	xie	0	㷎
cn_dicts/41448.dict.yaml	㸉	xie	0	㸉
cn_dicts/41448.dict.yaml	㽊	xie	0	㽊
cn_dicts/41448.dict.yaml	㽳	xie	0	㽳
cn_dicts/41448.dict.yaml	䀘	xie	0	䀘
cn_dicts/41448.dict.yaml	䁯	xie	0	䁯
cn_dicts/41448.dict.yaml	䇋	xie	0	䇋
cn_dicts/41448.dict.yaml	䉏	xie	0	䉏
cn_dicts/41448.dict.yaml	䉣	xie	0	䉣
cn_dicts/41448.dict.yaml	䊝	xie	0	䊝
cn_dicts/41448.dict.yaml	䍖	xie	0	䍖
cn_dicts/41448.dict.yaml	䏮	xie	0	䏮
cn_dicts/41448.dict.yaml	䔑	xie	0	䔑
cn_dicts/41448.dict.yaml	䕈	xie	0	䕈
cn_dicts/41448.dict.yaml	䕵	xie	0	䕵
cn_dicts/41448.dict.yaml	䙊	xie	0	䙊
cn_dicts/41448.dict.yaml	䙎	xie	0	䙎
cn_dicts/41448.dict.yaml	䙝	xie	0	䙝
cn_dicts/41448.dict.yaml	䙽	xie	0	䙽
cn_dicts/41448.dict.yaml	䚳	xie	0	䚳
cn_dicts/41448.dict.yaml	䚸	xie	0	䚸
cn_dicts/41448.dict.yaml	䞕	xie	0	䞕
cn_dicts/41448.dict.yaml	䡡	xie	0	䡡
cn_dicts/41448.dict.yaml	䢡	xie	0	䢡
cn_dicts/41448.dict.yaml	䥱	xie	0	䥱
cn_dicts/41448.dict.yaml	䥾	xie	0	䥾
cn_dicts/41448.dict.yaml	䦏	xie	0	䦏
cn_dicts/41448.dict.yaml	䦑	xie	0	䦑
cn_dicts/41448.dict.yaml	䦖	xie	0	䦖
cn_dicts/41448.dict.yaml	䩤	xie	0	䩤
cn_dicts/41448.dict.yaml	䩧	xie	0	䩧
cn_dicts/41448.dict.yaml	䪥	xie	0	䪥
cn_dicts/41448.dict.yaml	䬅	xie	0	䬅
cn_dicts/41448.dict.yaml	䭎	xie	0	䭎
cn_dicts/41448.dict.yaml	䲒	xie	0	䲒
cn_dicts/41448.dict.yaml	䵦	xie	0	䵦
cn_dicts/41448.dict.yaml	𠅱	xie	0	𠅱
cn_dicts/41448.dict.yaml	𠑄	xie	0	𠑄
cn_dicts/41448.dict.yaml	𠖹	xie	0	𠖹
cn_dicts/41448.dict.yaml	𠗉	xie	0	𠗉
cn_dicts/41448.dict.yaml	𠢲	xie	0	𠢲
cn_dicts/41448.dict.yaml	𠨆	xie	0	𠨆
cn_dicts/41448.dict.yaml	𠲊	xie	0	𠲊
cn_dicts/41448.dict.yaml	𠸴	xie	0	𠸴
cn_dicts/41448.dict.yaml	𠿇	xie	0	𠿇
cn_dicts/41448.dict.yaml	𡀺	xie	0	𡀺
cn_dicts/41448.dict.yaml	𡃂	xie	0	𡃂
cn_dicts/41448.dict.yaml	𡄕	xie	0	𡄕
cn_dicts/41448.dict.yaml	𡗼	xie	0	𡗼
cn_dicts/41448.dict.yaml	𡛶	xie	0	𡛶
cn_dicts/41448.dict.yaml	𡞘	xie	0	𡞘
cn_dicts/41448.dict.yaml	𡟩	xie	0	𡟩
cn_dicts/41448.dict.yaml	𡣹	xie	0	𡣹
cn_dicts/41448.dict.yaml	𡤋	xie	0	𡤋
cn_dicts/41448.dict.yaml	𡭥	xie	0	𡭥
cn_dicts/41448.dict.yaml	𡰢	xie	0	𡰢
cn_dicts/41448.dict.yaml	𡸔	xie	0	𡸔
cn_dicts/41448.dict.yaml	𡽖	xie	0	𡽖
cn_dicts/41448.dict.yaml	𢂐	xie	0	𢂐
cn_dicts/41448.dict.yaml	𢌀	xie	0	𢌀
cn_dicts/41448.dict.yaml	𢓬	xie	0	𢓬
cn_dicts/41448.dict.yaml	𢖆	xie	0	𢖆
cn_dicts/41448.dict.yaml	𢗊	xie	0	𢗊
cn_dicts/41448.dict.yaml	𢜨	xie	0	𢜨
cn_dicts/41448.dict.yaml	𢞜	xie	0	𢞜
cn_dicts/41448.dict.yaml	𢤯	xie	0	𢤯
cn_dicts/41448.dict.yaml	𢤰	xie	0	𢤰
cn_dicts/41448.dict.yaml	𢥘	xie	0	𢥘
cn_dicts/41448.dict.yaml	𢬿	xie	0	𢬿
cn_dicts/41448.dict.yaml	𢯉	xie	0	𢯉
cn_dicts/41448.dict.yaml	𢴲	xie	0	𢴲
cn_dicts/41448.dict.yaml	𢹒	xie	0	𢹒
cn_dicts/41448.dict.yaml	𢿡	xie	0	𢿡
cn_dicts/41448.dict.yaml	𣆟	xie	0	𣆟
cn_dicts/41448.dict.yaml	𣒄	xie	0	𣒄
cn_dicts/41448.dict.yaml	𣞐	xie	0	𣞐
cn_dicts/41448.dict.yaml	𣣩	xie	0	𣣩
cn_dicts/41448.dict.yaml	𣣲	xie	0	𣣲
cn_dicts/41448.dict.yaml	𣣶	xie	0	𣣶
cn_dicts/41448.dict.yaml	𣫴	xie	0	𣫴
cn_dicts/41448.dict.yaml	𣬕	xie	0	𣬕
cn_dicts/41448.dict.yaml	𣹩	xie	0	𣹩
cn_dicts/41448.dict.yaml	𣻠	xie	0	𣻠
cn_dicts/41448.dict.yaml	𣽒	xie	0	𣽒
cn_dicts/41448.dict.yaml	𤑪	xie	0	𤑪
cn_dicts/41448.dict.yaml	𤗈	xie	0	𤗈
cn_dicts/41448.dict.yaml	𤙒	xie	0	𤙒
cn_dicts/41448.dict.yaml	𤞡	xie	0	𤞡
cn_dicts/41448.dict.yaml	𤡧	xie	0	𤡧
cn_dicts/41448.dict.yaml	𤢺	xie	0	𤢺
cn_dicts/41448.dict.yaml	𤣑	xie	0	𤣑
cn_dicts/41448.dict.yaml	𤮯	xie	0	𤮯
cn_dicts/41448.dict.yaml	𤱷	xie	0	𤱷
cn_dicts/41448.dict.yaml	𤺎	xie	0	𤺎
cn_dicts/41448.dict.yaml	𥀺	xie	0	𥀺
cn_dicts/41448.dict.yaml	𥆥	xie	0	𥆥
cn_dicts/41448.dict.yaml	𥇱	xie	0	𥇱
cn_dicts/41448.dict.yaml	𥊯	xie	0	𥊯
cn_dicts/41448.dict.yaml	𥌨	xie	0	𥌨
cn_dicts/41448.dict.yaml	𥍆	xie	0	𥍆
cn_dicts/41448.dict.yaml	𥍋	xie	0	𥍋
cn_dicts/41448.dict.yaml	𥎎	xie	0	𥎎
cn_dicts/41448.dict.yaml	𥗧	xie	0	𥗧
cn_dicts/41448.dict.yaml	𥝖	xie	0	𥝖
cn_dicts/41448.dict.yaml	𥢹	xie	0	𥢹
cn_dicts/41448.dict.yaml	𦁛	xie	0	𦁛
cn_dicts/41448.dict.yaml	𦋅	xie	0	𦋅
cn_dicts/41448.dict.yaml	𦎈	xie	0	𦎈
cn_dicts/41448.dict.yaml	𦔼	xie	0	𦔼
cn_dicts/41448.dict.yaml	𦖐	xie	0	𦖐
cn_dicts/41448.dict.yaml	𦚡	xie	0	𦚡
cn_dicts/41448.dict.yaml	𦚫	xie	0	𦚫
cn_dicts/41448.dict.yaml	𦞚	xie	0	𦞚
cn_dicts/41448.dict.yaml	𦩌	xie	0	𦩌
cn_dicts/41448.dict.yaml	𦪬	xie	0	𦪬
cn_dicts/41448.dict.yaml	𦳃	xie	0	𦳃
cn_dicts/41448.dict.yaml	𦵱	xie	0	𦵱
cn_dicts/41448.dict.yaml	𧀢	xie	0	𧀢
cn_dicts/41448.dict.yaml	𧀺	xie	0	𧀺
cn_dicts/41448.dict.yaml	𧌊	xie	0	𧌊
cn_dicts/41448.dict.yaml	𧌋	xie	0	𧌋
cn_dicts/41448.dict.yaml	𧌖	xie	0	𧌖
cn_dicts/41448.dict.yaml	𧍁	xie	0	𧍁
cn_dicts/41448.dict.yaml	𧏂	xie	0	𧏂
cn_dicts/41448.dict.yaml	𧏃	xie	0	𧏃
cn_dicts/41448.dict.yaml	𧐃	xie	0	𧐃
cn_dicts/41448.dict.yaml	𧑦	xie	0	𧑦
cn_dicts/41448.dict.yaml	𧓂	xie	0	𧓂
cn_dicts/41448.dict.yaml	𧓺	xie	0	𧓺
cn_dicts/41448.dict.yaml	𧖁	xie	0	𧖁
cn_dicts/41448.dict.yaml	𧛼	xie	0	𧛼
cn_dicts/41448.dict.yaml	𧜔	xie	0	𧜔
cn_dicts/41448.dict.yaml	𧝫	xie	0	𧝫
cn_dicts/41448.dict.yaml	𧟃	xie	0	𧟃
cn_dicts/41448.dict.yaml	𧥤	xie	0	𧥤
cn_dicts/41448.dict.yaml	𧭠	xie	0	𧭠
cn_dicts/41448.dict.yaml	𧭸	xie	0	𧭸
cn_dicts/41448.dict.yaml	𧳧	xie	0	𧳧
cn_dicts/41448.dict.yaml	𧷑	xie	0	𧷑
cn_dicts/41448.dict.yaml	𧷧	xie	0	𧷧
cn_dicts/41448.dict.yaml	𨁂	xie	0	𨁂
cn_dicts/41448.dict.yaml	𨄌	xie	0	𨄌
cn_dicts/41448.dict.yaml	𨇨	xie	0	𨇨
cn_dicts/41448.dict.yaml	𨈙	xie	0	𨈙
cn_dicts/41448.dict.yaml	𨏳	xie	0	𨏳
cn_dicts/41448.dict.yaml	𨤴	xie	0	𨤴
cn_dicts/41448.dict.yaml	𨧥	xie	0	𨧥
cn_dicts/41448.dict.yaml	𨫔	xie	0	𨫔
cn_dicts/41448.dict.yaml	𨳚	xie	0	𨳚
cn_dicts/41448.dict.yaml	𨵚	xie	0	𨵚
cn_dicts/41448.dict.yaml	𨵪	xie	0	𨵪
cn_dicts/41448.dict.yaml	𨷥	xie	0	𨷥
cn_dicts/41448.dict.yaml	𨼬	xie	0	𨼬
cn_dicts/41448.dict.yaml	𨾗	xie	0	𨾗
cn_dicts/41448.dict.yaml	𩂪	xie	0	𩂪
cn_dicts/41448.dict.yaml	𩃖	xie	0	𩃖
cn_dicts/41448.dict.yaml	𩋘	xie	0	𩋘
cn_dicts/41448.dict.yaml	𩋧	xie	0	𩋧
cn_dicts/41448.dict.yaml	𩍝	xie	0	𩍝
cn_dicts/41448.dict.yaml	𩎃	xie	0	𩎃
cn_dicts/41448.dict.yaml	𩐁	xie	0	𩐁
cn_dicts/41448.dict.yaml	𩐉	xie	0	𩐉
cn_dicts/41448.dict.yaml	𩙜	xie	0	𩙜
cn_dicts/41448.dict.yaml	𩤠	xie	0	𩤠
cn_dicts/41448.dict.yaml	𩫲	xie	0	𩫲
cn_dicts/41448.dict.yaml	𩰳	xie	0	𩰳
cn_dicts/41448.dict.yaml	𩷂	xie	0	𩷂
cn_dicts/41448.dict.yaml	𩺫	xie	0	𩺫
cn_dicts/41448.dict.yaml	𩽍	xie	0	𩽍
cn_dicts/41448.dict.yaml	𪆋	xie	0	𪆋
cn_dicts/41448.dict.yaml	𪍛	xie	0	𪍛
cn_dicts/41448.dict.yaml	𪕯	xie	0	𪕯
cn_dicts/41448.dict.yaml	𪙥	xie	0	𪙥
cn_dicts/41448.dict.yaml	㐰	xin	0	㐰
cn_dicts/41448.dict.yaml	㚯	xin	0	㚯
cn_dicts/41448.dict.yaml	㛛	xin	0	㛛
cn_dicts/41448.dict.yaml	㜦	xin	0	㜦
cn_dicts/41448.dict.yaml	㩪	xin	0	㩪
cn_dicts/41448.dict.yaml	㭄	xin	0	㭄
cn_dicts/41448.dict.yaml	㭡	xin	0	㭡
cn_dicts/41448.dict.yaml	㹷	xin	0	㹷
cn_dicts/41448.dict.yaml	㻸	xin	0	㻸
cn_dicts/41448.dict.yaml	䎣	xin	0	䎣
cn_dicts/41448.dict.yaml	䒖	xin	0	䒖
cn_dicts/41448.dict.yaml	䚱	xin	0	䚱
cn_dicts/41448.dict.yaml	䛨	xin	0	䛨
cn_dicts/41448.dict.yaml	䜗	xin	0	䜗
cn_dicts/41448.dict.yaml	䪿	xin	0	䪿
cn_dicts/41448.dict.yaml	䰼	xin	0	䰼
cn_dicts/41448.dict.yaml	𠑰	xin	0	𠑰
cn_dicts/41448.dict.yaml	𠔋	xin	0	𠔋
cn_dicts/41448.dict.yaml	𠷓	xin	0	𠷓
cn_dicts/41448.dict.yaml	𡈏	xin	0	𡈏
cn_dicts/41448.dict.yaml	𡌜	xin	0	𡌜
cn_dicts/41448.dict.yaml	𢋆	xin	0	𢋆
cn_dicts/41448.dict.yaml	𢗀	xin	0	𢗀
cn_dicts/41448.dict.yaml	𢠝	xin	0	𢠝
cn_dicts/41448.dict.yaml	𢩲	xin	0	𢩲
cn_dicts/41448.dict.yaml	𢭧	xin	0	𢭧
cn_dicts/41448.dict.yaml	𣂗	xin	0	𣂗
cn_dicts/41448.dict.yaml	𣂜	xin	0	𣂜
cn_dicts/41448.dict.yaml	𣃄	xin	0	𣃄
cn_dicts/41448.dict.yaml	𣥇	xin	0	𣥇
cn_dicts/41448.dict.yaml	𤙖	xin	0	𤙖
cn_dicts/41448.dict.yaml	𤙣	xin	0	𤙣
cn_dicts/41448.dict.yaml	𤜢	xin	0	𤜢
cn_dicts/41448.dict.yaml	𤣲	xin	0	𤣲
cn_dicts/41448.dict.yaml	𤫨	xin	0	𤫨
cn_dicts/41448.dict.yaml	𤴾	xin	0	𤴾
cn_dicts/41448.dict.yaml	𤷓	xin	0	𤷓
cn_dicts/41448.dict.yaml	𤹩	xin	0	𤹩
cn_dicts/41448.dict.yaml	𦁍	xin	0	𦁍
cn_dicts/41448.dict.yaml	𦉝	xin	0	𦉝
cn_dicts/41448.dict.yaml	𦜓	xin	0	𦜓
cn_dicts/41448.dict.yaml	𦞤	xin	0	𦞤
cn_dicts/41448.dict.yaml	𦢯	xin	0	𦢯
cn_dicts/41448.dict.yaml	𦤟	xin	0	𦤟
cn_dicts/41448.dict.yaml	𦰸	xin	0	𦰸
cn_dicts/41448.dict.yaml	𧗹	xin	0	𧗹
cn_dicts/41448.dict.yaml	𧳄	xin	0	𧳄
cn_dicts/41448.dict.yaml	𧴢	xin	0	𧴢
cn_dicts/41448.dict.yaml	𨊳	xin	0	𨊳
cn_dicts/41448.dict.yaml	𨓇	xin	0	𨓇
cn_dicts/41448.dict.yaml	𩒦	xin	0	𩒦
cn_dicts/41448.dict.yaml	𩔙	xin	0	𩔙
cn_dicts/41448.dict.yaml	𩖣	xin	0	𩖣
cn_dicts/41448.dict.yaml	𩖰	xin	0	𩖰
cn_dicts/41448.dict.yaml	𩟍	xin	0	𩟍
cn_dicts/41448.dict.yaml	𩾽	xin	0	𩾽
cn_dicts/41448.dict.yaml	𩿃	xin	0	𩿃
cn_dicts/41448.dict.yaml	𪀽	xin	0	𪀽
cn_dicts/41448.dict.yaml	㐩	xing	0	㐩
cn_dicts/41448.dict.yaml	㒷	xing	0	㒷
cn_dicts/41448.dict.yaml	㓑	xing	0	㓑
cn_dicts/41448.dict.yaml	㓝	xing	0	㓝
cn_dicts/41448.dict.yaml	㙚	xing	0	㙚
cn_dicts/41448.dict.yaml	㝭	xing	0	㝭
cn_dicts/41448.dict.yaml	㣜	xing	0	㣜
cn_dicts/41448.dict.yaml	㨘	xing	0	㨘
cn_dicts/41448.dict.yaml	㬐	xing	0	㬐
cn_dicts/41448.dict.yaml	㮐	xing	0	㮐
cn_dicts/41448.dict.yaml	㴆	xing	0	㴆
cn_dicts/41448.dict.yaml	㼛	xing	0	㼛
cn_dicts/41448.dict.yaml	㼬	xing	0	㼬
cn_dicts/41448.dict.yaml	䁄	xing	0	䁄
cn_dicts/41448.dict.yaml	䂔	xing	0	䂔
cn_dicts/41448.dict.yaml	䋲	xing	0	䋲
cn_dicts/41448.dict.yaml	䓷	xing	0	䓷
cn_dicts/41448.dict.yaml	䛭	xing	0	䛭
cn_dicts/41448.dict.yaml	䣆	xing	0	䣆
cn_dicts/41448.dict.yaml	䤯	xing	0	䤯
cn_dicts/41448.dict.yaml	䮍	xing	0	䮍
cn_dicts/41448.dict.yaml	䰢	xing	0	䰢
cn_dicts/41448.dict.yaml	䳙	xing	0	䳙
cn_dicts/41448.dict.yaml	𠀦	xing	0	𠀦
cn_dicts/41448.dict.yaml	𠬋	xing	0	𠬋
cn_dicts/41448.dict.yaml	𡃳	xing	0	𡃳
cn_dicts/41448.dict.yaml	𡶭	xing	0	𡶭
cn_dicts/41448.dict.yaml	𡷨	xing	0	𡷨
cn_dicts/41448.dict.yaml	𢙼	xing	0	𢙼
cn_dicts/41448.dict.yaml	𢜫	xing	0	𢜫
cn_dicts/41448.dict.yaml	𣢝	xing	0	𣢝
cn_dicts/41448.dict.yaml	𣨾	xing	0	𣨾
cn_dicts/41448.dict.yaml	𣸝	xing	0	𣸝
cn_dicts/41448.dict.yaml	𤏽	xing	0	𤏽
cn_dicts/41448.dict.yaml	𤙡	xing	0	𤙡
cn_dicts/41448.dict.yaml	𤬐	xing	0	𤬐
cn_dicts/41448.dict.yaml	𤶲	xing	0	𤶲
cn_dicts/41448.dict.yaml	𥠀	xing	0	𥠀
cn_dicts/41448.dict.yaml	𥨕	xing	0	𥨕
cn_dicts/41448.dict.yaml	𦂅	xing	0	𦂅
cn_dicts/41448.dict.yaml	𦈨	xing	0	𦈨
cn_dicts/41448.dict.yaml	𦈵	xing	0	𦈵
cn_dicts/41448.dict.yaml	𦖤	xing	0	𦖤
cn_dicts/41448.dict.yaml	𦢯	xing	0	𦢯
cn_dicts/41448.dict.yaml	𦩠	xing	0	𦩠
cn_dicts/41448.dict.yaml	𧊞	xing	0	𧊞
cn_dicts/41448.dict.yaml	𧊽	xing	0	𧊽
cn_dicts/41448.dict.yaml	𧌚	xing	0	𧌚
cn_dicts/41448.dict.yaml	𧗦	xing	0	𧗦
cn_dicts/41448.dict.yaml	𧛟	xing	0	𧛟
cn_dicts/41448.dict.yaml	𨌍	xing	0	𨌍
cn_dicts/41448.dict.yaml	𨞾	xing	0	𨞾
cn_dicts/41448.dict.yaml	𩈡	xing	0	𩈡
cn_dicts/41448.dict.yaml	𩩋	xing	0	𩩋
cn_dicts/41448.dict.yaml	㐫	xiong	0	㐫
cn_dicts/41448.dict.yaml	䎿	xiong	0	䎿
cn_dicts/41448.dict.yaml	䧺	xiong	0	䧺
cn_dicts/41448.dict.yaml	𠓙	xiong	0	𠓙
cn_dicts/41448.dict.yaml	𡨳	xiong	0	𡨳
cn_dicts/41448.dict.yaml	𡪰	xiong	0	𡪰
cn_dicts/41448.dict.yaml	𡬁	xiong	0	𡬁
cn_dicts/41448.dict.yaml	𢢹	xiong	0	𢢹
cn_dicts/41448.dict.yaml	𢿌	xiong	0	𢿌
cn_dicts/41448.dict.yaml	𣅷	xiong	0	𣅷
cn_dicts/41448.dict.yaml	𤔫	xiong	0	𤔫
cn_dicts/41448.dict.yaml	𤛪	xiong	0	𤛪
cn_dicts/41448.dict.yaml	𥃴	xiong	0	𥃴
cn_dicts/41448.dict.yaml	𥥧	xiong	0	𥥧
cn_dicts/41448.dict.yaml	𥦥	xiong	0	𥦥
cn_dicts/41448.dict.yaml	𦈤	xiong	0	𦈤
cn_dicts/41448.dict.yaml	𦓈	xiong	0	𦓈
cn_dicts/41448.dict.yaml	𦙄	xiong	0	𦙄
cn_dicts/41448.dict.yaml	𦬺	xiong	0	𦬺
cn_dicts/41448.dict.yaml	𦵡	xiong	0	𦵡
cn_dicts/41448.dict.yaml	𧘮	xiong	0	𧘮
cn_dicts/41448.dict.yaml	𧞞	xiong	0	𧞞
cn_dicts/41448.dict.yaml	𧰯	xiong	0	𧰯
cn_dicts/41448.dict.yaml	𧵣	xiong	0	𧵣
cn_dicts/41448.dict.yaml	𧽒	xiong	0	𧽒
cn_dicts/41448.dict.yaml	𧿖	xiong	0	𧿖
cn_dicts/41448.dict.yaml	𨥍	xiong	0	𨥍
cn_dicts/41448.dict.yaml	𩌠	xiong	0	𩌠
cn_dicts/41448.dict.yaml	𩧊	xiong	0	𩧊
cn_dicts/41448.dict.yaml	𩴂	xiong	0	𩴂
cn_dicts/41448.dict.yaml	㗜	xiu	0	㗜
cn_dicts/41448.dict.yaml	㩰	xiu	0	㩰
cn_dicts/41448.dict.yaml	㱙	xiu	0	㱙
cn_dicts/41448.dict.yaml	㳜	xiu	0	㳜
cn_dicts/41448.dict.yaml	㾋	xiu	0	㾋
cn_dicts/41448.dict.yaml	䜬	xiu	0	䜬
cn_dicts/41448.dict.yaml	䰍	xiu	0	䰍
cn_dicts/41448.dict.yaml	𡔨	xiu	0	𡔨
cn_dicts/41448.dict.yaml	𡜨	xiu	0	𡜨
cn_dicts/41448.dict.yaml	𡟞	xiu	0	𡟞
cn_dicts/41448.dict.yaml	𡯐	xiu	0	𡯐
cn_dicts/41448.dict.yaml	𢊒	xiu	0	𢊒
cn_dicts/41448.dict.yaml	𢓵	xiu	0	𢓵
cn_dicts/41448.dict.yaml	𢕦	xiu	0	𢕦
cn_dicts/41448.dict.yaml	𢩨	xiu	0	𢩨
cn_dicts/41448.dict.yaml	𣧬	xiu	0	𣧬
cn_dicts/41448.dict.yaml	𤚯	xiu	0	𤚯
cn_dicts/41448.dict.yaml	𥌪	xiu	0	𥌪
cn_dicts/41448.dict.yaml	𥝠	xiu	0	𥝠
cn_dicts/41448.dict.yaml	𥞼	xiu	0	𥞼
cn_dicts/41448.dict.yaml	𦟤	xiu	0	𦟤
cn_dicts/41448.dict.yaml	𦪋	xiu	0	𦪋
cn_dicts/41448.dict.yaml	𧌌	xiu	0	𧌌
cn_dicts/41448.dict.yaml	𧙏	xiu	0	𧙏
cn_dicts/41448.dict.yaml	𩘭	xiu	0	𩘭
cn_dicts/41448.dict.yaml	𩛢	xiu	0	𩛢
cn_dicts/41448.dict.yaml	𩡎	xiu	0	𩡎
cn_dicts/41448.dict.yaml	𩢮	xiu	0	𩢮
cn_dicts/41448.dict.yaml	𩭘	xiu	0	𩭘
cn_dicts/41448.dict.yaml	𩮄	xiu	0	𩮄
cn_dicts/41448.dict.yaml	𪀪	xiu	0	𪀪
cn_dicts/41448.dict.yaml	𪁮	xiu	0	𪁮
cn_dicts/41448.dict.yaml	𪕦	xiu	0	𪕦
cn_dicts/41448.dict.yaml	𪘆	xiu	0	𪘆
cn_dicts/41448.dict.yaml	㐨	xu	0	㐨
cn_dicts/41448.dict.yaml	㑔	xu	0	㑔
cn_dicts/41448.dict.yaml	㑯	xu	0	㑯
cn_dicts/41448.dict.yaml	㒷	xu	0	㒷
cn_dicts/41448.dict.yaml	㕛	xu	0	㕛
cn_dicts/41448.dict.yaml	㖅	xu	0	㖅
cn_dicts/41448.dict.yaml	㗵	xu	0	㗵
cn_dicts/41448.dict.yaml	㘧	xu	0	㘧
cn_dicts/41448.dict.yaml	㚜	xu	0	㚜
cn_dicts/41448.dict.yaml	㜅	xu	0	㜅
cn_dicts/41448.dict.yaml	㜿	xu	0	㜿
cn_dicts/41448.dict.yaml	㞊	xu	0	㞊
cn_dicts/41448.dict.yaml	㞰	xu	0	㞰
cn_dicts/41448.dict.yaml	㤢	xu	0	㤢
cn_dicts/41448.dict.yaml	㥠	xu	0	㥠
cn_dicts/41448.dict.yaml	㦌	xu	0	㦌
cn_dicts/41448.dict.yaml	㦽	xu	0	㦽
cn_dicts/41448.dict.yaml	㰲	xu	0	㰲
cn_dicts/41448.dict.yaml	㵰	xu	0	㵰
cn_dicts/41448.dict.yaml	㷦	xu	0	㷦
cn_dicts/41448.dict.yaml	㺷	xu	0	㺷
cn_dicts/41448.dict.yaml	㽳	xu	0	㽳
cn_dicts/41448.dict.yaml	㾥	xu	0	㾥
cn_dicts/41448.dict.yaml	䂆	xu	0	䂆
cn_dicts/41448.dict.yaml	䂸	xu	0	䂸
cn_dicts/41448.dict.yaml	䅡	xu	0	䅡
cn_dicts/41448.dict.yaml	䋶	xu	0	䋶
cn_dicts/41448.dict.yaml	䍱	xu	0	䍱
cn_dicts/41448.dict.yaml	䔓	xu	0	䔓
cn_dicts/41448.dict.yaml	䘏	xu	0	䘏
cn_dicts/41448.dict.yaml	䙒	xu	0	䙒
cn_dicts/41448.dict.yaml	䛙	xu	0	䛙
cn_dicts/41448.dict.yaml	䜡	xu	0	䜡
cn_dicts/41448.dict.yaml	䢕	xu	0	䢕
cn_dicts/41448.dict.yaml	䣱	xu	0	䣱
cn_dicts/41448.dict.yaml	䣴	xu	0	䣴
cn_dicts/41448.dict.yaml	䦗	xu	0	䦗
cn_dicts/41448.dict.yaml	䦽	xu	0	䦽
cn_dicts/41448.dict.yaml	䧁	xu	0	䧁
cn_dicts/41448.dict.yaml	䨆	xu	0	䨆
cn_dicts/41448.dict.yaml	䬔	xu	0	䬔
cn_dicts/41448.dict.yaml	䱬	xu	0	䱬
cn_dicts/41448.dict.yaml	䳳	xu	0	䳳
cn_dicts/41448.dict.yaml	𠆐	xu	0	𠆐
cn_dicts/41448.dict.yaml	𠜄	xu	0	𠜄
cn_dicts/41448.dict.yaml	𠧰	xu	0	𠧰
cn_dicts/41448.dict.yaml	𠯜	xu	0	𠯜
cn_dicts/41448.dict.yaml	𠷙	xu	0	𠷙
cn_dicts/41448.dict.yaml	𠹘	xu	0	𠹘
cn_dicts/41448.dict.yaml	𠾫	xu	0	𠾫
cn_dicts/41448.dict.yaml	𡦁	xu	0	𡦁
cn_dicts/41448.dict.yaml	𡱣	xu	0	𡱣
cn_dicts/41448.dict.yaml	𡹲	xu	0	𡹲
cn_dicts/41448.dict.yaml	𢄼	xu	0	𢄼
cn_dicts/41448.dict.yaml	𢖳	xu	0	𢖳
cn_dicts/41448.dict.yaml	𢨁	xu	0	𢨁
cn_dicts/41448.dict.yaml	𢨰	xu	0	𢨰
cn_dicts/41448.dict.yaml	𢩕	xu	0	𢩕
cn_dicts/41448.dict.yaml	𣅤	xu	0	𣅤
cn_dicts/41448.dict.yaml	𣆒	xu	0	𣆒
cn_dicts/41448.dict.yaml	𣊞	xu	0	𣊞
cn_dicts/41448.dict.yaml	𣚏	xu	0	𣚏
cn_dicts/41448.dict.yaml	𣢊	xu	0	𣢊
cn_dicts/41448.dict.yaml	𣧵	xu	0	𣧵
cn_dicts/41448.dict.yaml	𣨤	xu	0	𣨤
cn_dicts/41448.dict.yaml	𣰃	xu	0	𣰃
cn_dicts/41448.dict.yaml	𣸃	xu	0	𣸃
cn_dicts/41448.dict.yaml	𤆞	xu	0	𤆞
cn_dicts/41448.dict.yaml	𤇳	xu	0	𤇳
cn_dicts/41448.dict.yaml	𤚉	xu	0	𤚉
cn_dicts/41448.dict.yaml	𤟠	xu	0	𤟠
cn_dicts/41448.dict.yaml	𤡣	xu	0	𤡣
cn_dicts/41448.dict.yaml	𤡶	xu	0	𤡶
cn_dicts/41448.dict.yaml	𤬱	xu	0	𤬱
cn_dicts/41448.dict.yaml	𤭽	xu	0	𤭽
cn_dicts/41448.dict.yaml	𤲸	xu	0	𤲸
cn_dicts/41448.dict.yaml	𤴙	xu	0	𤴙
cn_dicts/41448.dict.yaml	𤷇	xu	0	𤷇
cn_dicts/41448.dict.yaml	𤸀	xu	0	𤸀
cn_dicts/41448.dict.yaml	𥄵	xu	0	𥄵
cn_dicts/41448.dict.yaml	𥅺	xu	0	𥅺
cn_dicts/41448.dict.yaml	𥆛	xu	0	𥆛
cn_dicts/41448.dict.yaml	𥇏	xu	0	𥇏
cn_dicts/41448.dict.yaml	𥇿	xu	0	𥇿
cn_dicts/41448.dict.yaml	𥈈	xu	0	𥈈
cn_dicts/41448.dict.yaml	𥊊	xu	0	𥊊
cn_dicts/41448.dict.yaml	𥍟	xu	0	𥍟
cn_dicts/41448.dict.yaml	𥎕	xu	0	𥎕
cn_dicts/41448.dict.yaml	𥎗	xu	0	𥎗
cn_dicts/41448.dict.yaml	𥕰	xu	0	𥕰
cn_dicts/41448.dict.yaml	𥚩	xu	0	𥚩
cn_dicts/41448.dict.yaml	𥮪	xu	0	𥮪
cn_dicts/41448.dict.yaml	𥳗	xu	0	𥳗
cn_dicts/41448.dict.yaml	𦄼	xu	0	𦄼
cn_dicts/41448.dict.yaml	𦅏	xu	0	𦅏
cn_dicts/41448.dict.yaml	𦑍	xu	0	𦑍
cn_dicts/41448.dict.yaml	𦓔	xu	0	𦓔
cn_dicts/41448.dict.yaml	𦔰	xu	0	𦔰
cn_dicts/41448.dict.yaml	𦕓	xu	0	𦕓
cn_dicts/41448.dict.yaml	𦘼	xu	0	𦘼
cn_dicts/41448.dict.yaml	𦜃	xu	0	𦜃
cn_dicts/41448.dict.yaml	𦝳	xu	0	𦝳
cn_dicts/41448.dict.yaml	𦠷	xu	0	𦠷
cn_dicts/41448.dict.yaml	𦪡	xu	0	𦪡
cn_dicts/41448.dict.yaml	𦯅	xu	0	𦯅
cn_dicts/41448.dict.yaml	𦰰	xu	0	𦰰
cn_dicts/41448.dict.yaml	𦰲	xu	0	𦰲
cn_dicts/41448.dict.yaml	𦲰	xu	0	𦲰
cn_dicts/41448.dict.yaml	𧁃	xu	0	𧁃
cn_dicts/41448.dict.yaml	𧆜	xu	0	𧆜
cn_dicts/41448.dict.yaml	𧆡	xu	0	𧆡
cn_dicts/41448.dict.yaml	𧊥	xu	0	𧊥
cn_dicts/41448.dict.yaml	𧏺	xu	0	𧏺
cn_dicts/41448.dict.yaml	𧕼	xu	0	𧕼
cn_dicts/41448.dict.yaml	𧙆	xu	0	𧙆
cn_dicts/41448.dict.yaml	𧟬	xu	0	𧟬
cn_dicts/41448.dict.yaml	𧧓	xu	0	𧧓
cn_dicts/41448.dict.yaml	𧪮	xu	0	𧪮
cn_dicts/41448.dict.yaml	𧶍	xu	0	𧶍
cn_dicts/41448.dict.yaml	𧹭	xu	0	𧹭
cn_dicts/41448.dict.yaml	𧹴	xu	0	𧹴
cn_dicts/41448.dict.yaml	𧼑	xu	0	𧼑
cn_dicts/41448.dict.yaml	𨂠	xu	0	𨂠
cn_dicts/41448.dict.yaml	𨅑	xu	0	𨅑
cn_dicts/41448.dict.yaml	𨋾	xu	0	𨋾
cn_dicts/41448.dict.yaml	𨌎	xu	0	𨌎
cn_dicts/41448.dict.yaml	𨜿	xu	0	𨜿
cn_dicts/41448.dict.yaml	𨞣	xu	0	𨞣
cn_dicts/41448.dict.yaml	𨣦	xu	0	𨣦
cn_dicts/41448.dict.yaml	𨬗	xu	0	𨬗
cn_dicts/41448.dict.yaml	𨴎	xu	0	𨴎
cn_dicts/41448.dict.yaml	𨵮	xu	0	𨵮
cn_dicts/41448.dict.yaml	𨷔	xu	0	𨷔
cn_dicts/41448.dict.yaml	𨹘	xu	0	𨹘
cn_dicts/41448.dict.yaml	𨻍	xu	0	𨻍
cn_dicts/41448.dict.yaml	𨼋	xu	0	𨼋
cn_dicts/41448.dict.yaml	𩂉	xu	0	𩂉
cn_dicts/41448.dict.yaml	𩌮	xu	0	𩌮
cn_dicts/41448.dict.yaml	𩌲	xu	0	𩌲
cn_dicts/41448.dict.yaml	𩍳	xu	0	𩍳
cn_dicts/41448.dict.yaml	𩑕	xu	0	𩑕
cn_dicts/41448.dict.yaml	𩒇	xu	0	𩒇
cn_dicts/41448.dict.yaml	𩒧	xu	0	𩒧
cn_dicts/41448.dict.yaml	𩓣	xu	0	𩓣
cn_dicts/41448.dict.yaml	𩔴	xu	0	𩔴
cn_dicts/41448.dict.yaml	𩔼	xu	0	𩔼
cn_dicts/41448.dict.yaml	𩝔	xu	0	𩝔
cn_dicts/41448.dict.yaml	𩣊	xu	0	𩣊
cn_dicts/41448.dict.yaml	𩪉	xu	0	𩪉
cn_dicts/41448.dict.yaml	𩰠	xu	0	𩰠
cn_dicts/41448.dict.yaml	𩽆	xu	0	𩽆
cn_dicts/41448.dict.yaml	𪆛	xu	0	𪆛
cn_dicts/41448.dict.yaml	𪖩	xu	0	𪖩
cn_dicts/41448.dict.yaml	𪙫	xu	0	𪙫
cn_dicts/41448.dict.yaml	㒸	xuan	0	㒸
cn_dicts/41448.dict.yaml	㔯	xuan	0	㔯
cn_dicts/41448.dict.yaml	㔵	xuan	0	㔵
cn_dicts/41448.dict.yaml	㘣	xuan	0	㘣
cn_dicts/41448.dict.yaml	㜗	xuan	0	㜗
cn_dicts/41448.dict.yaml	㦏	xuan	0	㦏
cn_dicts/41448.dict.yaml	㧋	xuan	0	㧋
cn_dicts/41448.dict.yaml	㧦	xuan	0	㧦
cn_dicts/41448.dict.yaml	㯀	xuan	0	㯀
cn_dicts/41448.dict.yaml	㳙	xuan	0	㳙
cn_dicts/41448.dict.yaml	㳬	xuan	0	㳬
cn_dicts/41448.dict.yaml	㹡	xuan	0	㹡
cn_dicts/41448.dict.yaml	㾌	xuan	0	㾌
cn_dicts/41448.dict.yaml	㿅	xuan	0	㿅
cn_dicts/41448.dict.yaml	䀏	xuan	0	䀏
cn_dicts/41448.dict.yaml	䁔	xuan	0	䁔
cn_dicts/41448.dict.yaml	䁢	xuan	0	䁢
cn_dicts/41448.dict.yaml	䍗	xuan	0	䍗
cn_dicts/41448.dict.yaml	䍻	xuan	0	䍻
cn_dicts/41448.dict.yaml	䗠	xuan	0	䗠
cn_dicts/41448.dict.yaml	䘩	xuan	0	䘩
cn_dicts/41448.dict.yaml	䚙	xuan	0	䚙
cn_dicts/41448.dict.yaml	䚭	xuan	0	䚭
cn_dicts/41448.dict.yaml	䝮	xuan	0	䝮
cn_dicts/41448.dict.yaml	䠣	xuan	0	䠣
cn_dicts/41448.dict.yaml	䥧	xuan	0	䥧
cn_dicts/41448.dict.yaml	䧎	xuan	0	䧎
cn_dicts/41448.dict.yaml	䧟	xuan	0	䧟
cn_dicts/41448.dict.yaml	䩙	xuan	0	䩙
cn_dicts/41448.dict.yaml	䩰	xuan	0	䩰
cn_dicts/41448.dict.yaml	䮄	xuan	0	䮄
cn_dicts/41448.dict.yaml	䲂	xuan	0	䲂
cn_dicts/41448.dict.yaml	䲻	xuan	0	䲻
cn_dicts/41448.dict.yaml	䴉	xuan	0	䴉
cn_dicts/41448.dict.yaml	䴋	xuan	0	䴋
cn_dicts/41448.dict.yaml	𠗻	xuan	0	𠗻
cn_dicts/41448.dict.yaml	𠣖	xuan	0	𠣖
cn_dicts/41448.dict.yaml	𠤰	xuan	0	𠤰
cn_dicts/41448.dict.yaml	𠥞	xuan	0	𠥞
cn_dicts/41448.dict.yaml	𠵷	xuan	0	𠵷
cn_dicts/41448.dict.yaml	𡈣	xuan	0	𡈣
cn_dicts/41448.dict.yaml	𡈴	xuan	0	𡈴
cn_dicts/41448.dict.yaml	𡬳	xuan	0	𡬳
cn_dicts/41448.dict.yaml	𡾥	xuan	0	𡾥
cn_dicts/41448.dict.yaml	𢂄	xuan	0	𢂄
cn_dicts/41448.dict.yaml	𢆯	xuan	0	𢆯
cn_dicts/41448.dict.yaml	𢈋	xuan	0	𢈋
cn_dicts/41448.dict.yaml	𢏧	xuan	0	𢏧
cn_dicts/41448.dict.yaml	𢙂	xuan	0	𢙂
cn_dicts/41448.dict.yaml	𢰊	xuan	0	𢰊
cn_dicts/41448.dict.yaml	𢳄	xuan	0	𢳄
cn_dicts/41448.dict.yaml	𢿌	xuan	0	𢿌
cn_dicts/41448.dict.yaml	𣉖	xuan	0	𣉖
cn_dicts/41448.dict.yaml	𣎓	xuan	0	𣎓
cn_dicts/41448.dict.yaml	𣟳	xuan	0	𣟳
cn_dicts/41448.dict.yaml	𤂿	xuan	0	𤂿
cn_dicts/41448.dict.yaml	𤟿	xuan	0	𤟿
cn_dicts/41448.dict.yaml	𥌭	xuan	0	𥌭
cn_dicts/41448.dict.yaml	𥥾	xuan	0	𥥾
cn_dicts/41448.dict.yaml	𥶷	xuan	0	𥶷
cn_dicts/41448.dict.yaml	𦌔	xuan	0	𦌔
cn_dicts/41448.dict.yaml	𦐽	xuan	0	𦐽
cn_dicts/41448.dict.yaml	𦑙	xuan	0	𦑙
cn_dicts/41448.dict.yaml	𦛔	xuan	0	𦛔
cn_dicts/41448.dict.yaml	𧉎	xuan	0	𧉎
cn_dicts/41448.dict.yaml	𧐗	xuan	0	𧐗
cn_dicts/41448.dict.yaml	𧑩	xuan	0	𧑩
cn_dicts/41448.dict.yaml	𧔤	xuan	0	𧔤
cn_dicts/41448.dict.yaml	𧜽	xuan	0	𧜽
cn_dicts/41448.dict.yaml	𧟨	xuan	0	𧟨
cn_dicts/41448.dict.yaml	𧡚	xuan	0	𧡚
cn_dicts/41448.dict.yaml	𧡢	xuan	0	𧡢
cn_dicts/41448.dict.yaml	𧤎	xuan	0	𧤎
cn_dicts/41448.dict.yaml	𧭦	xuan	0	𧭦
cn_dicts/41448.dict.yaml	𧸾	xuan	0	𧸾
cn_dicts/41448.dict.yaml	𧾆	xuan	0	𧾆
cn_dicts/41448.dict.yaml	𧾎	xuan	0	𧾎
cn_dicts/41448.dict.yaml	𧾩	xuan	0	𧾩
cn_dicts/41448.dict.yaml	𨀮	xuan	0	𨀮
cn_dicts/41448.dict.yaml	𨁁	xuan	0	𨁁
cn_dicts/41448.dict.yaml	𨊼	xuan	0	𨊼
cn_dicts/41448.dict.yaml	𨏂	xuan	0	𨏂
cn_dicts/41448.dict.yaml	𨹆	xuan	0	𨹆
cn_dicts/41448.dict.yaml	𩃚	xuan	0	𩃚
cn_dicts/41448.dict.yaml	𩉥	xuan	0	𩉥
cn_dicts/41448.dict.yaml	𩋢	xuan	0	𩋢
cn_dicts/41448.dict.yaml	𩋫	xuan	0	𩋫
cn_dicts/41448.dict.yaml	𩋱	xuan	0	𩋱
cn_dicts/41448.dict.yaml	𩑹	xuan	0	𩑹
cn_dicts/41448.dict.yaml	𩕖	xuan	0	𩕖
cn_dicts/41448.dict.yaml	𩕪	xuan	0	𩕪
cn_dicts/41448.dict.yaml	𩘒	xuan	0	𩘒
cn_dicts/41448.dict.yaml	𩙢	xuan	0	𩙢
cn_dicts/41448.dict.yaml	𩙽	xuan	0	𩙽
cn_dicts/41448.dict.yaml	𩟁	xuan	0	𩟁
cn_dicts/41448.dict.yaml	𩤡	xuan	0	𩤡
cn_dicts/41448.dict.yaml	𪍧	xuan	0	𪍧
cn_dicts/41448.dict.yaml	㔧	xue	0	㔧
cn_dicts/41448.dict.yaml	㖸	xue	0	㖸
cn_dicts/41448.dict.yaml	㗾	xue	0	㗾
cn_dicts/41448.dict.yaml	㙾	xue	0	㙾
cn_dicts/41448.dict.yaml	㞽	xue	0	㞽
cn_dicts/41448.dict.yaml	㡜	xue	0	㡜
cn_dicts/41448.dict.yaml	㦜	xue	0	㦜
cn_dicts/41448.dict.yaml	㧒	xue	0	㧒
cn_dicts/41448.dict.yaml	㰒	xue	0	㰒
cn_dicts/41448.dict.yaml	㶅	xue	0	㶅
cn_dicts/41448.dict.yaml	㷤	xue	0	㷤
cn_dicts/41448.dict.yaml	㿱	xue	0	㿱
cn_dicts/41448.dict.yaml	䀜	xue	0	䀜
cn_dicts/41448.dict.yaml	䆷	xue	0	䆷
cn_dicts/41448.dict.yaml	䋉	xue	0	䋉
cn_dicts/41448.dict.yaml	䎀	xue	0	䎀
cn_dicts/41448.dict.yaml	䒸	xue	0	䒸
cn_dicts/41448.dict.yaml	䖼	xue	0	䖼
cn_dicts/41448.dict.yaml	䛎	xue	0	䛎
cn_dicts/41448.dict.yaml	䜡	xue	0	䜡
cn_dicts/41448.dict.yaml	䠼	xue	0	䠼
cn_dicts/41448.dict.yaml	䤕	xue	0	䤕
cn_dicts/41448.dict.yaml	䨮	xue	0	䨮
cn_dicts/41448.dict.yaml	䩈	xue	0	䩈
cn_dicts/41448.dict.yaml	䫻	xue	0	䫻
cn_dicts/41448.dict.yaml	䫼	xue	0	䫼
cn_dicts/41448.dict.yaml	䬂	xue	0	䬂
cn_dicts/41448.dict.yaml	䭥	xue	0	䭥
cn_dicts/41448.dict.yaml	䱑	xue	0	䱑
cn_dicts/41448.dict.yaml	𢪎	xue	0	𢪎
cn_dicts/41448.dict.yaml	𢯳	xue	0	𢯳
cn_dicts/41448.dict.yaml	𢼺	xue	0	𢼺
cn_dicts/41448.dict.yaml	𣎛	xue	0	𣎛
cn_dicts/41448.dict.yaml	𣧌	xue	0	𣧌
cn_dicts/41448.dict.yaml	𣧡	xue	0	𣧡
cn_dicts/41448.dict.yaml	𣧵	xue	0	𣧵
cn_dicts/41448.dict.yaml	𣪨	xue	0	𣪨
cn_dicts/41448.dict.yaml	𣺭	xue	0	𣺭
cn_dicts/41448.dict.yaml	𤀰	xue	0	𤀰
cn_dicts/41448.dict.yaml	𤇳	xue	0	𤇳
cn_dicts/41448.dict.yaml	𥀣	xue	0	𥀣
cn_dicts/41448.dict.yaml	𥄎	xue	0	𥄎
cn_dicts/41448.dict.yaml	𥄒	xue	0	𥄒
cn_dicts/41448.dict.yaml	𥄴	xue	0	𥄴
cn_dicts/41448.dict.yaml	𥅧	xue	0	𥅧
cn_dicts/41448.dict.yaml	𦐍	xue	0	𦐍
cn_dicts/41448.dict.yaml	𦥯	xue	0	𦥯
cn_dicts/41448.dict.yaml	𦰾	xue	0	𦰾
cn_dicts/41448.dict.yaml	𧉢	xue	0	𧉢
cn_dicts/41448.dict.yaml	𧋍	xue	0	𧋍
cn_dicts/41448.dict.yaml	𧔗	xue	0	𧔗
cn_dicts/41448.dict.yaml	𧮞	xue	0	𧮞
cn_dicts/41448.dict.yaml	𧸗	xue	0	𧸗
cn_dicts/41448.dict.yaml	𨂂	xue	0	𨂂
cn_dicts/41448.dict.yaml	𨑣	xue	0	𨑣
cn_dicts/41448.dict.yaml	𨒲	xue	0	𨒲
cn_dicts/41448.dict.yaml	𨨺	xue	0	𨨺
cn_dicts/41448.dict.yaml	𨭁	xue	0	𨭁
cn_dicts/41448.dict.yaml	𩋾	xue	0	𩋾
cn_dicts/41448.dict.yaml	𩌊	xue	0	𩌊
cn_dicts/41448.dict.yaml	𩖱	xue	0	𩖱
cn_dicts/41448.dict.yaml	𩖶	xue	0	𩖶
cn_dicts/41448.dict.yaml	𩶫	xue	0	𩶫
cn_dicts/41448.dict.yaml	𪃅	xue	0	𪃅
cn_dicts/41448.dict.yaml	㚯	xun	0	㚯
cn_dicts/41448.dict.yaml	㜄	xun	0	㜄
cn_dicts/41448.dict.yaml	㝁	xun	0	㝁
cn_dicts/41448.dict.yaml	㟧	xun	0	㟧
cn_dicts/41448.dict.yaml	㡄	xun	0	㡄
cn_dicts/41448.dict.yaml	㢲	xun	0	㢲
cn_dicts/41448.dict.yaml	㨚	xun	0	㨚
cn_dicts/41448.dict.yaml	㯠	xun	0	㯠
cn_dicts/41448.dict.yaml	㰊	xun	0	㰊
cn_dicts/41448.dict.yaml	㰬	xun	0	㰬
cn_dicts/41448.dict.yaml	㵌	xun	0	㵌
cn_dicts/41448.dict.yaml	㽦	xun	0	㽦
cn_dicts/41448.dict.yaml	䃀	xun	0	䃀
cn_dicts/41448.dict.yaml	䋸	xun	0	䋸
cn_dicts/41448.dict.yaml	䖲	xun	0	䖲
cn_dicts/41448.dict.yaml	䘩	xun	0	䘩
cn_dicts/41448.dict.yaml	䙉	xun	0	䙉
cn_dicts/41448.dict.yaml	䛜	xun	0	䛜
cn_dicts/41448.dict.yaml	䞊	xun	0	䞊
cn_dicts/41448.dict.yaml	䡅	xun	0	䡅
cn_dicts/41448.dict.yaml	䭀	xun	0	䭀
cn_dicts/41448.dict.yaml	𠊫	xun	0	𠊫
cn_dicts/41448.dict.yaml	𠹀	xun	0	𠹀
cn_dicts/41448.dict.yaml	𡑎	xun	0	𡑎
cn_dicts/41448.dict.yaml	𡺕	xun	0	𡺕
cn_dicts/41448.dict.yaml	𡿼	xun	0	𡿼
cn_dicts/41448.dict.yaml	𢏤	xun	0	𢏤
cn_dicts/41448.dict.yaml	𣌨	xun	0	𣌨
cn_dicts/41448.dict.yaml	𣖼	xun	0	𣖼
cn_dicts/41448.dict.yaml	𣹯	xun	0	𣹯
cn_dicts/41448.dict.yaml	𤃺	xun	0	𤃺
cn_dicts/41448.dict.yaml	𤑕	xun	0	𤑕
cn_dicts/41448.dict.yaml	𤛧	xun	0	𤛧
cn_dicts/41448.dict.yaml	𤟤	xun	0	𤟤
cn_dicts/41448.dict.yaml	𤿟	xun	0	𤿟
cn_dicts/41448.dict.yaml	𥒘	xun	0	𥒘
cn_dicts/41448.dict.yaml	𥙣	xun	0	𥙣
cn_dicts/41448.dict.yaml	𥳍	xun	0	𥳍
cn_dicts/41448.dict.yaml	𥾡	xun	0	𥾡
cn_dicts/41448.dict.yaml	𦅀	xun	0	𦅀
cn_dicts/41448.dict.yaml	𦅑	xun	0	𦅑
cn_dicts/41448.dict.yaml	𦘶	xun	0	𦘶
cn_dicts/41448.dict.yaml	𦠅	xun	0	𦠅
cn_dicts/41448.dict.yaml	𦫯	xun	0	𦫯
cn_dicts/41448.dict.yaml	𦳣	xun	0	𦳣
cn_dicts/41448.dict.yaml	𧂇	xun	0	𧂇
cn_dicts/41448.dict.yaml	𧥿	xun	0	𧥿
cn_dicts/41448.dict.yaml	𧰣	xun	0	𧰣
cn_dicts/41448.dict.yaml	𧸩	xun	0	𧸩
cn_dicts/41448.dict.yaml	𧾝	xun	0	𧾝
cn_dicts/41448.dict.yaml	𧾠	xun	0	𧾠
cn_dicts/41448.dict.yaml	𧾩	xun	0	𧾩
cn_dicts/41448.dict.yaml	𨀴	xun	0	𨀴
cn_dicts/41448.dict.yaml	𨺮	xun	0	𨺮
cn_dicts/41448.dict.yaml	𨼔	xun	0	𨼔
cn_dicts/41448.dict.yaml	𩊻	xun	0	𩊻
cn_dicts/41448.dict.yaml	𩖰	xun	0	𩖰
cn_dicts/41448.dict.yaml	𩪱	xun	0	𩪱
cn_dicts/41448.dict.yaml	𩷰	xun	0	𩷰
cn_dicts/41448.dict.yaml	𩾧	xun	0	𩾧
cn_dicts/41448.dict.yaml	𪀠	xun	0	𪀠
cn_dicts/41448.dict.yaml	𪀽	xun	0	𪀽
cn_dicts/41448.dict.yaml	𪇑	xun	0	𪇑
cn_dicts/41448.dict.yaml	㗇	ya	0	㗇
cn_dicts/41448.dict.yaml	㝞	ya	0	㝞
cn_dicts/41448.dict.yaml	㝦	ya	0	㝦
cn_dicts/41448.dict.yaml	㤉	ya	0	㤉
cn_dicts/41448.dict.yaml	㧎	ya	0	㧎
cn_dicts/41448.dict.yaml	㮞	ya	0	㮞
cn_dicts/41448.dict.yaml	㰳	ya	0	㰳
cn_dicts/41448.dict.yaml	㼤	ya	0	㼤
cn_dicts/41448.dict.yaml	㿿	ya	0	㿿
cn_dicts/41448.dict.yaml	䂒	ya	0	䂒
cn_dicts/41448.dict.yaml	䃁	ya	0	䃁
cn_dicts/41448.dict.yaml	䄰	ya	0	䄰
cn_dicts/41448.dict.yaml	䅉	ya	0	䅉
cn_dicts/41448.dict.yaml	䆘	ya	0	䆘
cn_dicts/41448.dict.yaml	䊦	ya	0	䊦
cn_dicts/41448.dict.yaml	䍓	ya	0	䍓
cn_dicts/41448.dict.yaml	䒁	ya	0	䒁
cn_dicts/41448.dict.yaml	䖌	ya	0	䖌
cn_dicts/41448.dict.yaml	䝟	ya	0	䝟
cn_dicts/41448.dict.yaml	䢝	ya	0	䢝
cn_dicts/41448.dict.yaml	䦪	ya	0	䦪
cn_dicts/41448.dict.yaml	䧅	ya	0	䧅
cn_dicts/41448.dict.yaml	䨙	ya	0	䨙
cn_dicts/41448.dict.yaml	䪵	ya	0	䪵
cn_dicts/41448.dict.yaml	䫖	ya	0	䫖
cn_dicts/41448.dict.yaml	䯉	ya	0	䯉
cn_dicts/41448.dict.yaml	䰲	ya	0	䰲
cn_dicts/41448.dict.yaml	䵝	ya	0	䵝
cn_dicts/41448.dict.yaml	𠄮	ya	0	𠄮
cn_dicts/41448.dict.yaml	𠋗	ya	0	𠋗
cn_dicts/41448.dict.yaml	𠜲	ya	0	𠜲
cn_dicts/41448.dict.yaml	𠮜	ya	0	𠮜
cn_dicts/41448.dict.yaml	𠵣	ya	0	𠵣
cn_dicts/41448.dict.yaml	𡇼	ya	0	𡇼
cn_dicts/41448.dict.yaml	𡴭	ya	0	𡴭
cn_dicts/41448.dict.yaml	𡶦	ya	0	𡶦
cn_dicts/41448.dict.yaml	𡷻	ya	0	𡷻
cn_dicts/41448.dict.yaml	𡸗	ya	0	𡸗
cn_dicts/41448.dict.yaml	𡹄	ya	0	𡹄
cn_dicts/41448.dict.yaml	𡿖	ya	0	𡿖
cn_dicts/41448.dict.yaml	𢛄	ya	0	𢛄
cn_dicts/41448.dict.yaml	𢛟	ya	0	𢛟
cn_dicts/41448.dict.yaml	𢮊	ya	0	𢮊
cn_dicts/41448.dict.yaml	𣉩	ya	0	𣉩
cn_dicts/41448.dict.yaml	𣏎	ya	0	𣏎
cn_dicts/41448.dict.yaml	𤘅	ya	0	𤘅
cn_dicts/41448.dict.yaml	𤘆	ya	0	𤘆
cn_dicts/41448.dict.yaml	𤴓	ya	0	𤴓
cn_dicts/41448.dict.yaml	𤵭	ya	0	𤵭
cn_dicts/41448.dict.yaml	𤷅	ya	0	𤷅
cn_dicts/41448.dict.yaml	𤸱	ya	0	𤸱
cn_dicts/41448.dict.yaml	𤹎	ya	0	𤹎
cn_dicts/41448.dict.yaml	𥇠	ya	0	𥇠
cn_dicts/41448.dict.yaml	𥌚	ya	0	𥌚
cn_dicts/41448.dict.yaml	𥏝	ya	0	𥏝
cn_dicts/41448.dict.yaml	𥐕	ya	0	𥐕
cn_dicts/41448.dict.yaml	𥒧	ya	0	𥒧
cn_dicts/41448.dict.yaml	𦉟	ya	0	𦉟
cn_dicts/41448.dict.yaml	𦉧	ya	0	𦉧
cn_dicts/41448.dict.yaml	𦜖	ya	0	𦜖
cn_dicts/41448.dict.yaml	𧈝	ya	0	𧈝
cn_dicts/41448.dict.yaml	𧓪	ya	0	𧓪
cn_dicts/41448.dict.yaml	𧡋	ya	0	𧡋
cn_dicts/41448.dict.yaml	𧧝	ya	0	𧧝
cn_dicts/41448.dict.yaml	𧬬	ya	0	𧬬
cn_dicts/41448.dict.yaml	𨁶	ya	0	𨁶
cn_dicts/41448.dict.yaml	𨓴	ya	0	𨓴
cn_dicts/41448.dict.yaml	𨖭	ya	0	𨖭
cn_dicts/41448.dict.yaml	𨨙	ya	0	𨨙
cn_dicts/41448.dict.yaml	𨸺	ya	0	𨸺
cn_dicts/41448.dict.yaml	𨹝	ya	0	𨹝
cn_dicts/41448.dict.yaml	𩃐	ya	0	𩃐
cn_dicts/41448.dict.yaml	𩑔	ya	0	𩑔
cn_dicts/41448.dict.yaml	𩖁	ya	0	𩖁
cn_dicts/41448.dict.yaml	𩨠	ya	0	𩨠
cn_dicts/41448.dict.yaml	𩭯	ya	0	𩭯
cn_dicts/41448.dict.yaml	𩮝	ya	0	𩮝
cn_dicts/41448.dict.yaml	𩸋	ya	0	𩸋
cn_dicts/41448.dict.yaml	𩿔	ya	0	𩿔
cn_dicts/41448.dict.yaml	𪆰	ya	0	𪆰
cn_dicts/41448.dict.yaml	𪖐	ya	0	𪖐
cn_dicts/41448.dict.yaml	𪗹	ya	0	𪗹
cn_dicts/41448.dict.yaml	𪘬	ya	0	𪘬
cn_dicts/41448.dict.yaml	𪘲	ya	0	𪘲
cn_dicts/41448.dict.yaml	㒆	yan	0	㒆
cn_dicts/41448.dict.yaml	㓧	yan	0	㓧
cn_dicts/41448.dict.yaml	㕣	yan	0	㕣
cn_dicts/41448.dict.yaml	㗴	yan	0	㗴
cn_dicts/41448.dict.yaml	㘖	yan	0	㘖
cn_dicts/41448.dict.yaml	㘙	yan	0	㘙
cn_dicts/41448.dict.yaml	㚧	yan	0	㚧
cn_dicts/41448.dict.yaml	㛪	yan	0	㛪
cn_dicts/41448.dict.yaml	㡉	yan	0	㡉
cn_dicts/41448.dict.yaml	㢂	yan	0	㢂
cn_dicts/41448.dict.yaml	㢛	yan	0	㢛
cn_dicts/41448.dict.yaml	㤿	yan	0	㤿
cn_dicts/41448.dict.yaml	㦔	yan	0	㦔
cn_dicts/41448.dict.yaml	㫃	yan	0	㫃
cn_dicts/41448.dict.yaml	㫟	yan	0	㫟
cn_dicts/41448.dict.yaml	㬫	yan	0	㬫
cn_dicts/41448.dict.yaml	㭺	yan	0	㭺
cn_dicts/41448.dict.yaml	㰽	yan	0	㰽
cn_dicts/41448.dict.yaml	㱌	yan	0	㱌
cn_dicts/41448.dict.yaml	㱘	yan	0	㱘
cn_dicts/41448.dict.yaml	㳂	yan	0	㳂
cn_dicts/41448.dict.yaml	㶄	yan	0	㶄
cn_dicts/41448.dict.yaml	㷔	yan	0	㷔
cn_dicts/41448.dict.yaml	㷳	yan	0	㷳
cn_dicts/41448.dict.yaml	㷼	yan	0	㷼
cn_dicts/41448.dict.yaml	㺂	yan	0	㺂
cn_dicts/41448.dict.yaml	㺗	yan	0	㺗
cn_dicts/41448.dict.yaml	㿕	yan	0	㿕
cn_dicts/41448.dict.yaml	㿼	yan	0	㿼
cn_dicts/41448.dict.yaml	䀋	yan	0	䀋
cn_dicts/41448.dict.yaml	䀽	yan	0	䀽
cn_dicts/41448.dict.yaml	䁙	yan	0	䁙
cn_dicts/41448.dict.yaml	䂩	yan	0	䂩
cn_dicts/41448.dict.yaml	䂴	yan	0	䂴
cn_dicts/41448.dict.yaml	䄋	yan	0	䄋
cn_dicts/41448.dict.yaml	䅧	yan	0	䅧
cn_dicts/41448.dict.yaml	䅬	yan	0	䅬
cn_dicts/41448.dict.yaml	䇾	yan	0	䇾
cn_dicts/41448.dict.yaml	䉷	yan	0	䉷
cn_dicts/41448.dict.yaml	䊙	yan	0	䊙
cn_dicts/41448.dict.yaml	䊻	yan	0	䊻
cn_dicts/41448.dict.yaml	䌠	yan	0	䌠
cn_dicts/41448.dict.yaml	䌪	yan	0	䌪
cn_dicts/41448.dict.yaml	䍾	yan	0	䍾
cn_dicts/41448.dict.yaml	䎦	yan	0	䎦
cn_dicts/41448.dict.yaml	䑍	yan	0	䑍
cn_dicts/41448.dict.yaml	䓂	yan	0	䓂
cn_dicts/41448.dict.yaml	䕾	yan	0	䕾
cn_dicts/41448.dict.yaml	䖗	yan	0	䖗
cn_dicts/41448.dict.yaml	䗡	yan	0	䗡
cn_dicts/41448.dict.yaml	䗺	yan	0	䗺
cn_dicts/41448.dict.yaml	䘶	yan	0	䘶
cn_dicts/41448.dict.yaml	䛳	yan	0	䛳
cn_dicts/41448.dict.yaml	䜩	yan	0	䜩
cn_dicts/41448.dict.yaml	䞁	yan	0	䞁
cn_dicts/41448.dict.yaml	䢥	yan	0	䢥
cn_dicts/41448.dict.yaml	䢭	yan	0	䢭
cn_dicts/41448.dict.yaml	䣍	yan	0	䣍
cn_dicts/41448.dict.yaml	䤷	yan	0	䤷
cn_dicts/41448.dict.yaml	䦧	yan	0	䦧
cn_dicts/41448.dict.yaml	䦲	yan	0	䦲
cn_dicts/41448.dict.yaml	䨄	yan	0	䨄
cn_dicts/41448.dict.yaml	䫡	yan	0	䫡
cn_dicts/41448.dict.yaml	䭘	yan	0	䭘
cn_dicts/41448.dict.yaml	䮗	yan	0	䮗
cn_dicts/41448.dict.yaml	䱲	yan	0	䱲
cn_dicts/41448.dict.yaml	䲓	yan	0	䲓
cn_dicts/41448.dict.yaml	䳛	yan	0	䳛
cn_dicts/41448.dict.yaml	䳺	yan	0	䳺
cn_dicts/41448.dict.yaml	䴏	yan	0	䴏
cn_dicts/41448.dict.yaml	䶫	yan	0	䶫
cn_dicts/41448.dict.yaml	𠆲	yan	0	𠆲
cn_dicts/41448.dict.yaml	𠉬	yan	0	𠉬
cn_dicts/41448.dict.yaml	𠍛	yan	0	𠍛
cn_dicts/41448.dict.yaml	𠘥	yan	0	𠘥
cn_dicts/41448.dict.yaml	𠛭	yan	0	𠛭
cn_dicts/41448.dict.yaml	𠝢	yan	0	𠝢
cn_dicts/41448.dict.yaml	𠰖	yan	0	𠰖
cn_dicts/41448.dict.yaml	𠻤	yan	0	𠻤
cn_dicts/41448.dict.yaml	𡙶	yan	0	𡙶
cn_dicts/41448.dict.yaml	𡚇	yan	0	𡚇
cn_dicts/41448.dict.yaml	𡣽	yan	0	𡣽
cn_dicts/41448.dict.yaml	𡹶	yan	0	𡹶
cn_dicts/41448.dict.yaml	𡹼	yan	0	𡹼
cn_dicts/41448.dict.yaml	𡻡	yan	0	𡻡
cn_dicts/41448.dict.yaml	𢅠	yan	0	𢅠
cn_dicts/41448.dict.yaml	𢇈	yan	0	𢇈
cn_dicts/41448.dict.yaml	𢇘	yan	0	𢇘
cn_dicts/41448.dict.yaml	𢈂	yan	0	𢈂
cn_dicts/41448.dict.yaml	𢉘	yan	0	𢉘
cn_dicts/41448.dict.yaml	𢌨	yan	0	𢌨
cn_dicts/41448.dict.yaml	𢔂	yan	0	𢔂
cn_dicts/41448.dict.yaml	𢜰	yan	0	𢜰
cn_dicts/41448.dict.yaml	𢤍	yan	0	𢤍
cn_dicts/41448.dict.yaml	𢯼	yan	0	𢯼
cn_dicts/41448.dict.yaml	𢸴	yan	0	𢸴
cn_dicts/41448.dict.yaml	𢾑	yan	0	𢾑
cn_dicts/41448.dict.yaml	𣃧	yan	0	𣃧
cn_dicts/41448.dict.yaml	𣃳	yan	0	𣃳
cn_dicts/41448.dict.yaml	𣃾	yan	0	𣃾
cn_dicts/41448.dict.yaml	𣄉	yan	0	𣄉
cn_dicts/41448.dict.yaml	𣄑	yan	0	𣄑
cn_dicts/41448.dict.yaml	𣄝	yan	0	𣄝
cn_dicts/41448.dict.yaml	𣚕	yan	0	𣚕
cn_dicts/41448.dict.yaml	𣝎	yan	0	𣝎
cn_dicts/41448.dict.yaml	𣡕	yan	0	𣡕
cn_dicts/41448.dict.yaml	𣡞	yan	0	𣡞
cn_dicts/41448.dict.yaml	𣡶	yan	0	𣡶
cn_dicts/41448.dict.yaml	𣥡	yan	0	𣥡
cn_dicts/41448.dict.yaml	𣩙	yan	0	𣩙
cn_dicts/41448.dict.yaml	𣭻	yan	0	𣭻
cn_dicts/41448.dict.yaml	𣼞	yan	0	𣼞
cn_dicts/41448.dict.yaml	𣼠	yan	0	𣼠
cn_dicts/41448.dict.yaml	𤂠	yan	0	𤂠
cn_dicts/41448.dict.yaml	𤅊	yan	0	𤅊
cn_dicts/41448.dict.yaml	𤅸	yan	0	𤅸
cn_dicts/41448.dict.yaml	𤎄	yan	0	𤎄
cn_dicts/41448.dict.yaml	𤒦	yan	0	𤒦
cn_dicts/41448.dict.yaml	𤖝	yan	0	𤖝
cn_dicts/41448.dict.yaml	𤗎	yan	0	𤗎
cn_dicts/41448.dict.yaml	𤜵	yan	0	𤜵
cn_dicts/41448.dict.yaml	𤟇	yan	0	𤟇
cn_dicts/41448.dict.yaml	𤟟	yan	0	𤟟
cn_dicts/41448.dict.yaml	𤡖	yan	0	𤡖
cn_dicts/41448.dict.yaml	𤡥	yan	0	𤡥
cn_dicts/41448.dict.yaml	𤢋	yan	0	𤢋
cn_dicts/41448.dict.yaml	𤫣	yan	0	𤫣
cn_dicts/41448.dict.yaml	𤬝	yan	0	𤬝
cn_dicts/41448.dict.yaml	𤯇	yan	0	𤯇
cn_dicts/41448.dict.yaml	𤯐	yan	0	𤯐
cn_dicts/41448.dict.yaml	𤲩	yan	0	𤲩
cn_dicts/41448.dict.yaml	𤸹	yan	0	𤸹
cn_dicts/41448.dict.yaml	𥀬	yan	0	𥀬
cn_dicts/41448.dict.yaml	𥂁	yan	0	𥂁
cn_dicts/41448.dict.yaml	𥃩	yan	0	𥃩
cn_dicts/41448.dict.yaml	𥃿	yan	0	𥃿
cn_dicts/41448.dict.yaml	𥍓	yan	0	𥍓
cn_dicts/41448.dict.yaml	𥍻	yan	0	𥍻
cn_dicts/41448.dict.yaml	𥕼	yan	0	𥕼
cn_dicts/41448.dict.yaml	𥜒	yan	0	𥜒
cn_dicts/41448.dict.yaml	𥣘	yan	0	𥣘
cn_dicts/41448.dict.yaml	𥤟	yan	0	𥤟
cn_dicts/41448.dict.yaml	𥤴	yan	0	𥤴
cn_dicts/41448.dict.yaml	𥦍	yan	0	𥦍
cn_dicts/41448.dict.yaml	𥧑	yan	0	𥧑
cn_dicts/41448.dict.yaml	𥯃	yan	0	𥯃
cn_dicts/41448.dict.yaml	𥴿	yan	0	𥴿
cn_dicts/41448.dict.yaml	𥶿	yan	0	𥶿
cn_dicts/41448.dict.yaml	𥷀	yan	0	𥷀
cn_dicts/41448.dict.yaml	𦁏	yan	0	𦁏
cn_dicts/41448.dict.yaml	𦁙	yan	0	𦁙
cn_dicts/41448.dict.yaml	𦌚	yan	0	𦌚
cn_dicts/41448.dict.yaml	𦎣	yan	0	𦎣
cn_dicts/41448.dict.yaml	𦏥	yan	0	𦏥
cn_dicts/41448.dict.yaml	𦏹	yan	0	𦏹
cn_dicts/41448.dict.yaml	𦑎	yan	0	𦑎
cn_dicts/41448.dict.yaml	𦖈	yan	0	𦖈
cn_dicts/41448.dict.yaml	𦖧	yan	0	𦖧
cn_dicts/41448.dict.yaml	𦛞	yan	0	𦛞
cn_dicts/41448.dict.yaml	𦛣	yan	0	𦛣
cn_dicts/41448.dict.yaml	𦝪	yan	0	𦝪
cn_dicts/41448.dict.yaml	𦧡	yan	0	𦧡
cn_dicts/41448.dict.yaml	𦫤	yan	0	𦫤
cn_dicts/41448.dict.yaml	𧇱	yan	0	𧇱
cn_dicts/41448.dict.yaml	𧉮	yan	0	𧉮
cn_dicts/41448.dict.yaml	𧊔	yan	0	𧊔
cn_dicts/41448.dict.yaml	𧍢	yan	0	𧍢
cn_dicts/41448.dict.yaml	𧎘	yan	0	𧎘
cn_dicts/41448.dict.yaml	𧞣	yan	0	𧞣
cn_dicts/41448.dict.yaml	𧠦	yan	0	𧠦
cn_dicts/41448.dict.yaml	𧥜	yan	0	𧥜
cn_dicts/41448.dict.yaml	𧩅	yan	0	𧩅
cn_dicts/41448.dict.yaml	𧬌	yan	0	𧬌
cn_dicts/41448.dict.yaml	𧴣	yan	0	𧴣
cn_dicts/41448.dict.yaml	𧹬	yan	0	𧹬
cn_dicts/41448.dict.yaml	𧺅	yan	0	𧺅
cn_dicts/41448.dict.yaml	𧻃	yan	0	𧻃
cn_dicts/41448.dict.yaml	𧽉	yan	0	𧽉
cn_dicts/41448.dict.yaml	𧽞	yan	0	𧽞
cn_dicts/41448.dict.yaml	𧾤	yan	0	𧾤
cn_dicts/41448.dict.yaml	𨀅	yan	0	𨀅
cn_dicts/41448.dict.yaml	𨁍	yan	0	𨁍
cn_dicts/41448.dict.yaml	𨁹	yan	0	𨁹
cn_dicts/41448.dict.yaml	𨂪	yan	0	𨂪
cn_dicts/41448.dict.yaml	𨃰	yan	0	𨃰
cn_dicts/41448.dict.yaml	𨆁	yan	0	𨆁
cn_dicts/41448.dict.yaml	𨒄	yan	0	𨒄
cn_dicts/41448.dict.yaml	𨟹	yan	0	𨟹
cn_dicts/41448.dict.yaml	𨠭	yan	0	𨠭
cn_dicts/41448.dict.yaml	𨡄	yan	0	𨡄
cn_dicts/41448.dict.yaml	𨡎	yan	0	𨡎
cn_dicts/41448.dict.yaml	𨡣	yan	0	𨡣
cn_dicts/41448.dict.yaml	𨣻	yan	0	𨣻
cn_dicts/41448.dict.yaml	𨤎	yan	0	𨤎
cn_dicts/41448.dict.yaml	𨪶	yan	0	𨪶
cn_dicts/41448.dict.yaml	𨴣	yan	0	𨴣
cn_dicts/41448.dict.yaml	𨶁	yan	0	𨶁
cn_dicts/41448.dict.yaml	𨷽	yan	0	𨷽
cn_dicts/41448.dict.yaml	𨸮	yan	0	𨸮
cn_dicts/41448.dict.yaml	𨺥	yan	0	𨺥
cn_dicts/41448.dict.yaml	𨻂	yan	0	𨻂
cn_dicts/41448.dict.yaml	𨻳	yan	0	𨻳
cn_dicts/41448.dict.yaml	𨽑	yan	0	𨽑
cn_dicts/41448.dict.yaml	𩃀	yan	0	𩃀
cn_dicts/41448.dict.yaml	𩇠	yan	0	𩇠
cn_dicts/41448.dict.yaml	𩈯	yan	0	𩈯
cn_dicts/41448.dict.yaml	𩒖	yan	0	𩒖
cn_dicts/41448.dict.yaml	𩗷	yan	0	𩗷
cn_dicts/41448.dict.yaml	𩜽	yan	0	𩜽
cn_dicts/41448.dict.yaml	𩣲	yan	0	𩣲
cn_dicts/41448.dict.yaml	𩩄	yan	0	𩩄
cn_dicts/41448.dict.yaml	𩩴	yan	0	𩩴
cn_dicts/41448.dict.yaml	𩩶	yan	0	𩩶
cn_dicts/41448.dict.yaml	𩪴	yan	0	𩪴
cn_dicts/41448.dict.yaml	𩳢	yan	0	𩳢
cn_dicts/41448.dict.yaml	𩸞	yan	0	𩸞
cn_dicts/41448.dict.yaml	𩻖	yan	0	𩻖
cn_dicts/41448.dict.yaml	𩾝	yan	0	𩾝
cn_dicts/41448.dict.yaml	𩾸	yan	0	𩾸
cn_dicts/41448.dict.yaml	𪁡	yan	0	𪁡
cn_dicts/41448.dict.yaml	𪂈	yan	0	𪂈
cn_dicts/41448.dict.yaml	𪐘	yan	0	𪐘
cn_dicts/41448.dict.yaml	𪑈	yan	0	𪑈
cn_dicts/41448.dict.yaml	𪑸	yan	0	𪑸
cn_dicts/41448.dict.yaml	𪒝	yan	0	𪒝
cn_dicts/41448.dict.yaml	𪒠	yan	0	𪒠
cn_dicts/41448.dict.yaml	𪗙	yan	0	𪗙
cn_dicts/41448.dict.yaml	𪗤	yan	0	𪗤
cn_dicts/41448.dict.yaml	𪙊	yan	0	𪙊
cn_dicts/41448.dict.yaml	㔦	yang	0	㔦
cn_dicts/41448.dict.yaml	㟅	yang	0	㟅
cn_dicts/41448.dict.yaml	㦹	yang	0	㦹
cn_dicts/41448.dict.yaml	㨾	yang	0	㨾
cn_dicts/41448.dict.yaml	㬕	yang	0	㬕
cn_dicts/41448.dict.yaml	㺊	yang	0	㺊
cn_dicts/41448.dict.yaml	㿮	yang	0	㿮
cn_dicts/41448.dict.yaml	䁑	yang	0	䁑
cn_dicts/41448.dict.yaml	䇦	yang	0	䇦
cn_dicts/41448.dict.yaml	䍩	yang	0	䍩
cn_dicts/41448.dict.yaml	䑆	yang	0	䑆
cn_dicts/41448.dict.yaml	䒋	yang	0	䒋
cn_dicts/41448.dict.yaml	䖹	yang	0	䖹
cn_dicts/41448.dict.yaml	䞁	yang	0	䞁
cn_dicts/41448.dict.yaml	䬗	yang	0	䬗
cn_dicts/41448.dict.yaml	䬬	yang	0	䬬
cn_dicts/41448.dict.yaml	䬺	yang	0	䬺
cn_dicts/41448.dict.yaml	䭐	yang	0	䭐
cn_dicts/41448.dict.yaml	䭥	yang	0	䭥
cn_dicts/41448.dict.yaml	䵮	yang	0	䵮
cn_dicts/41448.dict.yaml	𠍵	yang	0	𠍵
cn_dicts/41448.dict.yaml	𠢴	yang	0	𠢴
cn_dicts/41448.dict.yaml	𠮴	yang	0	𠮴
cn_dicts/41448.dict.yaml	𡠘	yang	0	𡠘
cn_dicts/41448.dict.yaml	𡡂	yang	0	𡡂
cn_dicts/41448.dict.yaml	𡩶	yang	0	𡩶
cn_dicts/41448.dict.yaml	𡹕	yang	0	𡹕
cn_dicts/41448.dict.yaml	𢏙	yang	0	𢏙
cn_dicts/41448.dict.yaml	𢟣	yang	0	𢟣
cn_dicts/41448.dict.yaml	𢵇	yang	0	𢵇
cn_dicts/41448.dict.yaml	𢽕	yang	0	𢽕
cn_dicts/41448.dict.yaml	𣃝	yang	0	𣃝
cn_dicts/41448.dict.yaml	𣉚	yang	0	𣉚
cn_dicts/41448.dict.yaml	𣐫	yang	0	𣐫
cn_dicts/41448.dict.yaml	𣗹	yang	0	𣗹
cn_dicts/41448.dict.yaml	𤞢	yang	0	𤞢
cn_dicts/41448.dict.yaml	𤢐	yang	0	𤢐
cn_dicts/41448.dict.yaml	𤢮	yang	0	𤢮
cn_dicts/41448.dict.yaml	𤸡	yang	0	𤸡
cn_dicts/41448.dict.yaml	𥂸	yang	0	𥂸
cn_dicts/41448.dict.yaml	𥃽	yang	0	𥃽
cn_dicts/41448.dict.yaml	𥒞	yang	0	𥒞
cn_dicts/41448.dict.yaml	𥠜	yang	0	𥠜
cn_dicts/41448.dict.yaml	𥥵	yang	0	𥥵
cn_dicts/41448.dict.yaml	𥬴	yang	0	𥬴
cn_dicts/41448.dict.yaml	𥳜	yang	0	𥳜
cn_dicts/41448.dict.yaml	𦍕	yang	0	𦍕
cn_dicts/41448.dict.yaml	𦍲	yang	0	𦍲
cn_dicts/41448.dict.yaml	𦍹	yang	0	𦍹
cn_dicts/41448.dict.yaml	𦏱	yang	0	𦏱
cn_dicts/41448.dict.yaml	𦭵	yang	0	𦭵
cn_dicts/41448.dict.yaml	𦯒	yang	0	𦯒
cn_dicts/41448.dict.yaml	𦴊	yang	0	𦴊
cn_dicts/41448.dict.yaml	𦼴	yang	0	𦼴
cn_dicts/41448.dict.yaml	𧓲	yang	0	𧓲
cn_dicts/41448.dict.yaml	𧥴	yang	0	𧥴
cn_dicts/41448.dict.yaml	𧫛	yang	0	𧫛
cn_dicts/41448.dict.yaml	𧲱	yang	0	𧲱
cn_dicts/41448.dict.yaml	𧵌	yang	0	𧵌
cn_dicts/41448.dict.yaml	𨋕	yang	0	𨋕
cn_dicts/41448.dict.yaml	𨋽	yang	0	𨋽
cn_dicts/41448.dict.yaml	𨎔	yang	0	𨎔
cn_dicts/41448.dict.yaml	𨒫	yang	0	𨒫
cn_dicts/41448.dict.yaml	𨖌	yang	0	𨖌
cn_dicts/41448.dict.yaml	𨦡	yang	0	𨦡
cn_dicts/41448.dict.yaml	𨱝	yang	0	𨱝
cn_dicts/41448.dict.yaml	𨹈	yang	0	𨹈
cn_dicts/41448.dict.yaml	𨽐	yang	0	𨽐
cn_dicts/41448.dict.yaml	𩊑	yang	0	𩊑
cn_dicts/41448.dict.yaml	𩋬	yang	0	𩋬
cn_dicts/41448.dict.yaml	𩤟	yang	0	𩤟
cn_dicts/41448.dict.yaml	𩲴	yang	0	𩲴
cn_dicts/41448.dict.yaml	𩴨	yang	0	𩴨
cn_dicts/41448.dict.yaml	𪓛	yang	0	𪓛
cn_dicts/41448.dict.yaml	𪕫	yang	0	𪕫
cn_dicts/41448.dict.yaml	𪚻	yang	0	𪚻
cn_dicts/41448.dict.yaml	㑸	yao	0	㑸
cn_dicts/41448.dict.yaml	㑾	yao	0	㑾
cn_dicts/41448.dict.yaml	㓞	yao	0	㓞
cn_dicts/41448.dict.yaml	㔽	yao	0	㔽
cn_dicts/41448.dict.yaml	㝔	yao	0	㝔
cn_dicts/41448.dict.yaml	㞁	yao	0	㞁
cn_dicts/41448.dict.yaml	㟱	yao	0	㟱
cn_dicts/41448.dict.yaml	㢓	yao	0	㢓
cn_dicts/41448.dict.yaml	㤊	yao	0	㤊
cn_dicts/41448.dict.yaml	㨱	yao	0	㨱
cn_dicts/41448.dict.yaml	㫏	yao	0	㫏
cn_dicts/41448.dict.yaml	㫐	yao	0	㫐
cn_dicts/41448.dict.yaml	㬭	yao	0	㬭
cn_dicts/41448.dict.yaml	㮁	yao	0	㮁
cn_dicts/41448.dict.yaml	㴭	yao	0	㴭
cn_dicts/41448.dict.yaml	㵸	yao	0	㵸
cn_dicts/41448.dict.yaml	㺒	yao	0	㺒
cn_dicts/41448.dict.yaml	㿑	yao	0	㿑
cn_dicts/41448.dict.yaml	㿢	yao	0	㿢
cn_dicts/41448.dict.yaml	䁏	yao	0	䁏
cn_dicts/41448.dict.yaml	䁘	yao	0	䁘
cn_dicts/41448.dict.yaml	䂚	yao	0	䂚
cn_dicts/41448.dict.yaml	䄏	yao	0	䄏
cn_dicts/41448.dict.yaml	䆙	yao	0	䆙
cn_dicts/41448.dict.yaml	䆞	yao	0	䆞
cn_dicts/41448.dict.yaml	䉰	yao	0	䉰
cn_dicts/41448.dict.yaml	䋂	yao	0	䋂
cn_dicts/41448.dict.yaml	䋤	yao	0	䋤
cn_dicts/41448.dict.yaml	䌊	yao	0	䌊
cn_dicts/41448.dict.yaml	䌛	yao	0	䌛
cn_dicts/41448.dict.yaml	䍃	yao	0	䍃
cn_dicts/41448.dict.yaml	䑬	yao	0	䑬
cn_dicts/41448.dict.yaml	䒒	yao	0	䒒
cn_dicts/41448.dict.yaml	䔄	yao	0	䔄
cn_dicts/41448.dict.yaml	䖴	yao	0	䖴
cn_dicts/41448.dict.yaml	䙅	yao	0	䙅
cn_dicts/41448.dict.yaml	䚆	yao	0	䚆
cn_dicts/41448.dict.yaml	䚺	yao	0	䚺
cn_dicts/41448.dict.yaml	䚻	yao	0	䚻
cn_dicts/41448.dict.yaml	䠛	yao	0	䠛
cn_dicts/41448.dict.yaml	䢣	yao	0	䢣
cn_dicts/41448.dict.yaml	䬙	yao	0	䬙
cn_dicts/41448.dict.yaml	䭥	yao	0	䭥
cn_dicts/41448.dict.yaml	䯚	yao	0	䯚
cn_dicts/41448.dict.yaml	䳬	yao	0	䳬
cn_dicts/41448.dict.yaml	䴠	yao	0	䴠
cn_dicts/41448.dict.yaml	䶧	yao	0	䶧
cn_dicts/41448.dict.yaml	𠌠	yao	0	𠌠
cn_dicts/41448.dict.yaml	𠍩	yao	0	𠍩
cn_dicts/41448.dict.yaml	𠏈	yao	0	𠏈
cn_dicts/41448.dict.yaml	𠑐	yao	0	𠑐
cn_dicts/41448.dict.yaml	𠕻	yao	0	𠕻
cn_dicts/41448.dict.yaml	𠟋	yao	0	𠟋
cn_dicts/41448.dict.yaml	𠢩	yao	0	𠢩
cn_dicts/41448.dict.yaml	𠣑	yao	0	𠣑
cn_dicts/41448.dict.yaml	𠹑	yao	0	𠹑
cn_dicts/41448.dict.yaml	𡆩	yao	0	𡆩
cn_dicts/41448.dict.yaml	𡔜	yao	0	𡔜
cn_dicts/41448.dict.yaml	𡛙	yao	0	𡛙
cn_dicts/41448.dict.yaml	𡝛	yao	0	𡝛
cn_dicts/41448.dict.yaml	𡝩	yao	0	𡝩
cn_dicts/41448.dict.yaml	𡢹	yao	0	𡢹
cn_dicts/41448.dict.yaml	𡣠	yao	0	𡣠
cn_dicts/41448.dict.yaml	𡨇	yao	0	𡨇
cn_dicts/41448.dict.yaml	𡩸	yao	0	𡩸
cn_dicts/41448.dict.yaml	𡶂	yao	0	𡶂
cn_dicts/41448.dict.yaml	𡺯	yao	0	𡺯
cn_dicts/41448.dict.yaml	𢂊	yao	0	𢂊
cn_dicts/41448.dict.yaml	𢅹	yao	0	𢅹
cn_dicts/41448.dict.yaml	𢆷	yao	0	𢆷
cn_dicts/41448.dict.yaml	𢆽	yao	0	𢆽
cn_dicts/41448.dict.yaml	𢈆	yao	0	𢈆
cn_dicts/41448.dict.yaml	𢊙	yao	0	𢊙
cn_dicts/41448.dict.yaml	𢋇	yao	0	𢋇
cn_dicts/41448.dict.yaml	𢑈	yao	0	𢑈
cn_dicts/41448.dict.yaml	𢝍	yao	0	𢝍
cn_dicts/41448.dict.yaml	𢺇	yao	0	𢺇
cn_dicts/41448.dict.yaml	𣣳	yao	0	𣣳
cn_dicts/41448.dict.yaml	𣨘	yao	0	𣨘
cn_dicts/41448.dict.yaml	𤂼	yao	0	𤂼
cn_dicts/41448.dict.yaml	𤄶	yao	0	𤄶
cn_dicts/41448.dict.yaml	𤒝	yao	0	𤒝
cn_dicts/41448.dict.yaml	𤚭	yao	0	𤚭
cn_dicts/41448.dict.yaml	𤫺	yao	0	𤫺
cn_dicts/41448.dict.yaml	𤬔	yao	0	𤬔
cn_dicts/41448.dict.yaml	𤬖	yao	0	𤬖
cn_dicts/41448.dict.yaml	𤺃	yao	0	𤺃
cn_dicts/41448.dict.yaml	𤾫	yao	0	𤾫
cn_dicts/41448.dict.yaml	𥁒	yao	0	𥁒
cn_dicts/41448.dict.yaml	𥃧	yao	0	𥃧
cn_dicts/41448.dict.yaml	𥃺	yao	0	𥃺
cn_dicts/41448.dict.yaml	𥌺	yao	0	𥌺
cn_dicts/41448.dict.yaml	𥤣	yao	0	𥤣
cn_dicts/41448.dict.yaml	𥤹	yao	0	𥤹
cn_dicts/41448.dict.yaml	𥦖	yao	0	𥦖
cn_dicts/41448.dict.yaml	𥪯	yao	0	𥪯
cn_dicts/41448.dict.yaml	𥬓	yao	0	𥬓
cn_dicts/41448.dict.yaml	𥹱	yao	0	𥹱
cn_dicts/41448.dict.yaml	𦆸	yao	0	𦆸
cn_dicts/41448.dict.yaml	𦇬	yao	0	𦇬
cn_dicts/41448.dict.yaml	𦔷	yao	0	𦔷
cn_dicts/41448.dict.yaml	𦡱	yao	0	𦡱
cn_dicts/41448.dict.yaml	𦤋	yao	0	𦤋
cn_dicts/41448.dict.yaml	𦥝	yao	0	𦥝
cn_dicts/41448.dict.yaml	𦦌	yao	0	𦦌
cn_dicts/41448.dict.yaml	𦾺	yao	0	𦾺
cn_dicts/41448.dict.yaml	𦾾	yao	0	𦾾
cn_dicts/41448.dict.yaml	𧄎	yao	0	𧄎
cn_dicts/41448.dict.yaml	𧇠	yao	0	𧇠
cn_dicts/41448.dict.yaml	𧍔	yao	0	𧍔
cn_dicts/41448.dict.yaml	𧠽	yao	0	𧠽
cn_dicts/41448.dict.yaml	𧢢	yao	0	𧢢
cn_dicts/41448.dict.yaml	𧤮	yao	0	𧤮
cn_dicts/41448.dict.yaml	𧷋	yao	0	𧷋
cn_dicts/41448.dict.yaml	𧽎	yao	0	𧽎
cn_dicts/41448.dict.yaml	𨍳	yao	0	𨍳
cn_dicts/41448.dict.yaml	𨓳	yao	0	𨓳
cn_dicts/41448.dict.yaml	𨘔	yao	0	𨘔
cn_dicts/41448.dict.yaml	𨱧	yao	0	𨱧
cn_dicts/41448.dict.yaml	𨹋	yao	0	𨹋
cn_dicts/41448.dict.yaml	𩋃	yao	0	𩋃
cn_dicts/41448.dict.yaml	𩑗	yao	0	𩑗
cn_dicts/41448.dict.yaml	𩑴	yao	0	𩑴
cn_dicts/41448.dict.yaml	𩜸	yao	0	𩜸
cn_dicts/41448.dict.yaml	𩢒	yao	0	𩢒
cn_dicts/41448.dict.yaml	𩥣	yao	0	𩥣
cn_dicts/41448.dict.yaml	𩨴	yao	0	𩨴
cn_dicts/41448.dict.yaml	𩩼	yao	0	𩩼
cn_dicts/41448.dict.yaml	𩬗	yao	0	𩬗
cn_dicts/41448.dict.yaml	𩯛	yao	0	𩯛
cn_dicts/41448.dict.yaml	𩲻	yao	0	𩲻
cn_dicts/41448.dict.yaml	𩳔	yao	0	𩳔
cn_dicts/41448.dict.yaml	𩿕	yao	0	𩿕
cn_dicts/41448.dict.yaml	𪐯	yao	0	𪐯
cn_dicts/41448.dict.yaml	𪖐	yao	0	𪖐
cn_dicts/41448.dict.yaml	㐖	ye	0	㐖
cn_dicts/41448.dict.yaml	㓈	ye	0	㓈
cn_dicts/41448.dict.yaml	㖡	ye	0	㖡
cn_dicts/41448.dict.yaml	㖶	ye	0	㖶
cn_dicts/41448.dict.yaml	㗼	ye	0	㗼
cn_dicts/41448.dict.yaml	㙒	ye	0	㙒
cn_dicts/41448.dict.yaml	㙪	ye	0	㙪
cn_dicts/41448.dict.yaml	㜇	ye	0	㜇
cn_dicts/41448.dict.yaml	㝣	ye	0	㝣
cn_dicts/41448.dict.yaml	㡋	ye	0	㡋
cn_dicts/41448.dict.yaml	㥷	ye	0	㥷
cn_dicts/41448.dict.yaml	㩎	ye	0	㩎
cn_dicts/41448.dict.yaml	㩪	ye	0	㩪
cn_dicts/41448.dict.yaml	㪑	ye	0	㪑
cn_dicts/41448.dict.yaml	㭨	ye	0	㭨
cn_dicts/41448.dict.yaml	㱉	ye	0	㱉
cn_dicts/41448.dict.yaml	㱌	ye	0	㱌
cn_dicts/41448.dict.yaml	㴸	ye	0	㴸
cn_dicts/41448.dict.yaml	㷸	ye	0	㷸
cn_dicts/41448.dict.yaml	㸣	ye	0	㸣
cn_dicts/41448.dict.yaml	㽢	ye	0	㽢
cn_dicts/41448.dict.yaml	䅬	ye	0	䅬
cn_dicts/41448.dict.yaml	䈎	ye	0	䈎
cn_dicts/41448.dict.yaml	䊦	ye	0	䊦
cn_dicts/41448.dict.yaml	䎨	ye	0	䎨
cn_dicts/41448.dict.yaml	䓉	ye	0	䓉
cn_dicts/41448.dict.yaml	䔑	ye	0	䔑
cn_dicts/41448.dict.yaml	䝟	ye	0	䝟
cn_dicts/41448.dict.yaml	䤳	ye	0	䤳
cn_dicts/41448.dict.yaml	䤶	ye	0	䤶
cn_dicts/41448.dict.yaml	䥟	ye	0	䥟
cn_dicts/41448.dict.yaml	䥡	ye	0	䥡
cn_dicts/41448.dict.yaml	䥺	ye	0	䥺
cn_dicts/41448.dict.yaml	䧨	ye	0	䧨
cn_dicts/41448.dict.yaml	䭎	ye	0	䭎
cn_dicts/41448.dict.yaml	䭟	ye	0	䭟
cn_dicts/41448.dict.yaml	䲜	ye	0	䲜
cn_dicts/41448.dict.yaml	䳖	ye	0	䳖
cn_dicts/41448.dict.yaml	䴾	ye	0	䴾
cn_dicts/41448.dict.yaml	𠀸	ye	0	𠀸
cn_dicts/41448.dict.yaml	𠄅	ye	0	𠄅
cn_dicts/41448.dict.yaml	𠟪	ye	0	𠟪
cn_dicts/41448.dict.yaml	𠥇	ye	0	𠥇
cn_dicts/41448.dict.yaml	𠱝	ye	0	𠱝
cn_dicts/41448.dict.yaml	𡀽	ye	0	𡀽
cn_dicts/41448.dict.yaml	𡁁	ye	0	𡁁
cn_dicts/41448.dict.yaml	𡑀	ye	0	𡑀
cn_dicts/41448.dict.yaml	𡛌	ye	0	𡛌
cn_dicts/41448.dict.yaml	𡛽	ye	0	𡛽
cn_dicts/41448.dict.yaml	𡽣	ye	0	𡽣
cn_dicts/41448.dict.yaml	𢀘	ye	0	𢀘
cn_dicts/41448.dict.yaml	𢉥	ye	0	𢉥
cn_dicts/41448.dict.yaml	𢢜	ye	0	𢢜
cn_dicts/41448.dict.yaml	𢪧	ye	0	𢪧
cn_dicts/41448.dict.yaml	𢱴	ye	0	𢱴
cn_dicts/41448.dict.yaml	𣃳	ye	0	𣃳
cn_dicts/41448.dict.yaml	𣎩	ye	0	𣎩
cn_dicts/41448.dict.yaml	𣐂	ye	0	𣐂
cn_dicts/41448.dict.yaml	𣚋	ye	0	𣚋
cn_dicts/41448.dict.yaml	𣚕	ye	0	𣚕
cn_dicts/41448.dict.yaml	𣩫	ye	0	𣩫
cn_dicts/41448.dict.yaml	𣩯	ye	0	𣩯
cn_dicts/41448.dict.yaml	𣰛	ye	0	𣰛
cn_dicts/41448.dict.yaml	𤑷	ye	0	𤑷
cn_dicts/41448.dict.yaml	𤝇	ye	0	𤝇
cn_dicts/41448.dict.yaml	𤝉	ye	0	𤝉
cn_dicts/41448.dict.yaml	𤝱	ye	0	𤝱
cn_dicts/41448.dict.yaml	𤳪	ye	0	𤳪
cn_dicts/41448.dict.yaml	𥀬	ye	0	𥀬
cn_dicts/41448.dict.yaml	𥌅	ye	0	𥌅
cn_dicts/41448.dict.yaml	𥠍	ye	0	𥠍
cn_dicts/41448.dict.yaml	𥮧	ye	0	𥮧
cn_dicts/41448.dict.yaml	𥯘	ye	0	𥯘
cn_dicts/41448.dict.yaml	𦀕	ye	0	𦀕
cn_dicts/41448.dict.yaml	𦂡	ye	0	𦂡
cn_dicts/41448.dict.yaml	𦕆	ye	0	𦕆
cn_dicts/41448.dict.yaml	𦠜	ye	0	𦠜
cn_dicts/41448.dict.yaml	𦤪	ye	0	𦤪
cn_dicts/41448.dict.yaml	𦰳	ye	0	𦰳
cn_dicts/41448.dict.yaml	𧌄	ye	0	𧌄
cn_dicts/41448.dict.yaml	𧎭	ye	0	𧎭
cn_dicts/41448.dict.yaml	𧏽	ye	0	𧏽
cn_dicts/41448.dict.yaml	𧐓	ye	0	𧐓
cn_dicts/41448.dict.yaml	𧒐	ye	0	𧒐
cn_dicts/41448.dict.yaml	𧔦	ye	0	𧔦
cn_dicts/41448.dict.yaml	𧗖	ye	0	𧗖
cn_dicts/41448.dict.yaml	𨂒	ye	0	𨂒
cn_dicts/41448.dict.yaml	𨈺	ye	0	𨈺
cn_dicts/41448.dict.yaml	𨉅	ye	0	𨉅
cn_dicts/41448.dict.yaml	𨶮	ye	0	𨶮
cn_dicts/41448.dict.yaml	𨼥	ye	0	𨼥
cn_dicts/41448.dict.yaml	𨽀	ye	0	𨽀
cn_dicts/41448.dict.yaml	𩉂	ye	0	𩉂
cn_dicts/41448.dict.yaml	𩐱	ye	0	𩐱
cn_dicts/41448.dict.yaml	𩑃	ye	0	𩑃
cn_dicts/41448.dict.yaml	𩘏	ye	0	𩘏
cn_dicts/41448.dict.yaml	𩜺	ye	0	𩜺
cn_dicts/41448.dict.yaml	𩱝	ye	0	𩱝
cn_dicts/41448.dict.yaml	𩸾	ye	0	𩸾
cn_dicts/41448.dict.yaml	𩼋	ye	0	𩼋
cn_dicts/41448.dict.yaml	𩼴	ye	0	𩼴
cn_dicts/41448.dict.yaml	𪋫	ye	0	𪋫
cn_dicts/41448.dict.yaml	𪍅	ye	0	𪍅
cn_dicts/41448.dict.yaml	𪑦	ye	0	𪑦
cn_dicts/41448.dict.yaml	𪒲	ye	0	𪒲
cn_dicts/41448.dict.yaml	㐆	yi	0	㐆
cn_dicts/41448.dict.yaml	㐌	yi	0	㐌
cn_dicts/41448.dict.yaml	㐹	yi	0	㐹
cn_dicts/41448.dict.yaml	㑜	yi	0	㑜
cn_dicts/41448.dict.yaml	㑥	yi	0	㑥
cn_dicts/41448.dict.yaml	㓷	yi	0	㓷
cn_dicts/41448.dict.yaml	㔎	yi	0	㔎
cn_dicts/41448.dict.yaml	㔕	yi	0	㔕
cn_dicts/41448.dict.yaml	㔭	yi	0	㔭
cn_dicts/41448.dict.yaml	㔴	yi	0	㔴
cn_dicts/41448.dict.yaml	㕈	yi	0	㕈
cn_dicts/41448.dict.yaml	㕥	yi	0	㕥
cn_dicts/41448.dict.yaml	㖂	yi	0	㖂
cn_dicts/41448.dict.yaml	㘁	yi	0	㘁
cn_dicts/41448.dict.yaml	㘈	yi	0	㘈
cn_dicts/41448.dict.yaml	㘊	yi	0	㘊
cn_dicts/41448.dict.yaml	㙠	yi	0	㙠
cn_dicts/41448.dict.yaml	㙪	yi	0	㙪
cn_dicts/41448.dict.yaml	㙯	yi	0	㙯
cn_dicts/41448.dict.yaml	㚤	yi	0	㚤
cn_dicts/41448.dict.yaml	㚦	yi	0	㚦
cn_dicts/41448.dict.yaml	㛄	yi	0	㛄
cn_dicts/41448.dict.yaml	㛕	yi	0	㛕
cn_dicts/41448.dict.yaml	㛳	yi	0	㛳
cn_dicts/41448.dict.yaml	㜋	yi	0	㜋
cn_dicts/41448.dict.yaml	㜒	yi	0	㜒
cn_dicts/41448.dict.yaml	㝖	yi	0	㝖
cn_dicts/41448.dict.yaml	㝣	yi	0	㝣
cn_dicts/41448.dict.yaml	㞔	yi	0	㞔
cn_dicts/41448.dict.yaml	㞾	yi	0	㞾
cn_dicts/41448.dict.yaml	㠖	yi	0	㠖
cn_dicts/41448.dict.yaml	㠯	yi	0	㠯
cn_dicts/41448.dict.yaml	㡫	yi	0	㡫
cn_dicts/41448.dict.yaml	㡼	yi	0	㡼
cn_dicts/41448.dict.yaml	㢞	yi	0	㢞
cn_dicts/41448.dict.yaml	㣂	yi	0	㣂
cn_dicts/41448.dict.yaml	㣇	yi	0	㣇
cn_dicts/41448.dict.yaml	㣻	yi	0	㣻
cn_dicts/41448.dict.yaml	㥋	yi	0	㥋
cn_dicts/41448.dict.yaml	㥴	yi	0	㥴
cn_dicts/41448.dict.yaml	㥷	yi	0	㥷
cn_dicts/41448.dict.yaml	㦉	yi	0	㦉
cn_dicts/41448.dict.yaml	㦤	yi	0	㦤
cn_dicts/41448.dict.yaml	㦾	yi	0	㦾
cn_dicts/41448.dict.yaml	㩘	yi	0	㩘
cn_dicts/41448.dict.yaml	㫊	yi	0	㫊
cn_dicts/41448.dict.yaml	㰘	yi	0	㰘
cn_dicts/41448.dict.yaml	㰝	yi	0	㰝
cn_dicts/41448.dict.yaml	㰻	yi	0	㰻
cn_dicts/41448.dict.yaml	㱅	yi	0	㱅
cn_dicts/41448.dict.yaml	㱲	yi	0	㱲
cn_dicts/41448.dict.yaml	㲲	yi	0	㲲
cn_dicts/41448.dict.yaml	㲼	yi	0	㲼
cn_dicts/41448.dict.yaml	㳑	yi	0	㳑
cn_dicts/41448.dict.yaml	㳖	yi	0	㳖
cn_dicts/41448.dict.yaml	㴁	yi	0	㴁
cn_dicts/41448.dict.yaml	㴒	yi	0	㴒
cn_dicts/41448.dict.yaml	㴔	yi	0	㴔
cn_dicts/41448.dict.yaml	㵝	yi	0	㵝
cn_dicts/41448.dict.yaml	㵩	yi	0	㵩
cn_dicts/41448.dict.yaml	㵫	yi	0	㵫
cn_dicts/41448.dict.yaml	㶠	yi	0	㶠
cn_dicts/41448.dict.yaml	㸣	yi	0	㸣
cn_dicts/41448.dict.yaml	㹑	yi	0	㹑
cn_dicts/41448.dict.yaml	㹓	yi	0	㹓
cn_dicts/41448.dict.yaml	㹫	yi	0	㹫
cn_dicts/41448.dict.yaml	㹭	yi	0	㹭
cn_dicts/41448.dict.yaml	㺿	yi	0	㺿
cn_dicts/41448.dict.yaml	㼢	yi	0	㼢
cn_dicts/41448.dict.yaml	㽈	yi	0	㽈
cn_dicts/41448.dict.yaml	㾨	yi	0	㾨
cn_dicts/41448.dict.yaml	䁆	yi	0	䁆
cn_dicts/41448.dict.yaml	䂽	yi	0	䂽
cn_dicts/41448.dict.yaml	䃞	yi	0	䃞
cn_dicts/41448.dict.yaml	䄁	yi	0	䄁
cn_dicts/41448.dict.yaml	䄩	yi	0	䄩
cn_dicts/41448.dict.yaml	䄬	yi	0	䄬
cn_dicts/41448.dict.yaml	䄿	yi	0	䄿
cn_dicts/41448.dict.yaml	䆿	yi	0	䆿
cn_dicts/41448.dict.yaml	䇣	yi	0	䇣
cn_dicts/41448.dict.yaml	䇩	yi	0	䇩
cn_dicts/41448.dict.yaml	䇵	yi	0	䇵
cn_dicts/41448.dict.yaml	䇼	yi	0	䇼
cn_dicts/41448.dict.yaml	䉨	yi	0	䉨
cn_dicts/41448.dict.yaml	䋚	yi	0	䋚
cn_dicts/41448.dict.yaml	䋵	yi	0	䋵
cn_dicts/41448.dict.yaml	䌻	yi	0	䌻
cn_dicts/41448.dict.yaml	䎈	yi	0	䎈
cn_dicts/41448.dict.yaml	䏌	yi	0	䏌
cn_dicts/41448.dict.yaml	䐅	yi	0	䐅
cn_dicts/41448.dict.yaml	䐖	yi	0	䐖
cn_dicts/41448.dict.yaml	䐙	yi	0	䐙
cn_dicts/41448.dict.yaml	䑄	yi	0	䑄
cn_dicts/41448.dict.yaml	䑛	yi	0	䑛
cn_dicts/41448.dict.yaml	䓃	yi	0	䓃
cn_dicts/41448.dict.yaml	䓈	yi	0	䓈
cn_dicts/41448.dict.yaml	䓹	yi	0	䓹
cn_dicts/41448.dict.yaml	䔇	yi	0	䔇
cn_dicts/41448.dict.yaml	䔟	yi	0	䔟
cn_dicts/41448.dict.yaml	䔬	yi	0	䔬
cn_dicts/41448.dict.yaml	䕍	yi	0	䕍
cn_dicts/41448.dict.yaml	䕥	yi	0	䕥
cn_dicts/41448.dict.yaml	䖁	yi	0	䖁
cn_dicts/41448.dict.yaml	䖊	yi	0	䖊
cn_dicts/41448.dict.yaml	䖌	yi	0	䖌
cn_dicts/41448.dict.yaml	䗑	yi	0	䗑
cn_dicts/41448.dict.yaml	䗟	yi	0	䗟
cn_dicts/41448.dict.yaml	䗷	yi	0	䗷
cn_dicts/41448.dict.yaml	䘝	yi	0	䘝
cn_dicts/41448.dict.yaml	䘸	yi	0	䘸
cn_dicts/41448.dict.yaml	䚷	yi	0	䚷
cn_dicts/41448.dict.yaml	䛖	yi	0	䛖
cn_dicts/41448.dict.yaml	䝘	yi	0	䝘
cn_dicts/41448.dict.yaml	䝝	yi	0	䝝
cn_dicts/41448.dict.yaml	䝯	yi	0	䝯
cn_dicts/41448.dict.yaml	䞅	yi	0	䞅
cn_dicts/41448.dict.yaml	䢃	yi	0	䢃
cn_dicts/41448.dict.yaml	䣡	yi	0	䣡
cn_dicts/41448.dict.yaml	䣧	yi	0	䣧
cn_dicts/41448.dict.yaml	䣱	yi	0	䣱
cn_dicts/41448.dict.yaml	䤭	yi	0	䤭
cn_dicts/41448.dict.yaml	䦴	yi	0	䦴
cn_dicts/41448.dict.yaml	䧅	yi	0	䧅
cn_dicts/41448.dict.yaml	䧇	yi	0	䧇
cn_dicts/41448.dict.yaml	䧧	yi	0	䧧
cn_dicts/41448.dict.yaml	䩟	yi	0	䩟
cn_dicts/41448.dict.yaml	䬁	yi	0	䬁
cn_dicts/41448.dict.yaml	䬥	yi	0	䬥
cn_dicts/41448.dict.yaml	䬮	yi	0	䬮
cn_dicts/41448.dict.yaml	䭂	yi	0	䭂
cn_dicts/41448.dict.yaml	䭇	yi	0	䭇
cn_dicts/41448.dict.yaml	䭞	yi	0	䭞
cn_dicts/41448.dict.yaml	䭲	yi	0	䭲
cn_dicts/41448.dict.yaml	䭿	yi	0	䭿
cn_dicts/41448.dict.yaml	䮊	yi	0	䮊
cn_dicts/41448.dict.yaml	䯆	yi	0	䯆
cn_dicts/41448.dict.yaml	䰙	yi	0	䰙
cn_dicts/41448.dict.yaml	䰯	yi	0	䰯
cn_dicts/41448.dict.yaml	䱈	yi	0	䱈
cn_dicts/41448.dict.yaml	䱌	yi	0	䱌
cn_dicts/41448.dict.yaml	䱒	yi	0	䱒
cn_dicts/41448.dict.yaml	䲑	yi	0	䲑
cn_dicts/41448.dict.yaml	䳬	yi	0	䳬
cn_dicts/41448.dict.yaml	䴊	yi	0	䴊
cn_dicts/41448.dict.yaml	䴬	yi	0	䴬
cn_dicts/41448.dict.yaml	䵝	yi	0	䵝
cn_dicts/41448.dict.yaml	𠂆	yi	0	𠂆
cn_dicts/41448.dict.yaml	𠄱	yi	0	𠄱
cn_dicts/41448.dict.yaml	𠅌	yi	0	𠅌
cn_dicts/41448.dict.yaml	𠈶	yi	0	𠈶
cn_dicts/41448.dict.yaml	𠍫	yi	0	𠍫
cn_dicts/41448.dict.yaml	𠍳	yi	0	𠍳
cn_dicts/41448.dict.yaml	𠏩	yi	0	𠏩
cn_dicts/41448.dict.yaml	𠐀	yi	0	𠐀
cn_dicts/41448.dict.yaml	𠓋	yi	0	𠓋
cn_dicts/41448.dict.yaml	𠗺	yi	0	𠗺
cn_dicts/41448.dict.yaml	𠚮	yi	0	𠚮
cn_dicts/41448.dict.yaml	𠛃	yi	0	𠛃
cn_dicts/41448.dict.yaml	𠜁	yi	0	𠜁
cn_dicts/41448.dict.yaml	𠡔	yi	0	𠡔
cn_dicts/41448.dict.yaml	𠡝	yi	0	𠡝
cn_dicts/41448.dict.yaml	𠤕	yi	0	𠤕
cn_dicts/41448.dict.yaml	𠤗	yi	0	𠤗
cn_dicts/41448.dict.yaml	𠤘	yi	0	𠤘
cn_dicts/41448.dict.yaml	𠥦	yi	0	𠥦
cn_dicts/41448.dict.yaml	𠨾	yi	0	𠨾
cn_dicts/41448.dict.yaml	𠩗	yi	0	𠩗
cn_dicts/41448.dict.yaml	𠩫	yi	0	𠩫
cn_dicts/41448.dict.yaml	𠪗	yi	0	𠪗
cn_dicts/41448.dict.yaml	𠮙	yi	0	𠮙
cn_dicts/41448.dict.yaml	𠯋	yi	0	𠯋
cn_dicts/41448.dict.yaml	𠰄	yi	0	𠰄
cn_dicts/41448.dict.yaml	𠲔	yi	0	𠲔
cn_dicts/41448.dict.yaml	𠲖	yi	0	𠲖
cn_dicts/41448.dict.yaml	𠲚	yi	0	𠲚
cn_dicts/41448.dict.yaml	𠲺	yi	0	𠲺
cn_dicts/41448.dict.yaml	𠲻	yi	0	𠲻
cn_dicts/41448.dict.yaml	𠶷	yi	0	𠶷
cn_dicts/41448.dict.yaml	𠼪	yi	0	𠼪
cn_dicts/41448.dict.yaml	𠽜	yi	0	𠽜
cn_dicts/41448.dict.yaml	𠿣	yi	0	𠿣
cn_dicts/41448.dict.yaml	𡄵	yi	0	𡄵
cn_dicts/41448.dict.yaml	𡄻	yi	0	𡄻
cn_dicts/41448.dict.yaml	𡉛	yi	0	𡉛
cn_dicts/41448.dict.yaml	𡊁	yi	0	𡊁
cn_dicts/41448.dict.yaml	𡊶	yi	0	𡊶
cn_dicts/41448.dict.yaml	𡍡	yi	0	𡍡
cn_dicts/41448.dict.yaml	𡙘	yi	0	𡙘
cn_dicts/41448.dict.yaml	𡜬	yi	0	𡜬
cn_dicts/41448.dict.yaml	𡥁	yi	0	𡥁
cn_dicts/41448.dict.yaml	𡬓	yi	0	𡬓
cn_dicts/41448.dict.yaml	𡰥	yi	0	𡰥
cn_dicts/41448.dict.yaml	𡱐	yi	0	𡱐
cn_dicts/41448.dict.yaml	𡷪	yi	0	𡷪
cn_dicts/41448.dict.yaml	𡻣	yi	0	𡻣
cn_dicts/41448.dict.yaml	𡼎	yi	0	𡼎
cn_dicts/41448.dict.yaml	𡾾	yi	0	𡾾
cn_dicts/41448.dict.yaml	𢀁	yi	0	𢀁
cn_dicts/41448.dict.yaml	𢂒	yi	0	𢂒
cn_dicts/41448.dict.yaml	𢂗	yi	0	𢂗
cn_dicts/41448.dict.yaml	𢂼	yi	0	𢂼
cn_dicts/41448.dict.yaml	𢄅	yi	0	𢄅
cn_dicts/41448.dict.yaml	𢇙	yi	0	𢇙
cn_dicts/41448.dict.yaml	𢇚	yi	0	𢇚
cn_dicts/41448.dict.yaml	𢇸	yi	0	𢇸
cn_dicts/41448.dict.yaml	𢈶	yi	0	𢈶
cn_dicts/41448.dict.yaml	𢊘	yi	0	𢊘
cn_dicts/41448.dict.yaml	𢍰	yi	0	𢍰
cn_dicts/41448.dict.yaml	𢎀	yi	0	𢎀
cn_dicts/41448.dict.yaml	𢎃	yi	0	𢎃
cn_dicts/41448.dict.yaml	𢎉	yi	0	𢎉
cn_dicts/41448.dict.yaml	𢏗	yi	0	𢏗
cn_dicts/41448.dict.yaml	𢓀	yi	0	𢓀
cn_dicts/41448.dict.yaml	𢓡	yi	0	𢓡
cn_dicts/41448.dict.yaml	𢕷	yi	0	𢕷
cn_dicts/41448.dict.yaml	𢖅	yi	0	𢖅
cn_dicts/41448.dict.yaml	𢖫	yi	0	𢖫
cn_dicts/41448.dict.yaml	𢖴	yi	0	𢖴
cn_dicts/41448.dict.yaml	𢖺	yi	0	𢖺
cn_dicts/41448.dict.yaml	𢗎	yi	0	𢗎
cn_dicts/41448.dict.yaml	𢘽	yi	0	𢘽
cn_dicts/41448.dict.yaml	𢙇	yi	0	𢙇
cn_dicts/41448.dict.yaml	𢞉	yi	0	𢞉
cn_dicts/41448.dict.yaml	𢡃	yi	0	𢡃
cn_dicts/41448.dict.yaml	𢣉	yi	0	𢣉
cn_dicts/41448.dict.yaml	𢦕	yi	0	𢦕
cn_dicts/41448.dict.yaml	𢨮	yi	0	𢨮
cn_dicts/41448.dict.yaml	𢨳	yi	0	𢨳
cn_dicts/41448.dict.yaml	𢩮	yi	0	𢩮
cn_dicts/41448.dict.yaml	𢩼	yi	0	𢩼
cn_dicts/41448.dict.yaml	𢱁	yi	0	𢱁
cn_dicts/41448.dict.yaml	𢷔	yi	0	𢷔
cn_dicts/41448.dict.yaml	𣎅	yi	0	𣎅
cn_dicts/41448.dict.yaml	𣐓	yi	0	𣐓
cn_dicts/41448.dict.yaml	𣐵	yi	0	𣐵
cn_dicts/41448.dict.yaml	𣐿	yi	0	𣐿
cn_dicts/41448.dict.yaml	𣕁	yi	0	𣕁
cn_dicts/41448.dict.yaml	𣘦	yi	0	𣘦
cn_dicts/41448.dict.yaml	𣙛	yi	0	𣙛
cn_dicts/41448.dict.yaml	𣚘	yi	0	𣚘
cn_dicts/41448.dict.yaml	𣡊	yi	0	𣡊
cn_dicts/41448.dict.yaml	𣢭	yi	0	𣢭
cn_dicts/41448.dict.yaml	𣢷	yi	0	𣢷
cn_dicts/41448.dict.yaml	𣤪	yi	0	𣤪
cn_dicts/41448.dict.yaml	𣦌	yi	0	𣦌
cn_dicts/41448.dict.yaml	𣧄	yi	0	𣧄
cn_dicts/41448.dict.yaml	𣨟	yi	0	𣨟
cn_dicts/41448.dict.yaml	𣫙	yi	0	𣫙
cn_dicts/41448.dict.yaml	𣷩	yi	0	𣷩
cn_dicts/41448.dict.yaml	𣸘	yi	0	𣸘
cn_dicts/41448.dict.yaml	𣿉	yi	0	𣿉
cn_dicts/41448.dict.yaml	𤆾	yi	0	𤆾
cn_dicts/41448.dict.yaml	𤇴	yi	0	𤇴
cn_dicts/41448.dict.yaml	𤈙	yi	0	𤈙
cn_dicts/41448.dict.yaml	𤑹	yi	0	𤑹
cn_dicts/41448.dict.yaml	𤖪	yi	0	𤖪
cn_dicts/41448.dict.yaml	𤘊	yi	0	𤘊
cn_dicts/41448.dict.yaml	𤝳	yi	0	𤝳
cn_dicts/41448.dict.yaml	𤝻	yi	0	𤝻
cn_dicts/41448.dict.yaml	𤣨	yi	0	𤣨
cn_dicts/41448.dict.yaml	𤣮	yi	0	𤣮
cn_dicts/41448.dict.yaml	𤤺	yi	0	𤤺
cn_dicts/41448.dict.yaml	𤥿	yi	0	𤥿
cn_dicts/41448.dict.yaml	𤧕	yi	0	𤧕
cn_dicts/41448.dict.yaml	𤬩	yi	0	𤬩
cn_dicts/41448.dict.yaml	𤴧	yi	0	𤴧
cn_dicts/41448.dict.yaml	𤶛	yi	0	𤶛
cn_dicts/41448.dict.yaml	𤷅	yi	0	𤷅
cn_dicts/41448.dict.yaml	𤸸	yi	0	𤸸
cn_dicts/41448.dict.yaml	𤻂	yi	0	𤻂
cn_dicts/41448.dict.yaml	𤼌	yi	0	𤼌
cn_dicts/41448.dict.yaml	𥃠	yi	0	𥃠
cn_dicts/41448.dict.yaml	𥃸	yi	0	𥃸
cn_dicts/41448.dict.yaml	𥄻	yi	0	𥄻
cn_dicts/41448.dict.yaml	𥄿	yi	0	𥄿
cn_dicts/41448.dict.yaml	𥅓	yi	0	𥅓
cn_dicts/41448.dict.yaml	𥌟	yi	0	𥌟
cn_dicts/41448.dict.yaml	𥍟	yi	0	𥍟
cn_dicts/41448.dict.yaml	𥍴	yi	0	𥍴
cn_dicts/41448.dict.yaml	𥏜	yi	0	𥏜
cn_dicts/41448.dict.yaml	𥑴	yi	0	𥑴
cn_dicts/41448.dict.yaml	𥒵	yi	0	𥒵
cn_dicts/41448.dict.yaml	𥘒	yi	0	𥘒
cn_dicts/41448.dict.yaml	𥘠	yi	0	𥘠
cn_dicts/41448.dict.yaml	𥙁	yi	0	𥙁
cn_dicts/41448.dict.yaml	𥙇	yi	0	𥙇
cn_dicts/41448.dict.yaml	𥜃	yi	0	𥜃
cn_dicts/41448.dict.yaml	𥜥	yi	0	𥜥
cn_dicts/41448.dict.yaml	𥟘	yi	0	𥟘
cn_dicts/41448.dict.yaml	𥡪	yi	0	𥡪
cn_dicts/41448.dict.yaml	𥢧	yi	0	𥢧
cn_dicts/41448.dict.yaml	𥥌	yi	0	𥥌
cn_dicts/41448.dict.yaml	𥥴	yi	0	𥥴
cn_dicts/41448.dict.yaml	𥩖	yi	0	𥩖
cn_dicts/41448.dict.yaml	𥫃	yi	0	𥫃
cn_dicts/41448.dict.yaml	𥫜	yi	0	𥫜
cn_dicts/41448.dict.yaml	𥫝	yi	0	𥫝
cn_dicts/41448.dict.yaml	𥰧	yi	0	𥰧
cn_dicts/41448.dict.yaml	𥱃	yi	0	𥱃
cn_dicts/41448.dict.yaml	𥸊	yi	0	𥸊
cn_dicts/41448.dict.yaml	𥹋	yi	0	𥹋
cn_dicts/41448.dict.yaml	𥾐	yi	0	𥾐
cn_dicts/41448.dict.yaml	𥿫	yi	0	𥿫
cn_dicts/41448.dict.yaml	𥿹	yi	0	𥿹
cn_dicts/41448.dict.yaml	𦌩	yi	0	𦌩
cn_dicts/41448.dict.yaml	𦎝	yi	0	𦎝
cn_dicts/41448.dict.yaml	𦏸	yi	0	𦏸
cn_dicts/41448.dict.yaml	𦓻	yi	0	𦓻
cn_dicts/41448.dict.yaml	𦔜	yi	0	𦔜
cn_dicts/41448.dict.yaml	𦔥	yi	0	𦔥
cn_dicts/41448.dict.yaml	𦔫	yi	0	𦔫
cn_dicts/41448.dict.yaml	𦘳	yi	0	𦘳
cn_dicts/41448.dict.yaml	𦙨	yi	0	𦙨
cn_dicts/41448.dict.yaml	𦚟	yi	0	𦚟
cn_dicts/41448.dict.yaml	𦟧	yi	0	𦟧
cn_dicts/41448.dict.yaml	𦠉	yi	0	𦠉
cn_dicts/41448.dict.yaml	𦡫	yi	0	𦡫
cn_dicts/41448.dict.yaml	𦥱	yi	0	𦥱
cn_dicts/41448.dict.yaml	𦨇	yi	0	𦨇
cn_dicts/41448.dict.yaml	𦭥	yi	0	𦭥
cn_dicts/41448.dict.yaml	𦮸	yi	0	𦮸
cn_dicts/41448.dict.yaml	𦶂	yi	0	𦶂
cn_dicts/41448.dict.yaml	𧃟	yi	0	𧃟
cn_dicts/41448.dict.yaml	𧅖	yi	0	𧅖
cn_dicts/41448.dict.yaml	𧆦	yi	0	𧆦
cn_dicts/41448.dict.yaml	𧈻	yi	0	𧈻
cn_dicts/41448.dict.yaml	𧉅	yi	0	𧉅
cn_dicts/41448.dict.yaml	𧉮	yi	0	𧉮
cn_dicts/41448.dict.yaml	𧊣	yi	0	𧊣
cn_dicts/41448.dict.yaml	𧊤	yi	0	𧊤
cn_dicts/41448.dict.yaml	𧋏	yi	0	𧋏
cn_dicts/41448.dict.yaml	𧐔	yi	0	𧐔
cn_dicts/41448.dict.yaml	𧑌	yi	0	𧑌
cn_dicts/41448.dict.yaml	𧓗	yi	0	𧓗
cn_dicts/41448.dict.yaml	𧔮	yi	0	𧔮
cn_dicts/41448.dict.yaml	𧙡	yi	0	𧙡
cn_dicts/41448.dict.yaml	𧜤	yi	0	𧜤
cn_dicts/41448.dict.yaml	𧡇	yi	0	𧡇
cn_dicts/41448.dict.yaml	𧢂	yi	0	𧢂
cn_dicts/41448.dict.yaml	𧣟	yi	0	𧣟
cn_dicts/41448.dict.yaml	𧣬	yi	0	𧣬
cn_dicts/41448.dict.yaml	𧦧	yi	0	𧦧
cn_dicts/41448.dict.yaml	𧩹	yi	0	𧩹
cn_dicts/41448.dict.yaml	𧫦	yi	0	𧫦
cn_dicts/41448.dict.yaml	𧬇	yi	0	𧬇
cn_dicts/41448.dict.yaml	𧮒	yi	0	𧮒
cn_dicts/41448.dict.yaml	𧱊	yi	0	𧱊
cn_dicts/41448.dict.yaml	𧱏	yi	0	𧱏
cn_dicts/41448.dict.yaml	𧳁	yi	0	𧳁
cn_dicts/41448.dict.yaml	𧷅	yi	0	𧷅
cn_dicts/41448.dict.yaml	𧷥	yi	0	𧷥
cn_dicts/41448.dict.yaml	𧺎	yi	0	𧺎
cn_dicts/41448.dict.yaml	𧺝	yi	0	𧺝
cn_dicts/41448.dict.yaml	𧺢	yi	0	𧺢
cn_dicts/41448.dict.yaml	𧺿	yi	0	𧺿
cn_dicts/41448.dict.yaml	𧾰	yi	0	𧾰
cn_dicts/41448.dict.yaml	𨋯	yi	0	𨋯
cn_dicts/41448.dict.yaml	𨛯	yi	0	𨛯
cn_dicts/41448.dict.yaml	𨜶	yi	0	𨜶
cn_dicts/41448.dict.yaml	𨜽	yi	0	𨜽
cn_dicts/41448.dict.yaml	𨠑	yi	0	𨠑
cn_dicts/41448.dict.yaml	𨠶	yi	0	𨠶
cn_dicts/41448.dict.yaml	𨣠	yi	0	𨣠
cn_dicts/41448.dict.yaml	𨣬	yi	0	𨣬
cn_dicts/41448.dict.yaml	𨦯	yi	0	𨦯
cn_dicts/41448.dict.yaml	𨳷	yi	0	𨳷
cn_dicts/41448.dict.yaml	𨹝	yi	0	𨹝
cn_dicts/41448.dict.yaml	𨻊	yi	0	𨻊
cn_dicts/41448.dict.yaml	𨻏	yi	0	𨻏
cn_dicts/41448.dict.yaml	𨽹	yi	0	𨽹
cn_dicts/41448.dict.yaml	𨾓	yi	0	𨾓
cn_dicts/41448.dict.yaml	𩂒	yi	0	𩂒
cn_dicts/41448.dict.yaml	𩂹	yi	0	𩂹
cn_dicts/41448.dict.yaml	𩈭	yi	0	𩈭
cn_dicts/41448.dict.yaml	𩋌	yi	0	𩋌
cn_dicts/41448.dict.yaml	𩍖	yi	0	𩍖
cn_dicts/41448.dict.yaml	𩎭	yi	0	𩎭
cn_dicts/41448.dict.yaml	𩎷	yi	0	𩎷
cn_dicts/41448.dict.yaml	𩓧	yi	0	𩓧
cn_dicts/41448.dict.yaml	𩔦	yi	0	𩔦
cn_dicts/41448.dict.yaml	𩕲	yi	0	𩕲
cn_dicts/41448.dict.yaml	𩖹	yi	0	𩖹
cn_dicts/41448.dict.yaml	𩖾	yi	0	𩖾
cn_dicts/41448.dict.yaml	𩗑	yi	0	𩗑
cn_dicts/41448.dict.yaml	𩘧	yi	0	𩘧
cn_dicts/41448.dict.yaml	𩚂	yi	0	𩚂
cn_dicts/41448.dict.yaml	𩚇	yi	0	𩚇
cn_dicts/41448.dict.yaml	𩛆	yi	0	𩛆
cn_dicts/41448.dict.yaml	𩛮	yi	0	𩛮
cn_dicts/41448.dict.yaml	𩞾	yi	0	𩞾
cn_dicts/41448.dict.yaml	𩟉	yi	0	𩟉
cn_dicts/41448.dict.yaml	𩡣	yi	0	𩡣
cn_dicts/41448.dict.yaml	𩣞	yi	0	𩣞
cn_dicts/41448.dict.yaml	𩤒	yi	0	𩤒
cn_dicts/41448.dict.yaml	𩥯	yi	0	𩥯
cn_dicts/41448.dict.yaml	𩪟	yi	0	𩪟
cn_dicts/41448.dict.yaml	𩪣	yi	0	𩪣
cn_dicts/41448.dict.yaml	𩮵	yi	0	𩮵
cn_dicts/41448.dict.yaml	𩳇	yi	0	𩳇
cn_dicts/41448.dict.yaml	𩴜	yi	0	𩴜
cn_dicts/41448.dict.yaml	𩴮	yi	0	𩴮
cn_dicts/41448.dict.yaml	𩷍	yi	0	𩷍
cn_dicts/41448.dict.yaml	𩷘	yi	0	𩷘
cn_dicts/41448.dict.yaml	𩸨	yi	0	𩸨
cn_dicts/41448.dict.yaml	𩼨	yi	0	𩼨
cn_dicts/41448.dict.yaml	𩾘	yi	0	𩾘
cn_dicts/41448.dict.yaml	𩾠	yi	0	𩾠
cn_dicts/41448.dict.yaml	𩾢	yi	0	𩾢
cn_dicts/41448.dict.yaml	𪀓	yi	0	𪀓
cn_dicts/41448.dict.yaml	𪀕	yi	0	𪀕
cn_dicts/41448.dict.yaml	𪁚	yi	0	𪁚
cn_dicts/41448.dict.yaml	𪁛	yi	0	𪁛
cn_dicts/41448.dict.yaml	𪈨	yi	0	𪈨
cn_dicts/41448.dict.yaml	𪐔	yi	0	𪐔
cn_dicts/41448.dict.yaml	𪐘	yi	0	𪐘
cn_dicts/41448.dict.yaml	𪐣	yi	0	𪐣
cn_dicts/41448.dict.yaml	𪒕	yi	0	𪒕
cn_dicts/41448.dict.yaml	𪕶	yi	0	𪕶
cn_dicts/41448.dict.yaml	𪗷	yi	0	𪗷
cn_dicts/41448.dict.yaml	𪘃	yi	0	𪘃
cn_dicts/41448.dict.yaml	𪘬	yi	0	𪘬
cn_dicts/41448.dict.yaml	𪘲	yi	0	𪘲
cn_dicts/41448.dict.yaml	𪙴	yi	0	𪙴
cn_dicts/41448.dict.yaml	㐆	yin	0	㐆
cn_dicts/41448.dict.yaml	㐺	yin	0	㐺
cn_dicts/41448.dict.yaml	㕂	yin	0	㕂
cn_dicts/41448.dict.yaml	㖗	yin	0	㖗
cn_dicts/41448.dict.yaml	㗃	yin	0	㗃
cn_dicts/41448.dict.yaml	㙬	yin	0	㙬
cn_dicts/41448.dict.yaml	㝖	yin	0	㝖
cn_dicts/41448.dict.yaml	㝙	yin	0	㝙
cn_dicts/41448.dict.yaml	㞤	yin	0	㞤
cn_dicts/41448.dict.yaml	㡥	yin	0	㡥
cn_dicts/41448.dict.yaml	㣧	yin	0	㣧
cn_dicts/41448.dict.yaml	㥯	yin	0	㥯
cn_dicts/41448.dict.yaml	㥲	yin	0	㥲
cn_dicts/41448.dict.yaml	㥼	yin	0	㥼
cn_dicts/41448.dict.yaml	㦩	yin	0	㦩
cn_dicts/41448.dict.yaml	㧈	yin	0	㧈
cn_dicts/41448.dict.yaml	㧢	yin	0	㧢
cn_dicts/41448.dict.yaml	㪦	yin	0	㪦
cn_dicts/41448.dict.yaml	㱃	yin	0	㱃
cn_dicts/41448.dict.yaml	㴈	yin	0	㴈
cn_dicts/41448.dict.yaml	㴽	yin	0	㴽
cn_dicts/41448.dict.yaml	㶏	yin	0	㶏
cn_dicts/41448.dict.yaml	㸒	yin	0	㸒
cn_dicts/41448.dict.yaml	㸧	yin	0	㸧
cn_dicts/41448.dict.yaml	㹜	yin	0	㹜
cn_dicts/41448.dict.yaml	㹞	yin	0	㹞
cn_dicts/41448.dict.yaml	㼉	yin	0	㼉
cn_dicts/41448.dict.yaml	㾙	yin	0	㾙
cn_dicts/41448.dict.yaml	䄄	yin	0	䄄
cn_dicts/41448.dict.yaml	䇙	yin	0	䇙
cn_dicts/41448.dict.yaml	䌠	yin	0	䌠
cn_dicts/41448.dict.yaml	䌥	yin	0	䌥
cn_dicts/41448.dict.yaml	䒡	yin	0	䒡
cn_dicts/41448.dict.yaml	䓄	yin	0	䓄
cn_dicts/41448.dict.yaml	䕃	yin	0	䕃
cn_dicts/41448.dict.yaml	䕾	yin	0	䕾
cn_dicts/41448.dict.yaml	䖐	yin	0	䖐
cn_dicts/41448.dict.yaml	䖜	yin	0	䖜
cn_dicts/41448.dict.yaml	䗞	yin	0	䗞
cn_dicts/41448.dict.yaml	䚿	yin	0	䚿
cn_dicts/41448.dict.yaml	䜣	yin	0	䜣
cn_dicts/41448.dict.yaml	䠴	yin	0	䠴
cn_dicts/41448.dict.yaml	䡛	yin	0	䡛
cn_dicts/41448.dict.yaml	䡨	yin	0	䡨
cn_dicts/41448.dict.yaml	䤁	yin	0	䤁
cn_dicts/41448.dict.yaml	䤃	yin	0	䤃
cn_dicts/41448.dict.yaml	䤺	yin	0	䤺
cn_dicts/41448.dict.yaml	䨙	yin	0	䨙
cn_dicts/41448.dict.yaml	䨸	yin	0	䨸
cn_dicts/41448.dict.yaml	䪩	yin	0	䪩
cn_dicts/41448.dict.yaml	䴛	yin	0	䴛
cn_dicts/41448.dict.yaml	䴦	yin	0	䴦
cn_dicts/41448.dict.yaml	𠃊	yin	0	𠃊
cn_dicts/41448.dict.yaml	𠖟	yin	0	𠖟
cn_dicts/41448.dict.yaml	𠪚	yin	0	𠪚
cn_dicts/41448.dict.yaml	𠮜	yin	0	𠮜
cn_dicts/41448.dict.yaml	𠽨	yin	0	𠽨
cn_dicts/41448.dict.yaml	𡇂	yin	0	𡇂
cn_dicts/41448.dict.yaml	𡈲	yin	0	𡈲
cn_dicts/41448.dict.yaml	𡋪	yin	0	𡋪
cn_dicts/41448.dict.yaml	𡐔	yin	0	𡐔
cn_dicts/41448.dict.yaml	𡓓	yin	0	𡓓
cn_dicts/41448.dict.yaml	𡓿	yin	0	𡓿
cn_dicts/41448.dict.yaml	𡖣	yin	0	𡖣
cn_dicts/41448.dict.yaml	𡩘	yin	0	𡩘
cn_dicts/41448.dict.yaml	𡸛	yin	0	𡸛
cn_dicts/41448.dict.yaml	𡼽	yin	0	𡼽
cn_dicts/41448.dict.yaml	𢂨	yin	0	𢂨
cn_dicts/41448.dict.yaml	𢉩	yin	0	𢉩
cn_dicts/41448.dict.yaml	𢋻	yin	0	𢋻
cn_dicts/41448.dict.yaml	𢌲	yin	0	𢌲
cn_dicts/41448.dict.yaml	𢓕	yin	0	𢓕
cn_dicts/41448.dict.yaml	𢓙	yin	0	𢓙
cn_dicts/41448.dict.yaml	𢛦	yin	0	𢛦
cn_dicts/41448.dict.yaml	𢝯	yin	0	𢝯
cn_dicts/41448.dict.yaml	𢪪	yin	0	𢪪
cn_dicts/41448.dict.yaml	𢳃	yin	0	𢳃
cn_dicts/41448.dict.yaml	𢷍	yin	0	𢷍
cn_dicts/41448.dict.yaml	𣓆	yin	0	𣓆
cn_dicts/41448.dict.yaml	𣔸	yin	0	𣔸
cn_dicts/41448.dict.yaml	𣦫	yin	0	𣦫
cn_dicts/41448.dict.yaml	𣱐	yin	0	𣱐
cn_dicts/41448.dict.yaml	𣱜	yin	0	𣱜
cn_dicts/41448.dict.yaml	𣸊	yin	0	𣸊
cn_dicts/41448.dict.yaml	𣽮	yin	0	𣽮
cn_dicts/41448.dict.yaml	𤂹	yin	0	𤂹
cn_dicts/41448.dict.yaml	𤎭	yin	0	𤎭
cn_dicts/41448.dict.yaml	𤝎	yin	0	𤝎
cn_dicts/41448.dict.yaml	𤢦	yin	0	𤢦
cn_dicts/41448.dict.yaml	𤯸	yin	0	𤯸
cn_dicts/41448.dict.yaml	𤵯	yin	0	𤵯
cn_dicts/41448.dict.yaml	𤷏	yin	0	𤷏
cn_dicts/41448.dict.yaml	𤻘	yin	0	𤻘
cn_dicts/41448.dict.yaml	𥖵	yin	0	𥖵
cn_dicts/41448.dict.yaml	𥤷	yin	0	𥤷
cn_dicts/41448.dict.yaml	𥬜	yin	0	𥬜
cn_dicts/41448.dict.yaml	𥮍	yin	0	𥮍
cn_dicts/41448.dict.yaml	𦜲	yin	0	𦜲
cn_dicts/41448.dict.yaml	𦝴	yin	0	𦝴
cn_dicts/41448.dict.yaml	𦟘	yin	0	𦟘
cn_dicts/41448.dict.yaml	𦾻	yin	0	𦾻
cn_dicts/41448.dict.yaml	𧊭	yin	0	𧊭
cn_dicts/41448.dict.yaml	𧍢	yin	0	𧍢
cn_dicts/41448.dict.yaml	𧥸	yin	0	𧥸
cn_dicts/41448.dict.yaml	𧦸	yin	0	𧦸
cn_dicts/41448.dict.yaml	𧦹	yin	0	𧦹
cn_dicts/41448.dict.yaml	𧩬	yin	0	𧩬
cn_dicts/41448.dict.yaml	𨈧	yin	0	𨈧
cn_dicts/41448.dict.yaml	𨋙	yin	0	𨋙
cn_dicts/41448.dict.yaml	𨏈	yin	0	𨏈
cn_dicts/41448.dict.yaml	𨐐	yin	0	𨐐
cn_dicts/41448.dict.yaml	𨒦	yin	0	𨒦
cn_dicts/41448.dict.yaml	𨓮	yin	0	𨓮
cn_dicts/41448.dict.yaml	𨛊	yin	0	𨛊
cn_dicts/41448.dict.yaml	𨟏	yin	0	𨟏
cn_dicts/41448.dict.yaml	𨟴	yin	0	𨟴
cn_dicts/41448.dict.yaml	𨡢	yin	0	𨡢
cn_dicts/41448.dict.yaml	𨢂	yin	0	𨢂
cn_dicts/41448.dict.yaml	𨢎	yin	0	𨢎
cn_dicts/41448.dict.yaml	𨦆	yin	0	𨦆
cn_dicts/41448.dict.yaml	𩂢	yin	0	𩂢
cn_dicts/41448.dict.yaml	𩂥	yin	0	𩂥
cn_dicts/41448.dict.yaml	𩃬	yin	0	𩃬
cn_dicts/41448.dict.yaml	𩐞	yin	0	𩐞
cn_dicts/41448.dict.yaml	𩖄	yin	0	𩖄
cn_dicts/41448.dict.yaml	𩚕	yin	0	𩚕
cn_dicts/41448.dict.yaml	𩬵	yin	0	𩬵
cn_dicts/41448.dict.yaml	𪔰	yin	0	𪔰
cn_dicts/41448.dict.yaml	𪔽	yin	0	𪔽
cn_dicts/41448.dict.yaml	𪘎	yin	0	𪘎
cn_dicts/41448.dict.yaml	𪙤	yin	0	𪙤
cn_dicts/41448.dict.yaml	𪙾	yin	0	𪙾
cn_dicts/41448.dict.yaml	𪛊	yin	0	𪛊
cn_dicts/41448.dict.yaml	㑞	ying	0	㑞
cn_dicts/41448.dict.yaml	㕲	ying	0	㕲
cn_dicts/41448.dict.yaml	㚞	ying	0	㚞
cn_dicts/41448.dict.yaml	㜲	ying	0	㜲
cn_dicts/41448.dict.yaml	㢍	ying	0	㢍
cn_dicts/41448.dict.yaml	㦹	ying	0	㦹
cn_dicts/41448.dict.yaml	㨕	ying	0	㨕
cn_dicts/41448.dict.yaml	㬐	ying	0	㬐
cn_dicts/41448.dict.yaml	㯋	ying	0	㯋
cn_dicts/41448.dict.yaml	㲟	ying	0	㲟
cn_dicts/41448.dict.yaml	㴄	ying	0	㴄
cn_dicts/41448.dict.yaml	㵬	ying	0	㵬
cn_dicts/41448.dict.yaml	㶈	ying	0	㶈
cn_dicts/41448.dict.yaml	㼆	ying	0	㼆
cn_dicts/41448.dict.yaml	㿘	ying	0	㿘
cn_dicts/41448.dict.yaml	䀰	ying	0	䀰
cn_dicts/41448.dict.yaml	䀴	ying	0	䀴
cn_dicts/41448.dict.yaml	䁐	ying	0	䁐
cn_dicts/41448.dict.yaml	䁝	ying	0	䁝
cn_dicts/41448.dict.yaml	䃷	ying	0	䃷
cn_dicts/41448.dict.yaml	䋼	ying	0	䋼
cn_dicts/41448.dict.yaml	䑉	ying	0	䑉
cn_dicts/41448.dict.yaml	䑍	ying	0	䑍
cn_dicts/41448.dict.yaml	䒢	ying	0	䒢
cn_dicts/41448.dict.yaml	䔔	ying	0	䔔
cn_dicts/41448.dict.yaml	䕦	ying	0	䕦
cn_dicts/41448.dict.yaml	䙬	ying	0	䙬
cn_dicts/41448.dict.yaml	䚆	ying	0	䚆
cn_dicts/41448.dict.yaml	䣐	ying	0	䣐
cn_dicts/41448.dict.yaml	䤝	ying	0	䤝
cn_dicts/41448.dict.yaml	䤰	ying	0	䤰
cn_dicts/41448.dict.yaml	䨍	ying	0	䨍
cn_dicts/41448.dict.yaml	䪯	ying	0	䪯
cn_dicts/41448.dict.yaml	䭊	ying	0	䭊
cn_dicts/41448.dict.yaml	䭗	ying	0	䭗
cn_dicts/41448.dict.yaml	䭘	ying	0	䭘
cn_dicts/41448.dict.yaml	䵥	ying	0	䵥
cn_dicts/41448.dict.yaml	𠊶	ying	0	𠊶
cn_dicts/41448.dict.yaml	𠝟	ying	0	𠝟
cn_dicts/41448.dict.yaml	𠠜	ying	0	𠠜
cn_dicts/41448.dict.yaml	𠮳	ying	0	𠮳
cn_dicts/41448.dict.yaml	𠸄	ying	0	𠸄
cn_dicts/41448.dict.yaml	𡀘	ying	0	𡀘
cn_dicts/41448.dict.yaml	𡁊	ying	0	𡁊
cn_dicts/41448.dict.yaml	𡂚	ying	0	𡂚
cn_dicts/41448.dict.yaml	𡃅	ying	0	𡃅
cn_dicts/41448.dict.yaml	𡄖	ying	0	𡄖
cn_dicts/41448.dict.yaml	𡎘	ying	0	𡎘
cn_dicts/41448.dict.yaml	𡢘	ying	0	𡢘
cn_dicts/41448.dict.yaml	𡺡	ying	0	𡺡
cn_dicts/41448.dict.yaml	𢄋	ying	0	𢄋
cn_dicts/41448.dict.yaml	𢣙	ying	0	𢣙
cn_dicts/41448.dict.yaml	𢥏	ying	0	𢥏
cn_dicts/41448.dict.yaml	𣋋	ying	0	𣋋
cn_dicts/41448.dict.yaml	𣟤	ying	0	𣟤
cn_dicts/41448.dict.yaml	𣤵	ying	0	𣤵
cn_dicts/41448.dict.yaml	𣲜	ying	0	𣲜
cn_dicts/41448.dict.yaml	𤁽	ying	0	𤁽
cn_dicts/41448.dict.yaml	𤇾	ying	0	𤇾
cn_dicts/41448.dict.yaml	𤌌	ying	0	𤌌
cn_dicts/41448.dict.yaml	𤜉	ying	0	𤜉
cn_dicts/41448.dict.yaml	𤟣	ying	0	𤟣
cn_dicts/41448.dict.yaml	𤣎	ying	0	𤣎
cn_dicts/41448.dict.yaml	𤭫	ying	0	𤭫
cn_dicts/41448.dict.yaml	𤹜	ying	0	𤹜
cn_dicts/41448.dict.yaml	𤹥	ying	0	𤹥
cn_dicts/41448.dict.yaml	𥌽	ying	0	𥌽
cn_dicts/41448.dict.yaml	𥌾	ying	0	𥌾
cn_dicts/41448.dict.yaml	𥍼	ying	0	𥍼
cn_dicts/41448.dict.yaml	𥏎	ying	0	𥏎
cn_dicts/41448.dict.yaml	𥐑	ying	0	𥐑
cn_dicts/41448.dict.yaml	𥚿	ying	0	𥚿
cn_dicts/41448.dict.yaml	𦔃	ying	0	𦔃
cn_dicts/41448.dict.yaml	𦖽	ying	0	𦖽
cn_dicts/41448.dict.yaml	𦝚	ying	0	𦝚
cn_dicts/41448.dict.yaml	𦡺	ying	0	𦡺
cn_dicts/41448.dict.yaml	𦢆	ying	0	𦢆
cn_dicts/41448.dict.yaml	𦦿	ying	0	𦦿
cn_dicts/41448.dict.yaml	𦩩	ying	0	𦩩
cn_dicts/41448.dict.yaml	𧅋	ying	0	𧅋
cn_dicts/41448.dict.yaml	𧓀	ying	0	𧓀
cn_dicts/41448.dict.yaml	𧕄	ying	0	𧕄
cn_dicts/41448.dict.yaml	𧕍	ying	0	𧕍
cn_dicts/41448.dict.yaml	𧢛	ying	0	𧢛
cn_dicts/41448.dict.yaml	𧭓	ying	0	𧭓
cn_dicts/41448.dict.yaml	𧮆	ying	0	𧮆
cn_dicts/41448.dict.yaml	𧯀	ying	0	𧯀
cn_dicts/41448.dict.yaml	𨍞	ying	0	𨍞
cn_dicts/41448.dict.yaml	𨜏	ying	0	𨜏
cn_dicts/41448.dict.yaml	𨟙	ying	0	𨟙
cn_dicts/41448.dict.yaml	𨠸	ying	0	𨠸
cn_dicts/41448.dict.yaml	𨪄	ying	0	𨪄
cn_dicts/41448.dict.yaml	𨵛	ying	0	𨵛
cn_dicts/41448.dict.yaml	𩂝	ying	0	𩂝
cn_dicts/41448.dict.yaml	𩄪	ying	0	𩄪
cn_dicts/41448.dict.yaml	𩋹	ying	0	𩋹
cn_dicts/41448.dict.yaml	𩖍	ying	0	𩖍
cn_dicts/41448.dict.yaml	𩘑	ying	0	𩘑
cn_dicts/41448.dict.yaml	𩳍	ying	0	𩳍
cn_dicts/41448.dict.yaml	𩸥	ying	0	𩸥
cn_dicts/41448.dict.yaml	𩹅	ying	0	𩹅
cn_dicts/41448.dict.yaml	𩻷	ying	0	𩻷
cn_dicts/41448.dict.yaml	𪊵	ying	0	𪊵
cn_dicts/41448.dict.yaml	㑙	yong	0	㑙
cn_dicts/41448.dict.yaml	㙲	yong	0	㙲
cn_dicts/41448.dict.yaml	㝘	yong	0	㝘
cn_dicts/41448.dict.yaml	㞲	yong	0	㞲
cn_dicts/41448.dict.yaml	㣧	yong	0	㣧
cn_dicts/41448.dict.yaml	㦷	yong	0	㦷
cn_dicts/41448.dict.yaml	㴩	yong	0	㴩
cn_dicts/41448.dict.yaml	㷏	yong	0	㷏
cn_dicts/41448.dict.yaml	㽫	yong	0	㽫
cn_dicts/41448.dict.yaml	䗤	yong	0	䗤
cn_dicts/41448.dict.yaml	䞻	yong	0	䞻
cn_dicts/41448.dict.yaml	䮵	yong	0	䮵
cn_dicts/41448.dict.yaml	𠆌	yong	0	𠆌
cn_dicts/41448.dict.yaml	𠳀	yong	0	𠳀
cn_dicts/41448.dict.yaml	𠷸	yong	0	𠷸
cn_dicts/41448.dict.yaml	𠹍	yong	0	𠹍
cn_dicts/41448.dict.yaml	𡵜	yong	0	𡵜
cn_dicts/41448.dict.yaml	𡶤	yong	0	𡶤
cn_dicts/41448.dict.yaml	𢀍	yong	0	𢀍
cn_dicts/41448.dict.yaml	𢢓	yong	0	𢢓
cn_dicts/41448.dict.yaml	𢧳	yong	0	𢧳
cn_dicts/41448.dict.yaml	𣋿	yong	0	𣋿
cn_dicts/41448.dict.yaml	𣏀	yong	0	𣏀
cn_dicts/41448.dict.yaml	𤛑	yong	0	𤛑
cn_dicts/41448.dict.yaml	𥁎	yong	0	𥁎
cn_dicts/41448.dict.yaml	𥑿	yong	0	𥑿
cn_dicts/41448.dict.yaml	𥥝	yong	0	𥥝
cn_dicts/41448.dict.yaml	𥧱	yong	0	𥧱
cn_dicts/41448.dict.yaml	𦃽	yong	0	𦃽
cn_dicts/41448.dict.yaml	𦤘	yong	0	𦤘
cn_dicts/41448.dict.yaml	𦨤	yong	0	𦨤
cn_dicts/41448.dict.yaml	𦨬	yong	0	𦨬
cn_dicts/41448.dict.yaml	𧖇	yong	0	𧖇
cn_dicts/41448.dict.yaml	𧗴	yong	0	𧗴
cn_dicts/41448.dict.yaml	𧙇	yong	0	𧙇
cn_dicts/41448.dict.yaml	𧝸	yong	0	𧝸
cn_dicts/41448.dict.yaml	𧲤	yong	0	𧲤
cn_dicts/41448.dict.yaml	𧴄	yong	0	𧴄
cn_dicts/41448.dict.yaml	𧴗	yong	0	𧴗
cn_dicts/41448.dict.yaml	𧺸	yong	0	𧺸
cn_dicts/41448.dict.yaml	𧻹	yong	0	𧻹
cn_dicts/41448.dict.yaml	𨓨	yong	0	𨓨
cn_dicts/41448.dict.yaml	𨤂	yong	0	𨤂
cn_dicts/41448.dict.yaml	𨦡	yong	0	𨦡
cn_dicts/41448.dict.yaml	𨴭	yong	0	𨴭
cn_dicts/41448.dict.yaml	𨶽	yong	0	𨶽
cn_dicts/41448.dict.yaml	𩆄	yong	0	𩆄
cn_dicts/41448.dict.yaml	𩍓	yong	0	𩍓
cn_dicts/41448.dict.yaml	𩔔	yong	0	𩔔
cn_dicts/41448.dict.yaml	𩜳	yong	0	𩜳
cn_dicts/41448.dict.yaml	𩟀	yong	0	𩟀
cn_dicts/41448.dict.yaml	𩟷	yong	0	𩟷
cn_dicts/41448.dict.yaml	𩤛	yong	0	𩤛
cn_dicts/41448.dict.yaml	𩫏	yong	0	𩫏
cn_dicts/41448.dict.yaml	𩬮	yong	0	𩬮
cn_dicts/41448.dict.yaml	𪄉	yong	0	𪄉
cn_dicts/41448.dict.yaml	𪅟	yong	0	𪅟
cn_dicts/41448.dict.yaml	𪇛	yong	0	𪇛
cn_dicts/41448.dict.yaml	㑸	you	0	㑸
cn_dicts/41448.dict.yaml	㒡	you	0	㒡
cn_dicts/41448.dict.yaml	㓜	you	0	㓜
cn_dicts/41448.dict.yaml	㔽	you	0	㔽
cn_dicts/41448.dict.yaml	㕗	you	0	㕗
cn_dicts/41448.dict.yaml	㕛	you	0	㕛
cn_dicts/41448.dict.yaml	㕱	you	0	㕱
cn_dicts/41448.dict.yaml	㘥	you	0	㘥
cn_dicts/41448.dict.yaml	㚭	you	0	㚭
cn_dicts/41448.dict.yaml	㛜	you	0	㛜
cn_dicts/41448.dict.yaml	㤑	you	0	㤑
cn_dicts/41448.dict.yaml	㫍	you	0	㫍
cn_dicts/41448.dict.yaml	㮋	you	0	㮋
cn_dicts/41448.dict.yaml	㰶	you	0	㰶
cn_dicts/41448.dict.yaml	㳺	you	0	㳺
cn_dicts/41448.dict.yaml	㶭	you	0	㶭
cn_dicts/41448.dict.yaml	㹨	you	0	㹨
cn_dicts/41448.dict.yaml	㺠	you	0	㺠
cn_dicts/41448.dict.yaml	㻀	you	0	㻀
cn_dicts/41448.dict.yaml	㽕	you	0	㽕
cn_dicts/41448.dict.yaml	㾞	you	0	㾞
cn_dicts/41448.dict.yaml	䀁	you	0	䀁
cn_dicts/41448.dict.yaml	䂚	you	0	䂚
cn_dicts/41448.dict.yaml	䅎	you	0	䅎
cn_dicts/41448.dict.yaml	䆜	you	0	䆜
cn_dicts/41448.dict.yaml	䌊	you	0	䌊
cn_dicts/41448.dict.yaml	䍃	you	0	䍃
cn_dicts/41448.dict.yaml	䑻	you	0	䑻
cn_dicts/41448.dict.yaml	䒒	you	0	䒒
cn_dicts/41448.dict.yaml	䒴	you	0	䒴
cn_dicts/41448.dict.yaml	䖻	you	0	䖻
cn_dicts/41448.dict.yaml	䚃	you	0	䚃
cn_dicts/41448.dict.yaml	䚻	you	0	䚻
cn_dicts/41448.dict.yaml	䛻	you	0	䛻
cn_dicts/41448.dict.yaml	䞥	you	0	䞥
cn_dicts/41448.dict.yaml	䢊	you	0	䢊
cn_dicts/41448.dict.yaml	䢟	you	0	䢟
cn_dicts/41448.dict.yaml	䬀	you	0	䬀
cn_dicts/41448.dict.yaml	䱂	you	0	䱂
cn_dicts/41448.dict.yaml	䳑	you	0	䳑
cn_dicts/41448.dict.yaml	𠖋	you	0	𠖋
cn_dicts/41448.dict.yaml	𠘳	you	0	𠘳
cn_dicts/41448.dict.yaml	𠢢	you	0	𠢢
cn_dicts/41448.dict.yaml	𠧠	you	0	𠧠
cn_dicts/41448.dict.yaml	𠧪	you	0	𠧪
cn_dicts/41448.dict.yaml	𠧴	you	0	𠧴
cn_dicts/41448.dict.yaml	𠨦	you	0	𠨦
cn_dicts/41448.dict.yaml	𠮫	you	0	𠮫
cn_dicts/41448.dict.yaml	𡇀	you	0	𡇀
cn_dicts/41448.dict.yaml	𡈙	you	0	𡈙
cn_dicts/41448.dict.yaml	𡈰	you	0	𡈰
cn_dicts/41448.dict.yaml	𡈵	you	0	𡈵
cn_dicts/41448.dict.yaml	𡊧	you	0	𡊧
cn_dicts/41448.dict.yaml	𡋧	you	0	𡋧
cn_dicts/41448.dict.yaml	𡜳	you	0	𡜳
cn_dicts/41448.dict.yaml	𡯉	you	0	𡯉
cn_dicts/41448.dict.yaml	𡯙	you	0	𡯙
cn_dicts/41448.dict.yaml	𡺒	you	0	𡺒
cn_dicts/41448.dict.yaml	𡺖	you	0	𡺖
cn_dicts/41448.dict.yaml	𢆶	you	0	𢆶
cn_dicts/41448.dict.yaml	𢈓	you	0	𢈓
cn_dicts/41448.dict.yaml	𢋣	you	0	𢋣
cn_dicts/41448.dict.yaml	𢓿	you	0	𢓿
cn_dicts/41448.dict.yaml	𢖟	you	0	𢖟
cn_dicts/41448.dict.yaml	𢟅	you	0	𢟅
cn_dicts/41448.dict.yaml	𢪥	you	0	𢪥
cn_dicts/41448.dict.yaml	𢿚	you	0	𢿚
cn_dicts/41448.dict.yaml	𣁨	you	0	𣁨
cn_dicts/41448.dict.yaml	𣅄	you	0	𣅄
cn_dicts/41448.dict.yaml	𣅺	you	0	𣅺
cn_dicts/41448.dict.yaml	𣏞	you	0	𣏞
cn_dicts/41448.dict.yaml	𣓐	you	0	𣓐
cn_dicts/41448.dict.yaml	𣓛	you	0	𣓛
cn_dicts/41448.dict.yaml	𣢄	you	0	𣢄
cn_dicts/41448.dict.yaml	𣢜	you	0	𣢜
cn_dicts/41448.dict.yaml	𣣜	you	0	𣣜
cn_dicts/41448.dict.yaml	𣣸	you	0	𣣸
cn_dicts/41448.dict.yaml	𣤎	you	0	𣤎
cn_dicts/41448.dict.yaml	𣤡	you	0	𣤡
cn_dicts/41448.dict.yaml	𣧗	you	0	𣧗
cn_dicts/41448.dict.yaml	𣧥	you	0	𣧥
cn_dicts/41448.dict.yaml	𣸠	you	0	𣸠
cn_dicts/41448.dict.yaml	𣿤	you	0	𣿤
cn_dicts/41448.dict.yaml	𤄘	you	0	𤄘
cn_dicts/41448.dict.yaml	𤍕	you	0	𤍕
cn_dicts/41448.dict.yaml	𤘜	you	0	𤘜
cn_dicts/41448.dict.yaml	𤣙	you	0	𤣙
cn_dicts/41448.dict.yaml	𤤧	you	0	𤤧
cn_dicts/41448.dict.yaml	𤤬	you	0	𤤬
cn_dicts/41448.dict.yaml	𤪎	you	0	𤪎
cn_dicts/41448.dict.yaml	𤱎	you	0	𤱎
cn_dicts/41448.dict.yaml	𤴨	you	0	𤴨
cn_dicts/41448.dict.yaml	𤸈	you	0	𤸈
cn_dicts/41448.dict.yaml	𥙾	you	0	𥙾
cn_dicts/41448.dict.yaml	𥜚	you	0	𥜚
cn_dicts/41448.dict.yaml	𥝘	you	0	𥝘
cn_dicts/41448.dict.yaml	𥣯	you	0	𥣯
cn_dicts/41448.dict.yaml	𥯞	you	0	𥯞
cn_dicts/41448.dict.yaml	𥴕	you	0	𥴕
cn_dicts/41448.dict.yaml	𥽟	you	0	𥽟
cn_dicts/41448.dict.yaml	𦎓	you	0	𦎓
cn_dicts/41448.dict.yaml	𦏇	you	0	𦏇
cn_dicts/41448.dict.yaml	𦑸	you	0	𦑸
cn_dicts/41448.dict.yaml	𦚥	you	0	𦚥
cn_dicts/41448.dict.yaml	𦥣	you	0	𦥣
cn_dicts/41448.dict.yaml	𦩲	you	0	𦩲
cn_dicts/41448.dict.yaml	𦳧	you	0	𦳧
cn_dicts/41448.dict.yaml	𦳩	you	0	𦳩
cn_dicts/41448.dict.yaml	𦳷	you	0	𦳷
cn_dicts/41448.dict.yaml	𦵵	you	0	𦵵
cn_dicts/41448.dict.yaml	𦷿	you	0	𦷿
cn_dicts/41448.dict.yaml	𦸙	you	0	𦸙
cn_dicts/41448.dict.yaml	𧀥	you	0	𧀥
cn_dicts/41448.dict.yaml	𧅲	you	0	𧅲
cn_dicts/41448.dict.yaml	𧆕	you	0	𧆕
cn_dicts/41448.dict.yaml	𧆘	you	0	𧆘
cn_dicts/41448.dict.yaml	𧍘	you	0	𧍘
cn_dicts/41448.dict.yaml	𧙏	you	0	𧙏
cn_dicts/41448.dict.yaml	𧠶	you	0	𧠶
cn_dicts/41448.dict.yaml	𧡹	you	0	𧡹
cn_dicts/41448.dict.yaml	𧰰	you	0	𧰰
cn_dicts/41448.dict.yaml	𧳫	you	0	𧳫
cn_dicts/41448.dict.yaml	𨑫	you	0	𨑫
cn_dicts/41448.dict.yaml	𨗰	you	0	𨗰
cn_dicts/41448.dict.yaml	𨘁	you	0	𨘁
cn_dicts/41448.dict.yaml	𨘵	you	0	𨘵
cn_dicts/41448.dict.yaml	𨙂	you	0	𨙂
cn_dicts/41448.dict.yaml	𨛕	you	0	𨛕
cn_dicts/41448.dict.yaml	𨡴	you	0	𨡴
cn_dicts/41448.dict.yaml	𨴜	you	0	𨴜
cn_dicts/41448.dict.yaml	𨸙	you	0	𨸙
cn_dicts/41448.dict.yaml	𩈏	you	0	𩈏
cn_dicts/41448.dict.yaml	𩑣	you	0	𩑣
cn_dicts/41448.dict.yaml	𩗚	you	0	𩗚
cn_dicts/41448.dict.yaml	𩘈	you	0	𩘈
cn_dicts/41448.dict.yaml	𩘓	you	0	𩘓
cn_dicts/41448.dict.yaml	𩜷	you	0	𩜷
cn_dicts/41448.dict.yaml	𩤹	you	0	𩤹
cn_dicts/41448.dict.yaml	𩥘	you	0	𩥘
cn_dicts/41448.dict.yaml	𩲎	you	0	𩲎
cn_dicts/41448.dict.yaml	𩴑	you	0	𩴑
cn_dicts/41448.dict.yaml	𩴙	you	0	𩴙
cn_dicts/41448.dict.yaml	𩹊	you	0	𩹊
cn_dicts/41448.dict.yaml	𩼈	you	0	𩼈
cn_dicts/41448.dict.yaml	𩽇	you	0	𩽇
cn_dicts/41448.dict.yaml	𩿬	you	0	𩿬
cn_dicts/41448.dict.yaml	㑨	yu	0	㑨
cn_dicts/41448.dict.yaml	㒁	yu	0	㒁
cn_dicts/41448.dict.yaml	㒜	yu	0	㒜
cn_dicts/41448.dict.yaml	㔱	yu	0	㔱
cn_dicts/41448.dict.yaml	㙑	yu	0	㙑
cn_dicts/41448.dict.yaml	㚜	yu	0	㚜
cn_dicts/41448.dict.yaml	㚥	yu	0	㚥
cn_dicts/41448.dict.yaml	㝢	yu	0	㝢
cn_dicts/41448.dict.yaml	㝼	yu	0	㝼
cn_dicts/41448.dict.yaml	㠘	yu	0	㠘
cn_dicts/41448.dict.yaml	㠨	yu	0	㠨
cn_dicts/41448.dict.yaml	㡰	yu	0	㡰
cn_dicts/41448.dict.yaml	㣃	yu	0	㣃
cn_dicts/41448.dict.yaml	㤜	yu	0	㤜
cn_dicts/41448.dict.yaml	㤢	yu	0	㤢
cn_dicts/41448.dict.yaml	㤤	yu	0	㤤
cn_dicts/41448.dict.yaml	㥔	yu	0	㥔
cn_dicts/41448.dict.yaml	㥚	yu	0	㥚
cn_dicts/41448.dict.yaml	㥥	yu	0	㥥
cn_dicts/41448.dict.yaml	㦛	yu	0	㦛
cn_dicts/41448.dict.yaml	㦽	yu	0	㦽
cn_dicts/41448.dict.yaml	㧒	yu	0	㧒
cn_dicts/41448.dict.yaml	㧕	yu	0	㧕
cn_dicts/41448.dict.yaml	㪀	yu	0	㪀
cn_dicts/41448.dict.yaml	㪌	yu	0	㪌
cn_dicts/41448.dict.yaml	㫹	yu	0	㫹
cn_dicts/41448.dict.yaml	㬂	yu	0	㬂
cn_dicts/41448.dict.yaml	㬰	yu	0	㬰
cn_dicts/41448.dict.yaml	㭌	yu	0	㭌
cn_dicts/41448.dict.yaml	㮋	yu	0	㮋
cn_dicts/41448.dict.yaml	㰲	yu	0	㰲
cn_dicts/41448.dict.yaml	㲾	yu	0	㲾
cn_dicts/41448.dict.yaml	㳚	yu	0	㳚
cn_dicts/41448.dict.yaml	㳛	yu	0	㳛
cn_dicts/41448.dict.yaml	㵄	yu	0	㵄
cn_dicts/41448.dict.yaml	㶛	yu	0	㶛
cn_dicts/41448.dict.yaml	㷉	yu	0	㷉
cn_dicts/41448.dict.yaml	㷒	yu	0	㷒
cn_dicts/41448.dict.yaml	㹼	yu	0	㹼
cn_dicts/41448.dict.yaml	㺞	yu	0	㺞
cn_dicts/41448.dict.yaml	㺠	yu	0	㺠
cn_dicts/41448.dict.yaml	㺮	yu	0	㺮
cn_dicts/41448.dict.yaml	㻀	yu	0	㻀
cn_dicts/41448.dict.yaml	㻰	yu	0	㻰
cn_dicts/41448.dict.yaml	㼌	yu	0	㼌
cn_dicts/41448.dict.yaml	㼶	yu	0	㼶
cn_dicts/41448.dict.yaml	㽣	yu	0	㽣
cn_dicts/41448.dict.yaml	㽳	yu	0	㽳
cn_dicts/41448.dict.yaml	䁌	yu	0	䁌
cn_dicts/41448.dict.yaml	䁩	yu	0	䁩
cn_dicts/41448.dict.yaml	䂊	yu	0	䂊
cn_dicts/41448.dict.yaml	䂛	yu	0	䂛
cn_dicts/41448.dict.yaml	䃋	yu	0	䃋
cn_dicts/41448.dict.yaml	䄏	yu	0	䄏
cn_dicts/41448.dict.yaml	䄨	yu	0	䄨
cn_dicts/41448.dict.yaml	䆷	yu	0	䆷
cn_dicts/41448.dict.yaml	䈅	yu	0	䈅
cn_dicts/41448.dict.yaml	䉛	yu	0	䉛
cn_dicts/41448.dict.yaml	䋖	yu	0	䋖
cn_dicts/41448.dict.yaml	䋭	yu	0	䋭
cn_dicts/41448.dict.yaml	䍂	yu	0	䍂
cn_dicts/41448.dict.yaml	䍞	yu	0	䍞
cn_dicts/41448.dict.yaml	䎉	yu	0	䎉
cn_dicts/41448.dict.yaml	䏸	yu	0	䏸
cn_dicts/41448.dict.yaml	䐳	yu	0	䐳
cn_dicts/41448.dict.yaml	䓊	yu	0	䓊
cn_dicts/41448.dict.yaml	䔡	yu	0	䔡
cn_dicts/41448.dict.yaml	䖇	yu	0	䖇
cn_dicts/41448.dict.yaml	䗨	yu	0	䗨
cn_dicts/41448.dict.yaml	䘘	yu	0	䘘
cn_dicts/41448.dict.yaml	䘱	yu	0	䘱
cn_dicts/41448.dict.yaml	䘻	yu	0	䘻
cn_dicts/41448.dict.yaml	䙔	yu	0	䙔
cn_dicts/41448.dict.yaml	䛎	yu	0	䛎
cn_dicts/41448.dict.yaml	䛕	yu	0	䛕
cn_dicts/41448.dict.yaml	䜡	yu	0	䜡
cn_dicts/41448.dict.yaml	䜽	yu	0	䜽
cn_dicts/41448.dict.yaml	䞕	yu	0	䞕
cn_dicts/41448.dict.yaml	䞝	yu	0	䞝
cn_dicts/41448.dict.yaml	䢓	yu	0	䢓
cn_dicts/41448.dict.yaml	䢖	yu	0	䢖
cn_dicts/41448.dict.yaml	䢩	yu	0	䢩
cn_dicts/41448.dict.yaml	䣁	yu	0	䣁
cn_dicts/41448.dict.yaml	䤋	yu	0	䤋
cn_dicts/41448.dict.yaml	䥏	yu	0	䥏
cn_dicts/41448.dict.yaml	䧕	yu	0	䧕
cn_dicts/41448.dict.yaml	䨁	yu	0	䨁
cn_dicts/41448.dict.yaml	䨒	yu	0	䨒
cn_dicts/41448.dict.yaml	䨞	yu	0	䨞
cn_dicts/41448.dict.yaml	䩒	yu	0	䩒
cn_dicts/41448.dict.yaml	䫻	yu	0	䫻
cn_dicts/41448.dict.yaml	䬄	yu	0	䬄
cn_dicts/41448.dict.yaml	䬔	yu	0	䬔
cn_dicts/41448.dict.yaml	䬛	yu	0	䬛
cn_dicts/41448.dict.yaml	䮇	yu	0	䮇
cn_dicts/41448.dict.yaml	䮙	yu	0	䮙
cn_dicts/41448.dict.yaml	䰥	yu	0	䰥
cn_dicts/41448.dict.yaml	䰻	yu	0	䰻
cn_dicts/41448.dict.yaml	䱷	yu	0	䱷
cn_dicts/41448.dict.yaml	䱾	yu	0	䱾
cn_dicts/41448.dict.yaml	䲣	yu	0	䲣
cn_dicts/41448.dict.yaml	䳑	yu	0	䳑
cn_dicts/41448.dict.yaml	䴁	yu	0	䴁
cn_dicts/41448.dict.yaml	䵥	yu	0	䵥
cn_dicts/41448.dict.yaml	䵫	yu	0	䵫
cn_dicts/41448.dict.yaml	𠀛	yu	0	𠀛
cn_dicts/41448.dict.yaml	𠊏	yu	0	𠊏
cn_dicts/41448.dict.yaml	𠋟	yu	0	𠋟
cn_dicts/41448.dict.yaml	𠎳	yu	0	𠎳
cn_dicts/41448.dict.yaml	𠏚	yu	0	𠏚
cn_dicts/41448.dict.yaml	𠕦	yu	0	𠕦
cn_dicts/41448.dict.yaml	𠧇	yu	0	𠧇
cn_dicts/41448.dict.yaml	𠫣	yu	0	𠫣
cn_dicts/41448.dict.yaml	𠱐	yu	0	𠱐
cn_dicts/41448.dict.yaml	𠱙	yu	0	𠱙
cn_dicts/41448.dict.yaml	𠴫	yu	0	𠴫
cn_dicts/41448.dict.yaml	𠸹	yu	0	𠸹
cn_dicts/41448.dict.yaml	𠽵	yu	0	𠽵
cn_dicts/41448.dict.yaml	𡁎	yu	0	𡁎
cn_dicts/41448.dict.yaml	𡂊	yu	0	𡂊
cn_dicts/41448.dict.yaml	𡇺	yu	0	𡇺
cn_dicts/41448.dict.yaml	𡈨	yu	0	𡈨
cn_dicts/41448.dict.yaml	𡋬	yu	0	𡋬
cn_dicts/41448.dict.yaml	𡑾	yu	0	𡑾
cn_dicts/41448.dict.yaml	𡒃	yu	0	𡒃
cn_dicts/41448.dict.yaml	𡒊	yu	0	𡒊
cn_dicts/41448.dict.yaml	𡔴	yu	0	𡔴
cn_dicts/41448.dict.yaml	𡨣	yu	0	𡨣
cn_dicts/41448.dict.yaml	𡨿	yu	0	𡨿
cn_dicts/41448.dict.yaml	𡫽	yu	0	𡫽
cn_dicts/41448.dict.yaml	𡬊	yu	0	𡬊
cn_dicts/41448.dict.yaml	𡬞	yu	0	𡬞
cn_dicts/41448.dict.yaml	𡷎	yu	0	𡷎
cn_dicts/41448.dict.yaml	𡻢	yu	0	𡻢
cn_dicts/41448.dict.yaml	𡿥	yu	0	𡿥
cn_dicts/41448.dict.yaml	𡿯	yu	0	𡿯
cn_dicts/41448.dict.yaml	𢊧	yu	0	𢊧
cn_dicts/41448.dict.yaml	𢋅	yu	0	𢋅
cn_dicts/41448.dict.yaml	𢌻	yu	0	𢌻
cn_dicts/41448.dict.yaml	𢎻	yu	0	𢎻
cn_dicts/41448.dict.yaml	𢒰	yu	0	𢒰
cn_dicts/41448.dict.yaml	𢔢	yu	0	𢔢
cn_dicts/41448.dict.yaml	𢔥	yu	0	𢔥
cn_dicts/41448.dict.yaml	𢔬	yu	0	𢔬
cn_dicts/41448.dict.yaml	𢔴	yu	0	𢔴
cn_dicts/41448.dict.yaml	𢖡	yu	0	𢖡
cn_dicts/41448.dict.yaml	𢛨	yu	0	𢛨
cn_dicts/41448.dict.yaml	𢡎	yu	0	𢡎
cn_dicts/41448.dict.yaml	𢮁	yu	0	𢮁
cn_dicts/41448.dict.yaml	𢯮	yu	0	𢯮
cn_dicts/41448.dict.yaml	𢹏	yu	0	𢹏
cn_dicts/41448.dict.yaml	𢺴	yu	0	𢺴
cn_dicts/41448.dict.yaml	𢾄	yu	0	𢾄
cn_dicts/41448.dict.yaml	𣋉	yu	0	𣋉
cn_dicts/41448.dict.yaml	𣍛	yu	0	𣍛
cn_dicts/41448.dict.yaml	𣕃	yu	0	𣕃
cn_dicts/41448.dict.yaml	𣝑	yu	0	𣝑
cn_dicts/41448.dict.yaml	𣟰	yu	0	𣟰
cn_dicts/41448.dict.yaml	𣡉	yu	0	𣡉
cn_dicts/41448.dict.yaml	𣢒	yu	0	𣢒
cn_dicts/41448.dict.yaml	𣢦	yu	0	𣢦
cn_dicts/41448.dict.yaml	𣣎	yu	0	𣣎
cn_dicts/41448.dict.yaml	𣨝	yu	0	𣨝
cn_dicts/41448.dict.yaml	𣩺	yu	0	𣩺
cn_dicts/41448.dict.yaml	𤀝	yu	0	𤀝
cn_dicts/41448.dict.yaml	𤕘	yu	0	𤕘
cn_dicts/41448.dict.yaml	𤗃	yu	0	𤗃
cn_dicts/41448.dict.yaml	𤚎	yu	0	𤚎
cn_dicts/41448.dict.yaml	𤜹	yu	0	𤜹
cn_dicts/41448.dict.yaml	𤞞	yu	0	𤞞
cn_dicts/41448.dict.yaml	𤥽	yu	0	𤥽
cn_dicts/41448.dict.yaml	𤧙	yu	0	𤧙
cn_dicts/41448.dict.yaml	𤳕	yu	0	𤳕
cn_dicts/41448.dict.yaml	𤸒	yu	0	𤸒
cn_dicts/41448.dict.yaml	𤹪	yu	0	𤹪
cn_dicts/41448.dict.yaml	𥄵	yu	0	𥄵
cn_dicts/41448.dict.yaml	𥆉	yu	0	𥆉
cn_dicts/41448.dict.yaml	𥉑	yu	0	𥉑
cn_dicts/41448.dict.yaml	𥎐	yu	0	𥎐
cn_dicts/41448.dict.yaml	𥒾	yu	0	𥒾
cn_dicts/41448.dict.yaml	𥔢	yu	0	𥔢
cn_dicts/41448.dict.yaml	𥘄	yu	0	𥘄
cn_dicts/41448.dict.yaml	𥙿	yu	0	𥙿
cn_dicts/41448.dict.yaml	𥛩	yu	0	𥛩
cn_dicts/41448.dict.yaml	𥝍	yu	0	𥝍
cn_dicts/41448.dict.yaml	𥝨	yu	0	𥝨
cn_dicts/41448.dict.yaml	𥯮	yu	0	𥯮
cn_dicts/41448.dict.yaml	𥷔	yu	0	𥷔
cn_dicts/41448.dict.yaml	𥷞	yu	0	𥷞
cn_dicts/41448.dict.yaml	𥸤	yu	0	𥸤
cn_dicts/41448.dict.yaml	𥸪	yu	0	𥸪
cn_dicts/41448.dict.yaml	𥹔	yu	0	𥹔
cn_dicts/41448.dict.yaml	𥺞	yu	0	𥺞
cn_dicts/41448.dict.yaml	𦀡	yu	0	𦀡
cn_dicts/41448.dict.yaml	𦈣	yu	0	𦈣
cn_dicts/41448.dict.yaml	𦈸	yu	0	𦈸
cn_dicts/41448.dict.yaml	𦋢	yu	0	𦋢
cn_dicts/41448.dict.yaml	𦋯	yu	0	𦋯
cn_dicts/41448.dict.yaml	𦎘	yu	0	𦎘
cn_dicts/41448.dict.yaml	𦏜	yu	0	𦏜
cn_dicts/41448.dict.yaml	𦏻	yu	0	𦏻
cn_dicts/41448.dict.yaml	𦐛	yu	0	𦐛
cn_dicts/41448.dict.yaml	𦒑	yu	0	𦒑
cn_dicts/41448.dict.yaml	𦡭	yu	0	𦡭
cn_dicts/41448.dict.yaml	𦥉	yu	0	𦥉
cn_dicts/41448.dict.yaml	𦦩	yu	0	𦦩
cn_dicts/41448.dict.yaml	𦦫	yu	0	𦦫
cn_dicts/41448.dict.yaml	𦦲	yu	0	𦦲
cn_dicts/41448.dict.yaml	𦩞	yu	0	𦩞
cn_dicts/41448.dict.yaml	𦭳	yu	0	𦭳
cn_dicts/41448.dict.yaml	𦱀	yu	0	𦱀
cn_dicts/41448.dict.yaml	𦱂	yu	0	𦱂
cn_dicts/41448.dict.yaml	𦱃	yu	0	𦱃
cn_dicts/41448.dict.yaml	𦳅	yu	0	𦳅
cn_dicts/41448.dict.yaml	𧃠	yu	0	𧃠
cn_dicts/41448.dict.yaml	𧈯	yu	0	𧈯
cn_dicts/41448.dict.yaml	𧉣	yu	0	𧉣
cn_dicts/41448.dict.yaml	𧊠	yu	0	𧊠
cn_dicts/41448.dict.yaml	𧍪	yu	0	𧍪
cn_dicts/41448.dict.yaml	𧐄	yu	0	𧐄
cn_dicts/41448.dict.yaml	𧑐	yu	0	𧑐
cn_dicts/41448.dict.yaml	𧗪	yu	0	𧗪
cn_dicts/41448.dict.yaml	𧗱	yu	0	𧗱
cn_dicts/41448.dict.yaml	𧙶	yu	0	𧙶
cn_dicts/41448.dict.yaml	𧞏	yu	0	𧞏
cn_dicts/41448.dict.yaml	𧫊	yu	0	𧫊
cn_dicts/41448.dict.yaml	𧯱	yu	0	𧯱
cn_dicts/41448.dict.yaml	𧰇	yu	0	𧰇
cn_dicts/41448.dict.yaml	𧱬	yu	0	𧱬
cn_dicts/41448.dict.yaml	𧶠	yu	0	𧶠
cn_dicts/41448.dict.yaml	𧼫	yu	0	𧼫
cn_dicts/41448.dict.yaml	𧼯	yu	0	𧼯
cn_dicts/41448.dict.yaml	𧾚	yu	0	𧾚
cn_dicts/41448.dict.yaml	𧿷	yu	0	𧿷
cn_dicts/41448.dict.yaml	𨄯	yu	0	𨄯
cn_dicts/41448.dict.yaml	𨊱	yu	0	𨊱
cn_dicts/41448.dict.yaml	𨖛	yu	0	𨖛
cn_dicts/41448.dict.yaml	𨗝	yu	0	𨗝
cn_dicts/41448.dict.yaml	𨜖	yu	0	𨜖
cn_dicts/41448.dict.yaml	𨝈	yu	0	𨝈
cn_dicts/41448.dict.yaml	𨞓	yu	0	𨞓
cn_dicts/41448.dict.yaml	𨨶	yu	0	𨨶
cn_dicts/41448.dict.yaml	𨩬	yu	0	𨩬
cn_dicts/41448.dict.yaml	𨪎	yu	0	𨪎
cn_dicts/41448.dict.yaml	𨮔	yu	0	𨮔
cn_dicts/41448.dict.yaml	𨰸	yu	0	𨰸
cn_dicts/41448.dict.yaml	𨵉	yu	0	𨵉
cn_dicts/41448.dict.yaml	𨵦	yu	0	𨵦
cn_dicts/41448.dict.yaml	𨶢	yu	0	𨶢
cn_dicts/41448.dict.yaml	𨾌	yu	0	𨾌
cn_dicts/41448.dict.yaml	𩂧	yu	0	𩂧
cn_dicts/41448.dict.yaml	𩃯	yu	0	𩃯
cn_dicts/41448.dict.yaml	𩈕	yu	0	𩈕
cn_dicts/41448.dict.yaml	𩊇	yu	0	𩊇
cn_dicts/41448.dict.yaml	𩋉	yu	0	𩋉
cn_dicts/41448.dict.yaml	𩋤	yu	0	𩋤
cn_dicts/41448.dict.yaml	𩎹	yu	0	𩎹
cn_dicts/41448.dict.yaml	𩏟	yu	0	𩏟
cn_dicts/41448.dict.yaml	𩏴	yu	0	𩏴
cn_dicts/41448.dict.yaml	𩘤	yu	0	𩘤
cn_dicts/41448.dict.yaml	𩘳	yu	0	𩘳
cn_dicts/41448.dict.yaml	𩘻	yu	0	𩘻
cn_dicts/41448.dict.yaml	𩚄	yu	0	𩚄
cn_dicts/41448.dict.yaml	𩛪	yu	0	𩛪
cn_dicts/41448.dict.yaml	𩛭	yu	0	𩛭
cn_dicts/41448.dict.yaml	𩝗	yu	0	𩝗
cn_dicts/41448.dict.yaml	𩟑	yu	0	𩟑
cn_dicts/41448.dict.yaml	𩟳	yu	0	𩟳
cn_dicts/41448.dict.yaml	𩡃	yu	0	𩡃
cn_dicts/41448.dict.yaml	𩢶	yu	0	𩢶
cn_dicts/41448.dict.yaml	𩤺	yu	0	𩤺
cn_dicts/41448.dict.yaml	𩥭	yu	0	𩥭
cn_dicts/41448.dict.yaml	𩦡	yu	0	𩦡
cn_dicts/41448.dict.yaml	𩦢	yu	0	𩦢
cn_dicts/41448.dict.yaml	𩨗	yu	0	𩨗
cn_dicts/41448.dict.yaml	𩨙	yu	0	𩨙
cn_dicts/41448.dict.yaml	𩩑	yu	0	𩩑
cn_dicts/41448.dict.yaml	𩩘	yu	0	𩩘
cn_dicts/41448.dict.yaml	𩰪	yu	0	𩰪
cn_dicts/41448.dict.yaml	𩱌	yu	0	𩱌
cn_dicts/41448.dict.yaml	𩱱	yu	0	𩱱
cn_dicts/41448.dict.yaml	𩲾	yu	0	𩲾
cn_dicts/41448.dict.yaml	𩵎	yu	0	𩵎
cn_dicts/41448.dict.yaml	𩺰	yu	0	𩺰
cn_dicts/41448.dict.yaml	𪁀	yu	0	𪁀
cn_dicts/41448.dict.yaml	𪂉	yu	0	𪂉
cn_dicts/41448.dict.yaml	𪂕	yu	0	𪂕
cn_dicts/41448.dict.yaml	𪂵	yu	0	𪂵
cn_dicts/41448.dict.yaml	𪃍	yu	0	𪃍
cn_dicts/41448.dict.yaml	𪃎	yu	0	𪃎
cn_dicts/41448.dict.yaml	𪇝	yu	0	𪇝
cn_dicts/41448.dict.yaml	𪊻	yu	0	𪊻
cn_dicts/41448.dict.yaml	𪋉	yu	0	𪋉
cn_dicts/41448.dict.yaml	𪋬	yu	0	𪋬
cn_dicts/41448.dict.yaml	𪋮	yu	0	𪋮
cn_dicts/41448.dict.yaml	𪑆	yu	0	𪑆
cn_dicts/41448.dict.yaml	𪑌	yu	0	𪑌
cn_dicts/41448.dict.yaml	𪑝	yu	0	𪑝
cn_dicts/41448.dict.yaml	𪓊	yu	0	𪓊
cn_dicts/41448.dict.yaml	㘣	yuan	0	㘣
cn_dicts/41448.dict.yaml	㛪	yuan	0	㛪
cn_dicts/41448.dict.yaml	㟲	yuan	0	㟲
cn_dicts/41448.dict.yaml	㟶	yuan	0	㟶
cn_dicts/41448.dict.yaml	㤪	yuan	0	㤪
cn_dicts/41448.dict.yaml	㥐	yuan	0	㥐
cn_dicts/41448.dict.yaml	㥳	yuan	0	㥳
cn_dicts/41448.dict.yaml	㭇	yuan	0	㭇
cn_dicts/41448.dict.yaml	㹉	yuan	0	㹉
cn_dicts/41448.dict.yaml	㼂	yuan	0	㼂
cn_dicts/41448.dict.yaml	䅈	yuan	0	䅈
cn_dicts/41448.dict.yaml	䏍	yuan	0	䏍
cn_dicts/41448.dict.yaml	䖠	yuan	0	䖠
cn_dicts/41448.dict.yaml	䖤	yuan	0	䖤
cn_dicts/41448.dict.yaml	䛄	yuan	0	䛄
cn_dicts/41448.dict.yaml	䛇	yuan	0	䛇
cn_dicts/41448.dict.yaml	䝠	yuan	0	䝠
cn_dicts/41448.dict.yaml	䝹	yuan	0	䝹
cn_dicts/41448.dict.yaml	䟦	yuan	0	䟦
cn_dicts/41448.dict.yaml	䡝	yuan	0	䡝
cn_dicts/41448.dict.yaml	䣰	yuan	0	䣰
cn_dicts/41448.dict.yaml	䨊	yuan	0	䨊
cn_dicts/41448.dict.yaml	䩩	yuan	0	䩩
cn_dicts/41448.dict.yaml	䬇	yuan	0	䬇
cn_dicts/41448.dict.yaml	䬧	yuan	0	䬧
cn_dicts/41448.dict.yaml	䬼	yuan	0	䬼
cn_dicts/41448.dict.yaml	䭴	yuan	0	䭴
cn_dicts/41448.dict.yaml	䲮	yuan	0	䲮
cn_dicts/41448.dict.yaml	䲻	yuan	0	䲻
cn_dicts/41448.dict.yaml	䳁	yuan	0	䳁
cn_dicts/41448.dict.yaml	䳒	yuan	0	䳒
cn_dicts/41448.dict.yaml	䳣	yuan	0	䳣
cn_dicts/41448.dict.yaml	𠒜	yuan	0	𠒜
cn_dicts/41448.dict.yaml	𠛭	yuan	0	𠛭
cn_dicts/41448.dict.yaml	𠝳	yuan	0	𠝳
cn_dicts/41448.dict.yaml	𠩠	yuan	0	𠩠
cn_dicts/41448.dict.yaml	𡈒	yuan	0	𡈒
cn_dicts/41448.dict.yaml	𡈓	yuan	0	𡈓
cn_dicts/41448.dict.yaml	𡢊	yuan	0	𡢊
cn_dicts/41448.dict.yaml	𡣬	yuan	0	𡣬
cn_dicts/41448.dict.yaml	𡯱	yuan	0	𡯱
cn_dicts/41448.dict.yaml	𡷡	yuan	0	𡷡
cn_dicts/41448.dict.yaml	𢂱	yuan	0	𢂱
cn_dicts/41448.dict.yaml	𢆀	yuan	0	𢆀
cn_dicts/41448.dict.yaml	𢍈	yuan	0	𢍈
cn_dicts/41448.dict.yaml	𢏮	yuan	0	𢏮
cn_dicts/41448.dict.yaml	𢐄	yuan	0	𢐄
cn_dicts/41448.dict.yaml	𢕋	yuan	0	𢕋
cn_dicts/41448.dict.yaml	𢗯	yuan	0	𢗯
cn_dicts/41448.dict.yaml	𢱽	yuan	0	𢱽
cn_dicts/41448.dict.yaml	𢷻	yuan	0	𢷻
cn_dicts/41448.dict.yaml	𣹠	yuan	0	𣹠
cn_dicts/41448.dict.yaml	𤬌	yuan	0	𤬌
cn_dicts/41448.dict.yaml	𥭞	yuan	0	𥭞
cn_dicts/41448.dict.yaml	𥿎	yuan	0	𥿎
cn_dicts/41448.dict.yaml	𦍼	yuan	0	𦍼
cn_dicts/41448.dict.yaml	𦿂	yuan	0	𦿂
cn_dicts/41448.dict.yaml	𧉗	yuan	0	𧉗
cn_dicts/41448.dict.yaml	𧔞	yuan	0	𧔞
cn_dicts/41448.dict.yaml	𧙮	yuan	0	𧙮
cn_dicts/41448.dict.yaml	𧳭	yuan	0	𧳭
cn_dicts/41448.dict.yaml	𧻚	yuan	0	𧻚
cn_dicts/41448.dict.yaml	𨀮	yuan	0	𨀮
cn_dicts/41448.dict.yaml	𨓯	yuan	0	𨓯
cn_dicts/41448.dict.yaml	𨕗	yuan	0	𨕗
cn_dicts/41448.dict.yaml	𨖳	yuan	0	𨖳
cn_dicts/41448.dict.yaml	𨸘	yuan	0	𨸘
cn_dicts/41448.dict.yaml	𨻣	yuan	0	𨻣
cn_dicts/41448.dict.yaml	𩉯	yuan	0	𩉯
cn_dicts/41448.dict.yaml	𩌑	yuan	0	𩌑
cn_dicts/41448.dict.yaml	𩍻	yuan	0	𩍻
cn_dicts/41448.dict.yaml	𩐘	yuan	0	𩐘
cn_dicts/41448.dict.yaml	𩔃	yuan	0	𩔃
cn_dicts/41448.dict.yaml	𩕾	yuan	0	𩕾
cn_dicts/41448.dict.yaml	𩘍	yuan	0	𩘍
cn_dicts/41448.dict.yaml	𩛟	yuan	0	𩛟
cn_dicts/41448.dict.yaml	𩝸	yuan	0	𩝸
cn_dicts/41448.dict.yaml	𩟁	yuan	0	𩟁
cn_dicts/41448.dict.yaml	𩰵	yuan	0	𩰵
cn_dicts/41448.dict.yaml	𩾢	yuan	0	𩾢
cn_dicts/41448.dict.yaml	𪀝	yuan	0	𪀝
cn_dicts/41448.dict.yaml	𪂦	yuan	0	𪂦
cn_dicts/41448.dict.yaml	𪄁	yuan	0	𪄁
cn_dicts/41448.dict.yaml	𪔅	yuan	0	𪔅
cn_dicts/41448.dict.yaml	𪔗	yuan	0	𪔗
cn_dicts/41448.dict.yaml	𪔙	yuan	0	𪔙
cn_dicts/41448.dict.yaml	𪕀	yuan	0	𪕀
cn_dicts/41448.dict.yaml	㜧	yue	0	㜧
cn_dicts/41448.dict.yaml	㜰	yue	0	㜰
cn_dicts/41448.dict.yaml	㧒	yue	0	㧒
cn_dicts/41448.dict.yaml	㬦	yue	0	㬦
cn_dicts/41448.dict.yaml	㭾	yue	0	㭾
cn_dicts/41448.dict.yaml	㯞	yue	0	㯞
cn_dicts/41448.dict.yaml	㰛	yue	0	㰛
cn_dicts/41448.dict.yaml	㵸	yue	0	㵸
cn_dicts/41448.dict.yaml	㹊	yue	0	㹊
cn_dicts/41448.dict.yaml	䆕	yue	0	䆕
cn_dicts/41448.dict.yaml	䆢	yue	0	䆢
cn_dicts/41448.dict.yaml	䋐	yue	0	䋐
cn_dicts/41448.dict.yaml	䋤	yue	0	䋤
cn_dicts/41448.dict.yaml	䎀	yue	0	䎀
cn_dicts/41448.dict.yaml	䎳	yue	0	䎳
cn_dicts/41448.dict.yaml	䒸	yue	0	䒸
cn_dicts/41448.dict.yaml	䖃	yue	0	䖃
cn_dicts/41448.dict.yaml	䟑	yue	0	䟑
cn_dicts/41448.dict.yaml	䟠	yue	0	䟠
cn_dicts/41448.dict.yaml	䠯	yue	0	䠯
cn_dicts/41448.dict.yaml	䡇	yue	0	䡇
cn_dicts/41448.dict.yaml	䢁	yue	0	䢁
cn_dicts/41448.dict.yaml	䢲	yue	0	䢲
cn_dicts/41448.dict.yaml	䤦	yue	0	䤦
cn_dicts/41448.dict.yaml	䥃	yue	0	䥃
cn_dicts/41448.dict.yaml	䬂	yue	0	䬂
cn_dicts/41448.dict.yaml	䶳	yue	0	䶳
cn_dicts/41448.dict.yaml	𠏃	yue	0	𠏃
cn_dicts/41448.dict.yaml	𠔠	yue	0	𠔠
cn_dicts/41448.dict.yaml	𠨲	yue	0	𠨲
cn_dicts/41448.dict.yaml	𠩉	yue	0	𠩉
cn_dicts/41448.dict.yaml	𠪶	yue	0	𠪶
cn_dicts/41448.dict.yaml	𠯲	yue	0	𠯲
cn_dicts/41448.dict.yaml	𠾲	yue	0	𠾲
cn_dicts/41448.dict.yaml	𠿋	yue	0	𠿋
cn_dicts/41448.dict.yaml	𡆦	yue	0	𡆦
cn_dicts/41448.dict.yaml	𡆽	yue	0	𡆽
cn_dicts/41448.dict.yaml	𡛟	yue	0	𡛟
cn_dicts/41448.dict.yaml	𡡕	yue	0	𡡕
cn_dicts/41448.dict.yaml	𢁞	yue	0	𢁞
cn_dicts/41448.dict.yaml	𢦰	yue	0	𢦰
cn_dicts/41448.dict.yaml	𢯵	yue	0	𢯵
cn_dicts/41448.dict.yaml	𢾔	yue	0	𢾔
cn_dicts/41448.dict.yaml	𣌗	yue	0	𣌗
cn_dicts/41448.dict.yaml	𣎱	yue	0	𣎱
cn_dicts/41448.dict.yaml	𣐋	yue	0	𣐋
cn_dicts/41448.dict.yaml	𣤰	yue	0	𣤰
cn_dicts/41448.dict.yaml	𣦏	yue	0	𣦏
cn_dicts/41448.dict.yaml	𣨡	yue	0	𣨡
cn_dicts/41448.dict.yaml	𣻮	yue	0	𣻮
cn_dicts/41448.dict.yaml	𤑓	yue	0	𤑓
cn_dicts/41448.dict.yaml	𤓝	yue	0	𤓝
cn_dicts/41448.dict.yaml	𥆟	yue	0	𥆟
cn_dicts/41448.dict.yaml	𥩡	yue	0	𥩡
cn_dicts/41448.dict.yaml	𥸘	yue	0	𥸘
cn_dicts/41448.dict.yaml	𦋩	yue	0	𦋩
cn_dicts/41448.dict.yaml	𦘹	yue	0	𦘹
cn_dicts/41448.dict.yaml	𦚢	yue	0	𦚢
cn_dicts/41448.dict.yaml	𦣜	yue	0	𦣜
cn_dicts/41448.dict.yaml	𦤕	yue	0	𦤕
cn_dicts/41448.dict.yaml	𧀲	yue	0	𧀲
cn_dicts/41448.dict.yaml	𧅚	yue	0	𧅚
cn_dicts/41448.dict.yaml	𧇓	yue	0	𧇓
cn_dicts/41448.dict.yaml	𧕋	yue	0	𧕋
cn_dicts/41448.dict.yaml	𧤯	yue	0	𧤯
cn_dicts/41448.dict.yaml	𧤽	yue	0	𧤽
cn_dicts/41448.dict.yaml	𧨄	yue	0	𧨄
cn_dicts/41448.dict.yaml	𧯡	yue	0	𧯡
cn_dicts/41448.dict.yaml	𧹊	yue	0	𧹊
cn_dicts/41448.dict.yaml	𨁑	yue	0	𨁑
cn_dicts/41448.dict.yaml	𨈋	yue	0	𨈋
cn_dicts/41448.dict.yaml	𨊸	yue	0	𨊸
cn_dicts/41448.dict.yaml	𨒋	yue	0	𨒋
cn_dicts/41448.dict.yaml	𨙄	yue	0	𨙄
cn_dicts/41448.dict.yaml	𨳕	yue	0	𨳕
cn_dicts/41448.dict.yaml	𨵃	yue	0	𨵃
cn_dicts/41448.dict.yaml	𨷲	yue	0	𨷲
cn_dicts/41448.dict.yaml	𨿁	yue	0	𨿁
cn_dicts/41448.dict.yaml	𩁯	yue	0	𩁯
cn_dicts/41448.dict.yaml	𩎙	yue	0	𩎙
cn_dicts/41448.dict.yaml	𩓥	yue	0	𩓥
cn_dicts/41448.dict.yaml	𩚈	yue	0	𩚈
cn_dicts/41448.dict.yaml	𩜌	yue	0	𩜌
cn_dicts/41448.dict.yaml	𩱪	yue	0	𩱪
cn_dicts/41448.dict.yaml	𩱲	yue	0	𩱲
cn_dicts/41448.dict.yaml	𩿠	yue	0	𩿠
cn_dicts/41448.dict.yaml	𪁑	yue	0	𪁑
cn_dicts/41448.dict.yaml	𪒥	yue	0	𪒥
cn_dicts/41448.dict.yaml	𪘳	yue	0	𪘳
cn_dicts/41448.dict.yaml	㒁	yun	0	㒁
cn_dicts/41448.dict.yaml	㚃	yun	0	㚃
cn_dicts/41448.dict.yaml	㚞	yun	0	㚞
cn_dicts/41448.dict.yaml	㚺	yun	0	㚺
cn_dicts/41448.dict.yaml	㛣	yun	0	㛣
cn_dicts/41448.dict.yaml	㜏	yun	0	㜏
cn_dicts/41448.dict.yaml	㞌	yun	0	㞌
cn_dicts/41448.dict.yaml	㟦	yun	0	㟦
cn_dicts/41448.dict.yaml	㩈	yun	0	㩈
cn_dicts/41448.dict.yaml	㷉	yun	0	㷉
cn_dicts/41448.dict.yaml	㾓	yun	0	㾓
cn_dicts/41448.dict.yaml	䆬	yun	0	䆬
cn_dicts/41448.dict.yaml	䇖	yun	0	䇖
cn_dicts/41448.dict.yaml	䉙	yun	0	䉙
cn_dicts/41448.dict.yaml	䚋	yun	0	䚋
cn_dicts/41448.dict.yaml	䞫	yun	0	䞫
cn_dicts/41448.dict.yaml	䡝	yun	0	䡝
cn_dicts/41448.dict.yaml	䢵	yun	0	䢵
cn_dicts/41448.dict.yaml	䤞	yun	0	䤞
cn_dicts/41448.dict.yaml	䦾	yun	0	䦾
cn_dicts/41448.dict.yaml	䨶	yun	0	䨶
cn_dicts/41448.dict.yaml	䩵	yun	0	䩵
cn_dicts/41448.dict.yaml	䪳	yun	0	䪳
cn_dicts/41448.dict.yaml	䲰	yun	0	䲰
cn_dicts/41448.dict.yaml	䵴	yun	0	䵴
cn_dicts/41448.dict.yaml	𠈤	yun	0	𠈤
cn_dicts/41448.dict.yaml	𠚓	yun	0	𠚓
cn_dicts/41448.dict.yaml	𠣐	yun	0	𠣐
cn_dicts/41448.dict.yaml	𠱳	yun	0	𠱳
cn_dicts/41448.dict.yaml	𡅙	yun	0	𡅙
cn_dicts/41448.dict.yaml	𡖒	yun	0	𡖒
cn_dicts/41448.dict.yaml	𡢘	yun	0	𡢘
cn_dicts/41448.dict.yaml	𡲪	yun	0	𡲪
cn_dicts/41448.dict.yaml	𡽅	yun	0	𡽅
cn_dicts/41448.dict.yaml	𣂊	yun	0	𣂊
cn_dicts/41448.dict.yaml	𣖆	yun	0	𣖆
cn_dicts/41448.dict.yaml	𤸫	yun	0	𤸫
cn_dicts/41448.dict.yaml	𥐩	yun	0	𥐩
cn_dicts/41448.dict.yaml	𥠺	yun	0	𥠺
cn_dicts/41448.dict.yaml	𦅿	yun	0	𦅿
cn_dicts/41448.dict.yaml	𧉃	yun	0	𧉃
cn_dicts/41448.dict.yaml	𧡡	yun	0	𧡡
cn_dicts/41448.dict.yaml	𧥺	yun	0	𧥺
cn_dicts/41448.dict.yaml	𧥼	yun	0	𧥼
cn_dicts/41448.dict.yaml	𧬞	yun	0	𧬞
cn_dicts/41448.dict.yaml	𧶊	yun	0	𧶊
cn_dicts/41448.dict.yaml	𧼐	yun	0	𧼐
cn_dicts/41448.dict.yaml	𨍆	yun	0	𨍆
cn_dicts/41448.dict.yaml	𨛡	yun	0	𨛡
cn_dicts/41448.dict.yaml	𨷐	yun	0	𨷐
cn_dicts/41448.dict.yaml	𨸮	yun	0	𨸮
cn_dicts/41448.dict.yaml	𩁴	yun	0	𩁴
cn_dicts/41448.dict.yaml	𩂿	yun	0	𩂿
cn_dicts/41448.dict.yaml	𩋢	yun	0	𩋢
cn_dicts/41448.dict.yaml	𩏅	yun	0	𩏅
cn_dicts/41448.dict.yaml	𩏆	yun	0	𩏆
cn_dicts/41448.dict.yaml	𩴉	yun	0	𩴉
cn_dicts/41448.dict.yaml	𪍝	yun	0	𪍝
cn_dicts/41448.dict.yaml	𪏔	yun	0	𪏔
cn_dicts/41448.dict.yaml	𪏚	yun	0	𪏚
cn_dicts/41448.dict.yaml	𪘩	yun	0	𪘩
cn_dicts/41448.dict.yaml	㳨	za	0	㳨
cn_dicts/41448.dict.yaml	䕹	za	0	䕹
cn_dicts/41448.dict.yaml	䞙	za	0	䞙
cn_dicts/41448.dict.yaml	䦈	za	0	䦈
cn_dicts/41448.dict.yaml	䨿	za	0	䨿
cn_dicts/41448.dict.yaml	䪞	za	0	䪞
cn_dicts/41448.dict.yaml	𠛱	za	0	𠛱
cn_dicts/41448.dict.yaml	𠯗	za	0	𠯗
cn_dicts/41448.dict.yaml	𠱥	za	0	𠱥
cn_dicts/41448.dict.yaml	𠶿	za	0	𠶿
cn_dicts/41448.dict.yaml	𠷿	za	0	𠷿
cn_dicts/41448.dict.yaml	𠽷	za	0	𠽷
cn_dicts/41448.dict.yaml	𡁕	za	0	𡁕
cn_dicts/41448.dict.yaml	𢶍	za	0	𢶍
cn_dicts/41448.dict.yaml	𢹼	za	0	𢹼
cn_dicts/41448.dict.yaml	𢽜	za	0	𢽜
cn_dicts/41448.dict.yaml	𣗁	za	0	𣗁
cn_dicts/41448.dict.yaml	𣤶	za	0	𣤶
cn_dicts/41448.dict.yaml	𣤷	za	0	𣤷
cn_dicts/41448.dict.yaml	𣤺	za	0	𣤺
cn_dicts/41448.dict.yaml	𣴖	za	0	𣴖
cn_dicts/41448.dict.yaml	𣸐	za	0	𣸐
cn_dicts/41448.dict.yaml	𤄔	za	0	𤄔
cn_dicts/41448.dict.yaml	𤄖	za	0	𤄖
cn_dicts/41448.dict.yaml	𤠀	za	0	𤠀
cn_dicts/41448.dict.yaml	𥷩	za	0	𥷩
cn_dicts/41448.dict.yaml	𦠛	za	0	𦠛
cn_dicts/41448.dict.yaml	𦾬	za	0	𦾬
cn_dicts/41448.dict.yaml	𧄽	za	0	𧄽
cn_dicts/41448.dict.yaml	𧌃	za	0	𧌃
cn_dicts/41448.dict.yaml	𧬩	za	0	𧬩
cn_dicts/41448.dict.yaml	𧾁	za	0	𧾁
cn_dicts/41448.dict.yaml	𨠿	za	0	𨠿
cn_dicts/41448.dict.yaml	𨤃	za	0	𨤃
cn_dicts/41448.dict.yaml	𩇺	za	0	𩇺
cn_dicts/41448.dict.yaml	𩞶	za	0	𩞶
cn_dicts/41448.dict.yaml	𩯳	za	0	𩯳
cn_dicts/41448.dict.yaml	𩵢	za	0	𩵢
cn_dicts/41448.dict.yaml	𪚇	za	0	𪚇
cn_dicts/41448.dict.yaml	㞨	zai	0	㞨
cn_dicts/41448.dict.yaml	㱰	zai	0	㱰
cn_dicts/41448.dict.yaml	㴓	zai	0	㴓
cn_dicts/41448.dict.yaml	䏁	zai	0	䏁
cn_dicts/41448.dict.yaml	䣬	zai	0	䣬
cn_dicts/41448.dict.yaml	䮨	zai	0	䮨
cn_dicts/41448.dict.yaml	䵧	zai	0	䵧
cn_dicts/41448.dict.yaml	𠎶	zai	0	𠎶
cn_dicts/41448.dict.yaml	𡉄	zai	0	𡉄
cn_dicts/41448.dict.yaml	𡿧	zai	0	𡿧
cn_dicts/41448.dict.yaml	𢎋	zai	0	𢎋
cn_dicts/41448.dict.yaml	𢦏	zai	0	𢦏
cn_dicts/41448.dict.yaml	𢦒	zai	0	𢦒
cn_dicts/41448.dict.yaml	𣅃	zai	0	𣅃
cn_dicts/41448.dict.yaml	𣔮	zai	0	𣔮
cn_dicts/41448.dict.yaml	𣪮	zai	0	𣪮
cn_dicts/41448.dict.yaml	𤆄	zai	0	𤆄
cn_dicts/41448.dict.yaml	𤌊	zai	0	𤌊
cn_dicts/41448.dict.yaml	𤝖	zai	0	𤝖
cn_dicts/41448.dict.yaml	𤞳	zai	0	𤞳
cn_dicts/41448.dict.yaml	𦞁	zai	0	𦞁
cn_dicts/41448.dict.yaml	𦳦	zai	0	𦳦
cn_dicts/41448.dict.yaml	𧯥	zai	0	𧯥
cn_dicts/41448.dict.yaml	𨀬	zai	0	𨀬
cn_dicts/41448.dict.yaml	𨙴	zai	0	𨙴
cn_dicts/41448.dict.yaml	𨚵	zai	0	𨚵
cn_dicts/41448.dict.yaml	𩛥	zai	0	𩛥
cn_dicts/41448.dict.yaml	𩛳	zai	0	𩛳
cn_dicts/41448.dict.yaml	㔆	zan	0	㔆
cn_dicts/41448.dict.yaml	㙻	zan	0	㙻
cn_dicts/41448.dict.yaml	㜺	zan	0	㜺
cn_dicts/41448.dict.yaml	㟛	zan	0	㟛
cn_dicts/41448.dict.yaml	㣅	zan	0	㣅
cn_dicts/41448.dict.yaml	㤰	zan	0	㤰
cn_dicts/41448.dict.yaml	㨻	zan	0	㨻
cn_dicts/41448.dict.yaml	㳨	zan	0	㳨
cn_dicts/41448.dict.yaml	䍝	zan	0	䍝
cn_dicts/41448.dict.yaml	䗞	zan	0	䗞
cn_dicts/41448.dict.yaml	䙉	zan	0	䙉
cn_dicts/41448.dict.yaml	䟃	zan	0	䟃
cn_dicts/41448.dict.yaml	䟅	zan	0	䟅
cn_dicts/41448.dict.yaml	䥄	zan	0	䥄
cn_dicts/41448.dict.yaml	䬤	zan	0	䬤
cn_dicts/41448.dict.yaml	䭕	zan	0	䭕
cn_dicts/41448.dict.yaml	𠼗	zan	0	𠼗
cn_dicts/41448.dict.yaml	𡡖	zan	0	𡡖
cn_dicts/41448.dict.yaml	𢄤	zan	0	𢄤
cn_dicts/41448.dict.yaml	𣤶	zan	0	𣤶
cn_dicts/41448.dict.yaml	𣸄	zan	0	𣸄
cn_dicts/41448.dict.yaml	𥎑	zan	0	𥎑
cn_dicts/41448.dict.yaml	𥜙	zan	0	𥜙
cn_dicts/41448.dict.yaml	𥳋	zan	0	𥳋
cn_dicts/41448.dict.yaml	𥸢	zan	0	𥸢
cn_dicts/41448.dict.yaml	𧄽	zan	0	𧄽
cn_dicts/41448.dict.yaml	𨖋	zan	0	𨖋
cn_dicts/41448.dict.yaml	𨘄	zan	0	𨘄
cn_dicts/41448.dict.yaml	𨙏	zan	0	𨙏
cn_dicts/41448.dict.yaml	𩛻	zan	0	𩛻
cn_dicts/41448.dict.yaml	𩯳	zan	0	𩯳
cn_dicts/41448.dict.yaml	㘸	zang	0	㘸
cn_dicts/41448.dict.yaml	𡁧	zang	0	𡁧
cn_dicts/41448.dict.yaml	𡅆	zang	0	𡅆
cn_dicts/41448.dict.yaml	𢈜	zang	0	𢈜
cn_dicts/41448.dict.yaml	𢍈	zang	0	𢍈
cn_dicts/41448.dict.yaml	𢍿	zang	0	𢍿
cn_dicts/41448.dict.yaml	𣻟	zang	0	𣻟
cn_dicts/41448.dict.yaml	𤃼	zang	0	𤃼
cn_dicts/41448.dict.yaml	𤛻	zang	0	𤛻
cn_dicts/41448.dict.yaml	𤞛	zang	0	𤞛
cn_dicts/41448.dict.yaml	𦟃	zang	0	𦟃
cn_dicts/41448.dict.yaml	𧕨	zang	0	𧕨
cn_dicts/41448.dict.yaml	𨌄	zang	0	𨌄
cn_dicts/41448.dict.yaml	𪓅	zang	0	𪓅
cn_dicts/41448.dict.yaml	㯥	zao	0	㯥
cn_dicts/41448.dict.yaml	㲧	zao	0	㲧
cn_dicts/41448.dict.yaml	㷮	zao	0	㷮
cn_dicts/41448.dict.yaml	䒃	zao	0	䒃
cn_dicts/41448.dict.yaml	䖣	zao	0	䖣
cn_dicts/41448.dict.yaml	䗢	zao	0	䗢
cn_dicts/41448.dict.yaml	䜊	zao	0	䜊
cn_dicts/41448.dict.yaml	䥣	zao	0	䥣
cn_dicts/41448.dict.yaml	䲃	zao	0	䲃
cn_dicts/41448.dict.yaml	𠙬	zao	0	𠙬
cn_dicts/41448.dict.yaml	𠴵	zao	0	𠴵
cn_dicts/41448.dict.yaml	𡐋	zao	0	𡐋
cn_dicts/41448.dict.yaml	𡨗	zao	0	𡨗
cn_dicts/41448.dict.yaml	𢄀	zao	0	𢄀
cn_dicts/41448.dict.yaml	𢑖	zao	0	𢑖
cn_dicts/41448.dict.yaml	𢲵	zao	0	𢲵
cn_dicts/41448.dict.yaml	𢵥	zao	0	𢵥
cn_dicts/41448.dict.yaml	𣍖	zao	0	𣍖
cn_dicts/41448.dict.yaml	𣩒	zao	0	𣩒
cn_dicts/41448.dict.yaml	𣴢	zao	0	𣴢
cn_dicts/41448.dict.yaml	𤍜	zao	0	𤍜
cn_dicts/41448.dict.yaml	𤞋	zao	0	𤞋
cn_dicts/41448.dict.yaml	𤟀	zao	0	𤟀
cn_dicts/41448.dict.yaml	𤩨	zao	0	𤩨
cn_dicts/41448.dict.yaml	𥀛	zao	0	𥀛
cn_dicts/41448.dict.yaml	𦯑	zao	0	𦯑
cn_dicts/41448.dict.yaml	𦵩	zao	0	𦵩
cn_dicts/41448.dict.yaml	𧈹	zao	0	𧈹
cn_dicts/41448.dict.yaml	𧎮	zao	0	𧎮
cn_dicts/41448.dict.yaml	𧻰	zao	0	𧻰
cn_dicts/41448.dict.yaml	𨎮	zao	0	𨎮
cn_dicts/41448.dict.yaml	𨒽	zao	0	𨒽
cn_dicts/41448.dict.yaml	𨚰	zao	0	𨚰
cn_dicts/41448.dict.yaml	𨠷	zao	0	𨠷
cn_dicts/41448.dict.yaml	𨤇	zao	0	𨤇
cn_dicts/41448.dict.yaml	𪙡	zao	0	𪙡
cn_dicts/41448.dict.yaml	㖽	ze	0	㖽
cn_dicts/41448.dict.yaml	㟙	ze	0	㟙
cn_dicts/41448.dict.yaml	㢎	ze	0	㢎
cn_dicts/41448.dict.yaml	㣱	ze	0	㣱
cn_dicts/41448.dict.yaml	㥽	ze	0	㥽
cn_dicts/41448.dict.yaml	㮣	ze	0	㮣
cn_dicts/41448.dict.yaml	㳁	ze	0	㳁
cn_dicts/41448.dict.yaml	㳻	ze	0	㳻
cn_dicts/41448.dict.yaml	㻭	ze	0	㻭
cn_dicts/41448.dict.yaml	䂝	ze	0	䂝
cn_dicts/41448.dict.yaml	䅚	ze	0	䅚
cn_dicts/41448.dict.yaml	䇥	ze	0	䇥
cn_dicts/41448.dict.yaml	䔾	ze	0	䔾
cn_dicts/41448.dict.yaml	䕉	ze	0	䕉
cn_dicts/41448.dict.yaml	䕪	ze	0	䕪
cn_dicts/41448.dict.yaml	䯔	ze	0	䯔
cn_dicts/41448.dict.yaml	䰹	ze	0	䰹
cn_dicts/41448.dict.yaml	䶡	ze	0	䶡
cn_dicts/41448.dict.yaml	䶦	ze	0	䶦
cn_dicts/41448.dict.yaml	𠟻	ze	0	𠟻
cn_dicts/41448.dict.yaml	𠨻	ze	0	𠨻
cn_dicts/41448.dict.yaml	𠷌	ze	0	𠷌
cn_dicts/41448.dict.yaml	𡵗	ze	0	𡵗
cn_dicts/41448.dict.yaml	𡸈	ze	0	𡸈
cn_dicts/41448.dict.yaml	𡸦	ze	0	𡸦
cn_dicts/41448.dict.yaml	𡹨	ze	0	𡹨
cn_dicts/41448.dict.yaml	𢍰	ze	0	𢍰
cn_dicts/41448.dict.yaml	𢧠	ze	0	𢧠
cn_dicts/41448.dict.yaml	𢮚	ze	0	𢮚
cn_dicts/41448.dict.yaml	𢯩	ze	0	𢯩
cn_dicts/41448.dict.yaml	𣆽	ze	0	𣆽
cn_dicts/41448.dict.yaml	𣛸	ze	0	𣛸
cn_dicts/41448.dict.yaml	𣤈	ze	0	𣤈
cn_dicts/41448.dict.yaml	𣬿	ze	0	𣬿
cn_dicts/41448.dict.yaml	𣼦	ze	0	𣼦
cn_dicts/41448.dict.yaml	𣽎	ze	0	𣽎
cn_dicts/41448.dict.yaml	𣿐	ze	0	𣿐
cn_dicts/41448.dict.yaml	𤖓	ze	0	𤖓
cn_dicts/41448.dict.yaml	𤢟	ze	0	𤢟
cn_dicts/41448.dict.yaml	𥍱	ze	0	𥍱
cn_dicts/41448.dict.yaml	𥎍	ze	0	𥎍
cn_dicts/41448.dict.yaml	𥟔	ze	0	𥟔
cn_dicts/41448.dict.yaml	𥼃	ze	0	𥼃
cn_dicts/41448.dict.yaml	𦔈	ze	0	𦔈
cn_dicts/41448.dict.yaml	𦟜	ze	0	𦟜
cn_dicts/41448.dict.yaml	𧶷	ze	0	𧶷
cn_dicts/41448.dict.yaml	𨕠	ze	0	𨕠
cn_dicts/41448.dict.yaml	𨖊	ze	0	𨖊
cn_dicts/41448.dict.yaml	𩂖	ze	0	𩂖
cn_dicts/41448.dict.yaml	𩄾	ze	0	𩄾
cn_dicts/41448.dict.yaml	𩌪	ze	0	𩌪
cn_dicts/41448.dict.yaml	𩔳	ze	0	𩔳
cn_dicts/41448.dict.yaml	𩾸	ze	0	𩾸
cn_dicts/41448.dict.yaml	𪌟	ze	0	𪌟
cn_dicts/41448.dict.yaml	㖽	zei	0	㖽
cn_dicts/41448.dict.yaml	𢨗	zei	0	𢨗
cn_dicts/41448.dict.yaml	𦽒	zei	0	𦽒
cn_dicts/41448.dict.yaml	𧒿	zei	0	𧒿
cn_dicts/41448.dict.yaml	𨆎	zei	0	𨆎
cn_dicts/41448.dict.yaml	㻸	zen	0	㻸
cn_dicts/41448.dict.yaml	䫈	zen	0	䫈
cn_dicts/41448.dict.yaml	㽪	zeng	0	㽪
cn_dicts/41448.dict.yaml	䇸	zeng	0	䇸
cn_dicts/41448.dict.yaml	䙢	zeng	0	䙢
cn_dicts/41448.dict.yaml	䰝	zeng	0	䰝
cn_dicts/41448.dict.yaml	䵴	zeng	0	䵴
cn_dicts/41448.dict.yaml	𡡑	zeng	0	𡡑
cn_dicts/41448.dict.yaml	𡾽	zeng	0	𡾽
cn_dicts/41448.dict.yaml	𤎯	zeng	0	𤎯
cn_dicts/41448.dict.yaml	𦀓	zeng	0	𦀓
cn_dicts/41448.dict.yaml	𦼏	zeng	0	𦼏
cn_dicts/41448.dict.yaml	𧢐	zeng	0	𧢐
cn_dicts/41448.dict.yaml	𨲯	zeng	0	𨲯
cn_dicts/41448.dict.yaml	𪒟	zeng	0	𪒟
cn_dicts/41448.dict.yaml	𪙭	zeng	0	𪙭
cn_dicts/41448.dict.yaml	㑵	zha	0	㑵
cn_dicts/41448.dict.yaml	㒀	zha	0	㒀
cn_dicts/41448.dict.yaml	㓃	zha	0	㓃
cn_dicts/41448.dict.yaml	㔍	zha	0	㔍
cn_dicts/41448.dict.yaml	㗬	zha	0	㗬
cn_dicts/41448.dict.yaml	㚫	zha	0	㚫
cn_dicts/41448.dict.yaml	㞚	zha	0	㞚
cn_dicts/41448.dict.yaml	㡸	zha	0	㡸
cn_dicts/41448.dict.yaml	㩹	zha	0	㩹
cn_dicts/41448.dict.yaml	㪥	zha	0	㪥
cn_dicts/41448.dict.yaml	㱜	zha	0	㱜
cn_dicts/41448.dict.yaml	㳐	zha	0	㳐
cn_dicts/41448.dict.yaml	㴙	zha	0	㴙
cn_dicts/41448.dict.yaml	㷢	zha	0	㷢
cn_dicts/41448.dict.yaml	㽪	zha	0	㽪
cn_dicts/41448.dict.yaml	䄍	zha	0	䄍
cn_dicts/41448.dict.yaml	䄰	zha	0	䄰
cn_dicts/41448.dict.yaml	䆛	zha	0	䆛
cn_dicts/41448.dict.yaml	䋾	zha	0	䋾
cn_dicts/41448.dict.yaml	䕢	zha	0	䕢
cn_dicts/41448.dict.yaml	䖳	zha	0	䖳
cn_dicts/41448.dict.yaml	䙄	zha	0	䙄
cn_dicts/41448.dict.yaml	䛽	zha	0	䛽
cn_dicts/41448.dict.yaml	䞢	zha	0	䞢
cn_dicts/41448.dict.yaml	䢱	zha	0	䢱
cn_dicts/41448.dict.yaml	䥷	zha	0	䥷
cn_dicts/41448.dict.yaml	䮜	zha	0	䮜
cn_dicts/41448.dict.yaml	䱹	zha	0	䱹
cn_dicts/41448.dict.yaml	䵙	zha	0	䵙
cn_dicts/41448.dict.yaml	䵵	zha	0	䵵
cn_dicts/41448.dict.yaml	䶥	zha	0	䶥
cn_dicts/41448.dict.yaml	𠍹	zha	0	𠍹
cn_dicts/41448.dict.yaml	𠓣	zha	0	𠓣
cn_dicts/41448.dict.yaml	𠝚	zha	0	𠝚
cn_dicts/41448.dict.yaml	𠝝	zha	0	𠝝
cn_dicts/41448.dict.yaml	𠢙	zha	0	𠢙
cn_dicts/41448.dict.yaml	𠢡	zha	0	𠢡
cn_dicts/41448.dict.yaml	𠭯	zha	0	𠭯
cn_dicts/41448.dict.yaml	𠯩	zha	0	𠯩
cn_dicts/41448.dict.yaml	𠰏	zha	0	𠰏
cn_dicts/41448.dict.yaml	𠽣	zha	0	𠽣
cn_dicts/41448.dict.yaml	𡎫	zha	0	𡎫
cn_dicts/41448.dict.yaml	𡗸	zha	0	𡗸
cn_dicts/41448.dict.yaml	𡟢	zha	0	𡟢
cn_dicts/41448.dict.yaml	𢄄	zha	0	𢄄
cn_dicts/41448.dict.yaml	𢕮	zha	0	𢕮
cn_dicts/41448.dict.yaml	𢧖	zha	0	𢧖
cn_dicts/41448.dict.yaml	𢧻	zha	0	𢧻
cn_dicts/41448.dict.yaml	𣛽	zha	0	𣛽
cn_dicts/41448.dict.yaml	𣟦	zha	0	𣟦
cn_dicts/41448.dict.yaml	𣧖	zha	0	𣧖
cn_dicts/41448.dict.yaml	𣹧	zha	0	𣹧
cn_dicts/41448.dict.yaml	𣽛	zha	0	𣽛
cn_dicts/41448.dict.yaml	𤁳	zha	0	𤁳
cn_dicts/41448.dict.yaml	𤈩	zha	0	𤈩
cn_dicts/41448.dict.yaml	𤡨	zha	0	𤡨
cn_dicts/41448.dict.yaml	𤰦	zha	0	𤰦
cn_dicts/41448.dict.yaml	𤵦	zha	0	𤵦
cn_dicts/41448.dict.yaml	𤹡	zha	0	𤹡
cn_dicts/41448.dict.yaml	𥀈	zha	0	𥀈
cn_dicts/41448.dict.yaml	𥀉	zha	0	𥀉
cn_dicts/41448.dict.yaml	𥝾	zha	0	𥝾
cn_dicts/41448.dict.yaml	𥡧	zha	0	𥡧
cn_dicts/41448.dict.yaml	𥬰	zha	0	𥬰
cn_dicts/41448.dict.yaml	𥰭	zha	0	𥰭
cn_dicts/41448.dict.yaml	𥹁	zha	0	𥹁
cn_dicts/41448.dict.yaml	𦂉	zha	0	𦂉
cn_dicts/41448.dict.yaml	𦑯	zha	0	𦑯
cn_dicts/41448.dict.yaml	𦝥	zha	0	𦝥
cn_dicts/41448.dict.yaml	𦟰	zha	0	𦟰
cn_dicts/41448.dict.yaml	𦳏	zha	0	𦳏
cn_dicts/41448.dict.yaml	𧄠	zha	0	𧄠
cn_dicts/41448.dict.yaml	𧉫	zha	0	𧉫
cn_dicts/41448.dict.yaml	𧧻	zha	0	𧧻
cn_dicts/41448.dict.yaml	𧨊	zha	0	𧨊
cn_dicts/41448.dict.yaml	𧨿	zha	0	𧨿
cn_dicts/41448.dict.yaml	𧩫	zha	0	𧩫
cn_dicts/41448.dict.yaml	𧬅	zha	0	𧬅
cn_dicts/41448.dict.yaml	𧶇	zha	0	𧶇
cn_dicts/41448.dict.yaml	𧼰	zha	0	𧼰
cn_dicts/41448.dict.yaml	𧼶	zha	0	𧼶
cn_dicts/41448.dict.yaml	𧽅	zha	0	𧽅
cn_dicts/41448.dict.yaml	𧿌	zha	0	𧿌
cn_dicts/41448.dict.yaml	𨂵	zha	0	𨂵
cn_dicts/41448.dict.yaml	𨅓	zha	0	𨅓
cn_dicts/41448.dict.yaml	𨋘	zha	0	𨋘
cn_dicts/41448.dict.yaml	𨡗	zha	0	𨡗
cn_dicts/41448.dict.yaml	𨢦	zha	0	𨢦
cn_dicts/41448.dict.yaml	𩃡	zha	0	𩃡
cn_dicts/41448.dict.yaml	𩃹	zha	0	𩃹
cn_dicts/41448.dict.yaml	𩥠	zha	0	𩥠
cn_dicts/41448.dict.yaml	𩩥	zha	0	𩩥
cn_dicts/41448.dict.yaml	𩬟	zha	0	𩬟
cn_dicts/41448.dict.yaml	𩮎	zha	0	𩮎
cn_dicts/41448.dict.yaml	𩳶	zha	0	𩳶
cn_dicts/41448.dict.yaml	𩶱	zha	0	𩶱
cn_dicts/41448.dict.yaml	𩻢	zha	0	𩻢
cn_dicts/41448.dict.yaml	𩼫	zha	0	𩼫
cn_dicts/41448.dict.yaml	𩿤	zha	0	𩿤
cn_dicts/41448.dict.yaml	𪗭	zha	0	𪗭
cn_dicts/41448.dict.yaml	𪗵	zha	0	𪗵
cn_dicts/41448.dict.yaml	㟙	zhai	0	㟙
cn_dicts/41448.dict.yaml	㡯	zhai	0	㡯
cn_dicts/41448.dict.yaml	㢎	zhai	0	㢎
cn_dicts/41448.dict.yaml	㩟	zhai	0	㩟
cn_dicts/41448.dict.yaml	䍉	zhai	0	䍉
cn_dicts/41448.dict.yaml	䑲	zhai	0	䑲
cn_dicts/41448.dict.yaml	䓱	zhai	0	䓱
cn_dicts/41448.dict.yaml	䔝	zhai	0	䔝
cn_dicts/41448.dict.yaml	𠏰	zhai	0	𠏰
cn_dicts/41448.dict.yaml	𠑞	zhai	0	𠑞
cn_dicts/41448.dict.yaml	𠞶	zhai	0	𠞶
cn_dicts/41448.dict.yaml	𠫸	zhai	0	𠫸
cn_dicts/41448.dict.yaml	𠵠	zhai	0	𠵠
cn_dicts/41448.dict.yaml	𠷒	zhai	0	𠷒
cn_dicts/41448.dict.yaml	𡅓	zhai	0	𡅓
cn_dicts/41448.dict.yaml	𡍥	zhai	0	𡍥
cn_dicts/41448.dict.yaml	𢋿	zhai	0	𢋿
cn_dicts/41448.dict.yaml	𢯌	zhai	0	𢯌
cn_dicts/41448.dict.yaml	𢴨	zhai	0	𢴨
cn_dicts/41448.dict.yaml	𣩭	zhai	0	𣩭
cn_dicts/41448.dict.yaml	𤞮	zhai	0	𤞮
cn_dicts/41448.dict.yaml	𤢒	zhai	0	𤢒
cn_dicts/41448.dict.yaml	𤻦	zhai	0	𤻦
cn_dicts/41448.dict.yaml	𥍪	zhai	0	𥍪
cn_dicts/41448.dict.yaml	𥞅	zhai	0	𥞅
cn_dicts/41448.dict.yaml	𥰾	zhai	0	𥰾
cn_dicts/41448.dict.yaml	𦑱	zhai	0	𦑱
cn_dicts/41448.dict.yaml	𦤧	zhai	0	𦤧
cn_dicts/41448.dict.yaml	𧲻	zhai	0	𧲻
cn_dicts/41448.dict.yaml	𧻍	zhai	0	𧻍
cn_dicts/41448.dict.yaml	𨅪	zhai	0	𨅪
cn_dicts/41448.dict.yaml	𨝋	zhai	0	𨝋
cn_dicts/41448.dict.yaml	𩏪	zhai	0	𩏪
cn_dicts/41448.dict.yaml	𩝿	zhai	0	𩝿
cn_dicts/41448.dict.yaml	𩬫	zhai	0	𩬫
cn_dicts/41448.dict.yaml	𩱳	zhai	0	𩱳
cn_dicts/41448.dict.yaml	𪀥	zhai	0	𪀥
cn_dicts/41448.dict.yaml	𪑽	zhai	0	𪑽
cn_dicts/41448.dict.yaml	𪗒	zhai	0	𪗒
cn_dicts/41448.dict.yaml	𪗓	zhai	0	𪗓
cn_dicts/41448.dict.yaml	𪘇	zhai	0	𪘇
cn_dicts/41448.dict.yaml	𪘨	zhai	0	𪘨
cn_dicts/41448.dict.yaml	𪚎	zhai	0	𪚎
cn_dicts/41448.dict.yaml	㙴	zhan	0	㙴
cn_dicts/41448.dict.yaml	㜊	zhan	0	㜊
cn_dicts/41448.dict.yaml	㞡	zhan	0	㞡
cn_dicts/41448.dict.yaml	㟞	zhan	0	㟞
cn_dicts/41448.dict.yaml	㠭	zhan	0	㠭
cn_dicts/41448.dict.yaml	㣶	zhan	0	㣶
cn_dicts/41448.dict.yaml	㺘	zhan	0	㺘
cn_dicts/41448.dict.yaml	㻵	zhan	0	㻵
cn_dicts/41448.dict.yaml	䁪	zhan	0	䁪
cn_dicts/41448.dict.yaml	䁴	zhan	0	䁴
cn_dicts/41448.dict.yaml	䈴	zhan	0	䈴
cn_dicts/41448.dict.yaml	䋎	zhan	0	䋎
cn_dicts/41448.dict.yaml	䎒	zhan	0	䎒
cn_dicts/41448.dict.yaml	䐤	zhan	0	䐤
cn_dicts/41448.dict.yaml	䗃	zhan	0	䗃
cn_dicts/41448.dict.yaml	䗞	zhan	0	䗞
cn_dicts/41448.dict.yaml	䘺	zhan	0	䘺
cn_dicts/41448.dict.yaml	䟋	zhan	0	䟋
cn_dicts/41448.dict.yaml	䡀	zhan	0	䡀
cn_dicts/41448.dict.yaml	䦅	zhan	0	䦅
cn_dicts/41448.dict.yaml	䧯	zhan	0	䧯
cn_dicts/41448.dict.yaml	䩅	zhan	0	䩅
cn_dicts/41448.dict.yaml	䩆	zhan	0	䩆
cn_dicts/41448.dict.yaml	䪌	zhan	0	䪌
cn_dicts/41448.dict.yaml	䱠	zhan	0	䱠
cn_dicts/41448.dict.yaml	䱼	zhan	0	䱼
cn_dicts/41448.dict.yaml	䳻	zhan	0	䳻
cn_dicts/41448.dict.yaml	䵣	zhan	0	䵣
cn_dicts/41448.dict.yaml	龪	zhan	0	龪
cn_dicts/41448.dict.yaml	𠌲	zhan	0	𠌲
cn_dicts/41448.dict.yaml	𠟉	zhan	0	𠟉
cn_dicts/41448.dict.yaml	𠟧	zhan	0	𠟧
cn_dicts/41448.dict.yaml	𡁳	zhan	0	𡁳
cn_dicts/41448.dict.yaml	𡅹	zhan	0	𡅹
cn_dicts/41448.dict.yaml	𡓦	zhan	0	𡓦
cn_dicts/41448.dict.yaml	𡕁	zhan	0	𡕁
cn_dicts/41448.dict.yaml	𡭞	zhan	0	𡭞
cn_dicts/41448.dict.yaml	𡽻	zhan	0	𡽻
cn_dicts/41448.dict.yaml	𢅺	zhan	0	𢅺
cn_dicts/41448.dict.yaml	𢈽	zhan	0	𢈽
cn_dicts/41448.dict.yaml	𢤚	zhan	0	𢤚
cn_dicts/41448.dict.yaml	𢧗	zhan	0	𢧗
cn_dicts/41448.dict.yaml	𢵈	zhan	0	𢵈
cn_dicts/41448.dict.yaml	𣀁	zhan	0	𣀁
cn_dicts/41448.dict.yaml	𣛷	zhan	0	𣛷
cn_dicts/41448.dict.yaml	𣢤	zhan	0	𣢤
cn_dicts/41448.dict.yaml	𣮿	zhan	0	𣮿
cn_dicts/41448.dict.yaml	𣳤	zhan	0	𣳤
cn_dicts/41448.dict.yaml	𤖆	zhan	0	𤖆
cn_dicts/41448.dict.yaml	𤘇	zhan	0	𤘇
cn_dicts/41448.dict.yaml	𤜇	zhan	0	𤜇
cn_dicts/41448.dict.yaml	𥙡	zhan	0	𥙡
cn_dicts/41448.dict.yaml	𥮒	zhan	0	𥮒
cn_dicts/41448.dict.yaml	𥴐	zhan	0	𥴐
cn_dicts/41448.dict.yaml	𥶕	zhan	0	𥶕
cn_dicts/41448.dict.yaml	𥿜	zhan	0	𥿜
cn_dicts/41448.dict.yaml	𦈻	zhan	0	𦈻
cn_dicts/41448.dict.yaml	𦗢	zhan	0	𦗢
cn_dicts/41448.dict.yaml	𦧚	zhan	0	𦧚
cn_dicts/41448.dict.yaml	𦪣	zhan	0	𦪣
cn_dicts/41448.dict.yaml	𧀡	zhan	0	𧀡
cn_dicts/41448.dict.yaml	𧂁	zhan	0	𧂁
cn_dicts/41448.dict.yaml	𧋱	zhan	0	𧋱
cn_dicts/41448.dict.yaml	𧎰	zhan	0	𧎰
cn_dicts/41448.dict.yaml	𧒝	zhan	0	𧒝
cn_dicts/41448.dict.yaml	𧔡	zhan	0	𧔡
cn_dicts/41448.dict.yaml	𧖉	zhan	0	𧖉
cn_dicts/41448.dict.yaml	𧙭	zhan	0	𧙭
cn_dicts/41448.dict.yaml	𧝑	zhan	0	𧝑
cn_dicts/41448.dict.yaml	𧬆	zhan	0	𧬆
cn_dicts/41448.dict.yaml	𧮪	zhan	0	𧮪
cn_dicts/41448.dict.yaml	𧮺	zhan	0	𧮺
cn_dicts/41448.dict.yaml	𧲮	zhan	0	𧲮
cn_dicts/41448.dict.yaml	𧸪	zhan	0	𧸪
cn_dicts/41448.dict.yaml	𧽆	zhan	0	𧽆
cn_dicts/41448.dict.yaml	𧾍	zhan	0	𧾍
cn_dicts/41448.dict.yaml	𨇩	zhan	0	𨇩
cn_dicts/41448.dict.yaml	𨊈	zhan	0	𨊈
cn_dicts/41448.dict.yaml	𨣁	zhan	0	𨣁
cn_dicts/41448.dict.yaml	𨣚	zhan	0	𨣚
cn_dicts/41448.dict.yaml	𨫀	zhan	0	𨫀
cn_dicts/41448.dict.yaml	𨭖	zhan	0	𨭖
cn_dicts/41448.dict.yaml	𨺿	zhan	0	𨺿
cn_dicts/41448.dict.yaml	𨼈	zhan	0	𨼈
cn_dicts/41448.dict.yaml	𨼮	zhan	0	𨼮
cn_dicts/41448.dict.yaml	𩆯	zhan	0	𩆯
cn_dicts/41448.dict.yaml	𩉗	zhan	0	𩉗
cn_dicts/41448.dict.yaml	𩔣	zhan	0	𩔣
cn_dicts/41448.dict.yaml	𩕊	zhan	0	𩕊
cn_dicts/41448.dict.yaml	𩛻	zhan	0	𩛻
cn_dicts/41448.dict.yaml	𩥇	zhan	0	𩥇
cn_dicts/41448.dict.yaml	𩰃	zhan	0	𩰃
cn_dicts/41448.dict.yaml	𩼼	zhan	0	𩼼
cn_dicts/41448.dict.yaml	𪃋	zhan	0	𪃋
cn_dicts/41448.dict.yaml	𪆲	zhan	0	𪆲
cn_dicts/41448.dict.yaml	𪉜	zhan	0	𪉜
cn_dicts/41448.dict.yaml	𪏉	zhan	0	𪏉
cn_dicts/41448.dict.yaml	𪗦	zhan	0	𪗦
cn_dicts/41448.dict.yaml	𪘪	zhan	0	𪘪
cn_dicts/41448.dict.yaml	㕩	zhang	0	㕩
cn_dicts/41448.dict.yaml	㙊	zhang	0	㙊
cn_dicts/41448.dict.yaml	㙣	zhang	0	㙣
cn_dicts/41448.dict.yaml	㢓	zhang	0	㢓
cn_dicts/41448.dict.yaml	㽴	zhang	0	㽴
cn_dicts/41448.dict.yaml	𠅹	zhang	0	𠅹
cn_dicts/41448.dict.yaml	𠫝	zhang	0	𠫝
cn_dicts/41448.dict.yaml	𡈠	zhang	0	𡈠
cn_dicts/41448.dict.yaml	𡑄	zhang	0	𡑄
cn_dicts/41448.dict.yaml	𡚹	zhang	0	𡚹
cn_dicts/41448.dict.yaml	𢕎	zhang	0	𢕎
cn_dicts/41448.dict.yaml	𢕔	zhang	0	𢕔
cn_dicts/41448.dict.yaml	𢩰	zhang	0	𢩰
cn_dicts/41448.dict.yaml	𢪾	zhang	0	𢪾
cn_dicts/41448.dict.yaml	𢷢	zhang	0	𢷢
cn_dicts/41448.dict.yaml	𣌞	zhang	0	𣌞
cn_dicts/41448.dict.yaml	𣾦	zhang	0	𣾦
cn_dicts/41448.dict.yaml	𤍤	zhang	0	𤍤
cn_dicts/41448.dict.yaml	𤓯	zhang	0	𤓯
cn_dicts/41448.dict.yaml	𤕄	zhang	0	𤕄
cn_dicts/41448.dict.yaml	𥇔	zhang	0	𥇔
cn_dicts/41448.dict.yaml	𥳶	zhang	0	𥳶
cn_dicts/41448.dict.yaml	𦺡	zhang	0	𦺡
cn_dicts/41448.dict.yaml	𧐊	zhang	0	𧐊
cn_dicts/41448.dict.yaml	𧽣	zhang	0	𧽣
cn_dicts/41448.dict.yaml	𨄰	zhang	0	𨄰
cn_dicts/41448.dict.yaml	𩌬	zhang	0	𩌬
cn_dicts/41448.dict.yaml	𩭫	zhang	0	𩭫
cn_dicts/41448.dict.yaml	𪅂	zhang	0	𪅂
cn_dicts/41448.dict.yaml	㑿	zhao	0	㑿
cn_dicts/41448.dict.yaml	㕚	zhao	0	㕚
cn_dicts/41448.dict.yaml	㡽	zhao	0	㡽
cn_dicts/41448.dict.yaml	㨄	zhao	0	㨄
cn_dicts/41448.dict.yaml	㫤	zhao	0	㫤
cn_dicts/41448.dict.yaml	㷖	zhao	0	㷖
cn_dicts/41448.dict.yaml	㹿	zhao	0	㹿
cn_dicts/41448.dict.yaml	㺐	zhao	0	㺐
cn_dicts/41448.dict.yaml	䃍	zhao	0	䃍
cn_dicts/41448.dict.yaml	䄻	zhao	0	䄻
cn_dicts/41448.dict.yaml	䈃	zhao	0	䈃
cn_dicts/41448.dict.yaml	䈇	zhao	0	䈇
cn_dicts/41448.dict.yaml	䍜	zhao	0	䍜
cn_dicts/41448.dict.yaml	䍮	zhao	0	䍮
cn_dicts/41448.dict.yaml	䑲	zhao	0	䑲
cn_dicts/41448.dict.yaml	䖺	zhao	0	䖺
cn_dicts/41448.dict.yaml	䝖	zhao	0	䝖
cn_dicts/41448.dict.yaml	䧂	zhao	0	䧂
cn_dicts/41448.dict.yaml	䮓	zhao	0	䮓
cn_dicts/41448.dict.yaml	𠕖	zhao	0	𠕖
cn_dicts/41448.dict.yaml	𠕭	zhao	0	𠕭
cn_dicts/41448.dict.yaml	𠟅	zhao	0	𠟅
cn_dicts/41448.dict.yaml	𠠄	zhao	0	𠠄
cn_dicts/41448.dict.yaml	𠻥	zhao	0	𠻥
cn_dicts/41448.dict.yaml	𡖎	zhao	0	𡖎
cn_dicts/41448.dict.yaml	𡱜	zhao	0	𡱜
cn_dicts/41448.dict.yaml	𢁬	zhao	0	𢁬
cn_dicts/41448.dict.yaml	𢗈	zhao	0	𢗈
cn_dicts/41448.dict.yaml	𢡰	zhao	0	𢡰
cn_dicts/41448.dict.yaml	𣊧	zhao	0	𣊧
cn_dicts/41448.dict.yaml	𣋍	zhao	0	𣋍
cn_dicts/41448.dict.yaml	𣠜	zhao	0	𣠜
cn_dicts/41448.dict.yaml	𤍒	zhao	0	𤍒
cn_dicts/41448.dict.yaml	𤑗	zhao	0	𤑗
cn_dicts/41448.dict.yaml	𤙔	zhao	0	𤙔
cn_dicts/41448.dict.yaml	𤿘	zhao	0	𤿘
cn_dicts/41448.dict.yaml	𥏨	zhao	0	𥏨
cn_dicts/41448.dict.yaml	𥢔	zhao	0	𥢔
cn_dicts/41448.dict.yaml	𥵤	zhao	0	𥵤
cn_dicts/41448.dict.yaml	𥷮	zhao	0	𥷮
cn_dicts/41448.dict.yaml	𦗔	zhao	0	𦗔
cn_dicts/41448.dict.yaml	𦬔	zhao	0	𦬔
cn_dicts/41448.dict.yaml	𦹫	zhao	0	𦹫
cn_dicts/41448.dict.yaml	𦺓	zhao	0	𦺓
cn_dicts/41448.dict.yaml	𧳝	zhao	0	𧳝
cn_dicts/41448.dict.yaml	𧳻	zhao	0	𧳻
cn_dicts/41448.dict.yaml	𨱻	zhao	0	𨱻
cn_dicts/41448.dict.yaml	𨹸	zhao	0	𨹸
cn_dicts/41448.dict.yaml	𩘀	zhao	0	𩘀
cn_dicts/41448.dict.yaml	㞏	zhe	0	㞏
cn_dicts/41448.dict.yaml	㞼	zhe	0	㞼
cn_dicts/41448.dict.yaml	㡇	zhe	0	㡇
cn_dicts/41448.dict.yaml	㡳	zhe	0	㡳
cn_dicts/41448.dict.yaml	㢎	zhe	0	㢎
cn_dicts/41448.dict.yaml	㦻	zhe	0	㦻
cn_dicts/41448.dict.yaml	㪿	zhe	0	㪿
cn_dicts/41448.dict.yaml	㫼	zhe	0	㫼
cn_dicts/41448.dict.yaml	㭙	zhe	0	㭙
cn_dicts/41448.dict.yaml	㭯	zhe	0	㭯
cn_dicts/41448.dict.yaml	㯰	zhe	0	㯰
cn_dicts/41448.dict.yaml	㵊	zhe	0	㵊
cn_dicts/41448.dict.yaml	䀅	zhe	0	䀅
cn_dicts/41448.dict.yaml	䂝	zhe	0	䂝
cn_dicts/41448.dict.yaml	䂞	zhe	0	䂞
cn_dicts/41448.dict.yaml	䆛	zhe	0	䆛
cn_dicts/41448.dict.yaml	䊞	zhe	0	䊞
cn_dicts/41448.dict.yaml	䊮	zhe	0	䊮
cn_dicts/41448.dict.yaml	䋲	zhe	0	䋲
cn_dicts/41448.dict.yaml	䎲	zhe	0	䎲
cn_dicts/41448.dict.yaml	䏳	zhe	0	䏳
cn_dicts/41448.dict.yaml	䐑	zhe	0	䐑
cn_dicts/41448.dict.yaml	䐲	zhe	0	䐲
cn_dicts/41448.dict.yaml	䓆	zhe	0	䓆
cn_dicts/41448.dict.yaml	䙷	zhe	0	䙷
cn_dicts/41448.dict.yaml	䜆	zhe	0	䜆
cn_dicts/41448.dict.yaml	䝃	zhe	0	䝃
cn_dicts/41448.dict.yaml	䝕	zhe	0	䝕
cn_dicts/41448.dict.yaml	䠦	zhe	0	䠦
cn_dicts/41448.dict.yaml	䧪	zhe	0	䧪
cn_dicts/41448.dict.yaml	䩾	zhe	0	䩾
cn_dicts/41448.dict.yaml	䮰	zhe	0	䮰
cn_dicts/41448.dict.yaml	䵭	zhe	0	䵭
cn_dicts/41448.dict.yaml	𠌮	zhe	0	𠌮
cn_dicts/41448.dict.yaml	𠚱	zhe	0	𠚱
cn_dicts/41448.dict.yaml	𠝚	zhe	0	𠝚
cn_dicts/41448.dict.yaml	𠝝	zhe	0	𠝝
cn_dicts/41448.dict.yaml	𠞃	zhe	0	𠞃
cn_dicts/41448.dict.yaml	𠯓	zhe	0	𠯓
cn_dicts/41448.dict.yaml	𠽻	zhe	0	𠽻
cn_dicts/41448.dict.yaml	𠾀	zhe	0	𠾀
cn_dicts/41448.dict.yaml	𡂭	zhe	0	𡂭
cn_dicts/41448.dict.yaml	𡄡	zhe	0	𡄡
cn_dicts/41448.dict.yaml	𡇠	zhe	0	𡇠
cn_dicts/41448.dict.yaml	𡘭	zhe	0	𡘭
cn_dicts/41448.dict.yaml	𡜯	zhe	0	𡜯
cn_dicts/41448.dict.yaml	𡝊	zhe	0	𡝊
cn_dicts/41448.dict.yaml	𢟯	zhe	0	𢟯
cn_dicts/41448.dict.yaml	𢢍	zhe	0	𢢍
cn_dicts/41448.dict.yaml	𢫰	zhe	0	𢫰
cn_dicts/41448.dict.yaml	𢬴	zhe	0	𢬴
cn_dicts/41448.dict.yaml	𣇧	zhe	0	𣇧
cn_dicts/41448.dict.yaml	𣙵	zhe	0	𣙵
cn_dicts/41448.dict.yaml	𣠞	zhe	0	𣠞
cn_dicts/41448.dict.yaml	𣶋	zhe	0	𣶋
cn_dicts/41448.dict.yaml	𣻩	zhe	0	𣻩
cn_dicts/41448.dict.yaml	𤜤	zhe	0	𤜤
cn_dicts/41448.dict.yaml	𤟍	zhe	0	𤟍
cn_dicts/41448.dict.yaml	𤮱	zhe	0	𤮱
cn_dicts/41448.dict.yaml	𥏯	zhe	0	𥏯
cn_dicts/41448.dict.yaml	𥐽	zhe	0	𥐽
cn_dicts/41448.dict.yaml	𥑡	zhe	0	𥑡
cn_dicts/41448.dict.yaml	𥕣	zhe	0	𥕣
cn_dicts/41448.dict.yaml	𥛧	zhe	0	𥛧
cn_dicts/41448.dict.yaml	𥤋	zhe	0	𥤋
cn_dicts/41448.dict.yaml	𥧮	zhe	0	𥧮
cn_dicts/41448.dict.yaml	𥭙	zhe	0	𥭙
cn_dicts/41448.dict.yaml	𦅄	zhe	0	𦅄
cn_dicts/41448.dict.yaml	𦔮	zhe	0	𦔮
cn_dicts/41448.dict.yaml	𦗑	zhe	0	𦗑
cn_dicts/41448.dict.yaml	𦗗	zhe	0	𦗗
cn_dicts/41448.dict.yaml	𦞥	zhe	0	𦞥
cn_dicts/41448.dict.yaml	𦠟	zhe	0	𦠟
cn_dicts/41448.dict.yaml	𦠠	zhe	0	𦠠
cn_dicts/41448.dict.yaml	𦠣	zhe	0	𦠣
cn_dicts/41448.dict.yaml	𦣀	zhe	0	𦣀
cn_dicts/41448.dict.yaml	𦬃	zhe	0	𦬃
cn_dicts/41448.dict.yaml	𦯍	zhe	0	𦯍
cn_dicts/41448.dict.yaml	𧀹	zhe	0	𧀹
cn_dicts/41448.dict.yaml	𧎴	zhe	0	𧎴
cn_dicts/41448.dict.yaml	𧑧	zhe	0	𧑧
cn_dicts/41448.dict.yaml	𧤠	zhe	0	𧤠
cn_dicts/41448.dict.yaml	𧲢	zhe	0	𧲢
cn_dicts/41448.dict.yaml	𨅊	zhe	0	𨅊
cn_dicts/41448.dict.yaml	𨐃	zhe	0	𨐃
cn_dicts/41448.dict.yaml	𨰵	zhe	0	𨰵
cn_dicts/41448.dict.yaml	𨵊	zhe	0	𨵊
cn_dicts/41448.dict.yaml	𩊵	zhe	0	𩊵
cn_dicts/41448.dict.yaml	𩐶	zhe	0	𩐶
cn_dicts/41448.dict.yaml	𩢐	zhe	0	𩢐
cn_dicts/41448.dict.yaml	𩣩	zhe	0	𩣩
cn_dicts/41448.dict.yaml	𩤜	zhe	0	𩤜
cn_dicts/41448.dict.yaml	𪁊	zhe	0	𪁊
cn_dicts/41448.dict.yaml	𪐏	zhe	0	𪐏
cn_dicts/41448.dict.yaml	𪚥	zhe	0	𪚥
cn_dicts/41448.dict.yaml	㐱	zhen	0	㐱
cn_dicts/41448.dict.yaml	㓄	zhen	0	㓄
cn_dicts/41448.dict.yaml	㖘	zhen	0	㖘
cn_dicts/41448.dict.yaml	㛛	zhen	0	㛛
cn_dicts/41448.dict.yaml	㣀	zhen	0	㣀
cn_dicts/41448.dict.yaml	㨋	zhen	0	㨋
cn_dicts/41448.dict.yaml	㪛	zhen	0	㪛
cn_dicts/41448.dict.yaml	㭫	zhen	0	㭫
cn_dicts/41448.dict.yaml	㮳	zhen	0	㮳
cn_dicts/41448.dict.yaml	㯢	zhen	0	㯢
cn_dicts/41448.dict.yaml	㱽	zhen	0	㱽
cn_dicts/41448.dict.yaml	㴨	zhen	0	㴨
cn_dicts/41448.dict.yaml	㼉	zhen	0	㼉
cn_dicts/41448.dict.yaml	䀕	zhen	0	䀕
cn_dicts/41448.dict.yaml	䀼	zhen	0	䀼
cn_dicts/41448.dict.yaml	䂦	zhen	0	䂦
cn_dicts/41448.dict.yaml	䂧	zhen	0	䂧
cn_dicts/41448.dict.yaml	䊶	zhen	0	䊶
cn_dicts/41448.dict.yaml	䏖	zhen	0	䏖
cn_dicts/41448.dict.yaml	䑐	zhen	0	䑐
cn_dicts/41448.dict.yaml	䚯	zhen	0	䚯
cn_dicts/41448.dict.yaml	䝩	zhen	0	䝩
cn_dicts/41448.dict.yaml	䟴	zhen	0	䟴
cn_dicts/41448.dict.yaml	䠴	zhen	0	䠴
cn_dicts/41448.dict.yaml	䡅	zhen	0	䡅
cn_dicts/41448.dict.yaml	䡩	zhen	0	䡩
cn_dicts/41448.dict.yaml	䧵	zhen	0	䧵
cn_dicts/41448.dict.yaml	䨯	zhen	0	䨯
cn_dicts/41448.dict.yaml	䪴	zhen	0	䪴
cn_dicts/41448.dict.yaml	䪾	zhen	0	䪾
cn_dicts/41448.dict.yaml	䫬	zhen	0	䫬
cn_dicts/41448.dict.yaml	䲴	zhen	0	䲴
cn_dicts/41448.dict.yaml	䳲	zhen	0	䳲
cn_dicts/41448.dict.yaml	䴾	zhen	0	䴾
cn_dicts/41448.dict.yaml	𠘱	zhen	0	𠘱
cn_dicts/41448.dict.yaml	𠛶	zhen	0	𠛶
cn_dicts/41448.dict.yaml	𠠹	zhen	0	𠠹
cn_dicts/41448.dict.yaml	𠬓	zhen	0	𠬓
cn_dicts/41448.dict.yaml	𠵧	zhen	0	𠵧
cn_dicts/41448.dict.yaml	𠸸	zhen	0	𠸸
cn_dicts/41448.dict.yaml	𡇑	zhen	0	𡇑
cn_dicts/41448.dict.yaml	𡇖	zhen	0	𡇖
cn_dicts/41448.dict.yaml	𡈿	zhen	0	𡈿
cn_dicts/41448.dict.yaml	𡻈	zhen	0	𡻈
cn_dicts/41448.dict.yaml	𢏈	zhen	0	𢏈
cn_dicts/41448.dict.yaml	𣃵	zhen	0	𣃵
cn_dicts/41448.dict.yaml	𣏖	zhen	0	𣏖
cn_dicts/41448.dict.yaml	𣒅	zhen	0	𣒅
cn_dicts/41448.dict.yaml	𣓀	zhen	0	𣓀
cn_dicts/41448.dict.yaml	𣘘	zhen	0	𣘘
cn_dicts/41448.dict.yaml	𣦵	zhen	0	𣦵
cn_dicts/41448.dict.yaml	𣬻	zhen	0	𣬻
cn_dicts/41448.dict.yaml	𣱽	zhen	0	𣱽
cn_dicts/41448.dict.yaml	𣿎	zhen	0	𣿎
cn_dicts/41448.dict.yaml	𤚨	zhen	0	𤚨
cn_dicts/41448.dict.yaml	𤷌	zhen	0	𤷌
cn_dicts/41448.dict.yaml	𥅘	zhen	0	𥅘
cn_dicts/41448.dict.yaml	𥖘	zhen	0	𥖘
cn_dicts/41448.dict.yaml	𥤤	zhen	0	𥤤
cn_dicts/41448.dict.yaml	𥪘	zhen	0	𥪘
cn_dicts/41448.dict.yaml	𥿜	zhen	0	𥿜
cn_dicts/41448.dict.yaml	𦁟	zhen	0	𦁟
cn_dicts/41448.dict.yaml	𦳳	zhen	0	𦳳
cn_dicts/41448.dict.yaml	𦸮	zhen	0	𦸮
cn_dicts/41448.dict.yaml	𧠝	zhen	0	𧠝
cn_dicts/41448.dict.yaml	𧤛	zhen	0	𧤛
cn_dicts/41448.dict.yaml	𧮬	zhen	0	𧮬
cn_dicts/41448.dict.yaml	𨌑	zhen	0	𨌑
cn_dicts/41448.dict.yaml	𨏤	zhen	0	𨏤
cn_dicts/41448.dict.yaml	𨳌	zhen	0	𨳌
cn_dicts/41448.dict.yaml	𨸬	zhen	0	𨸬
cn_dicts/41448.dict.yaml	𩄛	zhen	0	𩄛
cn_dicts/41448.dict.yaml	𩇜	zhen	0	𩇜
cn_dicts/41448.dict.yaml	𩊡	zhen	0	𩊡
cn_dicts/41448.dict.yaml	𩊨	zhen	0	𩊨
cn_dicts/41448.dict.yaml	𩑘	zhen	0	𩑘
cn_dicts/41448.dict.yaml	𩒀	zhen	0	𩒀
cn_dicts/41448.dict.yaml	𩒈	zhen	0	𩒈
cn_dicts/41448.dict.yaml	𩒪	zhen	0	𩒪
cn_dicts/41448.dict.yaml	𩬖	zhen	0	𩬖
cn_dicts/41448.dict.yaml	𩾺	zhen	0	𩾺
cn_dicts/41448.dict.yaml	𪁧	zhen	0	𪁧
cn_dicts/41448.dict.yaml	𪇳	zhen	0	𪇳
cn_dicts/41448.dict.yaml	𪐲	zhen	0	𪐲
cn_dicts/41448.dict.yaml	𪑳	zhen	0	𪑳
cn_dicts/41448.dict.yaml	㐼	zheng	0	㐼
cn_dicts/41448.dict.yaml	㡠	zheng	0	㡠
cn_dicts/41448.dict.yaml	㡧	zheng	0	㡧
cn_dicts/41448.dict.yaml	㬹	zheng	0	㬹
cn_dicts/41448.dict.yaml	㱏	zheng	0	㱏
cn_dicts/41448.dict.yaml	㽀	zheng	0	㽀
cn_dicts/41448.dict.yaml	䂻	zheng	0	䂻
cn_dicts/41448.dict.yaml	䈣	zheng	0	䈣
cn_dicts/41448.dict.yaml	䋊	zheng	0	䋊
cn_dicts/41448.dict.yaml	䋫	zheng	0	䋫
cn_dicts/41448.dict.yaml	䛫	zheng	0	䛫
cn_dicts/41448.dict.yaml	䡕	zheng	0	䡕
cn_dicts/41448.dict.yaml	䥌	zheng	0	䥌
cn_dicts/41448.dict.yaml	䥭	zheng	0	䥭
cn_dicts/41448.dict.yaml	䦛	zheng	0	䦛
cn_dicts/41448.dict.yaml	䦶	zheng	0	䦶
cn_dicts/41448.dict.yaml	䫆	zheng	0	䫆
cn_dicts/41448.dict.yaml	𠏫	zheng	0	𠏫
cn_dicts/41448.dict.yaml	𠑅	zheng	0	𠑅
cn_dicts/41448.dict.yaml	𠔻	zheng	0	𠔻
cn_dicts/41448.dict.yaml	𠲜	zheng	0	𠲜
cn_dicts/41448.dict.yaml	𡈼	zheng	0	𡈼
cn_dicts/41448.dict.yaml	𡪺	zheng	0	𡪺
cn_dicts/41448.dict.yaml	𢁿	zheng	0	𢁿
cn_dicts/41448.dict.yaml	𢌦	zheng	0	𢌦
cn_dicts/41448.dict.yaml	𢏰	zheng	0	𢏰
cn_dicts/41448.dict.yaml	𢓞	zheng	0	𢓞
cn_dicts/41448.dict.yaml	𢮐	zheng	0	𢮐
cn_dicts/41448.dict.yaml	𢹑	zheng	0	𢹑
cn_dicts/41448.dict.yaml	𢾧	zheng	0	𢾧
cn_dicts/41448.dict.yaml	𤪡	zheng	0	𤪡
cn_dicts/41448.dict.yaml	𤸲	zheng	0	𤸲
cn_dicts/41448.dict.yaml	𤿆	zheng	0	𤿆
cn_dicts/41448.dict.yaml	𥊼	zheng	0	𥊼
cn_dicts/41448.dict.yaml	𥒛	zheng	0	𥒛
cn_dicts/41448.dict.yaml	𦓺	zheng	0	𦓺
cn_dicts/41448.dict.yaml	𦙫	zheng	0	𦙫
cn_dicts/41448.dict.yaml	𦚦	zheng	0	𦚦
cn_dicts/41448.dict.yaml	𦜎	zheng	0	𦜎
cn_dicts/41448.dict.yaml	𦡅	zheng	0	𦡅
cn_dicts/41448.dict.yaml	𦱊	zheng	0	𦱊
cn_dicts/41448.dict.yaml	𧗆	zheng	0	𧗆
cn_dicts/41448.dict.yaml	𧗲	zheng	0	𧗲
cn_dicts/41448.dict.yaml	𧘿	zheng	0	𧘿
cn_dicts/41448.dict.yaml	𧪣	zheng	0	𧪣
cn_dicts/41448.dict.yaml	𧯫	zheng	0	𧯫
cn_dicts/41448.dict.yaml	𧶄	zheng	0	𧶄
cn_dicts/41448.dict.yaml	𨀧	zheng	0	𨀧
cn_dicts/41448.dict.yaml	𨋬	zheng	0	𨋬
cn_dicts/41448.dict.yaml	𨌢	zheng	0	𨌢
cn_dicts/41448.dict.yaml	𨚣	zheng	0	𨚣
cn_dicts/41448.dict.yaml	𨛰	zheng	0	𨛰
cn_dicts/41448.dict.yaml	𨜓	zheng	0	𨜓
cn_dicts/41448.dict.yaml	𨟃	zheng	0	𨟃
cn_dicts/41448.dict.yaml	𨢹	zheng	0	𨢹
cn_dicts/41448.dict.yaml	𨧭	zheng	0	𨧭
cn_dicts/41448.dict.yaml	𨺟	zheng	0	𨺟
cn_dicts/41448.dict.yaml	𩏠	zheng	0	𩏠
cn_dicts/41448.dict.yaml	𩗲	zheng	0	𩗲
cn_dicts/41448.dict.yaml	𩗵	zheng	0	𩗵
cn_dicts/41448.dict.yaml	𩘼	zheng	0	𩘼
cn_dicts/41448.dict.yaml	𩘽	zheng	0	𩘽
cn_dicts/41448.dict.yaml	𩚫	zheng	0	𩚫
cn_dicts/41448.dict.yaml	𩺄	zheng	0	𩺄
cn_dicts/41448.dict.yaml	𪎻	zheng	0	𪎻
cn_dicts/41448.dict.yaml	㕄	zhi	0	㕄
cn_dicts/41448.dict.yaml	㗌	zhi	0	㗌
cn_dicts/41448.dict.yaml	㗧	zhi	0	㗧
cn_dicts/41448.dict.yaml	㘉	zhi	0	㘉
cn_dicts/41448.dict.yaml	㙷	zhi	0	㙷
cn_dicts/41448.dict.yaml	㛿	zhi	0	㛿
cn_dicts/41448.dict.yaml	㜱	zhi	0	㜱
cn_dicts/41448.dict.yaml	㜼	zhi	0	㜼
cn_dicts/41448.dict.yaml	㝂	zhi	0	㝂
cn_dicts/41448.dict.yaml	㡳	zhi	0	㡳
cn_dicts/41448.dict.yaml	㡶	zhi	0	㡶
cn_dicts/41448.dict.yaml	㣥	zhi	0	㣥
cn_dicts/41448.dict.yaml	㥁	zhi	0	㥁
cn_dicts/41448.dict.yaml	㧗	zhi	0	㧗
cn_dicts/41448.dict.yaml	㧻	zhi	0	㧻
cn_dicts/41448.dict.yaml	㨁	zhi	0	㨁
cn_dicts/41448.dict.yaml	㨖	zhi	0	㨖
cn_dicts/41448.dict.yaml	㩼	zhi	0	㩼
cn_dicts/41448.dict.yaml	㫑	zhi	0	㫑
cn_dicts/41448.dict.yaml	㫼	zhi	0	㫼
cn_dicts/41448.dict.yaml	㬪	zhi	0	㬪
cn_dicts/41448.dict.yaml	㮹	zhi	0	㮹
cn_dicts/41448.dict.yaml	㯄	zhi	0	㯄
cn_dicts/41448.dict.yaml	㯰	zhi	0	㯰
cn_dicts/41448.dict.yaml	㲛	zhi	0	㲛
cn_dicts/41448.dict.yaml	㴛	zhi	0	㴛
cn_dicts/41448.dict.yaml	㿃	zhi	0	㿃
cn_dicts/41448.dict.yaml	䀸	zhi	0	䀸
cn_dicts/41448.dict.yaml	䂡	zhi	0	䂡
cn_dicts/41448.dict.yaml	䄺	zhi	0	䄺
cn_dicts/41448.dict.yaml	䅩	zhi	0	䅩
cn_dicts/41448.dict.yaml	䆈	zhi	0	䆈
cn_dicts/41448.dict.yaml	䇛	zhi	0	䇛
cn_dicts/41448.dict.yaml	䇽	zhi	0	䇽
cn_dicts/41448.dict.yaml	䉅	zhi	0	䉅
cn_dicts/41448.dict.yaml	䉜	zhi	0	䉜
cn_dicts/41448.dict.yaml	䌤	zhi	0	䌤
cn_dicts/41448.dict.yaml	䎺	zhi	0	䎺
cn_dicts/41448.dict.yaml	䏄	zhi	0	䏄
cn_dicts/41448.dict.yaml	䏑	zhi	0	䏑
cn_dicts/41448.dict.yaml	䏯	zhi	0	䏯
cn_dicts/41448.dict.yaml	䐈	zhi	0	䐈
cn_dicts/41448.dict.yaml	䐭	zhi	0	䐭
cn_dicts/41448.dict.yaml	䑇	zhi	0	䑇
cn_dicts/41448.dict.yaml	䑭	zhi	0	䑭
cn_dicts/41448.dict.yaml	䓌	zhi	0	䓌
cn_dicts/41448.dict.yaml	䓜	zhi	0	䓜
cn_dicts/41448.dict.yaml	䓡	zhi	0	䓡
cn_dicts/41448.dict.yaml	䕌	zhi	0	䕌
cn_dicts/41448.dict.yaml	䘭	zhi	0	䘭
cn_dicts/41448.dict.yaml	䚇	zhi	0	䚇
cn_dicts/41448.dict.yaml	䚦	zhi	0	䚦
cn_dicts/41448.dict.yaml	䚳	zhi	0	䚳
cn_dicts/41448.dict.yaml	䛗	zhi	0	䛗
cn_dicts/41448.dict.yaml	䜠	zhi	0	䜠
cn_dicts/41448.dict.yaml	䝰	zhi	0	䝰
cn_dicts/41448.dict.yaml	䝷	zhi	0	䝷
cn_dicts/41448.dict.yaml	䞃	zhi	0	䞃
cn_dicts/41448.dict.yaml	䞇	zhi	0	䞇
cn_dicts/41448.dict.yaml	䟈	zhi	0	䟈
cn_dicts/41448.dict.yaml	䠦	zhi	0	䠦
cn_dicts/41448.dict.yaml	䡹	zhi	0	䡹
cn_dicts/41448.dict.yaml	䤠	zhi	0	䤠
cn_dicts/41448.dict.yaml	䥍	zhi	0	䥍
cn_dicts/41448.dict.yaml	䦛	zhi	0	䦛
cn_dicts/41448.dict.yaml	䦯	zhi	0	䦯
cn_dicts/41448.dict.yaml	䧝	zhi	0	䧝
cn_dicts/41448.dict.yaml	䧴	zhi	0	䧴
cn_dicts/41448.dict.yaml	䩢	zhi	0	䩢
cn_dicts/41448.dict.yaml	䪒	zhi	0	䪒
cn_dicts/41448.dict.yaml	䫕	zhi	0	䫕
cn_dicts/41448.dict.yaml	䬹	zhi	0	䬹
cn_dicts/41448.dict.yaml	䭁	zhi	0	䭁
cn_dicts/41448.dict.yaml	䰴	zhi	0	䰴
cn_dicts/41448.dict.yaml	䱃	zhi	0	䱃
cn_dicts/41448.dict.yaml	䱥	zhi	0	䱥
cn_dicts/41448.dict.yaml	䱨	zhi	0	䱨
cn_dicts/41448.dict.yaml	䲀	zhi	0	䲀
cn_dicts/41448.dict.yaml	䳅	zhi	0	䳅
cn_dicts/41448.dict.yaml	䵂	zhi	0	䵂
cn_dicts/41448.dict.yaml	䵹	zhi	0	䵹
cn_dicts/41448.dict.yaml	䶡	zhi	0	䶡
cn_dicts/41448.dict.yaml	𠊤	zhi	0	𠊤
cn_dicts/41448.dict.yaml	𠊷	zhi	0	𠊷
cn_dicts/41448.dict.yaml	𠋤	zhi	0	𠋤
cn_dicts/41448.dict.yaml	𠍜	zhi	0	𠍜
cn_dicts/41448.dict.yaml	𠓶	zhi	0	𠓶
cn_dicts/41448.dict.yaml	𠘖	zhi	0	𠘖
cn_dicts/41448.dict.yaml	𠚅	zhi	0	𠚅
cn_dicts/41448.dict.yaml	𠟅	zhi	0	𠟅
cn_dicts/41448.dict.yaml	𠦧	zhi	0	𠦧
cn_dicts/41448.dict.yaml	𠮡	zhi	0	𠮡
cn_dicts/41448.dict.yaml	𠰅	zhi	0	𠰅
cn_dicts/41448.dict.yaml	𠼠	zhi	0	𠼠
cn_dicts/41448.dict.yaml	𡀹	zhi	0	𡀹
cn_dicts/41448.dict.yaml	𡁉	zhi	0	𡁉
cn_dicts/41448.dict.yaml	𡂒	zhi	0	𡂒
cn_dicts/41448.dict.yaml	𡂣	zhi	0	𡂣
cn_dicts/41448.dict.yaml	𡈊	zhi	0	𡈊
cn_dicts/41448.dict.yaml	𡈼	zhi	0	𡈼
cn_dicts/41448.dict.yaml	𡍶	zhi	0	𡍶
cn_dicts/41448.dict.yaml	𡏀	zhi	0	𡏀
cn_dicts/41448.dict.yaml	𡏚	zhi	0	𡏚
cn_dicts/41448.dict.yaml	𡑘	zhi	0	𡑘
cn_dicts/41448.dict.yaml	𡖧	zhi	0	𡖧
cn_dicts/41448.dict.yaml	𡖻	zhi	0	𡖻
cn_dicts/41448.dict.yaml	𡙑	zhi	0	𡙑
cn_dicts/41448.dict.yaml	𡠗	zhi	0	𡠗
cn_dicts/41448.dict.yaml	𡠹	zhi	0	𡠹
cn_dicts/41448.dict.yaml	𡮞	zhi	0	𡮞
cn_dicts/41448.dict.yaml	𡰹	zhi	0	𡰹
cn_dicts/41448.dict.yaml	𡱔	zhi	0	𡱔
cn_dicts/41448.dict.yaml	𡸜	zhi	0	𡸜
cn_dicts/41448.dict.yaml	𡽆	zhi	0	𡽆
cn_dicts/41448.dict.yaml	𢃜	zhi	0	𢃜
cn_dicts/41448.dict.yaml	𢄢	zhi	0	𢄢
cn_dicts/41448.dict.yaml	𢄱	zhi	0	𢄱
cn_dicts/41448.dict.yaml	𢅁	zhi	0	𢅁
cn_dicts/41448.dict.yaml	𢇨	zhi	0	𢇨
cn_dicts/41448.dict.yaml	𢊁	zhi	0	𢊁
cn_dicts/41448.dict.yaml	𢍧	zhi	0	𢍧
cn_dicts/41448.dict.yaml	𢎈	zhi	0	𢎈
cn_dicts/41448.dict.yaml	𢐂	zhi	0	𢐂
cn_dicts/41448.dict.yaml	𢕞	zhi	0	𢕞
cn_dicts/41448.dict.yaml	𢖇	zhi	0	𢖇
cn_dicts/41448.dict.yaml	𢖿	zhi	0	𢖿
cn_dicts/41448.dict.yaml	𢙺	zhi	0	𢙺
cn_dicts/41448.dict.yaml	𢚨	zhi	0	𢚨
cn_dicts/41448.dict.yaml	𢛍	zhi	0	𢛍
cn_dicts/41448.dict.yaml	𢡒	zhi	0	𢡒
cn_dicts/41448.dict.yaml	𢦕	zhi	0	𢦕
cn_dicts/41448.dict.yaml	𢧤	zhi	0	𢧤
cn_dicts/41448.dict.yaml	𢯶	zhi	0	𢯶
cn_dicts/41448.dict.yaml	𢰙	zhi	0	𢰙
cn_dicts/41448.dict.yaml	𢴠	zhi	0	𢴠
cn_dicts/41448.dict.yaml	𢴧	zhi	0	𢴧
cn_dicts/41448.dict.yaml	𢴨	zhi	0	𢴨
cn_dicts/41448.dict.yaml	𢷸	zhi	0	𢷸
cn_dicts/41448.dict.yaml	𢻙	zhi	0	𢻙
cn_dicts/41448.dict.yaml	𢽃	zhi	0	𢽃
cn_dicts/41448.dict.yaml	𢽗	zhi	0	𢽗
cn_dicts/41448.dict.yaml	𢾫	zhi	0	𢾫
cn_dicts/41448.dict.yaml	𣔐	zhi	0	𣔐
cn_dicts/41448.dict.yaml	𣖌	zhi	0	𣖌
cn_dicts/41448.dict.yaml	𣖭	zhi	0	𣖭
cn_dicts/41448.dict.yaml	𣖿	zhi	0	𣖿
cn_dicts/41448.dict.yaml	𣗻	zhi	0	𣗻
cn_dicts/41448.dict.yaml	𣚠	zhi	0	𣚠
cn_dicts/41448.dict.yaml	𣥰	zhi	0	𣥰
cn_dicts/41448.dict.yaml	𣨋	zhi	0	𣨋
cn_dicts/41448.dict.yaml	𣱐	zhi	0	𣱐
cn_dicts/41448.dict.yaml	𣲵	zhi	0	𣲵
cn_dicts/41448.dict.yaml	𣳀	zhi	0	𣳀
cn_dicts/41448.dict.yaml	𣽚	zhi	0	𣽚
cn_dicts/41448.dict.yaml	𤃲	zhi	0	𤃲
cn_dicts/41448.dict.yaml	𤆒	zhi	0	𤆒
cn_dicts/41448.dict.yaml	𤓕	zhi	0	𤓕
cn_dicts/41448.dict.yaml	𤖞	zhi	0	𤖞
cn_dicts/41448.dict.yaml	𤛱	zhi	0	𤛱
cn_dicts/41448.dict.yaml	𤞂	zhi	0	𤞂
cn_dicts/41448.dict.yaml	𤞌	zhi	0	𤞌
cn_dicts/41448.dict.yaml	𤦄	zhi	0	𤦄
cn_dicts/41448.dict.yaml	𤦮	zhi	0	𤦮
cn_dicts/41448.dict.yaml	𤧜	zhi	0	𤧜
cn_dicts/41448.dict.yaml	𤴟	zhi	0	𤴟
cn_dicts/41448.dict.yaml	𤴢	zhi	0	𤴢
cn_dicts/41448.dict.yaml	𤵋	zhi	0	𤵋
cn_dicts/41448.dict.yaml	𤶓	zhi	0	𤶓
cn_dicts/41448.dict.yaml	𤸓	zhi	0	𤸓
cn_dicts/41448.dict.yaml	𤽁	zhi	0	𤽁
cn_dicts/41448.dict.yaml	𤿙	zhi	0	𤿙
cn_dicts/41448.dict.yaml	𥃫	zhi	0	𥃫
cn_dicts/41448.dict.yaml	𥇕	zhi	0	𥇕
cn_dicts/41448.dict.yaml	𥇭	zhi	0	𥇭
cn_dicts/41448.dict.yaml	𥍭	zhi	0	𥍭
cn_dicts/41448.dict.yaml	𥎹	zhi	0	𥎹
cn_dicts/41448.dict.yaml	𥏄	zhi	0	𥏄
cn_dicts/41448.dict.yaml	𥏅	zhi	0	𥏅
cn_dicts/41448.dict.yaml	𥏊	zhi	0	𥏊
cn_dicts/41448.dict.yaml	𥏰	zhi	0	𥏰
cn_dicts/41448.dict.yaml	𥏷	zhi	0	𥏷
cn_dicts/41448.dict.yaml	𥒓	zhi	0	𥒓
cn_dicts/41448.dict.yaml	𥒗	zhi	0	𥒗
cn_dicts/41448.dict.yaml	𥔊	zhi	0	𥔊
cn_dicts/41448.dict.yaml	𥘡	zhi	0	𥘡
cn_dicts/41448.dict.yaml	𥙆	zhi	0	𥙆
cn_dicts/41448.dict.yaml	𥝑	zhi	0	𥝑
cn_dicts/41448.dict.yaml	𥝮	zhi	0	𥝮
cn_dicts/41448.dict.yaml	𥠈	zhi	0	𥠈
cn_dicts/41448.dict.yaml	𥠽	zhi	0	𥠽
cn_dicts/41448.dict.yaml	𥣮	zhi	0	𥣮
cn_dicts/41448.dict.yaml	𥭡	zhi	0	𥭡
cn_dicts/41448.dict.yaml	𥮖	zhi	0	𥮖
cn_dicts/41448.dict.yaml	𥴒	zhi	0	𥴒
cn_dicts/41448.dict.yaml	𥹩	zhi	0	𥹩
cn_dicts/41448.dict.yaml	𥻬	zhi	0	𥻬
cn_dicts/41448.dict.yaml	𥾣	zhi	0	𥾣
cn_dicts/41448.dict.yaml	𥿮	zhi	0	𥿮
cn_dicts/41448.dict.yaml	𦃘	zhi	0	𦃘
cn_dicts/41448.dict.yaml	𦏤	zhi	0	𦏤
cn_dicts/41448.dict.yaml	𦐖	zhi	0	𦐖
cn_dicts/41448.dict.yaml	𦛧	zhi	0	𦛧
cn_dicts/41448.dict.yaml	𦜋	zhi	0	𦜋
cn_dicts/41448.dict.yaml	𦝔	zhi	0	𦝔
cn_dicts/41448.dict.yaml	𦟔	zhi	0	𦟔
cn_dicts/41448.dict.yaml	𦤻	zhi	0	𦤻
cn_dicts/41448.dict.yaml	𦥎	zhi	0	𦥎
cn_dicts/41448.dict.yaml	𦥏	zhi	0	𦥏
cn_dicts/41448.dict.yaml	𦥐	zhi	0	𦥐
cn_dicts/41448.dict.yaml	𦭮	zhi	0	𦭮
cn_dicts/41448.dict.yaml	𦯫	zhi	0	𦯫
cn_dicts/41448.dict.yaml	𦯯	zhi	0	𦯯
cn_dicts/41448.dict.yaml	𦰘	zhi	0	𦰘
cn_dicts/41448.dict.yaml	𦳮	zhi	0	𦳮
cn_dicts/41448.dict.yaml	𦴀	zhi	0	𦴀
cn_dicts/41448.dict.yaml	𧀿	zhi	0	𧀿
cn_dicts/41448.dict.yaml	𧃐	zhi	0	𧃐
cn_dicts/41448.dict.yaml	𧊙	zhi	0	𧊙
cn_dicts/41448.dict.yaml	𧌔	zhi	0	𧌔
cn_dicts/41448.dict.yaml	𧏸	zhi	0	𧏸
cn_dicts/41448.dict.yaml	𧐉	zhi	0	𧐉
cn_dicts/41448.dict.yaml	𧓸	zhi	0	𧓸
cn_dicts/41448.dict.yaml	𧙁	zhi	0	𧙁
cn_dicts/41448.dict.yaml	𧛢	zhi	0	𧛢
cn_dicts/41448.dict.yaml	𧜚	zhi	0	𧜚
cn_dicts/41448.dict.yaml	𧝉	zhi	0	𧝉
cn_dicts/41448.dict.yaml	𧠫	zhi	0	𧠫
cn_dicts/41448.dict.yaml	𧠴	zhi	0	𧠴
cn_dicts/41448.dict.yaml	𧣭	zhi	0	𧣭
cn_dicts/41448.dict.yaml	𧣾	zhi	0	𧣾
cn_dicts/41448.dict.yaml	𧤡	zhi	0	𧤡
cn_dicts/41448.dict.yaml	𧨰	zhi	0	𧨰
cn_dicts/41448.dict.yaml	𧩼	zhi	0	𧩼
cn_dicts/41448.dict.yaml	𧫡	zhi	0	𧫡
cn_dicts/41448.dict.yaml	𧱒	zhi	0	𧱒
cn_dicts/41448.dict.yaml	𧸅	zhi	0	𧸅
cn_dicts/41448.dict.yaml	𧸕	zhi	0	𧸕
cn_dicts/41448.dict.yaml	𧸲	zhi	0	𧸲
cn_dicts/41448.dict.yaml	𧹛	zhi	0	𧹛
cn_dicts/41448.dict.yaml	𧼴	zhi	0	𧼴
cn_dicts/41448.dict.yaml	𧽦	zhi	0	𧽦
cn_dicts/41448.dict.yaml	𧾂	zhi	0	𧾂
cn_dicts/41448.dict.yaml	𨁷	zhi	0	𨁷
cn_dicts/41448.dict.yaml	𨂂	zhi	0	𨂂
cn_dicts/41448.dict.yaml	𨃯	zhi	0	𨃯
cn_dicts/41448.dict.yaml	𨆧	zhi	0	𨆧
cn_dicts/41448.dict.yaml	𨈙	zhi	0	𨈙
cn_dicts/41448.dict.yaml	𨌌	zhi	0	𨌌
cn_dicts/41448.dict.yaml	𨎉	zhi	0	𨎉
cn_dicts/41448.dict.yaml	𨎌	zhi	0	𨎌
cn_dicts/41448.dict.yaml	𨑨	zhi	0	𨑨
cn_dicts/41448.dict.yaml	𨒉	zhi	0	𨒉
cn_dicts/41448.dict.yaml	𨕕	zhi	0	𨕕
cn_dicts/41448.dict.yaml	𨖋	zhi	0	𨖋
cn_dicts/41448.dict.yaml	𨖹	zhi	0	𨖹
cn_dicts/41448.dict.yaml	𨙸	zhi	0	𨙸
cn_dicts/41448.dict.yaml	𨜎	zhi	0	𨜎
cn_dicts/41448.dict.yaml	𨟊	zhi	0	𨟊
cn_dicts/41448.dict.yaml	𨟾	zhi	0	𨟾
cn_dicts/41448.dict.yaml	𨡐	zhi	0	𨡐
cn_dicts/41448.dict.yaml	𨢮	zhi	0	𨢮
cn_dicts/41448.dict.yaml	𨤱	zhi	0	𨤱
cn_dicts/41448.dict.yaml	𨧵	zhi	0	𨧵
cn_dicts/41448.dict.yaml	𨫔	zhi	0	𨫔
cn_dicts/41448.dict.yaml	𨬚	zhi	0	𨬚
cn_dicts/41448.dict.yaml	𨰛	zhi	0	𨰛
cn_dicts/41448.dict.yaml	𨵂	zhi	0	𨵂
cn_dicts/41448.dict.yaml	𨻆	zhi	0	𨻆
cn_dicts/41448.dict.yaml	𨼓	zhi	0	𨼓
cn_dicts/41448.dict.yaml	𨿛	zhi	0	𨿛
cn_dicts/41448.dict.yaml	𩅀	zhi	0	𩅀
cn_dicts/41448.dict.yaml	𩊝	zhi	0	𩊝
cn_dicts/41448.dict.yaml	𩊴	zhi	0	𩊴
cn_dicts/41448.dict.yaml	𩋩	zhi	0	𩋩
cn_dicts/41448.dict.yaml	𩍲	zhi	0	𩍲
cn_dicts/41448.dict.yaml	𩍵	zhi	0	𩍵
cn_dicts/41448.dict.yaml	𩙾	zhi	0	𩙾
cn_dicts/41448.dict.yaml	𩧄	zhi	0	𩧄
cn_dicts/41448.dict.yaml	𩬺	zhi	0	𩬺
cn_dicts/41448.dict.yaml	𩯈	zhi	0	𩯈
cn_dicts/41448.dict.yaml	𩷓	zhi	0	𩷓
cn_dicts/41448.dict.yaml	𩹈	zhi	0	𩹈
cn_dicts/41448.dict.yaml	𩻼	zhi	0	𩻼
cn_dicts/41448.dict.yaml	𪁊	zhi	0	𪁊
cn_dicts/41448.dict.yaml	𪁓	zhi	0	𪁓
cn_dicts/41448.dict.yaml	𪁩	zhi	0	𪁩
cn_dicts/41448.dict.yaml	𪂅	zhi	0	𪂅
cn_dicts/41448.dict.yaml	𪏀	zhi	0	𪏀
cn_dicts/41448.dict.yaml	𪐏	zhi	0	𪐏
cn_dicts/41448.dict.yaml	𪑜	zhi	0	𪑜
cn_dicts/41448.dict.yaml	𪒊	zhi	0	𪒊
cn_dicts/41448.dict.yaml	𪗨	zhi	0	𪗨
cn_dicts/41448.dict.yaml	𪗻	zhi	0	𪗻
cn_dicts/41448.dict.yaml	𪙹	zhi	0	𪙹
cn_dicts/41448.dict.yaml	㐺	zhong	0	㐺
cn_dicts/41448.dict.yaml	㣫	zhong	0	㣫
cn_dicts/41448.dict.yaml	㲴	zhong	0	㲴
cn_dicts/41448.dict.yaml	㹣	zhong	0	㹣
cn_dicts/41448.dict.yaml	䱰	zhong	0	䱰
cn_dicts/41448.dict.yaml	䳋	zhong	0	䳋
cn_dicts/41448.dict.yaml	𠊥	zhong	0	𠊥
cn_dicts/41448.dict.yaml	𠛀	zhong	0	𠛀
cn_dicts/41448.dict.yaml	𠱧	zhong	0	𠱧
cn_dicts/41448.dict.yaml	𡖌	zhong	0	𡖌
cn_dicts/41448.dict.yaml	𡥿	zhong	0	𡥿
cn_dicts/41448.dict.yaml	𡰒	zhong	0	𡰒
cn_dicts/41448.dict.yaml	𡻑	zhong	0	𡻑
cn_dicts/41448.dict.yaml	𢁷	zhong	0	𢁷
cn_dicts/41448.dict.yaml	𢃭	zhong	0	𢃭
cn_dicts/41448.dict.yaml	𢝆	zhong	0	𢝆
cn_dicts/41448.dict.yaml	𢨱	zhong	0	𢨱
cn_dicts/41448.dict.yaml	𣱧	zhong	0	𣱧
cn_dicts/41448.dict.yaml	𣷡	zhong	0	𣷡
cn_dicts/41448.dict.yaml	𣹞	zhong	0	𣹞
cn_dicts/41448.dict.yaml	𤚏	zhong	0	𤚏
cn_dicts/41448.dict.yaml	𤝅	zhong	0	𤝅
cn_dicts/41448.dict.yaml	𤯚	zhong	0	𤯚
cn_dicts/41448.dict.yaml	𤺄	zhong	0	𤺄
cn_dicts/41448.dict.yaml	𥗦	zhong	0	𥗦
cn_dicts/41448.dict.yaml	𥷈	zhong	0	𥷈
cn_dicts/41448.dict.yaml	𥻝	zhong	0	𥻝
cn_dicts/41448.dict.yaml	𦉂	zhong	0	𦉂
cn_dicts/41448.dict.yaml	𦌋	zhong	0	𦌋
cn_dicts/41448.dict.yaml	𦔉	zhong	0	𦔉
cn_dicts/41448.dict.yaml	𦬕	zhong	0	𦬕
cn_dicts/41448.dict.yaml	𧆼	zhong	0	𧆼
cn_dicts/41448.dict.yaml	𧑆	zhong	0	𧑆
cn_dicts/41448.dict.yaml	𧬤	zhong	0	𧬤
cn_dicts/41448.dict.yaml	𧳮	zhong	0	𧳮
cn_dicts/41448.dict.yaml	𨉢	zhong	0	𨉢
cn_dicts/41448.dict.yaml	𨳗	zhong	0	𨳗
cn_dicts/41448.dict.yaml	𩅞	zhong	0	𩅞
cn_dicts/41448.dict.yaml	𩅧	zhong	0	𩅧
cn_dicts/41448.dict.yaml	𩿀	zhong	0	𩿀
cn_dicts/41448.dict.yaml	㑳	zhou	0	㑳
cn_dicts/41448.dict.yaml	㔌	zhou	0	㔌
cn_dicts/41448.dict.yaml	㗙	zhou	0	㗙
cn_dicts/41448.dict.yaml	㛩	zhou	0	㛩
cn_dicts/41448.dict.yaml	㝌	zhou	0	㝌
cn_dicts/41448.dict.yaml	㥁	zhou	0	㥁
cn_dicts/41448.dict.yaml	㥮	zhou	0	㥮
cn_dicts/41448.dict.yaml	㨶	zhou	0	㨶
cn_dicts/41448.dict.yaml	㫶	zhou	0	㫶
cn_dicts/41448.dict.yaml	㲴	zhou	0	㲴
cn_dicts/41448.dict.yaml	㹐	zhou	0	㹐
cn_dicts/41448.dict.yaml	㼙	zhou	0	㼙
cn_dicts/41448.dict.yaml	㾭	zhou	0	㾭
cn_dicts/41448.dict.yaml	䇠	zhou	0	䇠
cn_dicts/41448.dict.yaml	䈙	zhou	0	䈙
cn_dicts/41448.dict.yaml	䋓	zhou	0	䋓
cn_dicts/41448.dict.yaml	䎻	zhou	0	䎻
cn_dicts/41448.dict.yaml	䐌	zhou	0	䐌
cn_dicts/41448.dict.yaml	䐍	zhou	0	䐍
cn_dicts/41448.dict.yaml	䔭	zhou	0	䔭
cn_dicts/41448.dict.yaml	䖞	zhou	0	䖞
cn_dicts/41448.dict.yaml	䛆	zhou	0	䛆
cn_dicts/41448.dict.yaml	䩜	zhou	0	䩜
cn_dicts/41448.dict.yaml	䭥	zhou	0	䭥
cn_dicts/41448.dict.yaml	䶇	zhou	0	䶇
cn_dicts/41448.dict.yaml	𠊣	zhou	0	𠊣
cn_dicts/41448.dict.yaml	𠋢	zhou	0	𠋢
cn_dicts/41448.dict.yaml	𠚴	zhou	0	𠚴
cn_dicts/41448.dict.yaml	𠣘	zhou	0	𠣘
cn_dicts/41448.dict.yaml	𠤍	zhou	0	𠤍
cn_dicts/41448.dict.yaml	𠱙	zhou	0	𠱙
cn_dicts/41448.dict.yaml	𡀑	zhou	0	𡀑
cn_dicts/41448.dict.yaml	𡊡	zhou	0	𡊡
cn_dicts/41448.dict.yaml	𢃸	zhou	0	𢃸
cn_dicts/41448.dict.yaml	𢏝	zhou	0	𢏝
cn_dicts/41448.dict.yaml	𢐫	zhou	0	𢐫
cn_dicts/41448.dict.yaml	𢓟	zhou	0	𢓟
cn_dicts/41448.dict.yaml	𢫧	zhou	0	𢫧
cn_dicts/41448.dict.yaml	𢷗	zhou	0	𢷗
cn_dicts/41448.dict.yaml	𢼲	zhou	0	𢼲
cn_dicts/41448.dict.yaml	𢽧	zhou	0	𢽧
cn_dicts/41448.dict.yaml	𣆔	zhou	0	𣆔
cn_dicts/41448.dict.yaml	𣥯	zhou	0	𣥯
cn_dicts/41448.dict.yaml	𣻱	zhou	0	𣻱
cn_dicts/41448.dict.yaml	𤏲	zhou	0	𤏲
cn_dicts/41448.dict.yaml	𤵥	zhou	0	𤵥
cn_dicts/41448.dict.yaml	𥀙	zhou	0	𥀙
cn_dicts/41448.dict.yaml	𥌆	zhou	0	𥌆
cn_dicts/41448.dict.yaml	𥑸	zhou	0	𥑸
cn_dicts/41448.dict.yaml	𥖠	zhou	0	𥖠
cn_dicts/41448.dict.yaml	𥣙	zhou	0	𥣙
cn_dicts/41448.dict.yaml	𥲝	zhou	0	𥲝
cn_dicts/41448.dict.yaml	𥺝	zhou	0	𥺝
cn_dicts/41448.dict.yaml	𥺞	zhou	0	𥺞
cn_dicts/41448.dict.yaml	𥼫	zhou	0	𥼫
cn_dicts/41448.dict.yaml	𥾓	zhou	0	𥾓
cn_dicts/41448.dict.yaml	𥿦	zhou	0	𥿦
cn_dicts/41448.dict.yaml	𦁖	zhou	0	𦁖
cn_dicts/41448.dict.yaml	𦂈	zhou	0	𦂈
cn_dicts/41448.dict.yaml	𦅸	zhou	0	𦅸
cn_dicts/41448.dict.yaml	𦈺	zhou	0	𦈺
cn_dicts/41448.dict.yaml	𦡴	zhou	0	𦡴
cn_dicts/41448.dict.yaml	𦩈	zhou	0	𦩈
cn_dicts/41448.dict.yaml	𦭴	zhou	0	𦭴
cn_dicts/41448.dict.yaml	𧇟	zhou	0	𧇟
cn_dicts/41448.dict.yaml	𧛸	zhou	0	𧛸
cn_dicts/41448.dict.yaml	𧣷	zhou	0	𧣷
cn_dicts/41448.dict.yaml	𧧔	zhou	0	𧧔
cn_dicts/41448.dict.yaml	𧭍	zhou	0	𧭍
cn_dicts/41448.dict.yaml	𧳜	zhou	0	𧳜
cn_dicts/41448.dict.yaml	𧻖	zhou	0	𧻖
cn_dicts/41448.dict.yaml	𨉜	zhou	0	𨉜
cn_dicts/41448.dict.yaml	𨏺	zhou	0	𨏺
cn_dicts/41448.dict.yaml	𨥇	zhou	0	𨥇
cn_dicts/41448.dict.yaml	𨦞	zhou	0	𨦞
cn_dicts/41448.dict.yaml	𨨯	zhou	0	𨨯
cn_dicts/41448.dict.yaml	𩊄	zhou	0	𩊄
cn_dicts/41448.dict.yaml	𩋰	zhou	0	𩋰
cn_dicts/41448.dict.yaml	𩌄	zhou	0	𩌄
cn_dicts/41448.dict.yaml	𩍌	zhou	0	𩍌
cn_dicts/41448.dict.yaml	𩍧	zhou	0	𩍧
cn_dicts/41448.dict.yaml	𩗪	zhou	0	𩗪
cn_dicts/41448.dict.yaml	𩢸	zhou	0	𩢸
cn_dicts/41448.dict.yaml	𩶣	zhou	0	𩶣
cn_dicts/41448.dict.yaml	𪆀	zhou	0	𪆀
cn_dicts/41448.dict.yaml	𪇞	zhou	0	𪇞
cn_dicts/41448.dict.yaml	㑏	zhu	0	㑏
cn_dicts/41448.dict.yaml	㔉	zhu	0	㔉
cn_dicts/41448.dict.yaml	㝉	zhu	0	㝉
cn_dicts/41448.dict.yaml	㤖	zhu	0	㤖
cn_dicts/41448.dict.yaml	㧣	zhu	0	㧣
cn_dicts/41448.dict.yaml	㫂	zhu	0	㫂
cn_dicts/41448.dict.yaml	㵭	zhu	0	㵭
cn_dicts/41448.dict.yaml	㶆	zhu	0	㶆
cn_dicts/41448.dict.yaml	㹥	zhu	0	㹥
cn_dicts/41448.dict.yaml	㺛	zhu	0	㺛
cn_dicts/41448.dict.yaml	㾻	zhu	0	㾻
cn_dicts/41448.dict.yaml	㿾	zhu	0	㿾
cn_dicts/41448.dict.yaml	䇠	zhu	0	䇠
cn_dicts/41448.dict.yaml	䇡	zhu	0	䇡
cn_dicts/41448.dict.yaml	䇧	zhu	0	䇧
cn_dicts/41448.dict.yaml	䇬	zhu	0	䇬
cn_dicts/41448.dict.yaml	䌵	zhu	0	䌵
cn_dicts/41448.dict.yaml	䍆	zhu	0	䍆
cn_dicts/41448.dict.yaml	䎝	zhu	0	䎝
cn_dicts/41448.dict.yaml	䎷	zhu	0	䎷
cn_dicts/41448.dict.yaml	䐢	zhu	0	䐢
cn_dicts/41448.dict.yaml	䕽	zhu	0	䕽
cn_dicts/41448.dict.yaml	䘄	zhu	0	䘄
cn_dicts/41448.dict.yaml	䘢	zhu	0	䘢
cn_dicts/41448.dict.yaml	䝒	zhu	0	䝒
cn_dicts/41448.dict.yaml	䝬	zhu	0	䝬
cn_dicts/41448.dict.yaml	䟉	zhu	0	䟉
cn_dicts/41448.dict.yaml	䠱	zhu	0	䠱
cn_dicts/41448.dict.yaml	䠼	zhu	0	䠼
cn_dicts/41448.dict.yaml	䥮	zhu	0	䥮
cn_dicts/41448.dict.yaml	䪒	zhu	0	䪒
cn_dicts/41448.dict.yaml	䫖	zhu	0	䫖
cn_dicts/41448.dict.yaml	䬡	zhu	0	䬡
cn_dicts/41448.dict.yaml	䭖	zhu	0	䭖
cn_dicts/41448.dict.yaml	䮱	zhu	0	䮱
cn_dicts/41448.dict.yaml	䰞	zhu	0	䰞
cn_dicts/41448.dict.yaml	䳠	zhu	0	䳠
cn_dicts/41448.dict.yaml	𠧀	zhu	0	𠧀
cn_dicts/41448.dict.yaml	𠩈	zhu	0	𠩈
cn_dicts/41448.dict.yaml	𠮌	zhu	0	𠮌
cn_dicts/41448.dict.yaml	𠰍	zhu	0	𠰍
cn_dicts/41448.dict.yaml	𠴦	zhu	0	𠴦
cn_dicts/41448.dict.yaml	𠴫	zhu	0	𠴫
cn_dicts/41448.dict.yaml	𠷅	zhu	0	𠷅
cn_dicts/41448.dict.yaml	𡎺	zhu	0	𡎺
cn_dicts/41448.dict.yaml	𡤗	zhu	0	𡤗
cn_dicts/41448.dict.yaml	𡧨	zhu	0	𡧨
cn_dicts/41448.dict.yaml	𡱱	zhu	0	𡱱
cn_dicts/41448.dict.yaml	𡴅	zhu	0	𡴅
cn_dicts/41448.dict.yaml	𡸌	zhu	0	𡸌
cn_dicts/41448.dict.yaml	𡺐	zhu	0	𡺐
cn_dicts/41448.dict.yaml	𡻌	zhu	0	𡻌
cn_dicts/41448.dict.yaml	𡻠	zhu	0	𡻠
cn_dicts/41448.dict.yaml	𢁼	zhu	0	𢁼
cn_dicts/41448.dict.yaml	𢔪	zhu	0	𢔪
cn_dicts/41448.dict.yaml	𢚻	zhu	0	𢚻
cn_dicts/41448.dict.yaml	𢥃	zhu	0	𢥃
cn_dicts/41448.dict.yaml	𢩄	zhu	0	𢩄
cn_dicts/41448.dict.yaml	𢲿	zhu	0	𢲿
cn_dicts/41448.dict.yaml	𣀻	zhu	0	𣀻
cn_dicts/41448.dict.yaml	𣔯	zhu	0	𣔯
cn_dicts/41448.dict.yaml	𣤁	zhu	0	𣤁
cn_dicts/41448.dict.yaml	𣥼	zhu	0	𣥼
cn_dicts/41448.dict.yaml	𣵸	zhu	0	𣵸
cn_dicts/41448.dict.yaml	𣽆	zhu	0	𣽆
cn_dicts/41448.dict.yaml	𤆼	zhu	0	𤆼
cn_dicts/41448.dict.yaml	𤋰	zhu	0	𤋰
cn_dicts/41448.dict.yaml	𤎧	zhu	0	𤎧
cn_dicts/41448.dict.yaml	𤕞	zhu	0	𤕞
cn_dicts/41448.dict.yaml	𤝹	zhu	0	𤝹
cn_dicts/41448.dict.yaml	𤥮	zhu	0	𤥮
cn_dicts/41448.dict.yaml	𤲑	zhu	0	𤲑
cn_dicts/41448.dict.yaml	𤳯	zhu	0	𤳯
cn_dicts/41448.dict.yaml	𤾄	zhu	0	𤾄
cn_dicts/41448.dict.yaml	𥋛	zhu	0	𥋛
cn_dicts/41448.dict.yaml	𥛂	zhu	0	𥛂
cn_dicts/41448.dict.yaml	𥞏	zhu	0	𥞏
cn_dicts/41448.dict.yaml	𥩣	zhu	0	𥩣
cn_dicts/41448.dict.yaml	𥯸	zhu	0	𥯸
cn_dicts/41448.dict.yaml	𥵟	zhu	0	𥵟
cn_dicts/41448.dict.yaml	𥹍	zhu	0	𥹍
cn_dicts/41448.dict.yaml	𥾅	zhu	0	𥾅
cn_dicts/41448.dict.yaml	𦅷	zhu	0	𦅷
cn_dicts/41448.dict.yaml	𦉐	zhu	0	𦉐
cn_dicts/41448.dict.yaml	𦙴	zhu	0	𦙴
cn_dicts/41448.dict.yaml	𦧙	zhu	0	𦧙
cn_dicts/41448.dict.yaml	𦬸	zhu	0	𦬸
cn_dicts/41448.dict.yaml	𧈚	zhu	0	𧈚
cn_dicts/41448.dict.yaml	𧉞	zhu	0	𧉞
cn_dicts/41448.dict.yaml	𧏿	zhu	0	𧏿
cn_dicts/41448.dict.yaml	𧑤	zhu	0	𧑤
cn_dicts/41448.dict.yaml	𧵤	zhu	0	𧵤
cn_dicts/41448.dict.yaml	𨆄	zhu	0	𨆄
cn_dicts/41448.dict.yaml	𨈫	zhu	0	𨈫
cn_dicts/41448.dict.yaml	𨙔	zhu	0	𨙔
cn_dicts/41448.dict.yaml	𨞕	zhu	0	𨞕
cn_dicts/41448.dict.yaml	𨥇	zhu	0	𨥇
cn_dicts/41448.dict.yaml	𨭅	zhu	0	𨭅
cn_dicts/41448.dict.yaml	𨲈	zhu	0	𨲈
cn_dicts/41448.dict.yaml	𩊣	zhu	0	𩊣
cn_dicts/41448.dict.yaml	𩋵	zhu	0	𩋵
cn_dicts/41448.dict.yaml	𩒊	zhu	0	𩒊
cn_dicts/41448.dict.yaml	𩞈	zhu	0	𩞈
cn_dicts/41448.dict.yaml	𩣷	zhu	0	𩣷
cn_dicts/41448.dict.yaml	𩨻	zhu	0	𩨻
cn_dicts/41448.dict.yaml	𩲠	zhu	0	𩲠
cn_dicts/41448.dict.yaml	𩲬	zhu	0	𩲬
cn_dicts/41448.dict.yaml	𩳥	zhu	0	𩳥
cn_dicts/41448.dict.yaml	𩴀	zhu	0	𩴀
cn_dicts/41448.dict.yaml	𩶂	zhu	0	𩶂
cn_dicts/41448.dict.yaml	𩶄	zhu	0	𩶄
cn_dicts/41448.dict.yaml	𪊹	zhu	0	𪊹
cn_dicts/41448.dict.yaml	𪋏	zhu	0	𪋏
cn_dicts/41448.dict.yaml	𪋑	zhu	0	𪋑
cn_dicts/41448.dict.yaml	𪋰	zhu	0	𪋰
cn_dicts/41448.dict.yaml	𪏿	zhu	0	𪏿
cn_dicts/41448.dict.yaml	𪚹	zhu	0	𪚹
cn_dicts/41448.dict.yaml	𠆣	zhua	0	𠆣
cn_dicts/41448.dict.yaml	𡎬	zhua	0	𡎬
cn_dicts/41448.dict.yaml	𣑃	zhua	0	𣑃
cn_dicts/41448.dict.yaml	𥬲	zhua	0	𥬲
cn_dicts/41448.dict.yaml	𥮣	zhua	0	𥮣
cn_dicts/41448.dict.yaml	𢶀	zhuai	0	𢶀
cn_dicts/41448.dict.yaml	䉵	zhuan	0	䉵
cn_dicts/41448.dict.yaml	䚈	zhuan	0	䚈
cn_dicts/41448.dict.yaml	䡱	zhuan	0	䡱
cn_dicts/41448.dict.yaml	䤄	zhuan	0	䤄
cn_dicts/41448.dict.yaml	䧘	zhuan	0	䧘
cn_dicts/41448.dict.yaml	𠊩	zhuan	0	𠊩
cn_dicts/41448.dict.yaml	𠨎	zhuan	0	𠨎
cn_dicts/41448.dict.yaml	𡇰	zhuan	0	𡇰
cn_dicts/41448.dict.yaml	𡢀	zhuan	0	𡢀
cn_dicts/41448.dict.yaml	𡤛	zhuan	0	𡤛
cn_dicts/41448.dict.yaml	𡩚	zhuan	0	𡩚
cn_dicts/41448.dict.yaml	𡭇	zhuan	0	𡭇
cn_dicts/41448.dict.yaml	𡰞	zhuan	0	𡰞
cn_dicts/41448.dict.yaml	𢂘	zhuan	0	𢂘
cn_dicts/41448.dict.yaml	𢐎	zhuan	0	𢐎
cn_dicts/41448.dict.yaml	𢞬	zhuan	0	𢞬
cn_dicts/41448.dict.yaml	𣂵	zhuan	0	𣂵
cn_dicts/41448.dict.yaml	𣕏	zhuan	0	𣕏
cn_dicts/41448.dict.yaml	𣚢	zhuan	0	𣚢
cn_dicts/41448.dict.yaml	𤂤	zhuan	0	𤂤
cn_dicts/41448.dict.yaml	𤩄	zhuan	0	𤩄
cn_dicts/41448.dict.yaml	𤪪	zhuan	0	𤪪
cn_dicts/41448.dict.yaml	𤮳	zhuan	0	𤮳
cn_dicts/41448.dict.yaml	𥛥	zhuan	0	𥛥
cn_dicts/41448.dict.yaml	𥫛	zhuan	0	𥫛
cn_dicts/41448.dict.yaml	𦁆	zhuan	0	𦁆
cn_dicts/41448.dict.yaml	𦄯	zhuan	0	𦄯
cn_dicts/41448.dict.yaml	𦓝	zhuan	0	𦓝
cn_dicts/41448.dict.yaml	𦝏	zhuan	0	𦝏
cn_dicts/41448.dict.yaml	𦠆	zhuan	0	𦠆
cn_dicts/41448.dict.yaml	𦧸	zhuan	0	𦧸
cn_dicts/41448.dict.yaml	𧂍	zhuan	0	𧂍
cn_dicts/41448.dict.yaml	𧶲	zhuan	0	𧶲
cn_dicts/41448.dict.yaml	𧸖	zhuan	0	𧸖
cn_dicts/41448.dict.yaml	𨷱	zhuan	0	𨷱
cn_dicts/41448.dict.yaml	𩔊	zhuan	0	𩔊
cn_dicts/41448.dict.yaml	𩧜	zhuan	0	𩧜
cn_dicts/41448.dict.yaml	𩳏	zhuan	0	𩳏
cn_dicts/41448.dict.yaml	𩻝	zhuan	0	𩻝
cn_dicts/41448.dict.yaml	䚒	zhuang	0	䚒
cn_dicts/41448.dict.yaml	𠌴	zhuang	0	𠌴
cn_dicts/41448.dict.yaml	𢙳	zhuang	0	𢙳
cn_dicts/41448.dict.yaml	𢤤	zhuang	0	𢤤
cn_dicts/41448.dict.yaml	𢦅	zhuang	0	𢦅
cn_dicts/41448.dict.yaml	𣞝	zhuang	0	𣞝
cn_dicts/41448.dict.yaml	𣴣	zhuang	0	𣴣
cn_dicts/41448.dict.yaml	𣶍	zhuang	0	𣶍
cn_dicts/41448.dict.yaml	𣻛	zhuang	0	𣻛
cn_dicts/41448.dict.yaml	𤕯	zhuang	0	𤕯
cn_dicts/41448.dict.yaml	𤘲	zhuang	0	𤘲
cn_dicts/41448.dict.yaml	𤶜	zhuang	0	𤶜
cn_dicts/41448.dict.yaml	𦀜	zhuang	0	𦀜
cn_dicts/41448.dict.yaml	𦚏	zhuang	0	𦚏
cn_dicts/41448.dict.yaml	𩅃	zhuang	0	𩅃
cn_dicts/41448.dict.yaml	𩮱	zhuang	0	𩮱
cn_dicts/41448.dict.yaml	𩯲	zhuang	0	𩯲
cn_dicts/41448.dict.yaml	𪁈	zhuang	0	𪁈
cn_dicts/41448.dict.yaml	𪄻	zhuang	0	𪄻
cn_dicts/41448.dict.yaml	𪅖	zhuang	0	𪅖
cn_dicts/41448.dict.yaml	㝽	zhui	0	㝽
cn_dicts/41448.dict.yaml	㾽	zhui	0	㾽
cn_dicts/41448.dict.yaml	㿢	zhui	0	㿢
cn_dicts/41448.dict.yaml	䃍	zhui	0	䃍
cn_dicts/41448.dict.yaml	䄌	zhui	0	䄌
cn_dicts/41448.dict.yaml	䋘	zhui	0	䋘
cn_dicts/41448.dict.yaml	𠄌	zhui	0	𠄌
cn_dicts/41448.dict.yaml	𡑻	zhui	0	𡑻
cn_dicts/41448.dict.yaml	𡯑	zhui	0	𡯑
cn_dicts/41448.dict.yaml	𢊅	zhui	0	𢊅
cn_dicts/41448.dict.yaml	𣝸	zhui	0	𣝸
cn_dicts/41448.dict.yaml	𣦬	zhui	0	𣦬
cn_dicts/41448.dict.yaml	𣨫	zhui	0	𣨫
cn_dicts/41448.dict.yaml	𤺅	zhui	0	𤺅
cn_dicts/41448.dict.yaml	𥟒	zhui	0	𥟒
cn_dicts/41448.dict.yaml	𦥻	zhui	0	𦥻
cn_dicts/41448.dict.yaml	𧿲	zhui	0	𧿲
cn_dicts/41448.dict.yaml	𨒉	zhui	0	𨒉
cn_dicts/41448.dict.yaml	𨧨	zhui	0	𨧨
cn_dicts/41448.dict.yaml	𨪗	zhui	0	𨪗
cn_dicts/41448.dict.yaml	𨺵	zhui	0	𨺵
cn_dicts/41448.dict.yaml	𨾻	zhui	0	𨾻
cn_dicts/41448.dict.yaml	𩛵	zhui	0	𩛵
cn_dicts/41448.dict.yaml	𩜀	zhui	0	𩜀
cn_dicts/41448.dict.yaml	𩪀	zhui	0	𩪀
cn_dicts/41448.dict.yaml	𩬳	zhui	0	𩬳
cn_dicts/41448.dict.yaml	𪋇	zhui	0	𪋇
cn_dicts/41448.dict.yaml	㡒	zhun	0	㡒
cn_dicts/41448.dict.yaml	𥇜	zhun	0	𥇜
cn_dicts/41448.dict.yaml	𥚠	zhun	0	𥚠
cn_dicts/41448.dict.yaml	㒂	zhuo	0	㒂
cn_dicts/41448.dict.yaml	㓸	zhuo	0	㓸
cn_dicts/41448.dict.yaml	㠚	zhuo	0	㠚
cn_dicts/41448.dict.yaml	㣿	zhuo	0	㣿
cn_dicts/41448.dict.yaml	㧳	zhuo	0	㧳
cn_dicts/41448.dict.yaml	㧻	zhuo	0	㧻
cn_dicts/41448.dict.yaml	㪬	zhuo	0	㪬
cn_dicts/41448.dict.yaml	㭬	zhuo	0	㭬
cn_dicts/41448.dict.yaml	㲋	zhuo	0	㲋
cn_dicts/41448.dict.yaml	㹿	zhuo	0	㹿
cn_dicts/41448.dict.yaml	㺟	zhuo	0	㺟
cn_dicts/41448.dict.yaml	䅵	zhuo	0	䅵
cn_dicts/41448.dict.yaml	䆯	zhuo	0	䆯
cn_dicts/41448.dict.yaml	䏐	zhuo	0	䏐
cn_dicts/41448.dict.yaml	䐁	zhuo	0	䐁
cn_dicts/41448.dict.yaml	䔲	zhuo	0	䔲
cn_dicts/41448.dict.yaml	䕴	zhuo	0	䕴
cn_dicts/41448.dict.yaml	䖦	zhuo	0	䖦
cn_dicts/41448.dict.yaml	䙯	zhuo	0	䙯
cn_dicts/41448.dict.yaml	䟾	zhuo	0	䟾
cn_dicts/41448.dict.yaml	䪼	zhuo	0	䪼
cn_dicts/41448.dict.yaml	䴵	zhuo	0	䴵
cn_dicts/41448.dict.yaml	䵵	zhuo	0	䵵
cn_dicts/41448.dict.yaml	䶂	zhuo	0	䶂
cn_dicts/41448.dict.yaml	𠡑	zhuo	0	𠡑
cn_dicts/41448.dict.yaml	𠭴	zhuo	0	𠭴
cn_dicts/41448.dict.yaml	𠿡	zhuo	0	𠿡
cn_dicts/41448.dict.yaml	𡷿	zhuo	0	𡷿
cn_dicts/41448.dict.yaml	𢁁	zhuo	0	𢁁
cn_dicts/41448.dict.yaml	𢢗	zhuo	0	𢢗
cn_dicts/41448.dict.yaml	𢧈	zhuo	0	𢧈
cn_dicts/41448.dict.yaml	𢳇	zhuo	0	𢳇
cn_dicts/41448.dict.yaml	𢺡	zhuo	0	𢺡
cn_dicts/41448.dict.yaml	𢽚	zhuo	0	𢽚
cn_dicts/41448.dict.yaml	𣃈	zhuo	0	𣃈
cn_dicts/41448.dict.yaml	𣃑	zhuo	0	𣃑
cn_dicts/41448.dict.yaml	𣄻	zhuo	0	𣄻
cn_dicts/41448.dict.yaml	𤃮	zhuo	0	𤃮
cn_dicts/41448.dict.yaml	𤉐	zhuo	0	𤉐
cn_dicts/41448.dict.yaml	𤏸	zhuo	0	𤏸
cn_dicts/41448.dict.yaml	𤓦	zhuo	0	𤓦
cn_dicts/41448.dict.yaml	𥇍	zhuo	0	𥇍
cn_dicts/41448.dict.yaml	𥋮	zhuo	0	𥋮
cn_dicts/41448.dict.yaml	𥐊	zhuo	0	𥐊
cn_dicts/41448.dict.yaml	𥗁	zhuo	0	𥗁
cn_dicts/41448.dict.yaml	𥞺	zhuo	0	𥞺
cn_dicts/41448.dict.yaml	𥢔	zhuo	0	𥢔
cn_dicts/41448.dict.yaml	𥮥	zhuo	0	𥮥
cn_dicts/41448.dict.yaml	𥯩	zhuo	0	𥯩
cn_dicts/41448.dict.yaml	𥷘	zhuo	0	𥷘
cn_dicts/41448.dict.yaml	𥷮	zhuo	0	𥷮
cn_dicts/41448.dict.yaml	𥼚	zhuo	0	𥼚
cn_dicts/41448.dict.yaml	𦜰	zhuo	0	𦜰
cn_dicts/41448.dict.yaml	𦰹	zhuo	0	𦰹
cn_dicts/41448.dict.yaml	𦳡	zhuo	0	𦳡
cn_dicts/41448.dict.yaml	𧂒	zhuo	0	𧂒
cn_dicts/41448.dict.yaml	𧃔	zhuo	0	𧃔
cn_dicts/41448.dict.yaml	𧘑	zhuo	0	𧘑
cn_dicts/41448.dict.yaml	𧞐	zhuo	0	𧞐
cn_dicts/41448.dict.yaml	𧢼	zhuo	0	𧢼
cn_dicts/41448.dict.yaml	𧨳	zhuo	0	𧨳
cn_dicts/41448.dict.yaml	𧰵	zhuo	0	𧰵
cn_dicts/41448.dict.yaml	𧱒	zhuo	0	𧱒
cn_dicts/41448.dict.yaml	𧱰	zhuo	0	𧱰
cn_dicts/41448.dict.yaml	𨁿	zhuo	0	𨁿
cn_dicts/41448.dict.yaml	𨑽	zhuo	0	𨑽
cn_dicts/41448.dict.yaml	𨖮	zhuo	0	𨖮
cn_dicts/41448.dict.yaml	𨡸	zhuo	0	𨡸
cn_dicts/41448.dict.yaml	𨢬	zhuo	0	𨢬
cn_dicts/41448.dict.yaml	𨧧	zhuo	0	𨧧
cn_dicts/41448.dict.yaml	𨮿	zhuo	0	𨮿
cn_dicts/41448.dict.yaml	𨺝	zhuo	0	𨺝
cn_dicts/41448.dict.yaml	𩆸	zhuo	0	𩆸
cn_dicts/41448.dict.yaml	𩋁	zhuo	0	𩋁
cn_dicts/41448.dict.yaml	𩑂	zhuo	0	𩑂
cn_dicts/41448.dict.yaml	𩩔	zhuo	0	𩩔
cn_dicts/41448.dict.yaml	𩲃	zhuo	0	𩲃
cn_dicts/41448.dict.yaml	𩷹	zhuo	0	𩷹
cn_dicts/41448.dict.yaml	㑵	zi	0	㑵
cn_dicts/41448.dict.yaml	㜽	zi	0	㜽
cn_dicts/41448.dict.yaml	㞨	zi	0	㞨
cn_dicts/41448.dict.yaml	㢀	zi	0	㢀
cn_dicts/41448.dict.yaml	㧗	zi	0	㧗
cn_dicts/41448.dict.yaml	㧘	zi	0	㧘
cn_dicts/41448.dict.yaml	㰣	zi	0	㰣
cn_dicts/41448.dict.yaml	㰷	zi	0	㰷
cn_dicts/41448.dict.yaml	㱴	zi	0	㱴
cn_dicts/41448.dict.yaml	㺭	zi	0	㺭
cn_dicts/41448.dict.yaml	㾅	zi	0	㾅
cn_dicts/41448.dict.yaml	䅆	zi	0	䅆
cn_dicts/41448.dict.yaml	䆅	zi	0	䆅
cn_dicts/41448.dict.yaml	䐉	zi	0	䐉
cn_dicts/41448.dict.yaml	䔂	zi	0	䔂
cn_dicts/41448.dict.yaml	䘣	zi	0	䘣
cn_dicts/41448.dict.yaml	䦻	zi	0	䦻
cn_dicts/41448.dict.yaml	䴾	zi	0	䴾
cn_dicts/41448.dict.yaml	𠀢	zi	0	𠀢
cn_dicts/41448.dict.yaml	𠂔	zi	0	𠂔
cn_dicts/41448.dict.yaml	𠡸	zi	0	𠡸
cn_dicts/41448.dict.yaml	𡉗	zi	0	𡉗
cn_dicts/41448.dict.yaml	𡗈	zi	0	𡗈
cn_dicts/41448.dict.yaml	𡙛	zi	0	𡙛
cn_dicts/41448.dict.yaml	𡥎	zi	0	𡥎
cn_dicts/41448.dict.yaml	𡪒	zi	0	𡪒
cn_dicts/41448.dict.yaml	𡸟	zi	0	𡸟
cn_dicts/41448.dict.yaml	𡸪	zi	0	𡸪
cn_dicts/41448.dict.yaml	𢆶	zi	0	𢆶
cn_dicts/41448.dict.yaml	𢱆	zi	0	𢱆
cn_dicts/41448.dict.yaml	𢼱	zi	0	𢼱
cn_dicts/41448.dict.yaml	𣄮	zi	0	𣄮
cn_dicts/41448.dict.yaml	𣓊	zi	0	𣓊
cn_dicts/41448.dict.yaml	𣖨	zi	0	𣖨
cn_dicts/41448.dict.yaml	𣚀	zi	0	𣚀
cn_dicts/41448.dict.yaml	𣚁	zi	0	𣚁
cn_dicts/41448.dict.yaml	𣣊	zi	0	𣣊
cn_dicts/41448.dict.yaml	𣣌	zi	0	𣣌
cn_dicts/41448.dict.yaml	𣥨	zi	0	𣥨
cn_dicts/41448.dict.yaml	𣯃	zi	0	𣯃
cn_dicts/41448.dict.yaml	𣳩	zi	0	𣳩
cn_dicts/41448.dict.yaml	𣸆	zi	0	𣸆
cn_dicts/41448.dict.yaml	𤲸	zi	0	𤲸
cn_dicts/41448.dict.yaml	𥀖	zi	0	𥀖
cn_dicts/41448.dict.yaml	𥕁	zi	0	𥕁
cn_dicts/41448.dict.yaml	𥚉	zi	0	𥚉
cn_dicts/41448.dict.yaml	𥞎	zi	0	𥞎
cn_dicts/41448.dict.yaml	𥫞	zi	0	𥫞
cn_dicts/41448.dict.yaml	𥬳	zi	0	𥬳
cn_dicts/41448.dict.yaml	𥲕	zi	0	𥲕
cn_dicts/41448.dict.yaml	𥻍	zi	0	𥻍
cn_dicts/41448.dict.yaml	𥼩	zi	0	𥼩
cn_dicts/41448.dict.yaml	𥼻	zi	0	𥼻
cn_dicts/41448.dict.yaml	𥿩	zi	0	𥿩
cn_dicts/41448.dict.yaml	𦍺	zi	0	𦍺
cn_dicts/41448.dict.yaml	𦎸	zi	0	𦎸
cn_dicts/41448.dict.yaml	𦖺	zi	0	𦖺
cn_dicts/41448.dict.yaml	𦞤	zi	0	𦞤
cn_dicts/41448.dict.yaml	𦣹	zi	0	𦣹
cn_dicts/41448.dict.yaml	𦺱	zi	0	𦺱
cn_dicts/41448.dict.yaml	𧀗	zi	0	𧀗
cn_dicts/41448.dict.yaml	𧂐	zi	0	𧂐
cn_dicts/41448.dict.yaml	𧆰	zi	0	𧆰
cn_dicts/41448.dict.yaml	𧕓	zi	0	𧕓
cn_dicts/41448.dict.yaml	𧙁	zi	0	𧙁
cn_dicts/41448.dict.yaml	𧛏	zi	0	𧛏
cn_dicts/41448.dict.yaml	𧣤	zi	0	𧣤
cn_dicts/41448.dict.yaml	𧥕	zi	0	𧥕
cn_dicts/41448.dict.yaml	𧧕	zi	0	𧧕
cn_dicts/41448.dict.yaml	𧨴	zi	0	𧨴
cn_dicts/41448.dict.yaml	𧹌	zi	0	𧹌
cn_dicts/41448.dict.yaml	𧿞	zi	0	𧿞
cn_dicts/41448.dict.yaml	𨀥	zi	0	𨀥
cn_dicts/41448.dict.yaml	𨍢	zi	0	𨍢
cn_dicts/41448.dict.yaml	𨚖	zi	0	𨚖
cn_dicts/41448.dict.yaml	𨝳	zi	0	𨝳
cn_dicts/41448.dict.yaml	𨧫	zi	0	𨧫
cn_dicts/41448.dict.yaml	𨩲	zi	0	𨩲
cn_dicts/41448.dict.yaml	𨹀	zi	0	𨹀
cn_dicts/41448.dict.yaml	𩄚	zi	0	𩄚
cn_dicts/41448.dict.yaml	𩐍	zi	0	𩐍
cn_dicts/41448.dict.yaml	𩜊	zi	0	𩜊
cn_dicts/41448.dict.yaml	𪅵	zi	0	𪅵
cn_dicts/41448.dict.yaml	𪑿	zi	0	𪑿
cn_dicts/41448.dict.yaml	𪕊	zi	0	𪕊
cn_dicts/41448.dict.yaml	𪗉	zi	0	𪗉
cn_dicts/41448.dict.yaml	𪗋	zi	0	𪗋
cn_dicts/41448.dict.yaml	𪗐	zi	0	𪗐
cn_dicts/41448.dict.yaml	㚇	zong	0	㚇
cn_dicts/41448.dict.yaml	㢔	zong	0	㢔
cn_dicts/41448.dict.yaml	㯶	zong	0	㯶
cn_dicts/41448.dict.yaml	㷓	zong	0	㷓
cn_dicts/41448.dict.yaml	㹅	zong	0	㹅
cn_dicts/41448.dict.yaml	䁓	zong	0	䁓
cn_dicts/41448.dict.yaml	䍟	zong	0	䍟
cn_dicts/41448.dict.yaml	䎫	zong	0	䎫
cn_dicts/41448.dict.yaml	䗥	zong	0	䗥
cn_dicts/41448.dict.yaml	䙕	zong	0	䙕
cn_dicts/41448.dict.yaml	䝋	zong	0	䝋
cn_dicts/41448.dict.yaml	䡯	zong	0	䡯
cn_dicts/41448.dict.yaml	䰌	zong	0	䰌
cn_dicts/41448.dict.yaml	𠏭	zong	0	𠏭
cn_dicts/41448.dict.yaml	𠕌	zong	0	𠕌
cn_dicts/41448.dict.yaml	𠡻	zong	0	𠡻
cn_dicts/41448.dict.yaml	𠵻	zong	0	𠵻
cn_dicts/41448.dict.yaml	𡕰	zong	0	𡕰
cn_dicts/41448.dict.yaml	𡞧	zong	0	𡞧
cn_dicts/41448.dict.yaml	𣀒	zong	0	𣀒
cn_dicts/41448.dict.yaml	𣯨	zong	0	𣯨
cn_dicts/41448.dict.yaml	𤡆	zong	0	𤡆
cn_dicts/41448.dict.yaml	𥍺	zong	0	𥍺
cn_dicts/41448.dict.yaml	𥓻	zong	0	𥓻
cn_dicts/41448.dict.yaml	𥚾	zong	0	𥚾
cn_dicts/41448.dict.yaml	𥠡	zong	0	𥠡
cn_dicts/41448.dict.yaml	𦖸	zong	0	𦖸
cn_dicts/41448.dict.yaml	𦡙	zong	0	𦡙
cn_dicts/41448.dict.yaml	𧺣	zong	0	𧺣
cn_dicts/41448.dict.yaml	𨌰	zong	0	𨌰
cn_dicts/41448.dict.yaml	𨍈	zong	0	𨍈
cn_dicts/41448.dict.yaml	𨍉	zong	0	𨍉
cn_dicts/41448.dict.yaml	𨎢	zong	0	𨎢
cn_dicts/41448.dict.yaml	𨺡	zong	0	𨺡
cn_dicts/41448.dict.yaml	𩋯	zong	0	𩋯
cn_dicts/41448.dict.yaml	𩤗	zong	0	𩤗
cn_dicts/41448.dict.yaml	𩦲	zong	0	𩦲
cn_dicts/41448.dict.yaml	𩭤	zong	0	𩭤
cn_dicts/41448.dict.yaml	𩮀	zong	0	𩮀
cn_dicts/41448.dict.yaml	𩰽	zong	0	𩰽
cn_dicts/41448.dict.yaml	𪖁	zong	0	𪖁
cn_dicts/41448.dict.yaml	㔿	zou	0	㔿
cn_dicts/41448.dict.yaml	㞫	zou	0	㞫
cn_dicts/41448.dict.yaml	㵵	zou	0	㵵
cn_dicts/41448.dict.yaml	䠫	zou	0	䠫
cn_dicts/41448.dict.yaml	䲀	zou	0	䲀
cn_dicts/41448.dict.yaml	龰	zou	0	龰
cn_dicts/41448.dict.yaml	𠂑	zou	0	𠂑
cn_dicts/41448.dict.yaml	𣙻	zou	0	𣙻
cn_dicts/41448.dict.yaml	𣠏	zou	0	𣠏
cn_dicts/41448.dict.yaml	𥋜	zou	0	𥋜
cn_dicts/41448.dict.yaml	𥶈	zou	0	𥶈
cn_dicts/41448.dict.yaml	𧌗	zou	0	𧌗
cn_dicts/41448.dict.yaml	𨂡	zou	0	𨂡
cn_dicts/41448.dict.yaml	𨃘	zou	0	𨃘
cn_dicts/41448.dict.yaml	𨑿	zou	0	𨑿
cn_dicts/41448.dict.yaml	𨜗	zou	0	𨜗
cn_dicts/41448.dict.yaml	𨝮	zou	0	𨝮
cn_dicts/41448.dict.yaml	𨽁	zou	0	𨽁
cn_dicts/41448.dict.yaml	𩼦	zou	0	𩼦
cn_dicts/41448.dict.yaml	𪃆	zou	0	𪃆
cn_dicts/41448.dict.yaml	㞺	zu	0	㞺
cn_dicts/41448.dict.yaml	㧻	zu	0	㧻
cn_dicts/41448.dict.yaml	㰵	zu	0	㰵
cn_dicts/41448.dict.yaml	㲋	zu	0	㲋
cn_dicts/41448.dict.yaml	㲞	zu	0	㲞
cn_dicts/41448.dict.yaml	㵀	zu	0	㵀
cn_dicts/41448.dict.yaml	䅸	zu	0	䅸
cn_dicts/41448.dict.yaml	䔃	zu	0	䔃
cn_dicts/41448.dict.yaml	䖕	zu	0	䖕
cn_dicts/41448.dict.yaml	䘚	zu	0	䘚
cn_dicts/41448.dict.yaml	䙘	zu	0	䙘
cn_dicts/41448.dict.yaml	䚝	zu	0	䚝
cn_dicts/41448.dict.yaml	䬨	zu	0	䬨
cn_dicts/41448.dict.yaml	䯿	zu	0	䯿
cn_dicts/41448.dict.yaml	䱣	zu	0	䱣
cn_dicts/41448.dict.yaml	𠻏	zu	0	𠻏
cn_dicts/41448.dict.yaml	𡻬	zu	0	𡻬
cn_dicts/41448.dict.yaml	𢅪	zu	0	𢅪
cn_dicts/41448.dict.yaml	𢉺	zu	0	𢉺
cn_dicts/41448.dict.yaml	𢫵	zu	0	𢫵
cn_dicts/41448.dict.yaml	𢳇	zu	0	𢳇
cn_dicts/41448.dict.yaml	𢳈	zu	0	𢳈
cn_dicts/41448.dict.yaml	𣇙	zu	0	𣇙
cn_dicts/41448.dict.yaml	𣢰	zu	0	𣢰
cn_dicts/41448.dict.yaml	𣤶	zu	0	𣤶
cn_dicts/41448.dict.yaml	𣨛	zu	0	𣨛
cn_dicts/41448.dict.yaml	𤓵	zu	0	𤓵
cn_dicts/41448.dict.yaml	𤬧	zu	0	𤬧
cn_dicts/41448.dict.yaml	𤱌	zu	0	𤱌
cn_dicts/41448.dict.yaml	𤽱	zu	0	𤽱
cn_dicts/41448.dict.yaml	𥛜	zu	0	𥛜
cn_dicts/41448.dict.yaml	𥞯	zu	0	𥞯
cn_dicts/41448.dict.yaml	𥣆	zu	0	𥣆
cn_dicts/41448.dict.yaml	𥼀	zu	0	𥼀
cn_dicts/41448.dict.yaml	𥼪	zu	0	𥼪
cn_dicts/41448.dict.yaml	𦑋	zu	0	𦑋
cn_dicts/41448.dict.yaml	𦵬	zu	0	𦵬
cn_dicts/41448.dict.yaml	𧇈	zu	0	𧇈
cn_dicts/41448.dict.yaml	𧇿	zu	0	𧇿
cn_dicts/41448.dict.yaml	𧎲	zu	0	𧎲
cn_dicts/41448.dict.yaml	𧐈	zu	0	𧐈
cn_dicts/41448.dict.yaml	𧑙	zu	0	𧑙
cn_dicts/41448.dict.yaml	𧗎	zu	0	𧗎
cn_dicts/41448.dict.yaml	𧞰	zu	0	𧞰
cn_dicts/41448.dict.yaml	𧺒	zu	0	𧺒
cn_dicts/41448.dict.yaml	𨂀	zu	0	𨂀
cn_dicts/41448.dict.yaml	𨃭	zu	0	𨃭
cn_dicts/41448.dict.yaml	𨄕	zu	0	𨄕
cn_dicts/41448.dict.yaml	𨧰	zu	0	𨧰
cn_dicts/41448.dict.yaml	𨨳	zu	0	𨨳
cn_dicts/41448.dict.yaml	𨩰	zu	0	𨩰
cn_dicts/41448.dict.yaml	𩐡	zu	0	𩐡
cn_dicts/41448.dict.yaml	𩥿	zu	0	𩥿
cn_dicts/41448.dict.yaml	𩩠	zu	0	𩩠
cn_dicts/41448.dict.yaml	𩲲	zu	0	𩲲
cn_dicts/41448.dict.yaml	𩺯	zu	0	𩺯
cn_dicts/41448.dict.yaml	𪋍	zu	0	𪋍
cn_dicts/41448.dict.yaml	𪘧	zu	0	𪘧
cn_dicts/41448.dict.yaml	𪙳	zu	0	𪙳
cn_dicts/41448.dict.yaml	㷪	zuan	0	㷪
cn_dicts/41448.dict.yaml	䂎	zuan	0	䂎
cn_dicts/41448.dict.yaml	䌣	zuan	0	䌣
cn_dicts/41448.dict.yaml	䡅	zuan	0	䡅
cn_dicts/41448.dict.yaml	䤸	zuan	0	䤸
cn_dicts/41448.dict.yaml	𡉺	zuan	0	𡉺
cn_dicts/41448.dict.yaml	𣀶	zuan	0	𣀶
cn_dicts/41448.dict.yaml	𣪁	zuan	0	𣪁
cn_dicts/41448.dict.yaml	𦆈	zuan	0	𦆈
cn_dicts/41448.dict.yaml	𦙉	zuan	0	𦙉
cn_dicts/41448.dict.yaml	𨇃	zuan	0	𨇃
cn_dicts/41448.dict.yaml	𨉖	zuan	0	𨉖
cn_dicts/41448.dict.yaml	𨰭	zuan	0	𨰭
cn_dicts/41448.dict.yaml	𩎑	zuan	0	𩎑
cn_dicts/41448.dict.yaml	𩛻	zuan	0	𩛻
cn_dicts/41448.dict.yaml	𩯳	zuan	0	𩯳
cn_dicts/41448.dict.yaml	㝡	zui	0	㝡
cn_dicts/41448.dict.yaml	㠑	zui	0	㠑
cn_dicts/41448.dict.yaml	㭰	zui	0	㭰
cn_dicts/41448.dict.yaml	㰎	zui	0	㰎
cn_dicts/41448.dict.yaml	䘒	zui	0	䘒
cn_dicts/41448.dict.yaml	䘹	zui	0	䘹
cn_dicts/41448.dict.yaml	䮔	zui	0	䮔
cn_dicts/41448.dict.yaml	𠲋	zui	0	𠲋
cn_dicts/41448.dict.yaml	𠾋	zui	0	𠾋
cn_dicts/41448.dict.yaml	𠿘	zui	0	𠿘
cn_dicts/41448.dict.yaml	𡙭	zui	0	𡙭
cn_dicts/41448.dict.yaml	𡡔	zui	0	𡡔
cn_dicts/41448.dict.yaml	𡽁	zui	0	𡽁
cn_dicts/41448.dict.yaml	𡽛	zui	0	𡽛
cn_dicts/41448.dict.yaml	𢈡	zui	0	𢈡
cn_dicts/41448.dict.yaml	𢊛	zui	0	𢊛
cn_dicts/41448.dict.yaml	𣖱	zui	0	𣖱
cn_dicts/41448.dict.yaml	𣩑	zui	0	𣩑
cn_dicts/41448.dict.yaml	𥍋	zui	0	𥍋
cn_dicts/41448.dict.yaml	𥳣	zui	0	𥳣
cn_dicts/41448.dict.yaml	𥳵	zui	0	𥳵
cn_dicts/41448.dict.yaml	𦆈	zui	0	𦆈
cn_dicts/41448.dict.yaml	𦈬	zui	0	𦈬
cn_dicts/41448.dict.yaml	𦏳	zui	0	𦏳
cn_dicts/41448.dict.yaml	𦙈	zui	0	𦙈
cn_dicts/41448.dict.yaml	𦸺	zui	0	𦸺
cn_dicts/41448.dict.yaml	𧎹	zui	0	𧎹
cn_dicts/41448.dict.yaml	𧻝	zui	0	𧻝
cn_dicts/41448.dict.yaml	𨢅	zui	0	𨢅
cn_dicts/41448.dict.yaml	𨻵	zui	0	𨻵
cn_dicts/41448.dict.yaml	𨿇	zui	0	𨿇
cn_dicts/41448.dict.yaml	𩚻	zui	0	𩚻
cn_dicts/41448.dict.yaml	𩣷	zui	0	𩣷
cn_dicts/41448.dict.yaml	𩲨	zui	0	𩲨
cn_dicts/41448.dict.yaml	𪋌	zui	0	𪋌
cn_dicts/41448.dict.yaml	𪓌	zui	0	𪓌
cn_dicts/41448.dict.yaml	䔿	zun	0	䔿
cn_dicts/41448.dict.yaml	𠟃	zun	0	𠟃
cn_dicts/41448.dict.yaml	𠱜	zun	0	𠱜
cn_dicts/41448.dict.yaml	𤮐	zun	0	𤮐
cn_dicts/41448.dict.yaml	𥊭	zun	0	𥊭
cn_dicts/41448.dict.yaml	𥞘	zun	0	𥞘
cn_dicts/41448.dict.yaml	𥢎	zun	0	𥢎
cn_dicts/41448.dict.yaml	𦢐	zun	0	𦢐
cn_dicts/41448.dict.yaml	𦨆	zun	0	𦨆
cn_dicts/41448.dict.yaml	𦪚	zun	0	𦪚
cn_dicts/41448.dict.yaml	𩯄	zun	0	𩯄
cn_dicts/41448.dict.yaml	㑅	zuo	0	㑅
cn_dicts/41448.dict.yaml	㘀	zuo	0	㘀
cn_dicts/41448.dict.yaml	㘴	zuo	0	㘴
cn_dicts/41448.dict.yaml	㛗	zuo	0	㛗
cn_dicts/41448.dict.yaml	㝾	zuo	0	㝾
cn_dicts/41448.dict.yaml	㣱	zuo	0	㣱
cn_dicts/41448.dict.yaml	㤰	zuo	0	㤰
cn_dicts/41448.dict.yaml	㭮	zuo	0	㭮
cn_dicts/41448.dict.yaml	㶡	zuo	0	㶡
cn_dicts/41448.dict.yaml	㸲	zuo	0	㸲
cn_dicts/41448.dict.yaml	䇥	zuo	0	䇥
cn_dicts/41448.dict.yaml	䋏	zuo	0	䋏
cn_dicts/41448.dict.yaml	䎰	zuo	0	䎰
cn_dicts/41448.dict.yaml	䔘	zuo	0	䔘
cn_dicts/41448.dict.yaml	䝫	zuo	0	䝫
cn_dicts/41448.dict.yaml	䞢	zuo	0	䞢
cn_dicts/41448.dict.yaml	䞰	zuo	0	䞰
cn_dicts/41448.dict.yaml	䟄	zuo	0	䟄
cn_dicts/41448.dict.yaml	䟶	zuo	0	䟶
cn_dicts/41448.dict.yaml	䦈	zuo	0	䦈
cn_dicts/41448.dict.yaml	䩦	zuo	0	䩦
cn_dicts/41448.dict.yaml	䬤	zuo	0	䬤
cn_dicts/41448.dict.yaml	䯿	zuo	0	䯿
cn_dicts/41448.dict.yaml	𠂇	zuo	0	𠂇
cn_dicts/41448.dict.yaml	𠱯	zuo	0	𠱯
cn_dicts/41448.dict.yaml	𠹠	zuo	0	𠹠
cn_dicts/41448.dict.yaml	𡪳	zuo	0	𡪳
cn_dicts/41448.dict.yaml	𡯨	zuo	0	𡯨
cn_dicts/41448.dict.yaml	𡹥	zuo	0	𡹥
cn_dicts/41448.dict.yaml	𢀡	zuo	0	𢀡
cn_dicts/41448.dict.yaml	𢂃	zuo	0	𢂃
cn_dicts/41448.dict.yaml	𢤎	zuo	0	𢤎
cn_dicts/41448.dict.yaml	𣠹	zuo	0	𣠹
cn_dicts/41448.dict.yaml	𣩈	zuo	0	𣩈
cn_dicts/41448.dict.yaml	𣹧	zuo	0	𣹧
cn_dicts/41448.dict.yaml	𤿀	zuo	0	𤿀
cn_dicts/41448.dict.yaml	𥅁	zuo	0	𥅁
cn_dicts/41448.dict.yaml	𥙀	zuo	0	𥙀
cn_dicts/41448.dict.yaml	𥥏	zuo	0	𥥏
cn_dicts/41448.dict.yaml	𥹁	zuo	0	𥹁
cn_dicts/41448.dict.yaml	𥽿	zuo	0	𥽿
cn_dicts/41448.dict.yaml	𦁎	zuo	0	𦁎
cn_dicts/41448.dict.yaml	𦥬	zuo	0	𦥬
cn_dicts/41448.dict.yaml	𦦹	zuo	0	𦦹
cn_dicts/41448.dict.yaml	𧃘	zuo	0	𧃘
cn_dicts/41448.dict.yaml	𧨀	zuo	0	𧨀
cn_dicts/41448.dict.yaml	𧮙	zuo	0	𧮙
cn_dicts/41448.dict.yaml	𧲭	zuo	0	𧲭
cn_dicts/41448.dict.yaml	𨀨	zuo	0	𨀨
cn_dicts/41448.dict.yaml	𨐳	zuo	0	𨐳
cn_dicts/41448.dict.yaml	𨝨	zuo	0	𨝨
cn_dicts/41448.dict.yaml	𨞒	zuo	0	𨞒
cn_dicts/41448.dict.yaml	𩛠	zuo	0	𩛠
cn_dicts/41448.dict.yaml	𪎇	zuo	0	𪎇
cn_dicts/41448.dict.yaml	𪎲	zuo	0	𪎲
cn_dicts/41448.dict.yaml	㐌	ta	0	㐌
cn_dicts/41448.dict.yaml	㐡	ru	0	㐡
cn_dicts/41448.dict.yaml	㐤	dan	0	㐤
cn_dicts/41448.dict.yaml	㐸	ci	0	㐸
cn_dicts/41448.dict.yaml	㐹	qi	0	㐹
cn_dicts/41448.dict.yaml	㐹	xi	0	㐹
cn_dicts/41448.dict.yaml	㑺	zun	0	㑺
cn_dicts/41448.dict.yaml	㒀	zhai	0	㒀
cn_dicts/41448.dict.yaml	㒔	du	0	㒔
cn_dicts/41448.dict.yaml	㒔	tu	0	㒔
cn_dicts/41448.dict.yaml	㒚	yin	0	㒚
cn_dicts/41448.dict.yaml	㓡	gua	0	㓡
cn_dicts/41448.dict.yaml	㓣	ge	0	㓣
cn_dicts/41448.dict.yaml	㓧	gan	0	㓧
cn_dicts/41448.dict.yaml	㓭	she	0	㓭
cn_dicts/41448.dict.yaml	㓱	shu	0	㓱
cn_dicts/41448.dict.yaml	㓸	dou	0	㓸
cn_dicts/41448.dict.yaml	㓹	cui	0	㓹
cn_dicts/41448.dict.yaml	㓹	ji	0	㓹
cn_dicts/41448.dict.yaml	㓺	qian	0	㓺
cn_dicts/41448.dict.yaml	㓾	qi	0	㓾
cn_dicts/41448.dict.yaml	㓾	xi	0	㓾
cn_dicts/41448.dict.yaml	㔃	xue	0	㔃
cn_dicts/41448.dict.yaml	㔊	zhan	0	㔊
cn_dicts/41448.dict.yaml	㔌	cou	0	㔌
cn_dicts/41448.dict.yaml	㔌	zou	0	㔌
cn_dicts/41448.dict.yaml	㔍	chua	0	㔍
cn_dicts/41448.dict.yaml	㔏	luo	0	㔏
cn_dicts/41448.dict.yaml	㔗	bei	0	㔗
cn_dicts/41448.dict.yaml	㔗	fu	0	㔗
cn_dicts/41448.dict.yaml	㔙	beng	0	㔙
cn_dicts/41448.dict.yaml	㔚	jie	0	㔚
cn_dicts/41448.dict.yaml	㔠	xia	0	㔠
cn_dicts/41448.dict.yaml	㔢	xue	0	㔢
cn_dicts/41448.dict.yaml	㔤	xin	0	㔤
cn_dicts/41448.dict.yaml	㔥	bai	0	㔥
cn_dicts/41448.dict.yaml	㔧	lv	0	㔧
cn_dicts/41448.dict.yaml	㔶	gan	0	㔶
cn_dicts/41448.dict.yaml	㕂	qin	0	㕂
cn_dicts/41448.dict.yaml	㕟	kuai	0	㕟
cn_dicts/41448.dict.yaml	㕡	rui	0	㕡
cn_dicts/41448.dict.yaml	㕤	rou	0	㕤
cn_dicts/41448.dict.yaml	㕥	shen	0	㕥
cn_dicts/41448.dict.yaml	㕩	pang	0	㕩
cn_dicts/41448.dict.yaml	㕬	zhong	0	㕬
cn_dicts/41448.dict.yaml	㕰	ma	0	㕰
cn_dicts/41448.dict.yaml	㕰	xue	0	㕰
cn_dicts/41448.dict.yaml	㕷	huo	0	㕷
cn_dicts/41448.dict.yaml	㕷	pa	0	㕷
cn_dicts/41448.dict.yaml	㕷	pia	0	㕷
cn_dicts/41448.dict.yaml	㕺	xiao	0	㕺
cn_dicts/41448.dict.yaml	㕻	pou	0	㕻
cn_dicts/41448.dict.yaml	㖏	nie	0	㖏
cn_dicts/41448.dict.yaml	㖕	xin	0	㖕
cn_dicts/41448.dict.yaml	㖠	na	0	㖠
cn_dicts/41448.dict.yaml	㖠	ne	0	㖠
cn_dicts/41448.dict.yaml	㖠	nei	0	㖠
cn_dicts/41448.dict.yaml	㖥	jun	0	㖥
cn_dicts/41448.dict.yaml	㖧	hun	0	㖧
cn_dicts/41448.dict.yaml	㖩	ju	0	㖩
cn_dicts/41448.dict.yaml	㖪	huo	0	㖪
cn_dicts/41448.dict.yaml	㖪	xu	0	㖪
cn_dicts/41448.dict.yaml	㖶	yan	0	㖶
cn_dicts/41448.dict.yaml	㖶	yin	0	㖶
cn_dicts/41448.dict.yaml	㖸	ju	0	㖸
cn_dicts/41448.dict.yaml	㖸	jue	0	㖸
cn_dicts/41448.dict.yaml	㖹	pen	0	㖹
cn_dicts/41448.dict.yaml	㖻	niu	0	㖻
cn_dicts/41448.dict.yaml	㖿	ye	0	㖿
cn_dicts/41448.dict.yaml	㗃	hun	0	㗃
cn_dicts/41448.dict.yaml	㗄	ku	0	㗄
cn_dicts/41448.dict.yaml	㗗	bei	0	㗗
cn_dicts/41448.dict.yaml	㗥	guo	0	㗥
cn_dicts/41448.dict.yaml	㗧	die	0	㗧
cn_dicts/41448.dict.yaml	㗨	xie	0	㗨
cn_dicts/41448.dict.yaml	㘈	ni	0	㘈
cn_dicts/41448.dict.yaml	㘊	xi	0	㘊
cn_dicts/41448.dict.yaml	㘥	e	0	㘥
cn_dicts/41448.dict.yaml	㘨	nie	0	㘨
cn_dicts/41448.dict.yaml	㘬	wu	0	㘬
cn_dicts/41448.dict.yaml	㘸	zuo	0	㘸
cn_dicts/41448.dict.yaml	㘹	ji	0	㘹
cn_dicts/41448.dict.yaml	㙀	jiu	0	㙀
cn_dicts/41448.dict.yaml	㙂	weng	0	㙂
cn_dicts/41448.dict.yaml	㙉	dian	0	㙉
cn_dicts/41448.dict.yaml	㙔	wei	0	㙔
cn_dicts/41448.dict.yaml	㙗	wei	0	㙗
cn_dicts/41448.dict.yaml	㙷	zhe	0	㙷
cn_dicts/41448.dict.yaml	㚂	nang	0	㚂
cn_dicts/41448.dict.yaml	㚔	xing	0	㚔
cn_dicts/41448.dict.yaml	㚖	ze	0	㚖
cn_dicts/41448.dict.yaml	㚘	fu	0	㚘
cn_dicts/41448.dict.yaml	㚘	he	0	㚘
cn_dicts/41448.dict.yaml	㚝	zhui	0	㚝
cn_dicts/41448.dict.yaml	㚢	wu	0	㚢
cn_dicts/41448.dict.yaml	㚫	sa	0	㚫
cn_dicts/41448.dict.yaml	㚶	yi	0	㚶
cn_dicts/41448.dict.yaml	㚹	miao	0	㚹
cn_dicts/41448.dict.yaml	㛍	xia	0	㛍
cn_dicts/41448.dict.yaml	㛍	xian	0	㛍
cn_dicts/41448.dict.yaml	㛐	sou	0	㛐
cn_dicts/41448.dict.yaml	㛔	feng	0	㛔
cn_dicts/41448.dict.yaml	㛕	e	0	㛕
cn_dicts/41448.dict.yaml	㛗	suo	0	㛗
cn_dicts/41448.dict.yaml	㛙	xin	0	㛙
cn_dicts/41448.dict.yaml	㛚	yong	0	㛚
cn_dicts/41448.dict.yaml	㛯	fan	0	㛯
cn_dicts/41448.dict.yaml	㛯	zhuan	0	㛯
cn_dicts/41448.dict.yaml	㛻	kua	0	㛻
cn_dicts/41448.dict.yaml	㜌	kou	0	㜌
cn_dicts/41448.dict.yaml	㜌	nou	0	㜌
cn_dicts/41448.dict.yaml	㜘	cha	0	㜘
cn_dicts/41448.dict.yaml	㜘	qu	0	㜘
cn_dicts/41448.dict.yaml	㜝	yan	0	㜝
cn_dicts/41448.dict.yaml	㜞	can	0	㜞
cn_dicts/41448.dict.yaml	㜣	shan	0	㜣
cn_dicts/41448.dict.yaml	㜤	tan	0	㜤
cn_dicts/41448.dict.yaml	㜤	tian	0	㜤
cn_dicts/41448.dict.yaml	㜪	shen	0	㜪
cn_dicts/41448.dict.yaml	㜶	wan	0	㜶
cn_dicts/41448.dict.yaml	㝁	qiong	0	㝁
cn_dicts/41448.dict.yaml	㝁	xuan	0	㝁
cn_dicts/41448.dict.yaml	㝂	zhe	0	㝂
cn_dicts/41448.dict.yaml	㞅	luo	0	㞅
cn_dicts/41448.dict.yaml	㞋	ji	0	㞋
cn_dicts/41448.dict.yaml	㞏	jie	0	㞏
cn_dicts/41448.dict.yaml	㞓	ji	0	㞓
cn_dicts/41448.dict.yaml	㞘	du	0	㞘
cn_dicts/41448.dict.yaml	㞟	ding	0	㞟
cn_dicts/41448.dict.yaml	㞤	cen	0	㞤
cn_dicts/41448.dict.yaml	㞴	min	0	㞴
cn_dicts/41448.dict.yaml	㟎	tui	0	㟎
cn_dicts/41448.dict.yaml	㟨	duan	0	㟨
cn_dicts/41448.dict.yaml	㠎	ji	0	㠎
cn_dicts/41448.dict.yaml	㠎	jie	0	㠎
cn_dicts/41448.dict.yaml	㠙	yao	0	㠙
cn_dicts/41448.dict.yaml	㠠	lv	0	㠠
cn_dicts/41448.dict.yaml	㠥	lei	0	㠥
cn_dicts/41448.dict.yaml	㠸	fu	0	㠸
cn_dicts/41448.dict.yaml	㠺	sha	0	㠺
cn_dicts/41448.dict.yaml	㠿	zi	0	㠿
cn_dicts/41448.dict.yaml	㡇	jie	0	㡇
cn_dicts/41448.dict.yaml	㡈	mian	0	㡈
cn_dicts/41448.dict.yaml	㡋	an	0	㡋
cn_dicts/41448.dict.yaml	㡏	xu	0	㡏
cn_dicts/41448.dict.yaml	㡑	jiao	0	㡑
cn_dicts/41448.dict.yaml	㡘	lin	0	㡘
cn_dicts/41448.dict.yaml	㡜	xie	0	㡜
cn_dicts/41448.dict.yaml	㡞	lv	0	㡞
cn_dicts/41448.dict.yaml	㡧	zhen	0	㡧
cn_dicts/41448.dict.yaml	㡯	duo	0	㡯
cn_dicts/41448.dict.yaml	㡸	cha	0	㡸
cn_dicts/41448.dict.yaml	㢁	shi	0	㢁
cn_dicts/41448.dict.yaml	㢂	dui	0	㢂
cn_dicts/41448.dict.yaml	㢂	tui	0	㢂
cn_dicts/41448.dict.yaml	㢈	dui	0	㢈
cn_dicts/41448.dict.yaml	㢊	yi	0	㢊
cn_dicts/41448.dict.yaml	㢏	yu	0	㢏
cn_dicts/41448.dict.yaml	㢛	qian	0	㢛
cn_dicts/41448.dict.yaml	㢠	hui	0	㢠
cn_dicts/41448.dict.yaml	㢯	diao	0	㢯
cn_dicts/41448.dict.yaml	㢻	rui	0	㢻
cn_dicts/41448.dict.yaml	㣂	e	0	㣂
cn_dicts/41448.dict.yaml	㣑	yong	0	㣑
cn_dicts/41448.dict.yaml	㣙	zhou	0	㣙
cn_dicts/41448.dict.yaml	㣚	dong	0	㣚
cn_dicts/41448.dict.yaml	㣛	hui	0	㣛
cn_dicts/41448.dict.yaml	㣠	tao	0	㣠
cn_dicts/41448.dict.yaml	㣫	dong	0	㣫
cn_dicts/41448.dict.yaml	㣽	nu	0	㣽
cn_dicts/41448.dict.yaml	㣿	diao	0	㣿
cn_dicts/41448.dict.yaml	㤕	po	0	㤕
cn_dicts/41448.dict.yaml	㤞	duo	0	㤞
cn_dicts/41448.dict.yaml	㤞	ze	0	㤞
cn_dicts/41448.dict.yaml	㤡	lie	0	㤡
cn_dicts/41448.dict.yaml	㤱	dou	0	㤱
cn_dicts/41448.dict.yaml	㤴	che	0	㤴
cn_dicts/41448.dict.yaml	㤴	die	0	㤴
cn_dicts/41448.dict.yaml	㤴	she	0	㤴
cn_dicts/41448.dict.yaml	㤶	mang	0	㤶
cn_dicts/41448.dict.yaml	㤹	jiu	0	㤹
cn_dicts/41448.dict.yaml	㥀	zhi	0	㥀
cn_dicts/41448.dict.yaml	㥍	qi	0	㥍
cn_dicts/41448.dict.yaml	㥡	chi	0	㥡
cn_dicts/41448.dict.yaml	㥢	jiu	0	㥢
cn_dicts/41448.dict.yaml	㤘	chao	0	㤘
cn_dicts/41448.dict.yaml	㥲	chen	0	㥲
cn_dicts/41448.dict.yaml	㥴	ti	0	㥴
cn_dicts/41448.dict.yaml	㥶	qian	0	㥶
cn_dicts/41448.dict.yaml	㥼	yan	0	㥼
cn_dicts/41448.dict.yaml	㦀	peng	0	㦀
cn_dicts/41448.dict.yaml	㦅	chai	0	㦅
cn_dicts/41448.dict.yaml	㦑	han	0	㦑
cn_dicts/41448.dict.yaml	㦓	ran	0	㦓
cn_dicts/41448.dict.yaml	㦥	xuan	0	㦥
cn_dicts/41448.dict.yaml	㦦	xi	0	㦦
cn_dicts/41448.dict.yaml	㦶	yong	0	㦶
cn_dicts/41448.dict.yaml	㦿	qian	0	㦿
cn_dicts/41448.dict.yaml	㧁	he	0	㧁
cn_dicts/41448.dict.yaml	㧉	hai	0	㧉
cn_dicts/41448.dict.yaml	㧉	ye	0	㧉
cn_dicts/41448.dict.yaml	㧍	bang	0	㧍
cn_dicts/41448.dict.yaml	㧍	beng	0	㧍
cn_dicts/41448.dict.yaml	㧒	yi	0	㧒
cn_dicts/41448.dict.yaml	㧙	bie	0	㧙
cn_dicts/41448.dict.yaml	㧦	hong	0	㧦
cn_dicts/41448.dict.yaml	㧪	wei	0	㧪
cn_dicts/41448.dict.yaml	㧫	ruan	0	㧫
cn_dicts/41448.dict.yaml	㧫	rui	0	㧫
cn_dicts/41448.dict.yaml	㧳	pai	0	㧳
cn_dicts/41448.dict.yaml	㧴	e	0	㧴
cn_dicts/41448.dict.yaml	㧾	zong	0	㧾
cn_dicts/41448.dict.yaml	㨄	tiao	0	㨄
cn_dicts/41448.dict.yaml	㨉	wen	0	㨉
cn_dicts/41448.dict.yaml	㨊	duo	0	㨊
cn_dicts/41448.dict.yaml	㨊	tuo	0	㨊
cn_dicts/41448.dict.yaml	㨙	xi	0	㨙
cn_dicts/41448.dict.yaml	㨚	sun	0	㨚
cn_dicts/41448.dict.yaml	㨠	mian	0	㨠
cn_dicts/41448.dict.yaml	㨨	chou	0	㨨
cn_dicts/41448.dict.yaml	㨩	ting	0	㨩
cn_dicts/41448.dict.yaml	㨳	ji	0	㨳
cn_dicts/41448.dict.yaml	㨹	xue	0	㨹
cn_dicts/41448.dict.yaml	㩆	zu	0	㩆
cn_dicts/41448.dict.yaml	㩇	zuo	0	㩇
cn_dicts/41448.dict.yaml	㩉	da	0	㩉
cn_dicts/41448.dict.yaml	㩉	la	0	㩉
cn_dicts/41448.dict.yaml	㩉	xi	0	㩉
cn_dicts/41448.dict.yaml	㩘	ni	0	㩘
cn_dicts/41448.dict.yaml	㩞	ce	0	㩞
cn_dicts/41448.dict.yaml	㩠	ao	0	㩠
cn_dicts/41448.dict.yaml	㩠	pou	0	㩠
cn_dicts/41448.dict.yaml	㩦	xi	0	㩦
cn_dicts/41448.dict.yaml	㩴	qu	0	㩴
cn_dicts/41448.dict.yaml	㩽	chi	0	㩽
cn_dicts/41448.dict.yaml	㩽	e	0	㩽
cn_dicts/41448.dict.yaml	㩾	qi	0	㩾
cn_dicts/41448.dict.yaml	㩾	zhui	0	㩾
cn_dicts/41448.dict.yaml	㪁	kan	0	㪁
cn_dicts/41448.dict.yaml	㪁	qian	0	㪁
cn_dicts/41448.dict.yaml	㪋	he	0	㪋
cn_dicts/41448.dict.yaml	㪍	bei	0	㪍
cn_dicts/41448.dict.yaml	㪜	duo	0	㪜
cn_dicts/41448.dict.yaml	㪠	jian	0	㪠
cn_dicts/41448.dict.yaml	㪡	kai	0	㪡
cn_dicts/41448.dict.yaml	㪣	xiao	0	㪣
cn_dicts/41448.dict.yaml	㪬	chuo	0	㪬
cn_dicts/41448.dict.yaml	㫊	e	0	㫊
cn_dicts/41448.dict.yaml	㫍	yao	0	㫍
cn_dicts/41448.dict.yaml	㫎	hui	0	㫎
cn_dicts/41448.dict.yaml	㫲	bei	0	㫲
cn_dicts/41448.dict.yaml	㫲	bo	0	㫲
cn_dicts/41448.dict.yaml	㫸	jie	0	㫸
cn_dicts/41448.dict.yaml	㬐	zi	0	㬐
cn_dicts/41448.dict.yaml	㬝	song	0	㬝
cn_dicts/41448.dict.yaml	㬠	sha	0	㬠
cn_dicts/41448.dict.yaml	㬥	bo	0	㬥
cn_dicts/41448.dict.yaml	㬻	hang	0	㬻
cn_dicts/41448.dict.yaml	㬿	tun	0	㬿
cn_dicts/41448.dict.yaml	㭛	ba	0	㭛
cn_dicts/41448.dict.yaml	㭝	ou	0	㭝
cn_dicts/41448.dict.yaml	㭨	xie	0	㭨
cn_dicts/41448.dict.yaml	㭭	ba	0	㭭
cn_dicts/41448.dict.yaml	㭭	bei	0	㭭
cn_dicts/41448.dict.yaml	㭭	bie	0	㭭
cn_dicts/41448.dict.yaml	㭮	zan	0	㭮
cn_dicts/41448.dict.yaml	㭺	an	0	㭺
cn_dicts/41448.dict.yaml	㮁	xiao	0	㮁
cn_dicts/41448.dict.yaml	㮃	wei	0	㮃
cn_dicts/41448.dict.yaml	㮏	na	0	㮏
cn_dicts/41448.dict.yaml	㮏	ni	0	㮏
cn_dicts/41448.dict.yaml	㮐	si	0	㮐
cn_dicts/41448.dict.yaml	㮑	cha	0	㮑
cn_dicts/41448.dict.yaml	㮔	chong	0	㮔
cn_dicts/41448.dict.yaml	㮛	yi	0	㮛
cn_dicts/41448.dict.yaml	㮥	ben	0	㮥
cn_dicts/41448.dict.yaml	㮥	fan	0	㮥
cn_dicts/41448.dict.yaml	㮫	qia	0	㮫
cn_dicts/41448.dict.yaml	㮫	xia	0	㮫
cn_dicts/41448.dict.yaml	㯁	pei	0	㯁
cn_dicts/41448.dict.yaml	㯅	bi	0	㯅
cn_dicts/41448.dict.yaml	㯆	shan	0	㯆
cn_dicts/41448.dict.yaml	㯋	jiong	0	㯋
cn_dicts/41448.dict.yaml	㯓	da	0	㯓
cn_dicts/41448.dict.yaml	㯙	zhe	0	㯙
cn_dicts/41448.dict.yaml	㯚	ta	0	㯚
cn_dicts/41448.dict.yaml	㯯	dan	0	㯯
cn_dicts/41448.dict.yaml	㯯	ju	0	㯯
cn_dicts/41448.dict.yaml	㯳	jing	0	㯳
cn_dicts/41448.dict.yaml	㯿	la	0	㯿
cn_dicts/41448.dict.yaml	㰅	zhe	0	㰅
cn_dicts/41448.dict.yaml	㰊	xian	0	㰊
cn_dicts/41448.dict.yaml	㰗	qi	0	㰗
cn_dicts/41448.dict.yaml	㰠	hang	0	㰠
cn_dicts/41448.dict.yaml	㰥	xi	0	㰥
cn_dicts/41448.dict.yaml	㰪	gui	0	㰪
cn_dicts/41448.dict.yaml	㰯	kou	0	㰯
cn_dicts/41448.dict.yaml	㰰	he	0	㰰
cn_dicts/41448.dict.yaml	㰰	xia	0	㰰
cn_dicts/41448.dict.yaml	㰶	ou	0	㰶
cn_dicts/41448.dict.yaml	㰹	han	0	㰹
cn_dicts/41448.dict.yaml	㰹	xian	0	㰹
cn_dicts/41448.dict.yaml	㰻	hou	0	㰻
cn_dicts/41448.dict.yaml	㰻	xi	0	㰻
cn_dicts/41448.dict.yaml	㰼	sha	0	㰼
cn_dicts/41448.dict.yaml	㱁	kuan	0	㱁
cn_dicts/41448.dict.yaml	㱄	hei	0	㱄
cn_dicts/41448.dict.yaml	㱙	gua	0	㱙
cn_dicts/41448.dict.yaml	㱛	bu	0	㱛
cn_dicts/41448.dict.yaml	㱞	la	0	㱞
cn_dicts/41448.dict.yaml	㱞	yi	0	㱞
cn_dicts/41448.dict.yaml	㱠	gu	0	㱠
cn_dicts/41448.dict.yaml	㱥	leng	0	㱥
cn_dicts/41448.dict.yaml	㱧	yuan	0	㱧
cn_dicts/41448.dict.yaml	㱿	hu	0	㱿
cn_dicts/41448.dict.yaml	㱿	qiang	0	㱿
cn_dicts/41448.dict.yaml	㲀	zhen	0	㲀
cn_dicts/41448.dict.yaml	㲄	jue	0	㲄
cn_dicts/41448.dict.yaml	㲈	tao	0	㲈
cn_dicts/41448.dict.yaml	㲏	pao	0	㲏
cn_dicts/41448.dict.yaml	㲒	qu	0	㲒
cn_dicts/41448.dict.yaml	㲓	shu	0	㲓
cn_dicts/41448.dict.yaml	㲞	su	0	㲞
cn_dicts/41448.dict.yaml	㲧	sao	0	㲧
cn_dicts/41448.dict.yaml	㲳	zhi	0	㲳
cn_dicts/41448.dict.yaml	㲼	cha	0	㲼
cn_dicts/41448.dict.yaml	㳒	bian	0	㳒
cn_dicts/41448.dict.yaml	㳗	cha	0	㳗
cn_dicts/41448.dict.yaml	㳛	you	0	㳛
cn_dicts/41448.dict.yaml	㳧	che	0	㳧
cn_dicts/41448.dict.yaml	㳧	re	0	㳧
cn_dicts/41448.dict.yaml	㳫	zan	0	㳫
cn_dicts/41448.dict.yaml	㳶	ru	0	㳶
cn_dicts/41448.dict.yaml	㳷	min	0	㳷
cn_dicts/41448.dict.yaml	㳷	tui	0	㳷
cn_dicts/41448.dict.yaml	㳼	yu	0	㳼
cn_dicts/41448.dict.yaml	㴄	yong	0	㴄
cn_dicts/41448.dict.yaml	㴇	mang	0	㴇
cn_dicts/41448.dict.yaml	㴓	shai	0	㴓
cn_dicts/41448.dict.yaml	㴔	xi	0	㴔
cn_dicts/41448.dict.yaml	㴫	ya	0	㴫
cn_dicts/41448.dict.yaml	㴶	hu	0	㴶
cn_dicts/41448.dict.yaml	㵊	na	0	㵊
cn_dicts/41448.dict.yaml	㵒	bi	0	㵒
cn_dicts/41448.dict.yaml	㵒	pai	0	㵒
cn_dicts/41448.dict.yaml	㵧	yi	0	㵧
cn_dicts/41448.dict.yaml	㵨	bo	0	㵨
cn_dicts/41448.dict.yaml	㵪	yan	0	㵪
cn_dicts/41448.dict.yaml	㵵	ju	0	㵵
cn_dicts/41448.dict.yaml	㵹	mo	0	㵹
cn_dicts/41448.dict.yaml	㵻	xiu	0	㵻
cn_dicts/41448.dict.yaml	㵿	xiao	0	㵿
cn_dicts/41448.dict.yaml	㶁	huo	0	㶁
cn_dicts/41448.dict.yaml	㶣	yin	0	㶣
cn_dicts/41448.dict.yaml	㷃	chui	0	㷃
cn_dicts/41448.dict.yaml	㷇	hui	0	㷇
cn_dicts/41448.dict.yaml	㷰	chi	0	㷰
cn_dicts/41448.dict.yaml	㷹	zhao	0	㷹
cn_dicts/41448.dict.yaml	㸅	ji	0	㸅
cn_dicts/41448.dict.yaml	㸒	jing	0	㸒
cn_dicts/41448.dict.yaml	㸝	xian	0	㸝
cn_dicts/41448.dict.yaml	㸞	zhe	0	㸞
cn_dicts/41448.dict.yaml	㸦	jia	0	㸦
cn_dicts/41448.dict.yaml	㸹	luo	0	㸹
cn_dicts/41448.dict.yaml	㹀	zi	0	㹀
cn_dicts/41448.dict.yaml	㹇	jian	0	㹇
cn_dicts/41448.dict.yaml	㹉	wan	0	㹉
cn_dicts/41448.dict.yaml	㹓	yao	0	㹓
cn_dicts/41448.dict.yaml	㹚	ying	0	㹚
cn_dicts/41448.dict.yaml	㹞	ya	0	㹞
cn_dicts/41448.dict.yaml	㹟	kuai	0	㹟
cn_dicts/41448.dict.yaml	㹭	si	0	㹭
cn_dicts/41448.dict.yaml	㹵	ying	0	㹵
cn_dicts/41448.dict.yaml	㹾	jiao	0	㹾
cn_dicts/41448.dict.yaml	㺀	hu	0	㺀
cn_dicts/41448.dict.yaml	㺐	lao	0	㺐
cn_dicts/41448.dict.yaml	㺐	sao	0	㺐
cn_dicts/41448.dict.yaml	㺑	sao	0	㺑
cn_dicts/41448.dict.yaml	㺒	nao	0	㺒
cn_dicts/41448.dict.yaml	㺒	qiao	0	㺒
cn_dicts/41448.dict.yaml	㺓	ze	0	㺓
cn_dicts/41448.dict.yaml	㺔	hui	0	㺔
cn_dicts/41448.dict.yaml	㺕	bian	0	㺕
cn_dicts/41448.dict.yaml	㺗	chan	0	㺗
cn_dicts/41448.dict.yaml	㺝	han	0	㺝
cn_dicts/41448.dict.yaml	㺩	ba	0	㺩
cn_dicts/41448.dict.yaml	㻗	fei	0	㻗
cn_dicts/41448.dict.yaml	㻗	pei	0	㻗
cn_dicts/41448.dict.yaml	㻞	ban	0	㻞
cn_dicts/41448.dict.yaml	㻡	xie	0	㻡
cn_dicts/41448.dict.yaml	㻰	zhi	0	㻰
cn_dicts/41448.dict.yaml	㻽	xuan	0	㻽
cn_dicts/41448.dict.yaml	㼇	wei	0	㼇
cn_dicts/41448.dict.yaml	㼇	xi	0	㼇
cn_dicts/41448.dict.yaml	㼞	beng	0	㼞
cn_dicts/41448.dict.yaml	㼟	bo	0	㼟
cn_dicts/41448.dict.yaml	㼩	sheng	0	㼩
cn_dicts/41448.dict.yaml	㼪	jie	0	㼪
cn_dicts/41448.dict.yaml	㼫	hua	0	㼫
cn_dicts/41448.dict.yaml	㼱	jun	0	㼱
cn_dicts/41448.dict.yaml	㼷	zhuan	0	㼷
cn_dicts/41448.dict.yaml	㽎	xin	0	㽎
cn_dicts/41448.dict.yaml	㽙	yun	0	㽙
cn_dicts/41448.dict.yaml	㽬	pi	0	㽬
cn_dicts/41448.dict.yaml	㽲	xiu	0	㽲
cn_dicts/41448.dict.yaml	㾀	qu	0	㾀
cn_dicts/41448.dict.yaml	㾄	chou	0	㾄
cn_dicts/41448.dict.yaml	㾊	ci	0	㾊
cn_dicts/41448.dict.yaml	㾊	se	0	㾊
cn_dicts/41448.dict.yaml	㾏	ya	0	㾏
cn_dicts/41448.dict.yaml	㾑	he	0	㾑
cn_dicts/41448.dict.yaml	㾓	yuan	0	㾓
cn_dicts/41448.dict.yaml	㾙	xi	0	㾙
cn_dicts/41448.dict.yaml	㾙	xin	0	㾙
cn_dicts/41448.dict.yaml	㾢	ai	0	㾢
cn_dicts/41448.dict.yaml	㾥	chu	0	㾥
cn_dicts/41448.dict.yaml	㾧	kuo	0	㾧
cn_dicts/41448.dict.yaml	㾧	luo	0	㾧
cn_dicts/41448.dict.yaml	㾨	ai	0	㾨
cn_dicts/41448.dict.yaml	㾯	hui	0	㾯
cn_dicts/41448.dict.yaml	㾹	chi	0	㾹
cn_dicts/41448.dict.yaml	㾹	zhai	0	㾹
cn_dicts/41448.dict.yaml	㾻	chu	0	㾻
cn_dicts/41448.dict.yaml	㾾	xian	0	㾾
cn_dicts/41448.dict.yaml	㿒	chou	0	㿒
cn_dicts/41448.dict.yaml	㿒	zhou	0	㿒
cn_dicts/41448.dict.yaml	㿭	le	0	㿭
cn_dicts/41448.dict.yaml	㿰	bi	0	㿰
cn_dicts/41448.dict.yaml	㿺	bo	0	㿺
cn_dicts/41448.dict.yaml	䀈	ji	0	䀈
cn_dicts/41448.dict.yaml	䀏	xun	0	䀏
cn_dicts/41448.dict.yaml	䀐	shan	0	䀐
cn_dicts/41448.dict.yaml	䀗	xue	0	䀗
cn_dicts/41448.dict.yaml	䀘	ji	0	䀘
cn_dicts/41448.dict.yaml	䀛	ma	0	䀛
cn_dicts/41448.dict.yaml	䀡	dian	0	䀡
cn_dicts/41448.dict.yaml	䀨	gua	0	䀨
cn_dicts/41448.dict.yaml	䀨	hua	0	䀨
cn_dicts/41448.dict.yaml	䀫	tun	0	䀫
cn_dicts/41448.dict.yaml	䀮	huang	0	䀮
cn_dicts/41448.dict.yaml	䀴	keng	0	䀴
cn_dicts/41448.dict.yaml	䀴	ya	0	䀴
cn_dicts/41448.dict.yaml	䀸	chi	0	䀸
cn_dicts/41448.dict.yaml	䀺	tao	0	䀺
cn_dicts/41448.dict.yaml	䀻	ping	0	䀻
cn_dicts/41448.dict.yaml	䀼	chen	0	䀼
cn_dicts/41448.dict.yaml	䁆	ye	0	䁆
cn_dicts/41448.dict.yaml	䁋	xie	0	䁋
cn_dicts/41448.dict.yaml	䁋	zhe	0	䁋
cn_dicts/41448.dict.yaml	䁍	kan	0	䁍
cn_dicts/41448.dict.yaml	䁎	ting	0	䁎
cn_dicts/41448.dict.yaml	䁒	zi	0	䁒
cn_dicts/41448.dict.yaml	䁚	qiong	0	䁚
cn_dicts/41448.dict.yaml	䁤	hui	0	䁤
cn_dicts/41448.dict.yaml	䁤	zhe	0	䁤
cn_dicts/41448.dict.yaml	䁯	xi	0	䁯
cn_dicts/41448.dict.yaml	䁴	shan	0	䁴
cn_dicts/41448.dict.yaml	䁵	huan	0	䁵
cn_dicts/41448.dict.yaml	䁶	ji	0	䁶
cn_dicts/41448.dict.yaml	䁷	wu	0	䁷
cn_dicts/41448.dict.yaml	䁸	nang	0	䁸
cn_dicts/41448.dict.yaml	䁺	yi	0	䁺
cn_dicts/41448.dict.yaml	䀥	li	0	䀥
cn_dicts/41448.dict.yaml	䂐	zhuo	0	䂐
cn_dicts/41448.dict.yaml	䂩	qing	0	䂩
cn_dicts/41448.dict.yaml	䂪	qiao	0	䂪
cn_dicts/41448.dict.yaml	䂫	hang	0	䂫
cn_dicts/41448.dict.yaml	䂳	cha	0	䂳
cn_dicts/41448.dict.yaml	䂺	ke	0	䂺
cn_dicts/41448.dict.yaml	䃑	ban	0	䃑
cn_dicts/41448.dict.yaml	䃔	qiong	0	䃔
cn_dicts/41448.dict.yaml	䃗	bo	0	䃗
cn_dicts/41448.dict.yaml	䃗	zhuo	0	䃗
cn_dicts/41448.dict.yaml	䃚	zu	0	䃚
cn_dicts/41448.dict.yaml	䃡	jin	0	䃡
cn_dicts/41448.dict.yaml	䃡	qin	0	䃡
cn_dicts/41448.dict.yaml	䃬	kui	0	䃬
cn_dicts/41448.dict.yaml	䃬	lei	0	䃬
cn_dicts/41448.dict.yaml	䃳	lie	0	䃳
cn_dicts/41448.dict.yaml	䃶	guai	0	䃶
cn_dicts/41448.dict.yaml	䃶	gui	0	䃶
cn_dicts/41448.dict.yaml	䃸	jin	0	䃸
cn_dicts/41448.dict.yaml	䃽	zhi	0	䃽
cn_dicts/41448.dict.yaml	䄆	huan	0	䄆
cn_dicts/41448.dict.yaml	䄈	xiang	0	䄈
cn_dicts/41448.dict.yaml	䄌	chuo	0	䄌
cn_dicts/41448.dict.yaml	䄝	chuang	0	䄝
cn_dicts/41448.dict.yaml	䄲	rui	0	䄲
cn_dicts/41448.dict.yaml	䄶	bo	0	䄶
cn_dicts/41448.dict.yaml	䄺	ti	0	䄺
cn_dicts/41448.dict.yaml	䄻	tiao	0	䄻
cn_dicts/41448.dict.yaml	䄾	rong	0	䄾
cn_dicts/41448.dict.yaml	䄾	ru	0	䄾
cn_dicts/41448.dict.yaml	䅃	jiong	0	䅃
cn_dicts/41448.dict.yaml	䅊	cha	0	䅊
cn_dicts/41448.dict.yaml	䅖	yan	0	䅖
cn_dicts/41448.dict.yaml	䅖	ye	0	䅖
cn_dicts/41448.dict.yaml	䅜	chui	0	䅜
cn_dicts/41448.dict.yaml	䅜	tuo	0	䅜
cn_dicts/41448.dict.yaml	䅥	ge	0	䅥
cn_dicts/41448.dict.yaml	䅩	qi	0	䅩
cn_dicts/41448.dict.yaml	䅷	chu	0	䅷
cn_dicts/41448.dict.yaml	䅸	shen	0	䅸
cn_dicts/41448.dict.yaml	䅺	biao	0	䅺
cn_dicts/41448.dict.yaml	䅽	xin	0	䅽
cn_dicts/41448.dict.yaml	䆄	zhan	0	䆄
cn_dicts/41448.dict.yaml	䆊	mei	0	䆊
cn_dicts/41448.dict.yaml	䆏	fen	0	䆏
cn_dicts/41448.dict.yaml	䆗	yao	0	䆗
cn_dicts/41448.dict.yaml	䆘	za	0	䆘
cn_dicts/41448.dict.yaml	䆚	dong	0	䆚
cn_dicts/41448.dict.yaml	䆝	xue	0	䆝
cn_dicts/41448.dict.yaml	䆝	zhu	0	䆝
cn_dicts/41448.dict.yaml	䆟	ao	0	䆟
cn_dicts/41448.dict.yaml	䆟	ke	0	䆟
cn_dicts/41448.dict.yaml	䆨	ning	0	䆨
cn_dicts/41448.dict.yaml	䆸	zheng	0	䆸
cn_dicts/41448.dict.yaml	䆹	chong	0	䆹
cn_dicts/41448.dict.yaml	䇍	chu	0	䇍
cn_dicts/41448.dict.yaml	䇍	qi	0	䇍
cn_dicts/41448.dict.yaml	䇑	pi	0	䇑
cn_dicts/41448.dict.yaml	䇜	qian	0	䇜
cn_dicts/41448.dict.yaml	䇢	gu	0	䇢
cn_dicts/41448.dict.yaml	䇣	nie	0	䇣
cn_dicts/41448.dict.yaml	䇦	ying	0	䇦
cn_dicts/41448.dict.yaml	䇧	ji	0	䇧
cn_dicts/41448.dict.yaml	䇧	zhi	0	䇧
cn_dicts/41448.dict.yaml	䇩	ye	0	䇩
cn_dicts/41448.dict.yaml	䇬	shu	0	䇬
cn_dicts/41448.dict.yaml	䇶	wo	0	䇶
cn_dicts/41448.dict.yaml	䇸	ting	0	䇸
cn_dicts/41448.dict.yaml	䇽	zhe	0	䇽
cn_dicts/41448.dict.yaml	䈈	ba	0	䈈
cn_dicts/41448.dict.yaml	䈉	qie	0	䈉
cn_dicts/41448.dict.yaml	䈍	meng	0	䈍
cn_dicts/41448.dict.yaml	䈏	fu	0	䈏
cn_dicts/41448.dict.yaml	䈐	gui	0	䈐
cn_dicts/41448.dict.yaml	䈒	lan	0	䈒
cn_dicts/41448.dict.yaml	䈓	qia	0	䈓
cn_dicts/41448.dict.yaml	䈕	ji	0	䈕
cn_dicts/41448.dict.yaml	䈕	yi	0	䈕
cn_dicts/41448.dict.yaml	䈟	zha	0	䈟
cn_dicts/41448.dict.yaml	䈠	yuan	0	䈠
cn_dicts/41448.dict.yaml	䈢	xi	0	䈢
cn_dicts/41448.dict.yaml	䈭	sou	0	䈭
cn_dicts/41448.dict.yaml	䈲	ban	0	䈲
cn_dicts/41448.dict.yaml	䉉	gu	0	䉉
cn_dicts/41448.dict.yaml	䉛	ao	0	䉛
cn_dicts/41448.dict.yaml	䉝	yi	0	䉝
cn_dicts/41448.dict.yaml	䉠	mei	0	䉠
cn_dicts/41448.dict.yaml	䉰	jiao	0	䉰
cn_dicts/41448.dict.yaml	䉰	xiao	0	䉰
cn_dicts/41448.dict.yaml	䊊	wei	0	䊊
cn_dicts/41448.dict.yaml	䊎	qun	0	䊎
cn_dicts/41448.dict.yaml	䊞	che	0	䊞
cn_dicts/41448.dict.yaml	䊤	dan	0	䊤
cn_dicts/41448.dict.yaml	䊬	chua	0	䊬
cn_dicts/41448.dict.yaml	䊳	mo	0	䊳
cn_dicts/41448.dict.yaml	䊻	gan	0	䊻
cn_dicts/41448.dict.yaml	䊽	jue	0	䊽
cn_dicts/41448.dict.yaml	䋈	na	0	䋈
cn_dicts/41448.dict.yaml	䋎	ding	0	䋎
cn_dicts/41448.dict.yaml	䋏	zha	0	䋏
cn_dicts/41448.dict.yaml	䋑	lie	0	䋑
cn_dicts/41448.dict.yaml	䋣	po	0	䋣
cn_dicts/41448.dict.yaml	䋵	ye	0	䋵
cn_dicts/41448.dict.yaml	䋶	xie	0	䋶
cn_dicts/41448.dict.yaml	䌾	nin	0	䌾
cn_dicts/41448.dict.yaml	䋾	na	0	䋾
cn_dicts/41448.dict.yaml	䌃	xiao	0	䌃
cn_dicts/41448.dict.yaml	䌇	hui	0	䌇
cn_dicts/41448.dict.yaml	䌘	bi	0	䌘
cn_dicts/41448.dict.yaml	䌘	bie	0	䌘
cn_dicts/41448.dict.yaml	䌠	jian	0	䌠
cn_dicts/41448.dict.yaml	䌤	shi	0	䌤
cn_dicts/41448.dict.yaml	䌨	ca	0	䌨
cn_dicts/41448.dict.yaml	䍊	jiao	0	䍊
cn_dicts/41448.dict.yaml	䍎	xian	0	䍎
cn_dicts/41448.dict.yaml	䍔	gong	0	䍔
cn_dicts/41448.dict.yaml	䍙	mou	0	䍙
cn_dicts/41448.dict.yaml	䍨	po	0	䍨
cn_dicts/41448.dict.yaml	䍼	zan	0	䍼
cn_dicts/41448.dict.yaml	䎄	xiao	0	䎄
cn_dicts/41448.dict.yaml	䎉	xu	0	䎉
cn_dicts/41448.dict.yaml	䎊	luo	0	䎊
cn_dicts/41448.dict.yaml	䎌	chu	0	䎌
cn_dicts/41448.dict.yaml	䎴	geng	0	䎴
cn_dicts/41448.dict.yaml	䏃	ming	0	䏃
cn_dicts/41448.dict.yaml	䏄	di	0	䏄
cn_dicts/41448.dict.yaml	䏈	luan	0	䏈
cn_dicts/41448.dict.yaml	䏒	pan	0	䏒
cn_dicts/41448.dict.yaml	䏔	nv	0	䏔
cn_dicts/41448.dict.yaml	䏔	rou	0	䏔
cn_dicts/41448.dict.yaml	䏔	zhou	0	䏔
cn_dicts/41448.dict.yaml	䏖	yin	0	䏖
cn_dicts/41448.dict.yaml	䏟	bi	0	䏟
cn_dicts/41448.dict.yaml	䏠	la	0	䏠
cn_dicts/41448.dict.yaml	䏦	gua	0	䏦
cn_dicts/41448.dict.yaml	䏧	chi	0	䏧
cn_dicts/41448.dict.yaml	䏨	dui	0	䏨
cn_dicts/41448.dict.yaml	䏵	mang	0	䏵
cn_dicts/41448.dict.yaml	䏹	chen	0	䏹
cn_dicts/41448.dict.yaml	䏼	zhan	0	䏼
cn_dicts/41448.dict.yaml	䏽	pei	0	䏽
cn_dicts/41448.dict.yaml	䐁	tun	0	䐁
cn_dicts/41448.dict.yaml	䐃	zhun	0	䐃
cn_dicts/41448.dict.yaml	䐅	xi	0	䐅
cn_dicts/41448.dict.yaml	䐇	wen	0	䐇
cn_dicts/41448.dict.yaml	䐉	nao	0	䐉
cn_dicts/41448.dict.yaml	䐊	kun	0	䐊
cn_dicts/41448.dict.yaml	䐍	chu	0	䐍
cn_dicts/41448.dict.yaml	䐏	shun	0	䐏
cn_dicts/41448.dict.yaml	䐔	bian	0	䐔
cn_dicts/41448.dict.yaml	䐖	xi	0	䐖
cn_dicts/41448.dict.yaml	䐗	zhu	0	䐗
cn_dicts/41448.dict.yaml	䐟	gou	0	䐟
cn_dicts/41448.dict.yaml	䐢	chu	0	䐢
cn_dicts/41448.dict.yaml	䐢	zhou	0	䐢
cn_dicts/41448.dict.yaml	䐤	chai	0	䐤
cn_dicts/41448.dict.yaml	䐧	he	0	䐧
cn_dicts/41448.dict.yaml	䐨	que	0	䐨
cn_dicts/41448.dict.yaml	䐩	gai	0	䐩
cn_dicts/41448.dict.yaml	䐩	gui	0	䐩
cn_dicts/41448.dict.yaml	䐭	di	0	䐭
cn_dicts/41448.dict.yaml	䐵	gong	0	䐵
cn_dicts/41448.dict.yaml	䐶	qian	0	䐶
cn_dicts/41448.dict.yaml	䐶	zan	0	䐶
cn_dicts/41448.dict.yaml	䐹	xiao	0	䐹
cn_dicts/41448.dict.yaml	䑏	huan	0	䑏
cn_dicts/41448.dict.yaml	䑙	tan	0	䑙
cn_dicts/41448.dict.yaml	䑜	tie	0	䑜
cn_dicts/41448.dict.yaml	䑬	tao	0	䑬
cn_dicts/41448.dict.yaml	䑬	tiao	0	䑬
cn_dicts/41448.dict.yaml	䑲	di	0	䑲
cn_dicts/41448.dict.yaml	䒀	bu	0	䒀
cn_dicts/41448.dict.yaml	䒃	cao	0	䒃
cn_dicts/41448.dict.yaml	䒞	yin	0	䒞
cn_dicts/41448.dict.yaml	䒨	si	0	䒨
cn_dicts/41448.dict.yaml	䓅	qin	0	䓅
cn_dicts/41448.dict.yaml	䓇	he	0	䓇
cn_dicts/41448.dict.yaml	䓇	ke	0	䓇
cn_dicts/41448.dict.yaml	䓘	gao	0	䓘
cn_dicts/41448.dict.yaml	䓚	qu	0	䓚
cn_dicts/41448.dict.yaml	䓟	zhou	0	䓟
cn_dicts/41448.dict.yaml	䓱	zui	0	䓱
cn_dicts/41448.dict.yaml	䓳	xie	0	䓳
cn_dicts/41448.dict.yaml	䔂	zai	0	䔂
cn_dicts/41448.dict.yaml	䔇	ai	0	䔇
cn_dicts/41448.dict.yaml	䔑	tu	0	䔑
cn_dicts/41448.dict.yaml	䔖	leng	0	䔖
cn_dicts/41448.dict.yaml	䔛	gou	0	䔛
cn_dicts/41448.dict.yaml	䔛	ji	0	䔛
cn_dicts/41448.dict.yaml	䔠	shuo	0	䔠
cn_dicts/41448.dict.yaml	䔲	deng	0	䔲
cn_dicts/41448.dict.yaml	䔴	chua	0	䔴
cn_dicts/41448.dict.yaml	䔶	tai	0	䔶
cn_dicts/41448.dict.yaml	䔼	ze	0	䔼
cn_dicts/41448.dict.yaml	䕑	sui	0	䕑
cn_dicts/41448.dict.yaml	䕕	wan	0	䕕
cn_dicts/41448.dict.yaml	䕧	jiao	0	䕧
cn_dicts/41448.dict.yaml	䕪	zhe	0	䕪
cn_dicts/41448.dict.yaml	䕮	qu	0	䕮
cn_dicts/41448.dict.yaml	䕸	xia	0	䕸
cn_dicts/41448.dict.yaml	䖃	la	0	䖃
cn_dicts/41448.dict.yaml	䖥	li	0	䖥
cn_dicts/41448.dict.yaml	䖨	zhi	0	䖨
cn_dicts/41448.dict.yaml	䖪	zi	0	䖪
cn_dicts/41448.dict.yaml	䖲	zong	0	䖲
cn_dicts/41448.dict.yaml	䖹	mi	0	䖹
cn_dicts/41448.dict.yaml	䗍	luo	0	䗍
cn_dicts/41448.dict.yaml	䗺	dan	0	䗺
cn_dicts/41448.dict.yaml	𧉞	ning	0	𧉞
cn_dicts/41448.dict.yaml	䘆	yin	0	䘆
cn_dicts/41448.dict.yaml	䘘	su	0	䘘
cn_dicts/41448.dict.yaml	䘚	zhu	0	䘚
cn_dicts/41448.dict.yaml	䘣	zhi	0	䘣
cn_dicts/41448.dict.yaml	䘹	cui	0	䘹
cn_dicts/41448.dict.yaml	䙎	xi	0	䙎
cn_dicts/41448.dict.yaml	䙳	biao	0	䙳
cn_dicts/41448.dict.yaml	䙼	jiao	0	䙼
cn_dicts/41448.dict.yaml	䚙	xi	0	䚙
cn_dicts/41448.dict.yaml	䚥	ruo	0	䚥
cn_dicts/41448.dict.yaml	䚯	xuan	0	䚯
cn_dicts/41448.dict.yaml	䚰	e	0	䚰
cn_dicts/41448.dict.yaml	䚿	xi	0	䚿
cn_dicts/41448.dict.yaml	䛀	ban	0	䛀
cn_dicts/41448.dict.yaml	䛂	yao	0	䛂
cn_dicts/41448.dict.yaml	䛃	wan	0	䛃
cn_dicts/41448.dict.yaml	䛥	xin	0	䛥
cn_dicts/41448.dict.yaml	䛩	e	0	䛩
cn_dicts/41448.dict.yaml	䛩	qia	0	䛩
cn_dicts/41448.dict.yaml	䛫	zhang	0	䛫
cn_dicts/41448.dict.yaml	䛴	ji	0	䛴
cn_dicts/41448.dict.yaml	䛹	xuan	0	䛹
cn_dicts/41448.dict.yaml	䛽	cha	0	䛽
cn_dicts/41448.dict.yaml	䛽	sa	0	䛽
cn_dicts/41448.dict.yaml	䜅	chui	0	䜅
cn_dicts/41448.dict.yaml	䜆	nie	0	䜆
cn_dicts/41448.dict.yaml	䜈	chao	0	䜈
cn_dicts/41448.dict.yaml	䜈	zhao	0	䜈
cn_dicts/41448.dict.yaml	䜕	hai	0	䜕
cn_dicts/41448.dict.yaml	䜗	han	0	䜗
cn_dicts/41448.dict.yaml	䜙	e	0	䜙
cn_dicts/41448.dict.yaml	䜫	jiang	0	䜫
cn_dicts/41448.dict.yaml	䜭	rui	0	䜭
cn_dicts/41448.dict.yaml	䜮	lao	0	䜮
cn_dicts/41448.dict.yaml	䜺	chai	0	䜺
cn_dicts/41448.dict.yaml	䜼	mou	0	䜼
cn_dicts/41448.dict.yaml	䝐	duo	0	䝐
cn_dicts/41448.dict.yaml	䝳	hai	0	䝳
cn_dicts/41448.dict.yaml	䞍	jing	0	䞍
cn_dicts/41448.dict.yaml	䞗	chai	0	䞗
cn_dicts/41448.dict.yaml	䞘	qi	0	䞘
cn_dicts/41448.dict.yaml	䞚	kui	0	䞚
cn_dicts/41448.dict.yaml	䞤	fu	0	䞤
cn_dicts/41448.dict.yaml	䞩	xia	0	䞩
cn_dicts/41448.dict.yaml	䞭	cun	0	䞭
cn_dicts/41448.dict.yaml	䞵	zhuo	0	䞵
cn_dicts/41448.dict.yaml	䞾	di	0	䞾
cn_dicts/41448.dict.yaml	䟄	ze	0	䟄
cn_dicts/41448.dict.yaml	䟇	xi	0	䟇
cn_dicts/41448.dict.yaml	䟍	bian	0	䟍
cn_dicts/41448.dict.yaml	䟔	bo	0	䟔
cn_dicts/41448.dict.yaml	䟛	bei	0	䟛
cn_dicts/41448.dict.yaml	䟛	fei	0	䟛
cn_dicts/41448.dict.yaml	䟤	bie	0	䟤
cn_dicts/41448.dict.yaml	䟩	que	0	䟩
cn_dicts/41448.dict.yaml	䟪	fan	0	䟪
cn_dicts/41448.dict.yaml	䟭	zuo	0	䟭
cn_dicts/41448.dict.yaml	䟮	bo	0	䟮
cn_dicts/41448.dict.yaml	䟸	gui	0	䟸
cn_dicts/41448.dict.yaml	䟻	zha	0	䟻
cn_dicts/41448.dict.yaml	䠀	tang	0	䠀
cn_dicts/41448.dict.yaml	䠍	qie	0	䠍
cn_dicts/41448.dict.yaml	䠏	kui	0	䠏
cn_dicts/41448.dict.yaml	䠑	wei	0	䠑
cn_dicts/41448.dict.yaml	䠓	qiu	0	䠓
cn_dicts/41448.dict.yaml	䠗	xiong	0	䠗
cn_dicts/41448.dict.yaml	䠠	dai	0	䠠
cn_dicts/41448.dict.yaml	䠡	cha	0	䠡
cn_dicts/41448.dict.yaml	䠹	ai	0	䠹
cn_dicts/41448.dict.yaml	䠽	kai	0	䠽
cn_dicts/41448.dict.yaml	䠿	kui	0	䠿
cn_dicts/41448.dict.yaml	䡈	jiao	0	䡈
cn_dicts/41448.dict.yaml	䡓	xuan	0	䡓
cn_dicts/41448.dict.yaml	䡖	qing	0	䡖
cn_dicts/41448.dict.yaml	䡣	xuan	0	䡣
cn_dicts/41448.dict.yaml	䡯	cong	0	䡯
cn_dicts/41448.dict.yaml	䡰	gu	0	䡰
cn_dicts/41448.dict.yaml	䡲	dan	0	䡲
cn_dicts/41448.dict.yaml	䡷	ke	0	䡷
cn_dicts/41448.dict.yaml	䡾	ye	0	䡾
cn_dicts/41448.dict.yaml	䡾	yi	0	䡾
cn_dicts/41448.dict.yaml	䢈	hui	0	䢈
cn_dicts/41448.dict.yaml	䢖	lv	0	䢖
cn_dicts/41448.dict.yaml	䢚	geng	0	䢚
cn_dicts/41448.dict.yaml	䢡	ye	0	䢡
cn_dicts/41448.dict.yaml	䢡	zhui	0	䢡
cn_dicts/41448.dict.yaml	䢹	qu	0	䢹
cn_dicts/41448.dict.yaml	䣀	qi	0	䣀
cn_dicts/41448.dict.yaml	䣙	bei	0	䣙
cn_dicts/41448.dict.yaml	䣙	peng	0	䣙
cn_dicts/41448.dict.yaml	䣛	xi	0	䣛
cn_dicts/41448.dict.yaml	䣟	ti	0	䣟
cn_dicts/41448.dict.yaml	䣠	za	0	䣠
cn_dicts/41448.dict.yaml	䣬	ge	0	䣬
cn_dicts/41448.dict.yaml	䣭	you	0	䣭
cn_dicts/41448.dict.yaml	䣯	cu	0	䣯
cn_dicts/41448.dict.yaml	䣸	nan	0	䣸
cn_dicts/41448.dict.yaml	䣽	zhi	0	䣽
cn_dicts/41448.dict.yaml	䤃	an	0	䤃
cn_dicts/41448.dict.yaml	䤆	gui	0	䤆
cn_dicts/41448.dict.yaml	䤎	jue	0	䤎
cn_dicts/41448.dict.yaml	䤕	hu	0	䤕
cn_dicts/41448.dict.yaml	䤝	qiong	0	䤝
cn_dicts/41448.dict.yaml	䤵	pi	0	䤵
cn_dicts/41448.dict.yaml	䤶	an	0	䤶
cn_dicts/41448.dict.yaml	䤺	jin	0	䤺
cn_dicts/41448.dict.yaml	鿏	wan	0	鿏
cn_dicts/41448.dict.yaml	䥛	qi	0	䥛
cn_dicts/41448.dict.yaml	䥢	qi	0	䥢
cn_dicts/41448.dict.yaml	䦈	jie	0	䦈
cn_dicts/41448.dict.yaml	䦎	kang	0	䦎
cn_dicts/41448.dict.yaml	䦑	xue	0	䦑
cn_dicts/41448.dict.yaml	䦒	qiao	0	䦒
cn_dicts/41448.dict.yaml	䦔	dan	0	䦔
cn_dicts/41448.dict.yaml	䦙	shi	0	䦙
cn_dicts/41448.dict.yaml	䦠	du	0	䦠
cn_dicts/41448.dict.yaml	䦧	dou	0	䦧
cn_dicts/41448.dict.yaml	䦧	er	0	䦧
cn_dicts/41448.dict.yaml	䦧	ni	0	䦧
cn_dicts/41448.dict.yaml	䦱	kua	0	䦱
cn_dicts/41448.dict.yaml	䦲	chan	0	䦲
cn_dicts/41448.dict.yaml	䦼	pi	0	䦼
cn_dicts/41448.dict.yaml	䦾	yuan	0	䦾
cn_dicts/41448.dict.yaml	䧛	peng	0	䧛
cn_dicts/41448.dict.yaml	䧳	zhui	0	䧳
cn_dicts/41448.dict.yaml	䧿	xi	0	䧿
cn_dicts/41448.dict.yaml	䨏	zi	0	䨏
cn_dicts/41448.dict.yaml	䨛	xi	0	䨛
cn_dicts/41448.dict.yaml	䨥	shuang	0	䨥
cn_dicts/41448.dict.yaml	䨲	wan	0	䨲
cn_dicts/41448.dict.yaml	䩄	mian	0	䩄
cn_dicts/41448.dict.yaml	䩅	nan	0	䩅
cn_dicts/41448.dict.yaml	䩐	hu	0	䩐
cn_dicts/41448.dict.yaml	䩔	pan	0	䩔
cn_dicts/41448.dict.yaml	䩔	shan	0	䩔
cn_dicts/41448.dict.yaml	䩕	ying	0	䩕
cn_dicts/41448.dict.yaml	䩙	xian	0	䩙
cn_dicts/41448.dict.yaml	䩛	pei	0	䩛
cn_dicts/41448.dict.yaml	䩞	die	0	䩞
cn_dicts/41448.dict.yaml	䩡	ge	0	䩡
cn_dicts/41448.dict.yaml	䩥	chan	0	䩥
cn_dicts/41448.dict.yaml	䩨	zhang	0	䩨
cn_dicts/41448.dict.yaml	䩯	qi	0	䩯
cn_dicts/41448.dict.yaml	䩱	yu	0	䩱
cn_dicts/41448.dict.yaml	䩳	sou	0	䩳
cn_dicts/41448.dict.yaml	䩹	kuo	0	䩹
cn_dicts/41448.dict.yaml	䪌	shan	0	䪌
cn_dicts/41448.dict.yaml	𩏼	da	0	𩏼
cn_dicts/41448.dict.yaml	䪔	fu	0	䪔
cn_dicts/41448.dict.yaml	䪖	fu	0	䪖
cn_dicts/41448.dict.yaml	䪚	da	0	䪚
cn_dicts/41448.dict.yaml	䪜	yan	0	䪜
cn_dicts/41448.dict.yaml	䪱	hai	0	䪱
cn_dicts/41448.dict.yaml	䪷	gou	0	䪷
cn_dicts/41448.dict.yaml	䪹	bai	0	䪹
cn_dicts/41448.dict.yaml	䪹	pi	0	䪹
cn_dicts/41448.dict.yaml	䪻	fan	0	䪻
cn_dicts/41448.dict.yaml	䫃	zhen	0	䫃
cn_dicts/41448.dict.yaml	䫈	chen	0	䫈
cn_dicts/41448.dict.yaml	䫋	wei	0	䫋
cn_dicts/41448.dict.yaml	䫔	kui	0	䫔
cn_dicts/41448.dict.yaml	䫔	ya	0	䫔
cn_dicts/41448.dict.yaml	䫕	die	0	䫕
cn_dicts/41448.dict.yaml	䫘	jie	0	䫘
cn_dicts/41448.dict.yaml	䫘	ke	0	䫘
cn_dicts/41448.dict.yaml	䫞	fen	0	䫞
cn_dicts/41448.dict.yaml	䫡	jian	0	䫡
cn_dicts/41448.dict.yaml	䫬	qin	0	䫬
cn_dicts/41448.dict.yaml	䫮	chan	0	䫮
cn_dicts/41448.dict.yaml	䫸	chao	0	䫸
cn_dicts/41448.dict.yaml	䬄	xu	0	䬄
cn_dicts/41448.dict.yaml	䬉	huo	0	䬉
cn_dicts/41448.dict.yaml	䬎	xu	0	䬎
cn_dicts/41448.dict.yaml	䬐	rui	0	䬐
cn_dicts/41448.dict.yaml	䬑	yu	0	䬑
cn_dicts/41448.dict.yaml	䬒	xiao	0	䬒
cn_dicts/41448.dict.yaml	䬕	xiang	0	䬕
cn_dicts/41448.dict.yaml	䬣	ge	0	䬣
cn_dicts/41448.dict.yaml	䬣	xi	0	䬣
cn_dicts/41448.dict.yaml	䬤	zhan	0	䬤
cn_dicts/41448.dict.yaml	䬦	she	0	䬦
cn_dicts/41448.dict.yaml	䬯	tian	0	䬯
cn_dicts/41448.dict.yaml	䬵	gai	0	䬵
cn_dicts/41448.dict.yaml	䭇	ye	0	䭇
cn_dicts/41448.dict.yaml	䭙	jian	0	䭙
cn_dicts/41448.dict.yaml	䭸	bao	0	䭸
cn_dicts/41448.dict.yaml	䭾	duo	0	䭾
cn_dicts/41448.dict.yaml	䮂	ba	0	䮂
cn_dicts/41448.dict.yaml	䮑	luo	0	䮑
cn_dicts/41448.dict.yaml	䮓	chao	0	䮓
cn_dicts/41448.dict.yaml	䮓	zhuo	0	䮓
cn_dicts/41448.dict.yaml	䮕	zhuo	0	䮕
cn_dicts/41448.dict.yaml	䮚	ling	0	䮚
cn_dicts/41448.dict.yaml	䮜	ye	0	䮜
cn_dicts/41448.dict.yaml	䮡	bo	0	䮡
cn_dicts/41448.dict.yaml	䮢	zha	0	䮢
cn_dicts/41448.dict.yaml	䮴	teng	0	䮴
cn_dicts/41448.dict.yaml	䮹	gui	0	䮹
cn_dicts/41448.dict.yaml	䯊	ke	0	䯊
cn_dicts/41448.dict.yaml	䯋	fei	0	䯋
cn_dicts/41448.dict.yaml	䯏	hua	0	䯏
cn_dicts/41448.dict.yaml	䯜	xi	0	䯜
cn_dicts/41448.dict.yaml	䯨	qiao	0	䯨
cn_dicts/41448.dict.yaml	䯲	ba	0	䯲
cn_dicts/41448.dict.yaml	䯶	mian	0	䯶
cn_dicts/41448.dict.yaml	䯽	bao	0	䯽
cn_dicts/41448.dict.yaml	䯾	diao	0	䯾
cn_dicts/41448.dict.yaml	䯿	sui	0	䯿
cn_dicts/41448.dict.yaml	䯿	zui	0	䯿
cn_dicts/41448.dict.yaml	䰃	fang	0	䰃
cn_dicts/41448.dict.yaml	䰄	si	0	䰄
cn_dicts/41448.dict.yaml	䰉	ban	0	䰉
cn_dicts/41448.dict.yaml	䰌	cong	0	䰌
cn_dicts/41448.dict.yaml	䰖	zuan	0	䰖
cn_dicts/41448.dict.yaml	䰘	jiao	0	䰘
cn_dicts/41448.dict.yaml	䰛	ge	0	䰛
cn_dicts/41448.dict.yaml	䰩	du	0	䰩
cn_dicts/41448.dict.yaml	䰫	zhao	0	䰫
cn_dicts/41448.dict.yaml	䰱	long	0	䰱
cn_dicts/41448.dict.yaml	䰼	shen	0	䰼
cn_dicts/41448.dict.yaml	䰼	yin	0	䰼
cn_dicts/41448.dict.yaml	䱒	ye	0	䱒
cn_dicts/41448.dict.yaml	䱔	chou	0	䱔
cn_dicts/41448.dict.yaml	䱕	mei	0	䱕
cn_dicts/41448.dict.yaml	䱛	yi	0	䱛
cn_dicts/41448.dict.yaml	䱝	bei	0	䱝
cn_dicts/41448.dict.yaml	䱨	la	0	䱨
cn_dicts/41448.dict.yaml	䱲	yuan	0	䱲
cn_dicts/41448.dict.yaml	䲃	chao	0	䲃
cn_dicts/41448.dict.yaml	䲃	suo	0	䲃
cn_dicts/41448.dict.yaml	䲊	wei	0	䲊
cn_dicts/41448.dict.yaml	䲹	pi	0	䲹
cn_dicts/41448.dict.yaml	䲽	diao	0	䲽
cn_dicts/41448.dict.yaml	䳀	yi	0	䳀
cn_dicts/41448.dict.yaml	䳂	chao	0	䳂
cn_dicts/41448.dict.yaml	䳂	diao	0	䳂
cn_dicts/41448.dict.yaml	䳂	xiao	0	䳂
cn_dicts/41448.dict.yaml	䳋	xiao	0	䳋
cn_dicts/41448.dict.yaml	䳏	jue	0	䳏
cn_dicts/41448.dict.yaml	䳕	fu	0	䳕
cn_dicts/41448.dict.yaml	䳖	nie	0	䳖
cn_dicts/41448.dict.yaml	䳠	shui	0	䳠
cn_dicts/41448.dict.yaml	䴜	wai	0	䴜
cn_dicts/41448.dict.yaml	䴰	yi	0	䴰
cn_dicts/41448.dict.yaml	𪎋	nian	0	𪎋
cn_dicts/41448.dict.yaml	䴷	huan	0	䴷
cn_dicts/41448.dict.yaml	䴹	hun	0	䴹
cn_dicts/41448.dict.yaml	䴹	luo	0	䴹
cn_dicts/41448.dict.yaml	䵃	huang	0	䵃
cn_dicts/41448.dict.yaml	䵖	qin	0	䵖
cn_dicts/41448.dict.yaml	䵗	bi	0	䵗
cn_dicts/41448.dict.yaml	䵛	qian	0	䵛
cn_dicts/41448.dict.yaml	䵠	zhuo	0	䵠
cn_dicts/41448.dict.yaml	䵤	xian	0	䵤
cn_dicts/41448.dict.yaml	䵦	wu	0	䵦
cn_dicts/41448.dict.yaml	䵪	hun	0	䵪
cn_dicts/41448.dict.yaml	䵫	xun	0	䵫
cn_dicts/41448.dict.yaml	䵲	qiao	0	䵲
cn_dicts/41448.dict.yaml	䵶	gou	0	䵶
cn_dicts/41448.dict.yaml	䵺	ding	0	䵺
cn_dicts/41448.dict.yaml	䵺	tian	0	䵺
cn_dicts/41448.dict.yaml	䶂	jue	0	䶂
cn_dicts/41448.dict.yaml	䶍	wu	0	䶍
cn_dicts/41448.dict.yaml	䶎	he	0	䶎
cn_dicts/41448.dict.yaml	䶣	gai	0	䶣
cn_dicts/41448.dict.yaml	䶥	chu	0	䶥
cn_dicts/41448.dict.yaml	䶧	jiao	0	䶧
cn_dicts/41448.dict.yaml	𠆲	kuang	0	𠆲
cn_dicts/41448.dict.yaml	𪟝	xun	0	𪟝
cn_dicts/41448.dict.yaml	㖞	kuai	0	㖞
cn_dicts/41448.dict.yaml	𠯠	kui	0	𠯠
cn_dicts/41448.dict.yaml	𠯠	wei	0	𠯠
cn_dicts/41448.dict.yaml	𠱞	ca	0	𠱞
cn_dicts/41448.dict.yaml	𫭟	ou	0	𫭟
cn_dicts/41448.dict.yaml	𫰛	keng	0	𫰛
cn_dicts/41448.dict.yaml	𫶇	di	0	𫶇
cn_dicts/41448.dict.yaml	𪩘	xian	0	𪩘
cn_dicts/41448.dict.yaml	𫷷	qin	0	𫷷
cn_dicts/41448.dict.yaml	愡	zong	0	愡
cn_dicts/41448.dict.yaml	㥪	lv	0	㥪
cn_dicts/41448.dict.yaml	𢙐	nong	0	𢙐
cn_dicts/41448.dict.yaml	𢫬	sa	0	𢫬
cn_dicts/41448.dict.yaml	𢫬	sha	0	𢫬
cn_dicts/41448.dict.yaml	㧰	lve	0	㧰
cn_dicts/41448.dict.yaml	𬂩	jie	0	𬂩
cn_dicts/41448.dict.yaml	㭤	mu	0	㭤
cn_dicts/41448.dict.yaml	㱮	hui	0	㱮
cn_dicts/41448.dict.yaml	𬇙	pei	0	𬇙
cn_dicts/41448.dict.yaml	㴋	xiao	0	㴋
cn_dicts/41448.dict.yaml	𬇕	man	0	𬇕
cn_dicts/41448.dict.yaml	𣸣	pen	0	𣸣
cn_dicts/41448.dict.yaml	㲿	guang	0	㲿
cn_dicts/41448.dict.yaml	𫞩	man	0	𫞩
cn_dicts/41448.dict.yaml	𤩽	xian	0	𤩽
cn_dicts/41448.dict.yaml	𪾢	jian	0	𪾢
cn_dicts/41448.dict.yaml	𬒈	hu	0	𬒈
cn_dicts/41448.dict.yaml	𬒈	le	0	𬒈
cn_dicts/41448.dict.yaml	𬒈	yu	0	𬒈
cn_dicts/41448.dict.yaml	𥐟	yi	0	𥐟
cn_dicts/41448.dict.yaml	䅟	shan	0	䅟
cn_dicts/41448.dict.yaml	𬕂	gong	0	𬕂
cn_dicts/41448.dict.yaml	䉤	shu	0	䉤
cn_dicts/41448.dict.yaml	𬘓	jun	0	𬘓
cn_dicts/41448.dict.yaml	𬘫	wan	0	𬘫
cn_dicts/41448.dict.yaml	䌼	dui	0	䌼
cn_dicts/41448.dict.yaml	𬘭	lin	0	𬘭
cn_dicts/41448.dict.yaml	𬘬	qing	0	𬘬
cn_dicts/41448.dict.yaml	𬙂	yin	0	𬙂
cn_dicts/41448.dict.yaml	䌸	chuan	0	䌸
cn_dicts/41448.dict.yaml	䌸	zhuan	0	䌸
cn_dicts/41448.dict.yaml	𦈡	ru	0	𦈡
cn_dicts/41448.dict.yaml	䓕	yuan	0	䓕
cn_dicts/41448.dict.yaml	𬣙	yu	0	𬣙
cn_dicts/41448.dict.yaml	𫍣	dong	0	𫍣
cn_dicts/41448.dict.yaml	𬣡	qian	0	𬣡
cn_dicts/41448.dict.yaml	𬤇	yan	0	𬤇
cn_dicts/41448.dict.yaml	𫍲	sou	0	𫍲
cn_dicts/41448.dict.yaml	䝙	qu	0	䝙
cn_dicts/41448.dict.yaml	𫐄	wu	0	𫐄
cn_dicts/41448.dict.yaml	𬨂	zhi	0	𬨂
cn_dicts/41448.dict.yaml	𪨶	ju	0	𪨶
cn_dicts/41448.dict.yaml	𬨎	qiu	0	𬨎
cn_dicts/41448.dict.yaml	𬩽	xin	0	𬩽
cn_dicts/41448.dict.yaml	𬬱	yin	0	𬬱
cn_dicts/41448.dict.yaml	𫓯	gui	0	𫓯
cn_dicts/41448.dict.yaml	𫓶	juan	0	𫓶
cn_dicts/41448.dict.yaml	𬬭	fen	0	𬬭
cn_dicts/41448.dict.yaml	𬭚	dui	0	𬭚
cn_dicts/41448.dict.yaml	𫓹	qi	0	𫓹
cn_dicts/41448.dict.yaml	𨱏	sa	0	𨱏
cn_dicts/41448.dict.yaml	𨱏	ta	0	𨱏
cn_dicts/41448.dict.yaml	𬭬	sui	0	𬭬
cn_dicts/41448.dict.yaml	𬭬	wei	0	𬭬
cn_dicts/41448.dict.yaml	𨱑	heng	0	𨱑
cn_dicts/41448.dict.yaml	𫔎	ju	0	𫔎
cn_dicts/41448.dict.yaml	𫟼	bi	0	𫟼
cn_dicts/41448.dict.yaml	𬮿	ai	0	𬮿
cn_dicts/41448.dict.yaml	𬮿	qi	0	𬮿
cn_dicts/41448.dict.yaml	𫖯	tiao	0	𫖯
cn_dicts/41448.dict.yaml	𫖯	zhao	0	𫖯
cn_dicts/41448.dict.yaml	𫖳	jun	0	𫖳
cn_dicts/41448.dict.yaml	𫖮	kai	0	𫖮
cn_dicts/41448.dict.yaml	𫗴	tan	0	𫗴
cn_dicts/41448.dict.yaml	𫘝	kuai	0	𫘝
cn_dicts/41448.dict.yaml	𬳽	xian	0	𬳽
cn_dicts/41448.dict.yaml	𫚖	ji	0	𫚖
cn_dicts/41448.dict.yaml	𬶐	tiao	0	𬶐
cn_dicts/41448.dict.yaml	𩾃	wan	0	𩾃
cn_dicts/41448.dict.yaml	䲡	you	0	䲡
cn_dicts/41448.dict.yaml	𫚭	la	0	𫚭
cn_dicts/41448.dict.yaml	䴖	qing	0	䴖
cn_dicts/41448.dict.yaml	䴗	jue	0	䴗
cn_dicts/41448.dict.yaml	𬸣	qian	0	𬸣
cn_dicts/41448.dict.yaml	𬸣	xuan	0	𬸣
cn_dicts/41448.dict.yaml	𬸦	zu	0	𬸦
cn_dicts/41448.dict.yaml	𬹼	jie	0	𬹼
cn_dicts/41448.dict.yaml	𬺈	qi	0	𬺈
cn_dicts/41448.dict.yaml	𠁥	ga	0	𠁥
cn_dicts/41448.dict.yaml	𠂈	tian	0	𠂈
cn_dicts/41448.dict.yaml	𠚼	bin	0	𠚼
cn_dicts/41448.dict.yaml	𡂝	du	0	𡂝
cn_dicts/41448.dict.yaml	𠴢	qing	0	𠴢
cn_dicts/41448.dict.yaml	𡸃	xian	0	𡸃
cn_dicts/41448.dict.yaml	𢲷	sou	0	𢲷
cn_dicts/41448.dict.yaml	𣎴	ai	0	𣎴
cn_dicts/41448.dict.yaml	𣎴	e	0	𣎴
cn_dicts/41448.dict.yaml	𣷠	min	0	𣷠
cn_dicts/41448.dict.yaml	𤳳	lei	0	𤳳
cn_dicts/41448.dict.yaml	𥞩	he	0	𥞩
cn_dicts/41448.dict.yaml	𥥈	wong	0	𥥈
cn_dicts/41448.dict.yaml	𦍌	yang	0	𦍌
cn_dicts/41448.dict.yaml	𦞙	dui	0	𦞙
cn_dicts/41448.dict.yaml	𦞦	huo	0	𦞦
cn_dicts/41448.dict.yaml	𦥑	pou	0	𦥑
cn_dicts/41448.dict.yaml	𧞪	lie	0	𧞪
cn_dicts/41448.dict.yaml	𧥺	hong	0	𧥺
cn_dicts/41448.dict.yaml	𨃟	man	0	𨃟
cn_dicts/41448.dict.yaml	𨙻	na	0	𨙻
cn_dicts/41448.dict.yaml	𨵃	fu	0	𨵃
cn_dicts/41448.dict.yaml	𨸘	guo	0	𨸘
cn_dicts/41448.dict.yaml	𩉜	ji	0	𩉜
cn_dicts/41448.dict.yaml	𩍷	jue	0	𩍷
cn_dicts/41448.dict.yaml	𩍿	fu	0	𩍿
cn_dicts/41448.dict.yaml	𪍇	mai	0	𪍇
cn_dicts/41448.dict.yaml	𫐆	kuai	0	𫐆
cn_dicts/41448.dict.yaml	𫐓	bu	0	𫐓
cn_dicts/base.dict.yaml	㞎㞎	ba ba	0	㞎
cn_dicts/base.dict.yaml	认𪨊	ren song	0	𪨊
cn_dicts/base.dict.yaml	𪨊包	song bao	0	𪨊
cn_dicts/base.dict.yaml	𪨊人	song ren	0	𪨊
cn_dicts/others.dict.yaml	两个𡥦	liang ge ni	0	𡥦
cn_dicts/others.dict.yaml	两个𢎘	liang ge han	0	𢎘
cn_dicts/others.dict.yaml	两个㐅	liang ge wu	0	㐅
cn_dicts/others.dict.yaml	两个㔾	liang ge jie	0	㔾
cn_dicts/others.dict.yaml	两个𠂢	liang ge pai	0	𠂢
cn_dicts/others.dict.yaml	两个㣇	liang ge yi	0	㣇
cn_dicts/others.dict.yaml	三个𠙽	san ge kuai	0	𠙽
cn_dicts/others.dict.yaml	三个𠧪	san ge tiao	0	𠧪
cn_dicts/others.dict.yaml	三个𠧪	san ge you	0	𠧪
cn_dicts/others.dict.yaml	三个㔾	san ge jie	0	㔾
cn_dicts/others.dict.yaml	三个𦉼	san ge ku	0	𦉼
cn_dicts/others.dict.yaml	三个𣥚	san ge zou	0	𣥚
cn_dicts/others.dict.yaml	三个㖖	san ge nie	0	㖖
cn_dicts/others.dict.yaml	三个𡿨	san ge quan	0	𡿨
cn_dicts/others.dict.yaml	三个䖝	san ge chong	0	䖝
cn_dicts/corrections.dict.yaml	青𬞟之末	qing ping zhi mo	0	𬞟
cn_dicts/corrections.dict.yaml	起于青𬞟之末	qi yu qing ping zhi mo	0	𬞟
cn_dicts/corrections.dict.yaml	风起于青𬞟之末	feng qi yu qing ping zhi mo	0	𬞟
cn_dicts/corrections.dict.yaml	白𬶨豚	bai qi tun	0	𬶨
cn_dicts/corrections.dict.yaml	㹴犬	geng quan	0	㹴
cn_dicts_cell/animal.dict.yaml	爱尔兰㹴	ai er lan geng	0	㹴
cn_dicts_cell/animal.dict.yaml	爱尔兰软毛㹴	ai er lan ruan mao geng	0	㹴
cn_dicts_cell/animal.dict.yaml	澳大利亚㹴	ao da li ya geng	0	㹴
cn_dicts_cell/animal.dict.yaml	澳洲㹴	ao zhou geng	0	㹴
cn_dicts_cell/animal.dict.yaml	澳洲丝毛㹴	ao zhou si mao geng	0	㹴
cn_dicts_cell/animal.dict.yaml	贝林登㹴	bei lin deng geng	0	㹴
cn_dicts_cell/animal.dict.yaml	贝灵顿㹴	bei ling dun geng	0	㹴
cn_dicts_cell/animal.dict.yaml	边境㹴	bian jing geng	0	㹴
cn_dicts_cell/animal.dict.yaml	标准曼彻斯特㹴	biao zhun man che si te geng	0	㹴
cn_dicts_cell/animal.dict.yaml	伯德㹴	bo de geng	0	㹴
cn_dicts_cell/animal.dict.yaml	波士顿㹴	bo shi dun geng	0	㹴
cn_dicts_cell/animal.dict.yaml	斗牛㹴	dou niu geng	0	㹴
cn_dicts_cell/animal.dict.yaml	短脚长身㹴	duan jiao chang shen geng	0	㹴
cn_dicts_cell/animal.dict.yaml	短脚狄文㹴	duan jiao di wen geng	0	㹴
cn_dicts_cell/animal.dict.yaml	短毛猎狐㹴	duan mao lie hu geng	0	㹴
cn_dicts_cell/animal.dict.yaml	刚毛猎狐㹴	gang mao lie hu geng	0	㹴
cn_dicts_cell/animal.dict.yaml	㹴类犬	geng lei quan	0	㹴
cn_dicts_cell/animal.dict.yaml	湖畔㹴	hu pan geng	0	㹴
cn_dicts_cell/animal.dict.yaml	杰克拉西尔㹴	jie ke la xi er geng	0	㹴
cn_dicts_cell/animal.dict.yaml	凯恩㹴	kai en geng	0	㹴
cn_dicts_cell/animal.dict.yaml	凯莉蓝㹴	kai li lan geng	0	㹴
cn_dicts_cell/animal.dict.yaml	凯利兰㹴	kai li lan geng	0	㹴
cn_dicts_cell/animal.dict.yaml	罗威士㹴	luo wei shi geng	0	㹴
cn_dicts_cell/animal.dict.yaml	曼彻斯特㹴	man che si te geng	0	㹴
cn_dicts_cell/animal.dict.yaml	美国史塔副郡㹴	mei guo shi ta fu jun geng	0	㹴
cn_dicts_cell/animal.dict.yaml	迷你牛头㹴	mi ni niu tou geng	0	㹴
cn_dicts_cell/animal.dict.yaml	牛头㹴	niu tou geng	0	㹴
cn_dicts_cell/animal.dict.yaml	诺福㹴	nuo fu geng	0	㹴
cn_dicts_cell/animal.dict.yaml	诺里奇㹴	nuo li qi geng	0	㹴
cn_dicts_cell/animal.dict.yaml	帕森拉希尔㹴	pa sen la xi er geng	0	㹴
cn_dicts_cell/animal.dict.yaml	史柔查㹴	shi rou cha geng	0	㹴
cn_dicts_cell/animal.dict.yaml	史塔副郡牛头㹴	shi ta fu jun niu tou geng	0	㹴
cn_dicts_cell/animal.dict.yaml	斯开岛㹴	si kai dao geng	0	㹴
cn_dicts_cell/animal.dict.yaml	丝毛㹴	si mao geng	0	㹴
cn_dicts_cell/animal.dict.yaml	苏格兰㹴	su ge lan geng	0	㹴
cn_dicts_cell/animal.dict.yaml	万能㹴	wan neng geng	0	㹴
cn_dicts_cell/animal.dict.yaml	威尔士㹴	wei er shi geng	0	㹴
cn_dicts_cell/animal.dict.yaml	西部高地白㹴	xi bu gao di bai geng	0	㹴
cn_dicts_cell/animal.dict.yaml	西高地白㹴	xi gao di bai geng	0	㹴
cn_dicts_cell/animal.dict.yaml	西里汉㹴	xi li han geng	0	㹴
cn_dicts_cell/animal.dict.yaml	西藏㹴	xi zang geng	0	㹴
cn_dicts_cell/animal.dict.yaml	约克夏㹴	yue ke xia geng	0	㹴
cn_dicts_cell/food.dict.yaml	玫瑰凉糕	mei gui liang gao	0	凉
cn_dicts_cell/literature.dict.yaml	𤭢了	cei le	0	𤭢
cn_dicts_cell/literature.dict.yaml	擸𢶍	la sa	0	𢶍
cn_dicts_cell/literature.dict.yaml	擸𢶍	le se	0	𢶍
cn_dicts_cell/literature.dict.yaml	破衣擸𢶍	po yi lie za	0	𢶍
cn_dicts_cell/literature.dict.yaml	回㨃	hui dui	0	㨃
cn_dicts_cell/luna.dict.yaml	㓦划	bo hua	0	㓦
cn_dicts_cell/luna.dict.yaml	㔩叶	e ye	0	㔩
cn_dicts_cell/luna.dict.yaml	㕷啦	pa la	0	㕷
cn_dicts_cell/luna.dict.yaml	㕷哒	pa da	0	㕷
cn_dicts_cell/luna.dict.yaml	㟏岈	han xia	0	㟏
cn_dicts_cell/luna.dict.yaml	㥄遽	ling ju	0	㥄
cn_dicts_cell/luna.dict.yaml	㲯毵	lan san	0	㲯
cn_dicts_cell/luna.dict.yaml	㶁㶁	guo guo	0	㶁
cn_dicts_cell/luna.dict.yaml	㶟水	lei shui	0	㶟
cn_dicts_cell/luna.dict.yaml	䀇子	gu zi	0	䀇
cn_dicts_cell/luna.dict.yaml	䈰箕	shao ji	0	䈰
cn_dicts_cell/luna.dict.yaml	䈾箕	shao ji	0	䈾
cn_dicts_cell/luna.dict.yaml	䍡𦌊	lu su	0	䍡𦌊
cn_dicts_cell/luna.dict.yaml	䍪羯	wa jie	0	䍪
cn_dicts_cell/luna.dict.yaml	䫄外	chua wai	0	䫄
cn_dicts_cell/luna.dict.yaml	䰀鬌	wo duo	0	䰀
cn_dicts_cell/luna.dict.yaml	䰐𩭹	lan san	0	䰐𩭹
cn_dicts_cell/luna.dict.yaml	䰰䰰	ru ru	0	䰰
cn_dicts_cell/luna.dict.yaml	不唧𠺕	bu ji liu	0	𠺕
cn_dicts_cell/luna.dict.yaml	伈伈𪾢𪾢	xin xin xian xian	0	𪾢
cn_dicts_cell/luna.dict.yaml	偻㑩	lou luo	0	㑩
cn_dicts_cell/luna.dict.yaml	𠋆钱	chen qian	0	𠋆
cn_dicts_cell/luna.dict.yaml	幂䍠	mi li	0	䍠
cn_dicts_cell/luna.dict.yaml	刿目𬬸心	gui mu shu xin	0	𬬸
cn_dicts_cell/luna.dict.yaml	南蛮𫛞舌	nan man jue she	0	𫛞
cn_dicts_cell/luna.dict.yaml	厜㕒	chui wei	0	㕒
cn_dicts_cell/luna.dict.yaml	史䲡	shi qiu	0	䲡
cn_dicts_cell/luna.dict.yaml	周𫖮	zhou yi	0	𫖮
cn_dicts_cell/luna.dict.yaml	𪠳嗻	che zhe	0	𪠳
cn_dicts_cell/luna.dict.yaml	㖞斜	kuai xie	0	㖞
cn_dicts_cell/luna.dict.yaml	𪡋喁	yan yong	0	𪡋
cn_dicts_cell/luna.dict.yaml	噤𬹼	jin xie	0	𬹼
cn_dicts_cell/luna.dict.yaml	培𪣻	pou lou	0	𪣻
cn_dicts_cell/luna.dict.yaml	契阔谈䜩	qie kuo tan yan	0	䜩
cn_dicts_cell/luna.dict.yaml	奕䜣	yi xin	0	䜣
cn_dicts_cell/luna.dict.yaml	𫰛娥	xing e	0	𫰛
cn_dicts_cell/luna.dict.yaml	婐㛂	e nuo	0	㛂
cn_dicts_cell/luna.dict.yaml	妪𡟥	yu qu	0	𡟥
cn_dicts_cell/luna.dict.yaml	定鼎𬣙谟	ding ding xu mo	0	𬣙
cn_dicts_cell/luna.dict.yaml	𫶇嵲	die nie	0	𫶇
cn_dicts_cell/luna.dict.yaml	𪩘𪩘	yan yan	0	𪩘
cn_dicts_cell/luna.dict.yaml	𫷷塞	qin se	0	𫷷
cn_dicts_cell/luna.dict.yaml	𪪞崒	qiang zu	0	𪪞
cn_dicts_cell/luna.dict.yaml	㥪㥪	lou lou	0	㥪
cn_dicts_cell/luna.dict.yaml	𪫺人	xian ren	0	𪫺
cn_dicts_cell/luna.dict.yaml	𪫺佞	xian ning	0	𪫺
cn_dicts_cell/luna.dict.yaml	𪫺邪	xian xie	0	𪫺
cn_dicts_cell/luna.dict.yaml	懊𢙐	ao nao	0	𢙐
cn_dicts_cell/luna.dict.yaml	扃𫔎	jiong jue	0	𫔎
cn_dicts_cell/luna.dict.yaml	拔𢫬	ba sha	0	𢫬
cn_dicts_cell/luna.dict.yaml	挣䦷	zheng chuai	0	䦷
cn_dicts_cell/luna.dict.yaml	𪭢𪭢	chuang chuang	0	𪭢
cn_dicts_cell/luna.dict.yaml	㧑戈反日	hui ge fan ri	0	㧑
cn_dicts_cell/luna.dict.yaml	㧑挹	hui yi	0	㧑
cn_dicts_cell/luna.dict.yaml	㧑谦	hui qian	0	㧑
cn_dicts_cell/luna.dict.yaml	𢬍息	ye xi	0	𢬍
cn_dicts_cell/luna.dict.yaml	𢬍笛	ye di	0	𢬍
cn_dicts_cell/luna.dict.yaml	智𫖮	zhi yi	0	𫖮
cn_dicts_cell/luna.dict.yaml	𬂩提	jia ti	0	𬂩
cn_dicts_cell/luna.dict.yaml	梵䇲	fan jia	0	䇲
cn_dicts_cell/luna.dict.yaml	𪲔佹	li gui	0	𪲔
cn_dicts_cell/luna.dict.yaml	𪴙宫	cuan gong	0	𪴙
cn_dicts_cell/luna.dict.yaml	毾㲪	ta deng	0	㲪
cn_dicts_cell/luna.dict.yaml	洋洋𫄥𫄥	yang yang shi shi	0	𫄥
cn_dicts_cell/luna.dict.yaml	海䲡	hai qiu	0	䲡
cn_dicts_cell/luna.dict.yaml	溶㵝	rong yi	0	㵝
cn_dicts_cell/luna.dict.yaml	𣸣泉	fen quan	0	𣸣
cn_dicts_cell/luna.dict.yaml	𣸣薄	pen bo	0	𣸣
cn_dicts_cell/luna.dict.yaml	㲿洋	wang yang	0	㲿
cn_dicts_cell/luna.dict.yaml	㲿瀁	wang yang	0	㲿
cn_dicts_cell/luna.dict.yaml	𦶟榇	ruo chen	0	𦶟
cn_dicts_cell/luna.dict.yaml	獏㺔	mu hui	0	㺔
cn_dicts_cell/luna.dict.yaml	𤞤狁	xian yun	0	𤞤
cn_dicts_cell/luna.dict.yaml	琤𪻐	cheng cong	0	𪻐
cn_dicts_cell/luna.dict.yaml	甘𫉄	gan shu	0	𫉄
cn_dicts_cell/luna.dict.yaml	番𫉄	fan shu	0	𫉄
cn_dicts_cell/luna.dict.yaml	叠𪩘	die yan	0	𪩘
cn_dicts_cell/luna.dict.yaml	白眉𫛞	bai mei jue	0	𫛞
cn_dicts_cell/luna.dict.yaml	白𣎴	bai dun	0	𣎴
cn_dicts_cell/luna.dict.yaml	睆𪾢	huan xian	0	𪾢
cn_dicts_cell/luna.dict.yaml	𪾢睆	xian huan	0	𪾢
cn_dicts_cell/luna.dict.yaml	𪾢𪾢	xian xian	0	𪾢
cn_dicts_cell/luna.dict.yaml	睒䁑	shan shi	0	䁑
cn_dicts_cell/luna.dict.yaml	竹䇲鱼	zhu jia yu	0	䇲
cn_dicts_cell/luna.dict.yaml	𬘓屦	xun ju	0	𬘓
cn_dicts_cell/luna.dict.yaml	纥𫄤	ge da	0	𫄤
cn_dicts_cell/luna.dict.yaml	纺䌸	fang zhuan	0	䌸
cn_dicts_cell/luna.dict.yaml	终军弃𦈡	zhong jun qi ru	0	𦈡
cn_dicts_cell/luna.dict.yaml	𫄨绤	chi xi	0	𫄨
cn_dicts_cell/luna.dict.yaml	𫄨纩	chi kuang	0	𫄨
cn_dicts_cell/luna.dict.yaml	𬘭𫄥	lin shi	0	𬘭𫄥
cn_dicts_cell/luna.dict.yaml	𫄳履	shi lv	0	𫄳
cn_dicts_cell/luna.dict.yaml	𫄳𫄳	shi shi	0	𫄳
cn_dicts_cell/luna.dict.yaml	𰬸帐	sui zhang	0	𰬸
cn_dicts_cell/luna.dict.yaml	𰬸帷	sui wei	0	𰬸
cn_dicts_cell/luna.dict.yaml	𰬸裳	sui chang	0	𰬸
cn_dicts_cell/luna.dict.yaml	𦈡券	xu quan	0	𦈡
cn_dicts_cell/luna.dict.yaml	腌䐶	ang zang	0	䐶
cn_dicts_cell/luna.dict.yaml	腤䐶	an zan	0	䐶
cn_dicts_cell/luna.dict.yaml	举扇一㧑	ju shan yi hui	0	㧑
cn_dicts_cell/luna.dict.yaml	芎䓖	qiong qiong	0	䓖
cn_dicts_cell/luna.dict.yaml	草纥𫄤	cao ge da	0	𫄤
cn_dicts_cell/luna.dict.yaml	藏𢬍	cang ye	0	𢬍
cn_dicts_cell/luna.dict.yaml	𫉄蔗	zhu zhe	0	𫉄
cn_dicts_cell/luna.dict.yaml	蚺䗊	tian tan	0	䗊
cn_dicts_cell/luna.dict.yaml	蝃𬟽	di dong	0	𬟽
cn_dicts_cell/luna.dict.yaml	𧏖珠	pin zhu	0	𧏖
cn_dicts_cell/luna.dict.yaml	𧏖珠来入掌	pin zhu lai ru zhang	0	𧏖
cn_dicts_cell/luna.dict.yaml	裴𬱟	pei wei	0	𬱟
cn_dicts_cell/luna.dict.yaml	襂𫄥	shan shi	0	𫄥
cn_dicts_cell/luna.dict.yaml	𬣙𬣙	xu xu	0	𬣙
cn_dicts_cell/luna.dict.yaml	𬣙谟	xu mo	0	𬣙
cn_dicts_cell/luna.dict.yaml	䜣合	xi he	0	䜣
cn_dicts_cell/luna.dict.yaml	䜣戴	xin dai	0	䜣
cn_dicts_cell/luna.dict.yaml	䜣然	xin ran	0	䜣
cn_dicts_cell/luna.dict.yaml	䜣䜣	xin xin	0	䜣
cn_dicts_cell/luna.dict.yaml	𫍥越	tiao yue	0	𫍥
cn_dicts_cell/luna.dict.yaml	𬣡𬣡	jian jian	0	𬣡
cn_dicts_cell/luna.dict.yaml	𫍰𫍰	xi xi	0	𫍰
cn_dicts_cell/luna.dict.yaml	𫍲才	xiao cai	0	𫍲
cn_dicts_cell/luna.dict.yaml	𫍲闻之陋	xiao wen zhi lou	0	𫍲
cn_dicts_cell/luna.dict.yaml	𫍲闻浅说	xiao wen qian shuo	0	𫍲
cn_dicts_cell/luna.dict.yaml	讘䛟	zhe jia	0	䛟
cn_dicts_cell/luna.dict.yaml	䝙虎	chu hu	0	䝙
cn_dicts_cell/luna.dict.yaml	赤𩽼公	chi hun gong	0	𩽼
cn_dicts_cell/luna.dict.yaml	赵孟𫖯	zhao meng fu	0	𫖯
cn_dicts_cell/luna.dict.yaml	跂𫏋	qi jue	0	𫏋
cn_dicts_cell/luna.dict.yaml	跖𫏋	zhi jiao	0	𫏋
cn_dicts_cell/luna.dict.yaml	跴𫏋	cai qiao	0	𫏋
cn_dicts_cell/luna.dict.yaml	踏高𫏋	ta gao qiao	0	𫏋
cn_dicts_cell/luna.dict.yaml	踩高𫏋	cai gao qiao	0	𫏋
cn_dicts_cell/luna.dict.yaml	𫏋勇	jiao yong	0	𫏋
cn_dicts_cell/luna.dict.yaml	𫏋工	qiao gong	0	𫏋
cn_dicts_cell/luna.dict.yaml	𫏋捷	jiao jie	0	𫏋
cn_dicts_cell/luna.dict.yaml	𫏋足	qiao zu	0	𫏋
cn_dicts_cell/luna.dict.yaml	𫏋跖	jiao zhi	0	𫏋
cn_dicts_cell/luna.dict.yaml	𫏋𫏋	jiao jiao	0	𫏋
cn_dicts_cell/luna.dict.yaml	蹑𫏋担簦	nie jue dan deng	0	𫏋
cn_dicts_cell/luna.dict.yaml	软瞇𥉐	ruan mi xi	0	𥉐
cn_dicts_cell/luna.dict.yaml	𫐈涉	ba she	0	𫐈
cn_dicts_cell/luna.dict.yaml	𫐐𫐄	ni yue	0	𫐐𫐄
cn_dicts_cell/luna.dict.yaml	𬨎车	you che	0	𬨎
cn_dicts_cell/luna.dict.yaml	𬨎轩	you xuan	0	𬨎
cn_dicts_cell/luna.dict.yaml	𫐘轲	kan ke	0	𫐘
cn_dicts_cell/luna.dict.yaml	金日䃅	jin mi di	0	䃅
cn_dicts_cell/luna.dict.yaml	𬭚于	chun yu	0	𬭚
cn_dicts_cell/luna.dict.yaml	𫔂针	di zhen	0	𫔂
cn_dicts_cell/luna.dict.yaml	𬮱阇	yin du	0	𬮱
cn_dicts_cell/luna.dict.yaml	阴了信的炮𤍤	yin le xin de pao zhang	0	𤍤
cn_dicts_cell/luna.dict.yaml	𫠆弁	kui bian	0	𫠆
cn_dicts_cell/luna.dict.yaml	𫖯囟	fu xin	0	𫖯
cn_dicts_cell/luna.dict.yaml	𫗴粥	zhan zhou	0	𫗴
cn_dicts_cell/luna.dict.yaml	𫘝𫘨	jue ti	0	𫘝𫘨
cn_dicts_cell/luna.dict.yaml	𬳽𬳽	shen shen	0	𬳽
cn_dicts_cell/luna.dict.yaml	𩭹髿	san suo	0	𩭹
cn_dicts_cell/luna.dict.yaml	𩭹𩭹	san san	0	𩭹
cn_dicts_cell/luna.dict.yaml	𫛞舌	jue she	0	𫛞
cn_dicts_cell/luna.dict.yaml	𫛩雀	yan que	0	𫛩
cn_dicts_cell/luna.dict.yaml	䴔䴖	jiao jing	0	䴔䴖
cn_dicts_cell/luna.dict.yaml	鹈𫛞	ti jue	0	𫛞
cn_dicts_cell/luna.dict.yaml	𫛨鷑	ping li	0	𫛨
cn_dicts_cell/luna.dict.yaml	𫛸𫛞	ti jue	0	𫛸𫛞
cn_dicts_cell/luna.dict.yaml	𫜁冕	bi mian	0	𫜁
cn_dicts_cell/luna.dict.yaml	𫜁衣	bi yi	0	𫜁
cn_dicts_cell/luna.dict.yaml	㶉𫛶	xi chi	0	㶉𫛶
cn_dicts_cell/luna.dict.yaml	𬸚𬸦	yue zhuo	0	𬸚𬸦
cn_dicts_cell/luna.dict.yaml	盐䇲	yan ce	0	䇲
cn_dicts_cell/luna.dict.yaml	𬺈龁	yi he	0	𬺈
cn_dicts_cell/luna.dict.yaml	𫜬舌	ze she	0	𫜬
cn_dicts_cell/luna.dict.yaml	龟䇲	gui ce	0	䇲
cn_dicts_cell/luna.dict.yaml	𣘨橠	e nuo	0	𣘨
cn_dicts_cell/luna.dict.yaml	𣝓弧	yan hu	0	𣝓
cn_dicts_cell/luna.dict.yaml	𣝓丝	yan si	0	𣝓
cn_dicts_cell/luna.dict.yaml	𣶐饭	pao fan	0	𣶐
cn_dicts_cell/luna.dict.yaml	𧑗虾	ning xia	0	𧑗
cn_dicts_cell/luna.dict.yaml	𰻞𰻞面	biang biang mian	0	𰻞
cn_dicts_cell/luna.dict.yaml	㐖毒	xie du	0	㐖
cn_dicts_cell/luna.dict.yaml	㑇憋憋	zhou bie bie	0	㑇
cn_dicts_cell/luna.dict.yaml	㑇扰	zhou rao	0	㑇
cn_dicts_cell/luna.dict.yaml	㥏墨	tian mo	0	㥏
cn_dicts_cell/luna.dict.yaml	㨃人	dui ren	0	㨃
cn_dicts_cell/luna.dict.yaml	㨃他	dui ta	0	㨃
cn_dicts_cell/luna.dict.yaml	㨃她	dui ta	0	㨃
cn_dicts_cell/luna.dict.yaml	㨃它	dui ta	0	㨃
cn_dicts_cell/luna.dict.yaml	㨃牠	dui ta	0	㨃
cn_dicts_cell/luna.dict.yaml	㨃翻	dui fan	0	㨃
cn_dicts_cell/luna.dict.yaml	㧐身	song shen	0	㧐
cn_dicts_cell/luna.dict.yaml	䒷蒌	gua lou	0	䒷
cn_dicts_cell/luna.dict.yaml	䰖儿	zuan er	0	䰖
cn_dicts_cell/luna.dict.yaml	二𫫇英	er e ying	0	𫫇
cn_dicts_cell/luna.dict.yaml	互㨃	hu dui	0	㨃
cn_dicts_cell/luna.dict.yaml	佻𠉂	tiao ta	0	𠉂
cn_dicts_cell/luna.dict.yaml	侏㑩纪	zhu luo ji	0	㑩
cn_dicts_cell/luna.dict.yaml	㑩㑩	luo luo	0	㑩
cn_dicts_cell/luna.dict.yaml	剔团𪢮	ti tuan luan	0	𪢮
cn_dicts_cell/luna.dict.yaml	哩𪡏	li zhan	0	𪡏
cn_dicts_cell/luna.dict.yaml	哩𪡏啰𪡏	li zhan luo zhan	0	𪡏
cn_dicts_cell/luna.dict.yaml	哩𪡏花儿	li zhan hua er	0	𪡏
cn_dicts_cell/luna.dict.yaml	唱哩𪡏	chang li zhan	0	𪡏
cn_dicts_cell/luna.dict.yaml	团𪢮	tuan luan	0	𪢮
cn_dicts_cell/luna.dict.yaml	坎𡒄	kan lan	0	𡒄
cn_dicts_cell/luna.dict.yaml	城𬮱	cheng yin	0	𬮱
cn_dicts_cell/luna.dict.yaml	塕𫉁	weng ai	0	𫉁
cn_dicts_cell/luna.dict.yaml	夏𬬻冬扇	xia lu dong shan	0	𬬻
cn_dicts_cell/luna.dict.yaml	大车无𫐐	da che wu ni	0	𫐐
cn_dicts_cell/luna.dict.yaml	奕𬣞	yi zhu	0	𬣞
cn_dicts_cell/luna.dict.yaml	宣德𬬻	xuan de lu	0	𬬻
cn_dicts_cell/luna.dict.yaml	居士𪨗	ju shi jue	0	𪨗
cn_dicts_cell/luna.dict.yaml	𪨗鼻	jue bi	0	𪨗
cn_dicts_cell/luna.dict.yaml	崔𬯎	cui tui	0	𬯎
cn_dicts_cell/luna.dict.yaml	𫸩环	kou huan	0	𫸩
cn_dicts_cell/luna.dict.yaml	徽𬙊	hui mo	0	𬙊
cn_dicts_cell/luna.dict.yaml	心胸𣍰窄	xin xiong qian zhai	0	𣍰
cn_dicts_cell/luna.dict.yaml	恭亲王奕䜣	gong qin wang yi xin	0	䜣
cn_dicts_cell/luna.dict.yaml	愚𫘤	yu ai	0	𫘤
cn_dicts_cell/luna.dict.yaml	㤽㤽	chou chou	0	㤽
cn_dicts_cell/luna.dict.yaml	打𫏐	da zan	0	𫏐
cn_dicts_cell/luna.dict.yaml	折足覆𫗧	zhe zu fu su	0	𫗧
cn_dicts_cell/luna.dict.yaml	折鼎覆𫗧	zhe ding fu su	0	𫗧
cn_dicts_cell/luna.dict.yaml	抹𢫬	mo sa	0	𢫬
cn_dicts_cell/luna.dict.yaml	㧑损	hui sun	0	㧑
cn_dicts_cell/luna.dict.yaml	文㑇㑇	wen zhou zhou	0	㑇
cn_dicts_cell/luna.dict.yaml	方𨰿	fang xi	0	𨰿
cn_dicts_cell/luna.dict.yaml	东门之𫮃	dong men zhi shan	0	𫮃
cn_dicts_cell/luna.dict.yaml	灰面𫛭鹰	hui mian kuang ying	0	𫛭
cn_dicts_cell/luna.dict.yaml	熏𬬻	xun lu	0	𬬻
cn_dicts_cell/luna.dict.yaml	猼𫍙	bo yi	0	𫍙
cn_dicts_cell/luna.dict.yaml	玄𫄸	xuan xun	0	𫄸
cn_dicts_cell/luna.dict.yaml	玉𫗦	yu bu	0	𫗦
cn_dicts_cell/luna.dict.yaml	玓𬍛	di li	0	𬍛
cn_dicts_cell/luna.dict.yaml	𪻐瑢	cong rong	0	𪻐
cn_dicts_cell/luna.dict.yaml	甘心𫓧钺	gan xin fu yue	0	𫓧
cn_dicts_cell/luna.dict.yaml	疑人窃𫓧	yi ren qie fu	0	𫓧
cn_dicts_cell/luna.dict.yaml	痴𫘤	chi ai	0	𫘤
cn_dicts_cell/luna.dict.yaml	白𫮃	bai shan	0	𫮃
cn_dicts_cell/luna.dict.yaml	目𥆧	mu run	0	𥆧
cn_dicts_cell/luna.dict.yaml	眍䁖	kou lou	0	䁖
cn_dicts_cell/luna.dict.yaml	𥆧息	run xi	0	𥆧
cn_dicts_cell/luna.dict.yaml	童𫘤	tong ai	0	𫘤
cn_dicts_cell/luna.dict.yaml	筵䜩	yan yan	0	䜩
cn_dicts_cell/luna.dict.yaml	𬘘如	dan ru	0	𬘘
cn_dicts_cell/luna.dict.yaml	𬘘𬘘	dan dan	0	𬘘
cn_dicts_cell/luna.dict.yaml	䌷次	chou ci	0	䌷
cn_dicts_cell/luna.dict.yaml	䌷绎	chou yi	0	䌷
cn_dicts_cell/luna.dict.yaml	𬘡缊	yin yun	0	𬘡
cn_dicts_cell/luna.dict.yaml	𫄨绣	chi xiu	0	𫄨
cn_dicts_cell/luna.dict.yaml	𦈌囊	shu nang	0	𦈌
cn_dicts_cell/luna.dict.yaml	绵䌷	mian chou	0	䌷
cn_dicts_cell/luna.dict.yaml	绉䌷	zhou chou	0	䌷
cn_dicts_cell/luna.dict.yaml	绉𫄨	zhou chi	0	𫄨
cn_dicts_cell/luna.dict.yaml	𦈐衣机	lian yi ji	0	𦈐
cn_dicts_cell/luna.dict.yaml	𫄸黄	xun huang	0	𫄸
cn_dicts_cell/luna.dict.yaml	坛𬴃	tan huo	0	𬴃
cn_dicts_cell/luna.dict.yaml	芒𪨗	mang jue	0	𪨗
cn_dicts_cell/luna.dict.yaml	蓊𫉁	weng ai	0	𫉁
cn_dicts_cell/luna.dict.yaml	𫉁然	ai ran	0	𫉁
cn_dicts_cell/luna.dict.yaml	𫉁𫉁	ai ai	0	𫉁
cn_dicts_cell/luna.dict.yaml	虺𬯎	hui tui	0	𬯎
cn_dicts_cell/luna.dict.yaml	螉䗥	weng zong	0	䗥
cn_dicts_cell/luna.dict.yaml	衣锦尚䌹	yi jin shang jiong	0	䌹
cn_dicts_cell/luna.dict.yaml	覆𫗧	fu su	0	𫗧
cn_dicts_cell/luna.dict.yaml	覆𫗧之患	fu su zhi huan	0	𫗧
cn_dicts_cell/luna.dict.yaml	覆𫗧之忧	fu su zhi you	0	𫗧
cn_dicts_cell/luna.dict.yaml	覆𫗧之衅	fu su zhi xin	0	𫗧
cn_dicts_cell/luna.dict.yaml	𫍙𫍙	yi yi	0	𫍙
cn_dicts_cell/luna.dict.yaml	𫍙谩	yi man	0	𫍙
cn_dicts_cell/luna.dict.yaml	谈䜩	tan yan	0	䜩
cn_dicts_cell/luna.dict.yaml	𫍯夏	xian xia	0	𫍯
cn_dicts_cell/luna.dict.yaml	𫍯雅	xian ya	0	𫍯
cn_dicts_cell/luna.dict.yaml	𫍻𫍻出出	xi xi chu chu	0	𫍻
cn_dicts_cell/luna.dict.yaml	𫍢𫍢	nao nao	0	𫍢
cn_dicts_cell/luna.dict.yaml	䜩会	yan hui	0	䜩
cn_dicts_cell/luna.dict.yaml	䜩飨	yan xiang	0	䜩
cn_dicts_cell/luna.dict.yaml	买𩠌	mai song	0	𩠌
cn_dicts_cell/luna.dict.yaml	趁脚儿𫏋	chen jiao er jue	0	𫏋
cn_dicts_cell/luna.dict.yaml	距𬮱	ju yin	0	𬮱
cn_dicts_cell/luna.dict.yaml	𫏋脚	jue jiao	0	𫏋
cn_dicts_cell/luna.dict.yaml	𫐉轩	ling xuan	0	𫐉
cn_dicts_cell/luna.dict.yaml	𫐉𫐉	ling ling	0	𫐉
cn_dicts_cell/luna.dict.yaml	𫐓轹	bu li	0	𫐓
cn_dicts_cell/luna.dict.yaml	𫐖轕	jiao ge	0	𫐖
cn_dicts_cell/luna.dict.yaml	𫐆辘	kuai lu	0	𫐆
cn_dicts_cell/luna.dict.yaml	遵䌷	zun chou	0	䌷
cn_dicts_cell/luna.dict.yaml	醇𬪩	chun nong	0	𬪩
cn_dicts_cell/luna.dict.yaml	𬪩郁	nong yu	0	𬪩
cn_dicts_cell/luna.dict.yaml	金𬬻	jin lu	0	𬬻
cn_dicts_cell/luna.dict.yaml	金鳌玉𬟽	jin ao yu dong	0	𬟽
cn_dicts_cell/luna.dict.yaml	𬬱锷	jin e	0	𬬱
cn_dicts_cell/luna.dict.yaml	𫓧质	fu zhi	0	𫓧
cn_dicts_cell/luna.dict.yaml	钴𬭁	gu mu	0	𬭁
cn_dicts_cell/luna.dict.yaml	钴𬭁潭	gu mu tan	0	𬭁
cn_dicts_cell/luna.dict.yaml	钾𬬻	jia lu	0	𬬻
cn_dicts_cell/luna.dict.yaml	铮铮𫓩𫓩	zheng zheng cong cong	0	𫓩
cn_dicts_cell/luna.dict.yaml	铮𫓩	zheng cong	0	𫓩
cn_dicts_cell/luna.dict.yaml	𨱎石	tou shi	0	𨱎
cn_dicts_cell/luna.dict.yaml	镆䥺	mo ye	0	䥺
cn_dicts_cell/luna.dict.yaml	𫓩𫓩	cong cong	0	𫓩
cn_dicts_cell/luna.dict.yaml	𨱓斗	jiao dou	0	𨱓
cn_dicts_cell/luna.dict.yaml	镣𬬻	liao lu	0	𬬻
cn_dicts_cell/luna.dict.yaml	𬬻冶	lu ye	0	𬬻
cn_dicts_cell/luna.dict.yaml	𬬻捶	lu chui	0	𬬻
cn_dicts_cell/luna.dict.yaml	𬯎然	tui ran	0	𬯎
cn_dicts_cell/luna.dict.yaml	𬯎陨	tui yun	0	𬯎
cn_dicts_cell/luna.dict.yaml	韩卢逐㕙	han lu zhu jun	0	㕙
cn_dicts_cell/luna.dict.yaml	飞𫐉	fei ling	0	𫐉
cn_dicts_cell/luna.dict.yaml	饭𩠌	fan song	0	𩠌
cn_dicts_cell/luna.dict.yaml	𫗦啜	bu chuai	0	𫗦
cn_dicts_cell/luna.dict.yaml	𫗦子	bu zi	0	𫗦
cn_dicts_cell/luna.dict.yaml	𫗦时	bu shi	0	𫗦
cn_dicts_cell/luna.dict.yaml	𫗦歠	bu chuo	0	𫗦
cn_dicts_cell/luna.dict.yaml	𫗦糟啜醨	bu zao chuai li	0	𫗦
cn_dicts_cell/luna.dict.yaml	𫗦糟歠醨	bu zao chuo li	0	𫗦
cn_dicts_cell/luna.dict.yaml	𫗦菜	bu cai	0	𫗦
cn_dicts_cell/luna.dict.yaml	𫗠𫗮	zhang huang	0	𫗠𫗮
cn_dicts_cell/luna.dict.yaml	饆𫗩	bi luo	0	𫗩
cn_dicts_cell/luna.dict.yaml	𬳶𬳶	jiong jiong	0	𬳶
cn_dicts_cell/luna.dict.yaml	𫘣马	han ma	0	𫘣
cn_dicts_cell/luna.dict.yaml	𫘤子	ai zi	0	𫘤
cn_dicts_cell/luna.dict.yaml	𫘧耳	lu er	0	𫘧
cn_dicts_cell/luna.dict.yaml	𫘧駬	lu er	0	𫘧
cn_dicts_cell/luna.dict.yaml	𫘦𬳿	tao tu	0	𫘦𬳿
cn_dicts_cell/luna.dict.yaml	骐𬴊	qi lin	0	𬴊
cn_dicts_cell/luna.dict.yaml	𬴂𬴂	fei fei	0	𬴂
cn_dicts_cell/luna.dict.yaml	𬴃然	huo ran	0	𬴃
cn_dicts_cell/luna.dict.yaml	䯄马	gua ma	0	䯄
cn_dicts_cell/luna.dict.yaml	骥𫘧	ji lu	0	𫘧
cn_dicts_cell/luna.dict.yaml	骨肉团𪢮	gu rou tuan luan	0	𪢮
cn_dicts_cell/luna.dict.yaml	高䠷	gao tiao	0	䠷
cn_dicts_cell/luna.dict.yaml	𫚉鱼	hong yu	0	𫚉
cn_dicts_cell/luna.dict.yaml	𩽾𩾌	an kang	0	𩽾𩾌
cn_dicts_cell/luna.dict.yaml	䲠鱼	chun yu	0	䲠
cn_dicts_cell/luna.dict.yaml	𫛛鹊	zhi que	0	𫛛
cn_dicts_cell/luna.dict.yaml	𪉍鹙	tu qiu	0	𪉍
cn_dicts_cell/luna.dict.yaml	𫛸鴂	ti jue	0	𫛸
cn_dicts_cell/luna.dict.yaml	黄𫄟	huang shi	0	𫄟
cn_dicts_cell/luna.dict.yaml	𫠜齿	ni chi	0	𫠜
cn_dicts_cell/luna.dict.yaml	𨉣腰	ha yao	0	𨉣
